#usda 1.0
(
    defaultPrim = "Locomotion_Terrain_Collision_Mesh"
    endTimeCode = 1
    framesPerSecond = 24
    metersPerUnit = 1
    startTimeCode = 1
    timeCodesPerSecond = 24
    upAxis = "Y"
)

def Xform "Locomotion_Terrain_Collision_Mesh" (
    kind = "component"
)
{
    def Mesh "Mesh"
    {
        float3[] extent = [(-6.238607, -0.71455437, -6.126841), (6.032397, 1.4564005, 6.1542253)]
        int[] faceVertexCounts = [3, 3, 3, 3, 3, 3, 3, 3, 3, 3, 3, 3, 3, 3, 3, 3, 3, 3, 3, 3, 3, 3, 3, 3, 3, 3, 3, 3, 3, 3, 3, 3, 3, 3, 3, 3, 3, 3, 3, 3, 3, 3, 3, 3, 3, 3, 3, 3, 3, 3, 3, 3, 3, 3, 3, 3, 3, 3, 3, 3, 3, 3, 3, 3, 3, 3, 3, 3, 3, 3, 3, 3, 3, 3, 3, 3, 3, 3, 3, 3, 3, 3, 3, 3, 3, 3, 3, 3, 3, 3, 3, 3, 3, 3, 3, 3, 3, 3, 3, 3, 3, 3, 3, 3, 3, 3, 3, 3, 3, 3, 3, 3, 3, 3, 3, 3, 3, 3, 3, 3, 3, 3, 3, 3, 3, 3, 3, 3, 3, 3, 3, 3, 3, 3, 3, 3, 3, 3, 3, 3, 3, 3, 3, 3, 3, 3, 3, 3, 3, 3, 3, 3, 3, 3, 3, 3, 3, 3, 3, 3, 3, 3, 3, 3, 3, 3, 3, 3, 3, 3, 3, 3, 3, 3, 3, 3, 3, 3, 3, 3, 3, 3, 3, 3, 3, 3, 3, 3, 3, 3, 3, 3, 3, 3, 3, 3, 3, 3, 3, 3, 3, 3, 3, 3, 3, 3, 3, 3, 3, 3, 3, 3, 3, 3, 3, 3, 3, 3, 3, 3, 3, 3, 3, 3, 3, 3, 3, 3, 3, 3, 3, 3, 3, 3, 3, 3, 3, 3, 3, 3, 3, 3, 3, 3, 3, 3, 3, 3, 3, 3, 3, 3, 3, 3, 3, 3, 3, 3, 3, 3, 3, 3, 3, 3, 3, 3, 3, 3, 3, 3, 3, 3, 3, 3, 3, 3, 3, 3, 3, 3, 3, 3, 3, 3, 3, 3, 3, 3, 3, 3, 3, 3, 3, 3, 3, 3, 3, 3, 3, 3, 3, 3, 3, 3, 3, 3, 3, 3, 3, 3, 3, 3, 3, 3, 3, 3, 3, 3, 3, 3, 3, 3, 3, 3, 3, 3, 3, 3, 3, 3, 3, 3, 3, 3, 3, 3, 3, 3, 3, 3, 3, 3, 3, 3, 3, 3, 3, 3, 3, 3, 3, 3, 3, 3, 3, 3, 3, 3, 3, 3, 3, 3, 3, 3, 3, 3, 3, 3, 3, 3, 3, 3, 3, 3, 3, 3, 3, 3, 3, 3, 3, 3, 3, 3, 3, 3, 3, 3, 3, 3, 3, 3, 3, 3, 3, 3, 3, 3, 3, 3, 3, 3, 3, 3, 3, 3, 3, 3, 3, 3, 3, 3, 3, 3, 3, 3, 3, 3, 3, 3, 3, 3, 3, 3, 3, 3, 3, 3, 3, 3, 3, 3, 3, 3, 3, 3, 3, 3, 3, 3, 3, 3, 3, 3, 3, 3, 3, 3, 3, 3, 3, 3, 3, 3, 3, 3, 3, 3, 3, 3, 3, 3, 3, 3, 3, 3, 3, 3, 3, 3, 3, 3, 3, 3, 3, 3, 3, 3, 3, 3, 3, 3, 3, 3, 3, 3, 3, 3, 3, 3, 3, 3, 3, 3, 3, 3, 3, 3, 3, 3, 3, 3, 3, 3, 3, 3, 3, 3, 3, 3, 3, 3, 3, 3, 3, 3, 3, 3, 3, 3, 3, 3, 3, 3, 3, 3, 3, 3, 3, 3, 3, 3, 3, 3, 3, 3, 3, 3, 3, 3, 3, 3, 3, 3, 3, 3, 3, 3, 3, 3, 3, 3, 3, 3, 3, 3, 3, 3, 3, 3, 3, 3, 3, 3, 3, 3, 3, 3, 3, 3, 3, 3, 3, 3, 3, 3, 3, 3, 3, 3, 3, 3, 3, 3, 3, 3, 3, 3, 3, 3, 3, 3, 3, 3, 3, 3, 3, 3, 3, 3, 3, 3, 3, 3, 3, 3, 3, 3, 3, 3, 3, 3, 3, 3, 3, 3, 3, 3, 3, 3, 3, 3, 3, 3, 3, 3, 3, 3, 3, 3, 3, 3, 3, 3, 3, 3, 3, 3, 3, 3, 3, 3, 3, 3, 3, 3, 3, 3, 3, 3, 3, 3, 3, 3, 3, 3, 3, 3, 3, 3, 3, 3, 3, 3, 3, 3, 3, 3, 3, 3, 3, 3, 3, 3, 3, 3, 3, 3, 3, 3, 3, 3, 3, 3, 3, 3, 3, 3, 3, 3, 3, 3, 3, 3, 3, 3, 3, 3, 3, 3, 3, 3, 3, 3, 3, 3, 3, 3, 3, 3, 3, 3, 3, 3, 3, 3, 3, 3, 3, 3, 3, 3, 3, 3, 3, 3, 3, 3, 3, 3, 3, 3, 3, 3, 3, 3, 3, 3, 3, 3, 3, 3, 3, 3, 3, 3, 3, 3, 3, 3, 3, 3, 3, 3, 3, 3, 3, 3, 3, 3, 3, 3, 3, 3, 3, 3, 3, 3, 3, 3, 3, 3, 3, 3, 3, 3, 3, 3, 3, 3, 3, 3, 3, 3, 3, 3, 3, 3, 3, 3, 3, 3, 3, 3, 3, 3, 3, 3, 3, 3, 3, 3, 3, 3, 3, 3, 3, 3, 3, 3, 3, 3, 3, 3, 3, 3, 3, 3, 3, 3, 3, 3, 3, 3, 3, 3, 3, 3, 3, 3, 3, 3, 3, 3, 3, 3, 3, 3, 3, 3, 3, 3, 3, 3, 3, 3, 3, 3, 3, 3, 3, 3, 3, 3, 3, 3, 3, 3, 3, 3, 3, 3, 3, 3, 3, 3, 3, 3, 3, 3, 3, 3, 3, 3, 3, 3, 3, 3, 3, 3, 3, 3, 3, 3, 3, 3, 3, 3, 3, 3, 3, 3, 3, 3, 3, 3, 3, 3, 3, 3, 3, 3, 3, 3, 3, 3, 3, 3, 3, 3, 3, 3, 3, 3, 3, 3, 3, 3, 3, 3, 3, 3, 3, 3, 3, 3, 3, 3, 3, 3, 3, 3, 3, 3, 3, 3, 3, 3, 3, 3, 3, 3, 3, 3, 3, 3, 3, 3, 3, 3, 3, 3, 3, 3, 3, 3, 3, 3, 3, 3, 3, 3, 3, 3, 3, 3, 3, 3, 3, 3, 3, 3, 3, 3, 3, 3, 3, 3, 3, 3, 3, 3, 3, 3, 3, 3, 3, 3, 3, 3, 3, 3, 3, 3, 3, 3, 3, 3, 3, 3, 3, 3, 3, 3, 3, 3, 3, 3, 3, 3, 3, 3, 3, 3, 3, 3, 3, 3, 3, 3, 3, 3, 3, 3, 3, 3, 3, 3, 3, 3, 3, 3, 3, 3, 3, 3, 3, 3, 3, 3, 3, 3, 3, 3, 3, 3, 3, 3, 3, 3, 3, 3, 3, 3, 3, 3, 3, 3, 3, 3, 3, 3, 3, 3, 3, 3, 3, 3, 3, 3, 3, 3, 3, 3, 3, 3, 3, 3, 3, 3, 3, 3, 3, 3, 3, 3, 3, 3, 3, 3, 3, 3, 3, 3, 3, 3, 3, 3, 3, 3, 3, 3, 3, 3, 3, 3, 3, 3, 3, 3, 3, 3, 3, 3, 3, 3, 3, 3, 3, 3, 3, 3, 3, 3, 3, 3, 3, 3, 3, 3, 3, 3, 3, 3, 3, 3, 3, 3, 3, 3, 3, 3, 3, 3, 3, 3, 3, 3, 3, 3, 3, 3, 3, 3, 3, 3, 3, 3, 3, 3, 3, 3, 3, 3, 3, 3, 3, 3, 3, 3, 3, 3, 3, 3, 3, 3, 3, 3, 3, 3, 3, 3, 3, 3, 3, 3, 3, 3, 3, 3, 3, 3, 3, 3, 3, 3, 3, 3, 3, 3, 3, 3, 3, 3, 3, 3, 3, 3, 3, 3, 3, 3, 3, 3, 3, 3, 3, 3, 3, 3, 3, 3, 3, 3, 3, 3, 3, 3, 3, 3, 3, 3, 3, 3, 3, 3, 3, 3, 3, 3, 3, 3, 3, 3, 3, 3, 3, 3, 3, 3, 3, 3, 3, 3, 3, 3, 3, 3, 3, 3, 3, 3, 3, 3, 3, 3, 3, 3, 3, 3, 3, 3, 3, 3, 3, 3, 3, 3, 3, 3, 3, 3, 3, 3, 3, 3, 3, 3, 3, 3, 3, 3, 3, 3, 3, 3, 3, 3, 3, 3, 3, 3, 3, 3, 3, 3, 3, 3, 3, 3, 3, 3, 3, 3, 3, 3, 3, 3, 3, 3, 3, 3, 3, 3, 3, 3, 3, 3, 3, 3, 3, 3, 3, 3, 3, 3, 3, 3, 3, 3, 3, 3, 3, 3, 3, 3, 3, 3, 3, 3, 3, 3, 3, 3, 3, 3, 3, 3, 3, 3, 3, 3, 3, 3, 3, 3, 3, 3, 3, 3, 3, 3, 3, 3, 3, 3, 3, 3, 3, 3, 3, 3, 3, 3, 3, 3, 3, 3, 3, 3, 3, 3, 3, 3, 3, 3, 3, 3, 3, 3, 3, 3, 3, 3, 3, 3, 3, 3, 3, 3, 3, 3, 3, 3, 3, 3, 3, 3, 3, 3, 3, 3, 3, 3, 3, 3, 3, 3, 3, 3, 3, 3, 3, 3, 3, 3, 3, 3, 3, 3, 3, 3, 3, 3, 3, 3, 3, 3, 3, 3, 3, 3, 3, 3, 3, 3, 3, 3, 3, 3, 3, 3, 3, 3, 3, 3, 3, 3, 3, 3, 3, 3, 3, 3, 3, 3, 3, 3, 3, 3, 3, 3, 3, 3, 3, 3, 3, 3, 3, 3, 3, 3, 3, 3, 3, 3, 3, 3, 3, 3, 3, 3, 3, 3, 3, 3, 3, 3, 3, 3, 3, 3, 3, 3, 3, 3, 3, 3, 3, 3, 3, 3, 3, 3, 3, 3, 3, 3, 3, 3, 3, 3, 3, 3, 3, 3, 3, 3, 3, 3, 3, 3, 3, 3, 3, 3, 3, 3, 3, 3, 3, 3, 3, 3, 3, 3, 3, 3, 3, 3, 3, 3, 3, 3, 3, 3, 3, 3, 3, 3, 3, 3, 3, 3, 3, 3, 3, 3, 3, 3, 3, 3, 3, 3, 3, 3, 3, 3, 3, 3, 3, 3, 3, 3, 3, 3, 3, 3, 3, 3, 3, 3, 3, 3, 3, 3, 3, 3, 3, 3, 3, 3, 3, 3, 3, 3, 3, 3, 3, 3, 3, 3, 3, 3, 3, 3, 3, 3, 3, 3, 3, 3, 3, 3, 3, 3, 3, 3, 3, 3, 3, 3, 3, 3, 3, 3, 3, 3, 3, 3, 3, 3, 3, 3, 3, 3, 3, 3, 3, 3, 3, 3, 3, 3, 3, 3, 3, 3, 3, 3, 3, 3, 3, 3, 3, 3, 3, 3, 3, 3, 3, 3, 3, 3, 3, 3, 3, 3, 3, 3, 3, 3, 3, 3, 3, 3, 3, 3, 3, 3, 3, 3, 3, 3, 3, 3, 3, 3, 3, 3, 3, 3, 3, 3, 3, 3, 3, 3, 3, 3, 3, 3, 3, 3, 3, 3, 3, 3, 3, 3, 3, 3, 3, 3, 3, 3, 3, 3, 3, 3, 3, 3, 3, 3, 3, 3, 3, 3, 3, 3, 3, 3, 3, 3, 3, 3, 3, 3, 3, 3, 3, 3, 3, 3, 3, 3, 3, 3, 3, 3, 3, 3, 3, 3, 3, 3, 3, 3, 3, 3, 3, 3, 3, 3, 3, 3, 3, 3, 3, 3, 3, 3, 3, 3, 3, 3, 3, 3, 3, 3, 3, 3, 3, 3, 3, 3, 3, 3, 3, 3, 3, 3, 3, 3, 3, 3, 3, 3, 3, 3, 3, 3, 3, 3, 3, 3, 3, 3, 3, 3, 3, 3, 3, 3, 3, 3, 3, 3, 3, 3, 3, 3, 3, 3, 3, 3, 3, 3, 3, 3, 3, 3, 3, 3, 3, 3, 3, 3, 3, 3, 3, 3, 3, 3, 3, 3, 3, 3, 3, 3, 3, 3, 3, 3, 3, 3, 3, 3, 3, 3, 3, 3, 3, 3, 3, 3, 3, 3, 3, 3, 3, 3, 3, 3, 3, 3, 3, 3, 3, 3, 3, 3, 3, 3, 3, 3, 3, 3, 3, 3, 3, 3, 3, 3, 3, 3, 3, 3, 3, 3, 3, 3, 3, 3, 3, 3, 3, 3, 3, 3, 3, 3, 3, 3, 3, 3, 3, 3, 3, 3, 3, 3, 3, 3, 3, 3, 3, 3, 3, 3, 3, 3, 3, 3, 3, 3, 3, 3, 3, 3, 3, 3, 3, 3, 3, 3, 3, 3, 3, 3, 3, 3, 3, 3, 3, 3, 3, 3, 3, 3, 3, 3, 3, 3, 3, 3, 3, 3, 3, 3, 3, 3, 3, 3, 3, 3, 3, 3, 3, 3, 3, 3, 3, 3, 3, 3, 3, 3, 3, 3, 3, 3, 3, 3, 3, 3, 3, 3, 3, 3, 3, 3, 3, 3, 3, 3, 3, 3, 3, 3, 3, 3, 3, 3, 3, 3, 3, 3, 3, 3, 3, 3, 3, 3, 3, 3, 3, 3, 3, 3, 3, 3, 3, 3, 3, 3, 3, 3, 3, 3, 3, 3, 3, 3, 3, 3, 3, 3, 3, 3, 3, 3, 3, 3, 3, 3, 3, 3, 3, 3, 3, 3, 3, 3, 3, 3, 3, 3, 3, 3, 3, 3, 3, 3, 3, 3, 3, 3, 3, 3, 3, 3, 3, 3, 3, 3, 3, 3, 3, 3, 3, 3, 3, 3, 3, 3, 3, 3, 3, 3, 3, 3, 3, 3, 3, 3, 3, 3, 3, 3, 3, 3, 3, 3, 3, 3, 3, 3, 3, 3, 3, 3, 3, 3, 3, 3, 3, 3, 3, 3, 3, 3, 3, 3, 3, 3, 3, 3, 3, 3, 3, 3, 3, 3, 3, 3, 3, 3, 3, 3, 3, 3, 3, 3, 3, 3, 3, 3, 3, 3, 3, 3, 3, 3, 3, 3, 3, 3, 3, 3, 3, 3, 3, 3, 3, 3, 3, 3, 3, 3, 3, 3, 3, 3, 3, 3, 3, 3, 3, 3, 3, 3, 3, 3, 3, 3, 3, 3, 3, 3, 3, 3, 3, 3, 3, 3, 3, 3, 3, 3, 3, 3, 3, 3, 3, 3, 3, 3, 3, 3, 3, 3, 3, 3, 3, 3, 3, 3, 3, 3, 3, 3, 3, 3, 3, 3, 3, 3, 3, 3, 3, 3, 3, 3, 3, 3, 3, 3, 3, 3, 3, 3, 3, 3, 3, 3, 3, 3, 3, 3, 3, 3, 3, 3, 3, 3, 3, 3, 3, 3, 3, 3, 3, 3, 3, 3, 3, 3, 3, 3, 3, 3, 3, 3, 3, 3, 3, 3, 3, 3, 3, 3, 3, 3, 3, 3, 3, 3, 3, 3, 3, 3, 3, 3, 3, 3, 3, 3, 3, 3, 3, 3, 3, 3, 3, 3, 3, 3, 3, 3, 3, 3, 3, 3, 3, 3, 3, 3, 3, 3, 3, 3, 3, 3, 3, 3, 3, 3, 3, 3, 3, 3, 3, 3, 3, 3, 3, 3, 3, 3, 3, 3, 3, 3, 3, 3, 3, 3, 3, 3, 3, 3, 3, 3, 3, 3, 3, 3, 3, 3, 3, 3, 3, 3, 3, 3, 3, 3, 3, 3, 3, 3, 3, 3, 3, 3, 3, 3, 3, 3, 3, 3, 3, 3, 3, 3, 3, 3, 3, 3, 3, 3, 3, 3, 3, 3, 3, 3, 3, 3, 3, 3, 3, 3, 3, 3, 3, 3, 3, 3, 3, 3, 3, 3, 3, 3, 3, 3, 3, 3, 3, 3, 3, 3, 3, 3, 3, 3, 3, 3, 3, 3, 3, 3, 3, 3, 3, 3, 3, 3, 3, 3, 3, 3, 3, 3, 3, 3, 3, 3, 3, 3, 3, 3, 3, 3, 3, 3, 3, 3, 3, 3, 3, 3, 3, 3, 3, 3, 3, 3, 3, 3, 3, 3, 3, 3, 3, 3, 3, 3, 3, 3, 3, 3, 3, 3, 3, 3, 3, 3, 3, 3, 3, 3, 3, 3, 3, 3, 3, 3, 3, 3, 3, 3, 3, 3, 3, 3, 3, 3, 3, 3, 3, 3, 3, 3, 3, 3, 3, 3, 3, 3, 3, 3, 3, 3, 3, 3, 3, 3, 3, 3, 3, 3, 3, 3, 3, 3, 3, 3, 3, 3, 3, 3, 3, 3, 3, 3, 3, 3, 3, 3, 3, 3, 3, 3, 3, 3, 3, 3, 3, 3, 3, 3, 3, 3, 3, 3, 3, 3, 3, 3, 3, 3, 3, 3, 3, 3, 3, 3, 3, 3, 3, 3, 3, 3, 3, 3, 3, 3, 3, 3, 3, 3, 3, 3, 3, 3, 3, 3, 3, 3, 3, 3, 3, 3, 3, 3, 3, 3, 3, 3, 3, 3, 3, 3, 3, 3, 3, 3, 3, 3, 3, 3, 3, 3, 3, 3, 3, 3, 3, 3, 3, 3, 3, 3, 3, 3, 3, 3, 3, 3, 3, 3, 3, 3, 3, 3, 3, 3, 3, 3, 3, 3, 3, 3, 3, 3, 3, 3, 3, 3, 3, 3, 3, 3, 3, 3, 3, 3, 3, 3, 3, 3, 3, 3, 3, 3, 3, 3, 3, 3, 3, 3, 3, 3, 3, 3, 3, 3, 3, 3, 3, 3, 3, 3, 3, 3, 3, 3, 3, 3, 3, 3, 3, 3, 3, 3, 3, 3, 3, 3, 3, 3, 3, 3, 3, 3, 3, 3, 3, 3, 3, 3, 3, 3, 3, 3, 3, 3, 3, 3, 3, 3, 3, 3, 3, 3, 3, 3, 3, 3, 3, 3, 3, 3, 3, 3, 3, 3, 3, 3, 3, 3, 3, 3, 3, 3, 3, 3, 3, 3, 3, 3, 3, 3, 3, 3, 3, 3, 3, 3, 3, 3, 3, 3, 3, 3, 3, 3, 3, 3, 3, 3, 3, 3, 3, 3, 3, 3, 3, 3, 3, 3, 3, 3, 3, 3, 3, 3, 3, 3, 3, 3, 3, 3, 3, 3, 3, 3, 3, 3, 3, 3, 3, 3, 3, 3, 3, 3, 3, 3, 3, 3, 3, 3, 3, 3, 3, 3, 3, 3, 3, 3, 3, 3, 3, 3, 3, 3, 3, 3, 3, 3, 3, 3, 3, 3, 3, 3, 3, 3, 3, 3, 3, 3, 3, 3, 3, 3, 3, 3, 3, 3, 3, 3, 3, 3, 3, 3, 3, 3, 3, 3, 3, 3, 3, 3, 3, 3, 3, 3, 3, 3, 3, 3, 3, 3, 3, 3, 3, 3, 3, 3, 3, 3, 3, 3, 3, 3, 3, 3, 3, 3, 3, 3, 3, 3, 3, 3, 3, 3, 3, 3, 3, 3, 3, 3, 3, 3, 3, 3, 3, 3, 3, 3, 3, 3, 3, 3, 3, 3, 3, 3, 3, 3, 3, 3, 3, 3, 3, 3, 3, 3, 3, 3, 3, 3, 3, 3, 3, 3, 3, 3, 3, 3, 3, 3, 3, 3, 3, 3, 3, 3, 3, 3, 3, 3, 3, 3, 3, 3, 3, 3, 3, 3, 3, 3, 3, 3, 3, 3, 3, 3, 3, 3, 3, 3, 3, 3, 3, 3, 3, 3, 3, 3, 3, 3, 3, 3, 3, 3, 3, 3, 3, 3, 3, 3, 3, 3, 3, 3, 3, 3, 3, 3, 3, 3, 3, 3, 3, 3, 3, 3, 3, 3, 3, 3, 3, 3, 3, 3, 3, 3, 3, 3, 3, 3, 3, 3, 3, 3, 3, 3, 3, 3, 3, 3]
        int[] faceVertexIndices = [1, 2, 9, 0, 3, 4, 2, 1, 0, 0, 1, 3, 1, 5, 3, 1, 7, 5, 8, 7, 1, 1, 26, 8, 6, 3, 453, 3, 6, 4, 3, 5, 453, 11, 7, 32, 6, 16, 4, 7, 10, 5, 2, 0, 14, 15, 2, 14, 9, 2, 15, 14, 4, 12, 4, 14, 0, 19, 16, 6, 7, 13, 10, 7, 11, 13, 4, 16, 12, 13, 17, 10, 13, 20, 17, 16, 18, 12, 12, 15, 14, 17, 20, 19, 18, 15, 12, 19, 21, 16, 18, 22, 15, 21, 18, 16, 516, 18, 21, 9, 26, 1, 26, 9, 25, 26, 24, 27, 27, 24, 28, 27, 8, 26, 28, 30, 466, 29, 25, 23, 7, 8, 32, 31, 8, 27, 466, 31, 27, 28, 466, 27, 8, 31, 32, 32, 31, 33, 9, 23, 25, 9, 15, 23, 23, 34, 29, 34, 24, 29, 36, 35, 34, 37, 36, 38, 34, 35, 24, 36, 37, 35, 40, 35, 37, 40, 37, 62, 40, 39, 35, 28, 24, 35, 35, 39, 28, 23, 36, 34, 36, 43, 38, 28, 39, 44, 40, 41, 39, 62, 42, 40, 44, 30, 28, 41, 40, 42, 44, 46, 30, 44, 39, 45, 41, 45, 39, 23, 43, 36, 49, 45, 41, 46, 44, 499, 42, 47, 41, 47, 42, 48, 499, 44, 45, 50, 43, 23, 47, 49, 41, 49, 51, 45, 47, 52, 49, 52, 47, 53, 49, 55, 51, 55, 49, 54, 49, 52, 54, 59, 57, 43, 37, 38, 58, 57, 58, 38, 59, 60, 57, 60, 58, 57, 62, 37, 58, 58, 60, 61, 62, 58, 63, 58, 61, 63, 61, 64, 63, 60, 229, 61, 38, 43, 57, 64, 65, 63, 65, 62, 63, 62, 66, 48, 66, 62, 65, 48, 42, 62, 67, 66, 65, 70, 65, 68, 68, 65, 64, 65, 70, 67, 47, 48, 53, 48, 66, 53, 71, 67, 70, 53, 66, 69, 67, 69, 66, 71, 69, 67, 73, 71, 70, 53, 74, 56, 69, 74, 53, 15, 22, 76, 18, 77, 22, 18, 75, 77, 518, 78, 75, 76, 79, 15, 78, 77, 75, 79, 23, 15, 77, 78, 80, 76, 22, 79, 81, 79, 22, 81, 22, 77, 532, 82, 111, 52, 53, 56, 56, 84, 52, 54, 84, 85, 52, 84, 54, 84, 56, 74, 87, 85, 84, 86, 87, 84, 74, 86, 84, 88, 89, 87, 86, 88, 87, 90, 88, 86, 92, 88, 90, 86, 98, 90, 90, 98, 91, 92, 90, 93, 132, 93, 90, 95, 69, 72, 71, 73, 69, 95, 74, 69, 94, 69, 73, 94, 72, 69, 95, 72, 97, 94, 73, 96, 86, 74, 95, 97, 99, 95, 72, 94, 97, 98, 86, 95, 94, 101, 97, 101, 94, 102, 99, 98, 95, 97, 101, 103, 100, 106, 102, 105, 98, 99, 99, 97, 105, 103, 105, 97, 101, 104, 103, 102, 106, 101, 98, 105, 91, 105, 107, 91, 105, 103, 107, 101, 106, 104, 104, 106, 108, 106, 306, 108, 110, 111, 82, 79, 112, 23, 109, 115, 77, 114, 115, 109, 111, 115, 114, 83, 113, 110, 115, 81, 77, 113, 83, 116, 111, 119, 115, 111, 117, 119, 111, 110, 117, 110, 113, 117, 23, 112, 50, 118, 81, 115, 79, 81, 112, 119, 118, 115, 117, 113, 121, 119, 117, 589, 113, 120, 121, 118, 112, 81, 112, 118, 123, 590, 122, 120, 122, 121, 120, 122, 129, 125, 129, 122, 590, 122, 125, 121, 126, 50, 112, 125, 127, 124, 125, 124, 121, 127, 125, 128, 129, 130, 125, 130, 131, 125, 131, 128, 125, 185, 131, 130, 133, 93, 132, 132, 91, 134, 133, 132, 134, 91, 136, 134, 91, 138, 136, 136, 135, 134, 133, 134, 626, 136, 137, 135, 626, 134, 135, 135, 137, 626, 136, 139, 137, 143, 137, 139, 136, 140, 139, 136, 138, 140, 141, 140, 138, 137, 143, 142, 145, 139, 144, 139, 140, 144, 140, 141, 146, 630, 142, 143, 147, 148, 145, 140, 146, 144, 139, 145, 143, 143, 145, 148, 148, 630, 143, 147, 145, 144, 149, 146, 141, 630, 148, 154, 147, 144, 151, 153, 147, 151, 144, 146, 152, 149, 141, 150, 148, 147, 153, 154, 148, 153, 156, 107, 103, 104, 156, 103, 107, 157, 91, 156, 157, 107, 156, 104, 108, 157, 138, 91, 108, 158, 156, 156, 158, 157, 161, 160, 157, 161, 157, 158, 159, 346, 158, 157, 160, 138, 346, 162, 158, 158, 162, 161, 162, 163, 161, 160, 161, 165, 162, 164, 163, 160, 167, 138, 165, 161, 163, 141, 138, 167, 166, 168, 164, 163, 164, 168, 168, 169, 163, 150, 141, 167, 160, 165, 167, 112, 170, 126, 123, 170, 112, 127, 128, 173, 128, 191, 171, 171, 173, 128, 123, 175, 170, 170, 50, 126, 50, 170, 176, 123, 172, 175, 174, 177, 173, 174, 173, 171, 174, 171, 178, 191, 178, 171, 170, 175, 176, 172, 641, 175, 175, 641, 182, 177, 174, 179, 178, 179, 174, 181, 179, 178, 177, 179, 180, 180, 179, 181, 176, 183, 50, 176, 175, 183, 854, 175, 182, 185, 184, 131, 153, 186, 155, 190, 151, 187, 189, 188, 184, 189, 190, 188, 185, 189, 184, 186, 153, 190, 186, 190, 189, 190, 187, 188, 191, 128, 131, 191, 131, 184, 184, 188, 187, 207, 187, 151, 184, 193, 191, 192, 184, 187, 184, 194, 193, 184, 192, 194, 187, 195, 192, 191, 193, 178, 194, 192, 195, 196, 193, 194, 198, 194, 195, 197, 198, 195, 196, 194, 200, 194, 198, 200, 198, 197, 201, 199, 178, 193, 196, 199, 193, 202, 198, 201, 202, 200, 198, 196, 203, 199, 196, 200, 203, 202, 203, 200, 151, 190, 153, 152, 146, 149, 153, 155, 154, 149, 206, 152, 151, 144, 152, 152, 207, 151, 149, 150, 204, 205, 204, 150, 167, 205, 150, 206, 149, 204, 152, 206, 207, 204, 205, 209, 204, 207, 206, 209, 207, 204, 207, 208, 187, 221, 209, 205, 187, 208, 195, 208, 197, 195, 208, 207, 211, 211, 210, 213, 208, 212, 197, 212, 208, 211, 213, 216, 211, 197, 212, 201, 221, 213, 210, 214, 212, 211, 214, 211, 216, 213, 215, 216, 217, 216, 215, 169, 165, 163, 218, 169, 634, 169, 219, 165, 205, 167, 220, 218, 219, 169, 220, 221, 205, 167, 219, 220, 165, 219, 167, 405, 219, 218, 209, 221, 210, 222, 223, 219, 224, 221, 220, 220, 219, 223, 224, 220, 223, 222, 219, 405, 224, 223, 225, 213, 224, 215, 224, 213, 221, 223, 226, 225, 222, 226, 223, 224, 225, 226, 215, 224, 217, 226, 897, 224, 227, 226, 222, 228, 59, 233, 59, 228, 60, 228, 229, 60, 229, 230, 61, 228, 232, 229, 228, 243, 232, 61, 230, 64, 231, 229, 232, 229, 231, 230, 59, 234, 233, 64, 230, 68, 236, 231, 232, 235, 68, 230, 231, 235, 230, 237, 235, 231, 237, 231, 236, 43, 234, 59, 235, 238, 68, 68, 238, 70, 235, 237, 238, 236, 239, 237, 73, 70, 238, 73, 238, 96, 240, 237, 239, 296, 238, 237, 228, 233, 242, 233, 241, 242, 242, 258, 246, 242, 243, 228, 242, 244, 243, 244, 242, 246, 241, 233, 234, 244, 245, 243, 232, 243, 245, 244, 247, 245, 244, 246, 250, 244, 250, 247, 250, 246, 248, 239, 236, 232, 249, 245, 247, 232, 245, 239, 249, 247, 250, 251, 249, 252, 245, 249, 251, 251, 239, 245, 655, 253, 274, 255, 251, 252, 249, 250, 248, 249, 274, 253, 254, 249, 253, 251, 240, 239, 249, 256, 252, 254, 256, 249, 240, 251, 255, 256, 254, 312, 241, 257, 258, 257, 259, 260, 241, 258, 242, 258, 257, 260, 259, 263, 260, 258, 260, 261, 258, 261, 246, 263, 262, 260, 264, 262, 265, 248, 246, 261, 266, 261, 264, 268, 264, 265, 267, 266, 270, 241, 234, 257, 266, 272, 248, 261, 266, 248, 266, 271, 272, 266, 264, 268, 268, 270, 266, 267, 271, 266, 267, 269, 271, 268, 288, 270, 234, 50, 257, 271, 655, 272, 288, 268, 273, 272, 655, 274, 274, 248, 272, 249, 248, 274, 259, 275, 276, 275, 278, 280, 259, 276, 263, 280, 276, 275, 277, 263, 276, 281, 276, 280, 265, 262, 263, 282, 277, 276, 281, 282, 276, 265, 263, 277, 281, 279, 282, 282, 283, 277, 257, 275, 259, 278, 284, 280, 277, 283, 265, 281, 280, 279, 284, 278, 275, 284, 285, 280, 285, 279, 280, 284, 275, 257, 283, 268, 265, 285, 287, 279, 279, 287, 286, 273, 268, 283, 286, 283, 282, 279, 286, 282, 285, 284, 290, 289, 273, 286, 283, 286, 273, 291, 288, 273, 288, 291, 692, 702, 692, 291, 285, 329, 287, 273, 289, 291, 293, 289, 292, 286, 292, 289, 287, 292, 286, 289, 293, 291, 291, 293, 702, 290, 284, 257, 287, 329, 294, 295, 292, 287, 295, 287, 294, 292, 751, 293, 50, 234, 43, 237, 240, 296, 297, 296, 240, 238, 298, 96, 296, 298, 238, 296, 299, 298, 298, 102, 96, 298, 100, 102, 296, 300, 299, 296, 297, 300, 299, 100, 298, 297, 301, 300, 302, 300, 301, 301, 304, 302, 303, 100, 299, 299, 300, 303, 300, 302, 303, 302, 307, 303, 106, 100, 303, 302, 304, 305, 306, 106, 303, 306, 303, 307, 302, 308, 307, 305, 308, 302, 307, 309, 306, 306, 309, 108, 308, 309, 307, 310, 255, 252, 256, 311, 252, 255, 297, 240, 311, 310, 252, 301, 297, 255, 255, 313, 301, 310, 313, 255, 311, 256, 314, 256, 707, 314, 317, 314, 707, 313, 310, 311, 311, 316, 313, 311, 315, 316, 314, 315, 311, 301, 313, 316, 314, 320, 315, 317, 320, 314, 316, 318, 301, 318, 304, 301, 316, 319, 318, 320, 317, 321, 321, 317, 324, 319, 304, 318, 316, 315, 319, 315, 320, 319, 304, 323, 305, 321, 322, 320, 319, 323, 304, 324, 326, 321, 321, 326, 322, 327, 324, 717, 326, 324, 327, 319, 320, 356, 290, 329, 285, 292, 295, 751, 295, 330, 751, 328, 290, 257, 295, 294, 330, 290, 328, 329, 294, 755, 330, 331, 294, 329, 331, 332, 294, 332, 755, 294, 329, 333, 331, 333, 334, 331, 334, 332, 331, 329, 328, 335, 334, 337, 768, 329, 336, 333, 335, 336, 329, 333, 336, 334, 334, 336, 337, 50, 328, 257, 335, 338, 336, 337, 336, 338, 338, 339, 337, 305, 323, 340, 309, 308, 342, 308, 340, 341, 305, 340, 308, 108, 309, 159, 342, 308, 341, 309, 342, 159, 341, 340, 343, 108, 159, 158, 341, 343, 342, 159, 342, 345, 345, 342, 782, 343, 340, 344, 159, 345, 347, 347, 346, 159, 342, 343, 348, 344, 349, 343, 343, 349, 351, 346, 784, 164, 164, 162, 346, 345, 783, 350, 352, 349, 344, 349, 352, 351, 164, 784, 166, 351, 352, 354, 344, 353, 352, 353, 807, 352, 353, 355, 402, 807, 353, 402, 320, 322, 356, 356, 323, 319, 323, 356, 357, 356, 322, 358, 356, 358, 357, 358, 322, 365, 365, 359, 358, 323, 344, 340, 357, 344, 323, 357, 361, 344, 360, 357, 358, 360, 358, 359, 360, 362, 357, 362, 361, 357, 362, 364, 363, 362, 363, 361, 360, 364, 362, 344, 361, 363, 359, 364, 360, 325, 366, 327, 327, 367, 326, 327, 366, 367, 817, 366, 325, 365, 322, 326, 326, 367, 365, 368, 367, 366, 369, 366, 817, 369, 368, 366, 367, 371, 365, 371, 368, 370, 369, 370, 368, 371, 367, 368, 369, 373, 370, 370, 373, 372, 371, 359, 365, 371, 370, 374, 374, 370, 372, 371, 375, 359, 829, 372, 373, 829, 376, 372, 377, 375, 371, 371, 374, 377, 378, 377, 374, 378, 374, 372, 376, 378, 372, 378, 376, 377, 379, 381, 377, 376, 395, 377, 832, 382, 376, 380, 359, 375, 375, 377, 381, 395, 379, 377, 50, 383, 328, 328, 383, 335, 338, 384, 339, 385, 339, 384, 384, 388, 385, 338, 386, 384, 388, 387, 385, 338, 335, 386, 386, 389, 384, 389, 388, 384, 386, 335, 383, 391, 388, 389, 388, 391, 387, 387, 391, 392, 390, 389, 386, 389, 390, 391, 390, 392, 391, 390, 844, 392, 394, 393, 390, 844, 390, 393, 386, 394, 390, 437, 386, 383, 439, 394, 386, 397, 393, 396, 394, 396, 393, 376, 382, 395, 382, 436, 395, 399, 355, 353, 403, 399, 353, 353, 344, 403, 355, 398, 400, 398, 218, 400, 355, 400, 402, 400, 401, 402, 645, 400, 218, 403, 344, 363, 404, 218, 398, 398, 355, 399, 405, 218, 404, 399, 404, 398, 403, 406, 408, 399, 403, 408, 408, 407, 399, 399, 405, 404, 407, 408, 417, 409, 405, 399, 222, 405, 409, 407, 409, 399, 410, 411, 407, 409, 407, 412, 411, 412, 407, 409, 1108, 222, 411, 410, 421, 364, 413, 363, 380, 364, 359, 363, 413, 414, 364, 380, 413, 403, 363, 406, 406, 363, 414, 416, 414, 413, 413, 380, 415, 413, 415, 416, 416, 417, 406, 416, 406, 414, 418, 415, 380, 406, 417, 408, 416, 419, 417, 410, 407, 417, 421, 410, 417, 419, 421, 417, 420, 419, 416, 415, 420, 416, 421, 419, 420, 420, 415, 422, 424, 415, 418, 420, 422, 421, 421, 422, 1120, 415, 424, 422, 418, 375, 381, 425, 381, 379, 418, 380, 375, 425, 426, 381, 428, 418, 381, 426, 428, 381, 425, 427, 426, 430, 418, 428, 426, 431, 430, 427, 429, 426, 427, 432, 429, 418, 430, 424, 426, 429, 431, 431, 433, 430, 433, 424, 430, 452, 429, 432, 394, 439, 438, 395, 436, 396, 394, 435, 396, 435, 394, 438, 848, 397, 436, 397, 396, 436, 437, 383, 50, 441, 386, 437, 396, 425, 379, 439, 386, 441, 395, 396, 379, 427, 425, 396, 440, 427, 396, 440, 435, 438, 435, 440, 396, 439, 443, 438, 440, 442, 445, 440, 438, 443, 440, 443, 442, 439, 444, 443, 445, 427, 440, 441, 444, 439, 444, 442, 443, 437, 448, 441, 432, 427, 445, 447, 432, 445, 449, 445, 442, 444, 449, 442, 451, 450, 441, 450, 449, 444, 444, 441, 450, 448, 451, 441, 449, 447, 445, 446, 448, 50, 437, 50, 448, 447, 452, 432, 5, 17, 453, 17, 5, 10, 453, 19, 6, 17, 19, 453, 33, 454, 11, 454, 13, 11, 454, 455, 13, 483, 456, 454, 483, 484, 456, 20, 13, 455, 454, 456, 455, 20, 21, 19, 456, 484, 457, 458, 20, 455, 455, 456, 458, 456, 463, 458, 457, 485, 460, 457, 460, 456, 20, 459, 21, 460, 463, 456, 459, 516, 21, 20, 458, 461, 463, 462, 458, 464, 463, 460, 466, 467, 31, 469, 468, 474, 468, 471, 470, 472, 469, 475, 469, 471, 468, 472, 471, 469, 472, 473, 471, 31, 467, 465, 466, 474, 467, 33, 31, 465, 30, 475, 466, 475, 474, 466, 30, 496, 475, 468, 470, 467, 474, 468, 467, 475, 469, 474, 477, 471, 476, 472, 475, 497, 471, 473, 476, 465, 467, 470, 465, 470, 33, 478, 470, 477, 471, 477, 470, 473, 479, 476, 480, 479, 473, 498, 473, 472, 32, 33, 11, 33, 483, 454, 33, 484, 483, 470, 484, 33, 470, 478, 484, 478, 477, 481, 479, 477, 476, 482, 480, 473, 481, 485, 478, 481, 477, 479, 478, 485, 484, 482, 503, 480, 479, 486, 481, 479, 487, 486, 480, 487, 479, 487, 480, 488, 484, 485, 457, 488, 480, 489, 487, 490, 486, 460, 485, 481, 464, 481, 486, 486, 490, 491, 492, 490, 487, 488, 494, 487, 491, 464, 486, 489, 494, 488, 464, 460, 481, 489, 513, 494, 491, 493, 464, 487, 494, 492, 495, 464, 493, 30, 46, 496, 475, 496, 497, 497, 498, 472, 46, 499, 496, 496, 499, 497, 499, 502, 497, 500, 498, 497, 498, 482, 473, 499, 501, 502, 500, 497, 502, 482, 498, 500, 500, 504, 482, 501, 505, 502, 45, 509, 499, 499, 505, 501, 505, 499, 509, 505, 507, 502, 506, 500, 502, 503, 482, 504, 51, 508, 509, 509, 45, 51, 503, 504, 506, 504, 500, 506, 506, 512, 503, 506, 502, 507, 503, 489, 480, 509, 508, 505, 508, 510, 505, 507, 505, 510, 512, 489, 503, 512, 515, 489, 51, 55, 508, 507, 510, 511, 507, 511, 506, 515, 513, 489, 508, 561, 510, 511, 512, 506, 461, 459, 20, 458, 462, 461, 459, 518, 516, 461, 517, 459, 516, 518, 18, 518, 459, 522, 461, 523, 517, 519, 523, 461, 519, 461, 462, 463, 495, 520, 495, 463, 464, 517, 522, 459, 521, 520, 495, 18, 518, 75, 518, 522, 78, 517, 523, 522, 520, 462, 463, 520, 519, 462, 523, 519, 524, 78, 522, 526, 522, 525, 526, 525, 522, 523, 523, 524, 525, 520, 521, 519, 526, 80, 78, 519, 521, 524, 521, 528, 524, 527, 526, 525, 521, 530, 528, 525, 524, 529, 524, 528, 529, 77, 80, 109, 80, 526, 527, 529, 527, 525, 532, 114, 80, 527, 532, 80, 80, 114, 109, 527, 82, 532, 82, 527, 529, 531, 529, 528, 530, 531, 528, 82, 529, 110, 531, 533, 529, 555, 534, 531, 532, 111, 114, 110, 529, 533, 531, 534, 533, 513, 537, 494, 491, 535, 493, 490, 535, 491, 490, 492, 535, 492, 536, 535, 494, 536, 492, 495, 493, 541, 537, 513, 540, 537, 536, 494, 537, 540, 539, 538, 493, 535, 538, 541, 493, 537, 539, 536, 540, 542, 539, 538, 535, 536, 538, 536, 539, 544, 495, 541, 495, 544, 521, 544, 541, 543, 541, 538, 543, 539, 543, 538, 544, 530, 521, 545, 543, 539, 539, 542, 545, 547, 544, 543, 547, 543, 545, 545, 548, 547, 545, 549, 548, 542, 549, 545, 551, 530, 544, 547, 551, 544, 548, 551, 547, 552, 548, 549, 549, 542, 546, 554, 549, 550, 546, 550, 549, 530, 551, 556, 548, 553, 551, 553, 548, 552, 552, 558, 553, 554, 552, 549, 530, 555, 531, 555, 530, 556, 554, 559, 558, 552, 554, 558, 551, 553, 557, 558, 559, 560, 54, 85, 55, 55, 85, 508, 85, 561, 508, 514, 511, 562, 512, 514, 515, 511, 514, 512, 514, 563, 515, 564, 510, 561, 513, 515, 563, 510, 562, 511, 566, 513, 563, 85, 87, 561, 513, 566, 540, 89, 564, 561, 564, 567, 562, 565, 514, 562, 514, 565, 563, 563, 565, 566, 87, 89, 561, 564, 89, 567, 565, 562, 567, 565, 568, 566, 565, 571, 568, 540, 566, 572, 566, 568, 572, 576, 89, 88, 565, 567, 570, 569, 565, 570, 565, 569, 571, 574, 542, 540, 572, 574, 540, 569, 573, 571, 88, 92, 576, 570, 567, 578, 570, 578, 569, 571, 573, 568, 568, 575, 572, 542, 574, 546, 572, 575, 574, 567, 89, 576, 569, 578, 573, 579, 575, 568, 568, 573, 579, 574, 575, 550, 576, 577, 567, 567, 577, 578, 573, 578, 580, 546, 574, 550, 580, 579, 573, 579, 584, 575, 93, 581, 92, 581, 576, 92, 584, 579, 582, 579, 580, 582, 582, 583, 584, 586, 550, 575, 576, 581, 577, 580, 578, 577, 582, 580, 617, 585, 580, 577, 584, 586, 575, 583, 586, 584, 550, 586, 559, 585, 577, 619, 580, 585, 617, 617, 583, 582, 554, 550, 559, 533, 83, 110, 533, 587, 116, 534, 587, 533, 83, 533, 116, 116, 588, 113, 120, 113, 588, 588, 116, 587, 587, 590, 588, 588, 590, 120, 602, 129, 590, 589, 591, 119, 123, 118, 119, 119, 591, 123, 117, 121, 589, 121, 592, 589, 591, 593, 123, 124, 592, 121, 589, 592, 591, 592, 594, 591, 591, 594, 593, 595, 123, 593, 127, 594, 592, 124, 127, 592, 594, 595, 593, 597, 556, 557, 534, 555, 596, 598, 553, 558, 556, 596, 555, 551, 557, 556, 598, 558, 560, 598, 600, 557, 599, 587, 534, 599, 534, 596, 597, 596, 556, 601, 598, 560, 600, 597, 557, 596, 597, 604, 603, 596, 604, 598, 601, 600, 587, 602, 590, 599, 602, 587, 596, 603, 599, 606, 604, 597, 597, 600, 606, 129, 602, 607, 600, 601, 605, 603, 604, 606, 608, 602, 599, 603, 608, 599, 609, 608, 603, 606, 609, 603, 605, 606, 600, 608, 607, 602, 608, 609, 611, 611, 609, 613, 608, 611, 607, 614, 610, 612, 610, 615, 612, 614, 613, 609, 609, 606, 605, 609, 610, 614, 609, 605, 610, 616, 129, 607, 607, 611, 616, 129, 616, 130, 613, 616, 611, 186, 614, 612, 614, 189, 613, 613, 189, 616, 616, 185, 130, 155, 186, 612, 585, 622, 617, 618, 583, 617, 618, 617, 620, 559, 586, 618, 618, 586, 583, 93, 133, 581, 133, 624, 581, 577, 581, 619, 620, 560, 559, 559, 618, 620, 619, 581, 624, 560, 620, 621, 617, 622, 620, 623, 585, 619, 585, 623, 622, 625, 619, 624, 619, 625, 623, 601, 560, 621, 622, 621, 620, 624, 133, 626, 137, 627, 626, 622, 623, 621, 142, 627, 137, 627, 624, 626, 627, 625, 624, 621, 625, 628, 621, 623, 625, 627, 628, 625, 621, 605, 601, 629, 630, 631, 629, 627, 142, 615, 628, 629, 627, 629, 628, 610, 605, 628, 621, 628, 605, 142, 630, 629, 631, 615, 629, 628, 615, 610, 630, 154, 631, 615, 631, 612, 612, 154, 155, 612, 631, 154, 632, 784, 785, 788, 632, 785, 633, 168, 166, 633, 634, 168, 634, 633, 635, 635, 633, 806, 635, 811, 636, 811, 816, 636, 123, 595, 172, 127, 173, 637, 127, 637, 594, 594, 637, 595, 637, 639, 595, 173, 638, 637, 639, 172, 595, 639, 637, 638, 638, 173, 177, 638, 640, 639, 172, 639, 640, 172, 640, 641, 638, 642, 640, 638, 177, 642, 182, 641, 640, 182, 640, 642, 642, 643, 182, 177, 180, 642, 644, 182, 643, 644, 643, 642, 180, 644, 642, 189, 185, 616, 186, 189, 614, 645, 218, 634, 635, 645, 634, 636, 645, 635, 674, 646, 648, 648, 646, 649, 651, 649, 646, 647, 674, 648, 674, 647, 655, 649, 650, 648, 650, 653, 648, 655, 647, 656, 647, 648, 653, 652, 647, 653, 656, 647, 652, 650, 649, 654, 253, 655, 656, 656, 652, 657, 652, 653, 658, 657, 652, 658, 254, 253, 656, 254, 656, 657, 658, 653, 659, 653, 650, 659, 654, 659, 650, 661, 657, 662, 657, 658, 662, 254, 657, 660, 660, 657, 661, 662, 658, 659, 660, 312, 254, 659, 654, 664, 654, 663, 664, 659, 666, 662, 664, 667, 659, 665, 661, 662, 662, 666, 665, 659, 667, 666, 646, 669, 668, 646, 668, 673, 671, 669, 269, 669, 646, 670, 671, 668, 669, 646, 674, 670, 646, 673, 651, 668, 672, 673, 269, 669, 670, 673, 676, 651, 270, 671, 269, 655, 670, 674, 671, 675, 668, 668, 675, 672, 675, 678, 672, 677, 676, 673, 271, 269, 670, 270, 269, 267, 679, 671, 270, 680, 675, 671, 672, 678, 673, 673, 678, 677, 271, 670, 655, 671, 679, 680, 680, 678, 675, 677, 678, 685, 649, 651, 676, 682, 270, 288, 270, 682, 679, 679, 682, 680, 654, 649, 676, 681, 654, 676, 677, 681, 676, 288, 686, 682, 680, 682, 683, 680, 684, 678, 684, 685, 678, 685, 687, 677, 700, 682, 686, 682, 699, 683, 680, 683, 684, 684, 687, 685, 681, 677, 687, 688, 681, 687, 683, 689, 684, 683, 693, 689, 684, 690, 687, 688, 687, 691, 690, 691, 687, 288, 692, 686, 684, 689, 690, 694, 688, 691, 690, 695, 691, 690, 689, 695, 681, 663, 654, 663, 681, 688, 663, 688, 696, 695, 689, 693, 720, 694, 691, 694, 696, 688, 695, 693, 697, 720, 698, 694, 664, 663, 696, 664, 696, 708, 694, 698, 718, 700, 699, 682, 692, 700, 686, 701, 700, 692, 702, 701, 692, 701, 699, 700, 699, 693, 683, 701, 704, 699, 699, 704, 693, 701, 702, 703, 703, 702, 705, 704, 701, 703, 704, 752, 693, 705, 706, 703, 703, 706, 704, 752, 697, 693, 661, 665, 660, 664, 708, 667, 707, 312, 660, 660, 665, 709, 709, 665, 666, 660, 709, 707, 709, 710, 707, 709, 666, 711, 312, 707, 256, 711, 666, 667, 708, 712, 667, 709, 711, 710, 711, 667, 712, 710, 317, 707, 714, 710, 713, 713, 710, 711, 713, 711, 712, 715, 714, 713, 714, 317, 710, 713, 712, 716, 715, 317, 714, 713, 716, 715, 715, 716, 717, 715, 324, 317, 715, 717, 324, 696, 694, 718, 697, 719, 695, 695, 719, 720, 718, 698, 721, 720, 724, 698, 708, 718, 723, 718, 721, 726, 722, 725, 719, 718, 726, 723, 698, 724, 727, 723, 712, 708, 726, 728, 723, 698, 727, 721, 720, 725, 724, 728, 716, 723, 726, 729, 728, 721, 729, 726, 730, 727, 724, 725, 732, 731, 723, 716, 712, 727, 730, 721, 730, 729, 721, 731, 724, 725, 760, 732, 725, 738, 731, 733, 731, 738, 737, 732, 733, 731, 730, 734, 729, 724, 734, 730, 724, 731, 737, 739, 716, 728, 735, 739, 728, 736, 735, 728, 734, 736, 728, 734, 728, 729, 739, 717, 716, 737, 743, 724, 734, 724, 743, 740, 737, 738, 744, 739, 735, 741, 735, 736, 742, 741, 736, 742, 736, 734, 742, 734, 743, 740, 743, 737, 740, 738, 745, 325, 717, 739, 741, 744, 735, 742, 743, 747, 325, 327, 717, 744, 741, 749, 748, 743, 740, 745, 748, 740, 739, 744, 325, 744, 749, 325, 741, 746, 749, 742, 746, 741, 742, 747, 746, 745, 750, 748, 293, 705, 702, 293, 751, 705, 705, 751, 753, 754, 706, 705, 704, 706, 752, 752, 722, 697, 719, 697, 722, 330, 755, 753, 330, 753, 751, 754, 705, 753, 752, 706, 756, 753, 755, 757, 756, 761, 752, 761, 722, 752, 753, 758, 754, 759, 753, 757, 754, 756, 706, 758, 756, 754, 758, 753, 759, 755, 762, 757, 764, 759, 757, 756, 758, 763, 725, 722, 760, 762, 755, 332, 758, 759, 763, 763, 761, 756, 722, 761, 760, 759, 767, 763, 761, 763, 765, 763, 767, 765, 760, 761, 765, 334, 768, 332, 332, 768, 762, 757, 762, 764, 764, 762, 769, 764, 770, 759, 732, 760, 766, 760, 765, 766, 772, 762, 768, 762, 772, 769, 769, 770, 764, 759, 770, 774, 774, 767, 759, 767, 773, 765, 732, 766, 733, 765, 771, 766, 771, 765, 773, 766, 771, 733, 768, 339, 772, 770, 769, 772, 738, 733, 771, 771, 773, 745, 773, 767, 774, 768, 337, 339, 771, 745, 738, 776, 777, 770, 775, 774, 777, 775, 773, 774, 339, 779, 772, 772, 779, 770, 770, 777, 774, 777, 778, 775, 779, 776, 770, 777, 780, 778, 745, 781, 750, 781, 745, 773, 773, 775, 781, 778, 781, 775, 782, 783, 345, 782, 342, 348, 784, 346, 347, 786, 347, 345, 345, 350, 786, 343, 351, 348, 347, 785, 784, 350, 783, 790, 348, 351, 787, 347, 786, 788, 790, 788, 786, 348, 789, 782, 787, 789, 348, 788, 785, 347, 791, 783, 782, 786, 350, 790, 787, 351, 793, 790, 783, 791, 794, 788, 790, 791, 782, 789, 791, 789, 792, 801, 784, 632, 790, 804, 794, 791, 792, 795, 796, 789, 787, 796, 792, 789, 787, 798, 796, 796, 798, 797, 354, 793, 351, 801, 166, 784, 790, 799, 804, 795, 790, 791, 790, 795, 799, 802, 787, 793, 802, 798, 787, 632, 788, 794, 794, 800, 632, 792, 796, 797, 633, 166, 801, 793, 354, 802, 800, 806, 801, 632, 800, 801, 804, 800, 794, 803, 795, 792, 797, 803, 792, 807, 354, 352, 799, 814, 808, 801, 806, 633, 799, 808, 804, 795, 805, 799, 803, 805, 795, 805, 814, 799, 814, 813, 808, 802, 354, 807, 813, 804, 808, 803, 809, 805, 802, 809, 798, 809, 802, 807, 811, 635, 806, 810, 806, 800, 804, 810, 800, 804, 813, 810, 810, 813, 815, 809, 812, 798, 809, 803, 812, 798, 812, 797, 797, 812, 803, 809, 402, 401, 805, 809, 814, 807, 402, 809, 850, 815, 813, 810, 811, 806, 810, 815, 811, 816, 811, 815, 749, 817, 325, 746, 747, 818, 747, 743, 748, 746, 818, 749, 819, 818, 747, 749, 818, 817, 747, 748, 821, 820, 369, 817, 819, 747, 821, 748, 750, 821, 817, 818, 820, 822, 820, 818, 818, 819, 822, 373, 820, 825, 822, 825, 820, 821, 824, 819, 824, 821, 827, 823, 821, 750, 823, 827, 821, 820, 373, 369, 824, 822, 819, 826, 824, 827, 825, 828, 373, 825, 822, 828, 824, 828, 822, 828, 829, 373, 826, 828, 824, 826, 830, 828, 829, 828, 831, 828, 830, 831, 831, 832, 829, 829, 832, 376, 831, 847, 832, 832, 847, 382, 776, 833, 777, 833, 780, 777, 339, 385, 779, 779, 385, 833, 779, 833, 776, 385, 387, 833, 778, 750, 781, 834, 833, 387, 833, 834, 836, 780, 833, 836, 778, 823, 750, 835, 780, 836, 835, 778, 780, 823, 778, 835, 839, 836, 834, 387, 392, 834, 839, 841, 836, 827, 823, 838, 835, 842, 823, 392, 839, 834, 392, 841, 839, 841, 840, 836, 837, 842, 835, 837, 835, 836, 840, 837, 836, 827, 838, 826, 823, 842, 838, 838, 830, 826, 841, 392, 844, 837, 840, 841, 838, 843, 830, 843, 838, 842, 844, 837, 841, 844, 845, 837, 842, 837, 846, 846, 843, 842, 393, 845, 844, 845, 846, 837, 843, 847, 830, 830, 847, 831, 846, 847, 843, 393, 397, 845, 848, 382, 847, 397, 848, 845, 847, 846, 848, 848, 846, 845, 849, 401, 400, 850, 849, 400, 850, 400, 645, 814, 401, 849, 851, 850, 645, 849, 852, 814, 816, 851, 636, 851, 645, 636, 814, 852, 813, 814, 809, 401, 815, 850, 851, 850, 813, 852, 816, 815, 851, 850, 852, 849, 848, 436, 382, 175, 853, 183, 178, 199, 181, 175, 854, 853, 183, 853, 858, 858, 50, 183, 181, 855, 180, 856, 180, 857, 861, 854, 1333, 855, 857, 180, 855, 859, 857, 861, 853, 854, 853, 862, 858, 861, 862, 853, 859, 863, 857, 869, 859, 881, 859, 865, 863, 866, 863, 865, 859, 870, 865, 858, 867, 868, 867, 858, 862, 859, 869, 870, 868, 50, 858, 928, 870, 893, 871, 872, 861, 199, 873, 875, 873, 199, 203, 201, 212, 895, 874, 201, 895, 876, 201, 874, 875, 181, 199, 201, 876, 202, 895, 901, 899, 874, 877, 876, 895, 899, 874, 876, 203, 202, 876, 879, 203, 876, 878, 879, 875, 855, 181, 873, 203, 879, 873, 879, 880, 882, 873, 880, 873, 882, 875, 883, 880, 879, 885, 883, 879, 882, 881, 875, 855, 875, 881, 882, 880, 883, 887, 882, 883, 887, 883, 884, 883, 885, 884, 855, 881, 859, 882, 886, 881, 887, 886, 882, 887, 890, 886, 884, 888, 887, 884, 1341, 892, 889, 884, 892, 890, 887, 888, 886, 869, 881, 884, 889, 888, 886, 891, 869, 949, 888, 894, 889, 894, 888, 893, 870, 869, 889, 892, 894, 217, 214, 216, 212, 214, 895, 217, 896, 214, 214, 896, 900, 896, 217, 897, 896, 897, 898, 903, 901, 895, 895, 900, 903, 902, 899, 901, 902, 901, 903, 895, 214, 900, 903, 900, 1347, 898, 904, 896, 1348, 1347, 907, 900, 907, 1347, 906, 900, 896, 906, 896, 904, 906, 905, 900, 907, 900, 905, 907, 905, 910, 907, 910, 909, 906, 908, 905, 904, 911, 906, 898, 911, 904, 908, 910, 905, 897, 217, 224, 897, 226, 912, 897, 912, 898, 227, 912, 226, 912, 913, 898, 912, 227, 914, 912, 915, 913, 914, 915, 912, 227, 1108, 914, 916, 915, 914, 917, 913, 915, 913, 917, 898, 915, 918, 917, 916, 918, 915, 919, 916, 923, 916, 919, 918, 918, 919, 921, 922, 921, 919, 917, 924, 920, 918, 924, 917, 923, 922, 919, 911, 917, 920, 918, 921, 924, 1351, 925, 924, 921, 1351, 924, 862, 861, 872, 865, 870, 929, 865, 931, 866, 866, 931, 927, 931, 865, 929, 932, 926, 928, 926, 870, 928, 870, 926, 929, 930, 871, 927, 929, 926, 933, 932, 933, 926, 932, 934, 933, 935, 934, 932, 929, 933, 937, 929, 937, 931, 933, 934, 936, 934, 955, 936, 937, 933, 936, 937, 936, 939, 1354, 931, 938, 931, 937, 938, 937, 939, 938, 939, 940, 938, 868, 867, 941, 867, 862, 941, 938, 940, 1355, 942, 941, 862, 872, 942, 862, 940, 939, 943, 941, 50, 868, 1355, 944, 872, 872, 944, 942, 958, 943, 939, 958, 945, 943, 50, 941, 946, 946, 941, 942, 890, 949, 886, 890, 888, 949, 886, 948, 891, 894, 947, 949, 951, 910, 947, 869, 891, 952, 953, 910, 951, 869, 952, 893, 928, 893, 1369, 947, 950, 949, 948, 886, 949, 947, 894, 951, 950, 954, 949, 955, 952, 891, 894, 1373, 951, 935, 952, 955, 1373, 894, 1345, 953, 951, 1373, 955, 948, 936, 948, 955, 891, 948, 957, 936, 935, 955, 934, 949, 957, 948, 950, 956, 954, 957, 939, 936, 949, 954, 957, 957, 958, 939, 957, 960, 958, 957, 959, 960, 945, 960, 962, 961, 957, 954, 958, 960, 945, 911, 964, 908, 910, 950, 947, 908, 950, 910, 953, 909, 910, 964, 963, 908, 965, 964, 911, 908, 963, 950, 950, 963, 956, 963, 966, 956, 967, 963, 964, 967, 964, 974, 974, 964, 965, 963, 967, 968, 966, 963, 968, 968, 969, 966, 954, 956, 961, 967, 977, 968, 968, 977, 979, 956, 966, 961, 925, 920, 924, 965, 911, 920, 970, 971, 925, 925, 971, 920, 971, 972, 920, 972, 965, 920, 972, 974, 965, 973, 972, 971, 971, 1381, 973, 974, 972, 973, 1381, 975, 973, 973, 975, 974, 977, 967, 974, 974, 975, 977, 976, 979, 975, 975, 979, 977, 1389, 978, 976, 978, 979, 976, 944, 980, 981, 981, 942, 944, 980, 982, 981, 942, 981, 946, 981, 982, 984, 981, 983, 946, 983, 987, 946, 985, 984, 982, 1405, 986, 985, 981, 984, 988, 984, 985, 986, 988, 983, 981, 989, 990, 992, 989, 992, 986, 992, 991, 986, 991, 984, 986, 984, 991, 988, 993, 995, 990, 990, 995, 992, 996, 1011, 993, 959, 957, 961, 959, 997, 960, 997, 998, 960, 997, 999, 998, 959, 1003, 997, 999, 997, 1001, 1003, 1001, 997, 1001, 1000, 999, 1003, 959, 1002, 1003, 1002, 1001, 1421, 1001, 1002, 1004, 1002, 959, 1004, 1007, 1002, 1002, 1005, 1421, 1421, 1005, 1008, 1007, 1005, 1002, 1006, 1007, 1004, 1007, 1010, 1005, 1008, 1009, 1426, 1005, 1009, 1008, 1010, 1009, 1005, 961, 966, 969, 969, 1012, 961, 1013, 969, 968, 961, 1012, 1004, 961, 1004, 959, 969, 1013, 1012, 1013, 1014, 1012, 1014, 1013, 1015, 1004, 1012, 1014, 1028, 1015, 1013, 1014, 1015, 1016, 1014, 1018, 1004, 1017, 1015, 1028, 1006, 1004, 1018, 1018, 1014, 1016, 979, 1020, 968, 1019, 1020, 1022, 979, 1021, 1020, 1021, 1022, 1020, 979, 978, 1021, 1019, 1022, 1023, 1020, 1013, 968, 1019, 1013, 1020, 1022, 1024, 1023, 1021, 1024, 1022, 1434, 1024, 1021, 1026, 1013, 1019, 1023, 1025, 1019, 1023, 1024, 1027, 1027, 1025, 1023, 1026, 1019, 1025, 1025, 1027, 1445, 1028, 1013, 1026, 1026, 1025, 1028, 1031, 1025, 1445, 1028, 1025, 1029, 1031, 1029, 1025, 1031, 1445, 1030, 1031, 1032, 1029, 1031, 1034, 1032, 1449, 1031, 1030, 1031, 1449, 1034, 1028, 1029, 1032, 1034, 1033, 1032, 1035, 1034, 1449, 1034, 1036, 1033, 1035, 1036, 1034, 1017, 1028, 1032, 1035, 1231, 1036, 1036, 1090, 1037, 1038, 1017, 1032, 1037, 1038, 1032, 1033, 1037, 1032, 1041, 987, 983, 1039, 992, 995, 995, 993, 1039, 1041, 983, 994, 983, 988, 994, 1011, 1039, 993, 1042, 994, 988, 992, 1039, 1040, 1047, 1040, 1039, 1046, 1047, 1039, 1041, 1044, 987, 994, 1044, 1041, 994, 1042, 1043, 1046, 1039, 1061, 1047, 1043, 1040, 994, 1049, 1044, 1047, 1048, 1043, 1043, 1048, 1051, 1046, 1048, 1047, 987, 1052, 1045, 1043, 1049, 994, 1050, 1043, 1051, 1044, 1052, 987, 1050, 1049, 1043, 1046, 1061, 1055, 1048, 1053, 1051, 1046, 1054, 1048, 1050, 1053, 1049, 1055, 1054, 1046, 1051, 1053, 1050, 1054, 1053, 1048, 1044, 1056, 1052, 1049, 1056, 1044, 1057, 1056, 1049, 1057, 1049, 1053, 1057, 1058, 1056, 1055, 1058, 1057, 1054, 1055, 1057, 1053, 1054, 1057, 1009, 1011, 996, 946, 1045, 50, 1007, 1006, 1010, 1018, 1010, 1006, 1009, 1010, 1011, 946, 987, 1045, 1061, 1039, 1011, 1059, 1010, 1062, 1060, 1068, 1045, 1011, 1063, 1061, 1011, 1010, 1063, 1059, 1063, 1010, 1059, 1062, 1064, 1059, 1065, 1063, 1055, 1061, 1063, 1059, 1064, 1065, 1066, 1060, 1045, 1056, 1045, 1052, 1045, 1056, 1066, 1066, 1067, 1060, 1058, 1066, 1056, 1066, 1058, 1063, 1065, 1067, 1066, 1055, 1063, 1058, 1065, 1066, 1063, 1067, 1065, 1064, 1016, 1070, 1018, 1015, 1017, 1016, 1017, 1071, 1016, 1070, 1069, 1018, 1071, 1070, 1016, 1018, 1069, 1010, 50, 1045, 1068, 1010, 1069, 1062, 1069, 1072, 1062, 1069, 1070, 1075, 1072, 1069, 1073, 1070, 1077, 1075, 1070, 1071, 1074, 1072, 1073, 1076, 1077, 1070, 1074, 1071, 1094, 1078, 1076, 1062, 1072, 1077, 1074, 1080, 1071, 1078, 1074, 1081, 1079, 1450, 1077, 1080, 1081, 1082, 1076, 1079, 1081, 1080, 1079, 1078, 1080, 1074, 1450, 1079, 1076, 1064, 1062, 1076, 1076, 1082, 1064, 1080, 1082, 1079, 1082, 1080, 1078, 1078, 1083, 1082, 1078, 1084, 1083, 1068, 1060, 1085, 1085, 1060, 1086, 1085, 1087, 1068, 1086, 1087, 1085, 1067, 1086, 1060, 1084, 1103, 1087, 1064, 1082, 1067, 1067, 1087, 1086, 1087, 1067, 1083, 1082, 1083, 1067, 1083, 1084, 1087, 1037, 1033, 1036, 1089, 1037, 1091, 1090, 1092, 1037, 1092, 1091, 1037, 1037, 1093, 1038, 1093, 1017, 1038, 1093, 1037, 1089, 50, 1068, 1088, 1093, 1071, 1017, 1093, 1094, 1071, 1089, 1091, 1097, 1094, 1093, 1096, 1095, 1093, 1089, 1095, 1089, 1097, 1093, 1095, 1096, 1097, 1091, 1099, 1096, 1084, 1078, 1099, 1098, 1097, 1084, 1096, 1095, 1100, 1084, 1095, 1097, 1100, 1095, 1098, 1101, 1097, 1101, 1098, 1104, 1068, 1103, 1102, 1102, 1088, 1068, 1103, 1068, 1087, 1102, 1103, 1100, 1100, 1103, 1084, 1105, 1102, 1100, 1101, 1105, 1100, 1105, 1101, 1104, 1100, 1097, 1101, 409, 1106, 1108, 411, 1107, 412, 412, 1106, 409, 222, 1108, 227, 1106, 412, 1107, 1107, 1110, 1106, 1106, 1109, 1108, 411, 1122, 1107, 1107, 1122, 1111, 914, 1108, 916, 1110, 1109, 1106, 1109, 1112, 1108, 1109, 1110, 1112, 1110, 1107, 1111, 1112, 916, 1108, 1113, 1110, 1111, 1114, 1111, 1122, 1113, 1115, 1110, 916, 1112, 923, 1111, 1114, 1113, 1110, 1115, 1112, 1112, 1117, 923, 1118, 1114, 1116, 1115, 1117, 1112, 1117, 1119, 923, 922, 923, 1119, 1113, 1159, 1115, 1113, 1118, 1159, 1113, 1114, 1118, 1159, 1119, 1117, 1119, 1160, 922, 423, 411, 421, 422, 424, 1120, 423, 421, 1120, 1120, 1121, 423, 423, 1122, 411, 1121, 1120, 424, 1124, 1122, 423, 423, 1121, 1124, 1121, 424, 1123, 424, 433, 1123, 1123, 433, 1126, 1124, 1121, 1125, 1123, 1125, 1121, 1125, 1114, 1124, 1114, 1122, 1124, 1125, 1116, 1114, 1116, 1125, 1129, 1123, 1127, 1125, 1128, 1127, 1123, 1128, 1123, 1126, 1127, 1129, 1125, 1116, 1129, 1118, 1128, 1142, 1130, 1170, 1118, 1129, 452, 434, 429, 1131, 433, 431, 429, 1131, 431, 434, 1131, 429, 1126, 433, 1131, 1131, 1133, 1126, 434, 1133, 1131, 434, 1134, 1133, 1136, 452, 1132, 1136, 1135, 452, 1134, 452, 1135, 452, 1134, 434, 1133, 1137, 1126, 1137, 1128, 1126, 1133, 1134, 1137, 1138, 1135, 1139, 1135, 1138, 1134, 1128, 1137, 1142, 1134, 1138, 1141, 1134, 1141, 1137, 1138, 1192, 1141, 1137, 1141, 1142, 1141, 1192, 1142, 449, 450, 1144, 447, 1143, 452, 449, 1143, 447, 451, 1144, 450, 449, 1145, 1143, 449, 1144, 1145, 1143, 1132, 452, 451, 1148, 1146, 451, 1146, 1144, 1148, 451, 448, 1132, 1143, 1147, 1149, 1144, 1146, 448, 446, 1148, 1147, 1143, 1145, 1149, 1145, 1144, 1136, 1132, 1147, 1147, 1150, 1136, 1146, 1151, 1149, 1147, 1145, 1150, 1149, 1151, 1152, 1152, 1145, 1149, 1148, 1151, 1146, 1150, 1145, 1154, 1145, 1152, 1154, 1148, 446, 1156, 1151, 1148, 1156, 1153, 1136, 1150, 1155, 1154, 1152, 1153, 1140, 1136, 1158, 1153, 1154, 1151, 1155, 1152, 1157, 1154, 1155, 1156, 1210, 1151, 1210, 1211, 1151, 1151, 1212, 1155, 1154, 1157, 1158, 1161, 1119, 1159, 1119, 1161, 1160, 1161, 1162, 1160, 1115, 1159, 1117, 1118, 1163, 1159, 1164, 1161, 1159, 1161, 1164, 1162, 1159, 1163, 1164, 1170, 1165, 1118, 1164, 1163, 1162, 1166, 1162, 1163, 1162, 1166, 1455, 1165, 1163, 1118, 1167, 1166, 1165, 1163, 1165, 1166, 1167, 1455, 1166, 1167, 1456, 1455, 1167, 1165, 1168, 1165, 1175, 1168, 1168, 1169, 1167, 1167, 1169, 1456, 1127, 1171, 1129, 1128, 1172, 1127, 1171, 1170, 1129, 1130, 1172, 1128, 1192, 1172, 1130, 1127, 1172, 1171, 1175, 1165, 1170, 1170, 1171, 1176, 1171, 1172, 1174, 1176, 1171, 1174, 1178, 1176, 1174, 1174, 1172, 1177, 1177, 1178, 1174, 1170, 1176, 1175, 1172, 1173, 1180, 1177, 1172, 1182, 1180, 1182, 1172, 1179, 1180, 1173, 1175, 1181, 1168, 1176, 1178, 1175, 1175, 1183, 1181, 1178, 1177, 1184, 1177, 1185, 1184, 1178, 1184, 1183, 1183, 1175, 1178, 1168, 1181, 1169, 1182, 1189, 1177, 1189, 1185, 1177, 1186, 1183, 1184, 1184, 1187, 1186, 1185, 1187, 1184, 1189, 1187, 1185, 1183, 1186, 1181, 1190, 1188, 1180, 1179, 1190, 1180, 1180, 1188, 1182, 1182, 1188, 1189, 1189, 1191, 1187, 1130, 1142, 1192, 1138, 1173, 1192, 1196, 1139, 1214, 1173, 1172, 1192, 1193, 1138, 1139, 1195, 1193, 1139, 1139, 1196, 1195, 1198, 1194, 1199, 1195, 1196, 1194, 1198, 1199, 1201, 1195, 1194, 1198, 1197, 1199, 1194, 1202, 1194, 1196, 1202, 1197, 1194, 1200, 1193, 1195, 1198, 1200, 1195, 1202, 1216, 1203, 1173, 1138, 1193, 1201, 1200, 1198, 1205, 1201, 1199, 1205, 1199, 1197, 1202, 1203, 1197, 1204, 1193, 1200, 1205, 1200, 1201, 1205, 1203, 1200, 1200, 1203, 1206, 1197, 1203, 1205, 1179, 1173, 1193, 1204, 1179, 1193, 1206, 1204, 1200, 1204, 1207, 1179, 1206, 1208, 1204, 1207, 1204, 1208, 1190, 1179, 1207, 1212, 1157, 1155, 1140, 1158, 1139, 1153, 1158, 1140, 1213, 446, 50, 446, 1213, 1156, 1151, 1211, 1212, 1158, 1157, 1212, 1213, 1210, 1156, 1158, 1214, 1139, 1206, 1196, 1214, 1211, 1220, 1212, 1216, 1202, 1196, 1158, 1212, 1215, 1210, 1217, 1211, 1213, 1217, 1210, 1206, 1216, 1196, 1206, 1214, 1218, 1214, 1158, 1215, 1220, 1215, 1212, 1206, 1203, 1216, 1215, 1218, 1214, 1208, 1206, 1218, 1218, 1215, 1219, 1220, 1219, 1215, 1211, 1219, 1220, 1223, 1213, 50, 1211, 1217, 1221, 1218, 1225, 1208, 1219, 1222, 1218, 1218, 1222, 1225, 1211, 1221, 1219, 1228, 1219, 1221, 1208, 1225, 1226, 1227, 1219, 1228, 1275, 1231, 1035, 1188, 1232, 1189, 1189, 1232, 1191, 1234, 1191, 1232, 1188, 1233, 1232, 1190, 1233, 1188, 1191, 1234, 1237, 1238, 1233, 1190, 1233, 1235, 1232, 1232, 1236, 1234, 1235, 1233, 1238, 1232, 1235, 1236, 1235, 1239, 1236, 1207, 1238, 1190, 1207, 1240, 1238, 1236, 1243, 1234, 1238, 1241, 1235, 1238, 1240, 1241, 1236, 1239, 1242, 1242, 1243, 1236, 1235, 1241, 1245, 1240, 1244, 1241, 1235, 1245, 1239, 1244, 1245, 1241, 1247, 1239, 1245, 1239, 1247, 1242, 1242, 1247, 1248, 1248, 1246, 1242, 1240, 1250, 1244, 1248, 1508, 1246, 1249, 1245, 1244, 1245, 1249, 1247, 1251, 1508, 1248, 1252, 1207, 1208, 1207, 1252, 1209, 1207, 1253, 1240, 1207, 1209, 1253, 1226, 1256, 1252, 1255, 1253, 1209, 1252, 1255, 1209, 1252, 1258, 1255, 1259, 1255, 1257, 1255, 1258, 1257, 1258, 1252, 1256, 1266, 1256, 1226, 1258, 1254, 1257, 1259, 1253, 1255, 1258, 1256, 1267, 1253, 1259, 1260, 1260, 1261, 1253, 1253, 1261, 1240, 1261, 1260, 1250, 1250, 1240, 1261, 1213, 1224, 1217, 1221, 1217, 1224, 1264, 1222, 1227, 1219, 1227, 1222, 1213, 1223, 1224, 1252, 1208, 1226, 1222, 1264, 1226, 1268, 1227, 1228, 1263, 1224, 1223, 1264, 1266, 1226, 1264, 1227, 1265, 1228, 1221, 1268, 1227, 1268, 1265, 1256, 1266, 1267, 1263, 1269, 1221, 1265, 1270, 1266, 1221, 1269, 1268, 1266, 1270, 1267, 1271, 1270, 1265, 1263, 1273, 1269, 1268, 1271, 1265, 1268, 1272, 1271, 1269, 1272, 1268, 1270, 1271, 1274, 1223, 1273, 1263, 50, 1088, 1230, 50, 1230, 1229, 1231, 1090, 1036, 1251, 1276, 1278, 1291, 1276, 1251, 1277, 1090, 1231, 1278, 1279, 1277, 1279, 1090, 1277, 1279, 1278, 1276, 1276, 1291, 1281, 1279, 1099, 1090, 1280, 1279, 1276, 1090, 1099, 1092, 1281, 1280, 1276, 1091, 1092, 1099, 1280, 1099, 1279, 1281, 1282, 1280, 1283, 1099, 1280, 1287, 1282, 1281, 1287, 1281, 1284, 1283, 1098, 1099, 1230, 1088, 1285, 1289, 1230, 1285, 1283, 1104, 1098, 1283, 1286, 1104, 1282, 1286, 1280, 1230, 1289, 1288, 1290, 1286, 1287, 1287, 1286, 1282, 1102, 1285, 1088, 1105, 1285, 1102, 1105, 1289, 1285, 1105, 1288, 1289, 1105, 1290, 1288, 1286, 1290, 1105, 1105, 1104, 1286, 1291, 1251, 1248, 1291, 1248, 1247, 1247, 1249, 1292, 1247, 1292, 1291, 1244, 1250, 1293, 1249, 1244, 1293, 1250, 1294, 1293, 1281, 1291, 1292, 1281, 1292, 1284, 1293, 1295, 1249, 1295, 1292, 1249, 1294, 1295, 1293, 1230, 1288, 1229, 1295, 1284, 1292, 1288, 1298, 1229, 1287, 1284, 1297, 1284, 1295, 1300, 1296, 1299, 1295, 1300, 1297, 1284, 1229, 1298, 1301, 1300, 1295, 1299, 1302, 1301, 1298, 1288, 1302, 1298, 1290, 1300, 1288, 1300, 1302, 1288, 1302, 1300, 1299, 1290, 1297, 1300, 1297, 1290, 1287, 1303, 1294, 1262, 1294, 1250, 1262, 1304, 50, 1229, 1294, 1303, 1305, 1307, 1304, 1229, 1295, 1294, 1305, 1308, 1324, 1306, 1305, 1303, 1535, 1301, 1307, 1229, 1310, 1305, 1535, 1308, 1306, 1309, 1305, 1296, 1295, 1311, 1314, 1309, 1306, 1321, 1312, 1310, 1536, 1311, 1314, 1311, 1313, 1310, 1296, 1305, 1315, 1296, 1310, 1310, 1311, 1315, 1306, 1315, 1309, 1312, 1315, 1306, 1304, 1318, 1316, 1317, 1304, 1307, 1309, 1315, 1311, 1315, 1312, 1329, 1317, 1307, 1301, 1302, 1317, 1301, 1318, 1304, 1317, 1302, 1299, 1296, 1315, 1318, 1317, 1317, 1302, 1296, 1296, 1315, 1317, 1329, 1318, 1315, 1272, 1319, 1271, 1273, 1320, 1269, 1271, 1319, 1274, 1325, 1272, 1269, 1325, 1269, 1320, 1319, 1321, 1274, 50, 1304, 1223, 1321, 1324, 1274, 1323, 1273, 1223, 1324, 1321, 1306, 1319, 1322, 1321, 1272, 1325, 1319, 1327, 1325, 1320, 1322, 1319, 1325, 1223, 1304, 1323, 1320, 1273, 1327, 1322, 1326, 1321, 1321, 1326, 1312, 1327, 1328, 1325, 1326, 1322, 1325, 1273, 1323, 1327, 1304, 1316, 1323, 1325, 1328, 1326, 1316, 1330, 1323, 1327, 1323, 1332, 1329, 1312, 1326, 1326, 1328, 1329, 1331, 1316, 1318, 1331, 1330, 1316, 1330, 1332, 1323, 1331, 1332, 1330, 1332, 1331, 1318, 1332, 1318, 1329, 1327, 1332, 1328, 1329, 1328, 1332, 856, 644, 180, 854, 644, 856, 854, 856, 1333, 857, 860, 856, 860, 1333, 856, 1333, 860, 864, 857, 864, 860, 863, 864, 857, 1333, 864, 861, 864, 1334, 861, 864, 866, 1334, 863, 866, 864, 1334, 871, 861, 1334, 866, 871, 878, 876, 877, 874, 899, 877, 878, 877, 1336, 899, 1335, 877, 899, 902, 1335, 1335, 902, 1338, 1335, 1336, 877, 885, 1336, 1335, 885, 1335, 1337, 1335, 1338, 1337, 1337, 1338, 1340, 1339, 1341, 885, 884, 885, 1341, 1337, 1339, 885, 1342, 1339, 1337, 1337, 1340, 1342, 1341, 1339, 1342, 1340, 1344, 1342, 1340, 1346, 1344, 1349, 1346, 1340, 1342, 1343, 1341, 1344, 1343, 1342, 1343, 892, 1341, 1370, 1345, 1343, 1346, 1371, 1372, 903, 1347, 902, 902, 1347, 1338, 1347, 1348, 1349, 1340, 1347, 1349, 1347, 1340, 1338, 907, 1350, 1348, 1348, 1350, 1349, 909, 1350, 907, 1346, 1349, 1350, 1371, 1346, 1350, 1352, 1353, 922, 970, 925, 1351, 921, 922, 1351, 1351, 922, 1353, 871, 930, 872, 871, 866, 927, 932, 928, 1369, 932, 1369, 935, 930, 927, 931, 931, 1354, 930, 1354, 872, 930, 1354, 938, 1355, 1355, 872, 1354, 1356, 1355, 940, 940, 1357, 1356, 943, 1357, 940, 1358, 1356, 1357, 1357, 943, 1360, 1355, 1356, 1359, 1359, 1356, 1358, 1355, 980, 944, 943, 945, 1360, 945, 962, 1360, 1361, 1359, 1358, 1358, 1362, 1361, 1357, 1362, 1358, 1357, 1363, 1362, 1357, 1360, 1363, 1355, 1364, 980, 1355, 1359, 1364, 962, 1365, 1360, 1360, 1366, 1363, 1366, 1360, 1365, 1359, 1361, 1364, 1364, 1361, 1396, 1399, 1396, 1361, 1363, 1367, 1362, 1368, 1363, 1366, 1345, 894, 892, 892, 1343, 1345, 1344, 1370, 1343, 1370, 1344, 1372, 1344, 1346, 1372, 952, 1369, 893, 1369, 952, 935, 1373, 1345, 1370, 1373, 1370, 1374, 1374, 953, 1373, 1372, 1371, 1374, 1370, 1372, 1374, 998, 962, 960, 1371, 909, 953, 1350, 909, 1371, 953, 1374, 1371, 970, 1351, 1353, 1353, 1377, 1376, 970, 1353, 1375, 1376, 1380, 1353, 1353, 1380, 1375, 1352, 1452, 1377, 1379, 1376, 1377, 1377, 1452, 1379, 970, 1375, 971, 1379, 1378, 1376, 1375, 1381, 971, 1376, 1378, 1380, 1379, 1382, 1378, 1380, 1381, 1375, 1379, 1384, 1382, 1378, 1383, 1380, 1382, 1383, 1378, 1386, 1381, 1380, 1386, 1385, 1381, 1386, 1380, 1383, 1381, 1385, 1387, 1383, 1382, 1388, 975, 1381, 1387, 1386, 1383, 1388, 1384, 1388, 1382, 1387, 976, 975, 976, 1387, 1389, 1385, 1394, 1395, 1384, 1390, 1388, 1392, 1386, 1388, 1389, 1387, 1393, 1385, 1395, 1387, 1394, 1385, 1386, 1390, 1384, 1391, 1394, 1386, 1392, 1392, 1388, 1390, 980, 1364, 1396, 1362, 1367, 1361, 1361, 1367, 1399, 1365, 1397, 1366, 1367, 1363, 1368, 1399, 1398, 1396, 1401, 1398, 1399, 1368, 1400, 1367, 1366, 1397, 1368, 1397, 1403, 1368, 980, 1398, 982, 980, 1396, 1398, 1403, 1400, 1368, 1367, 1400, 1399, 1403, 1404, 1400, 982, 1398, 985, 1398, 1401, 985, 1402, 1401, 1399, 1402, 1399, 1400, 985, 1401, 1406, 1406, 1401, 1402, 1400, 1404, 1407, 1408, 1407, 1404, 1406, 1405, 985, 1407, 1402, 1400, 1408, 1404, 1409, 1403, 1409, 1404, 1405, 989, 986, 1406, 1402, 1410, 1406, 989, 1405, 1410, 989, 1406, 1410, 1402, 1411, 1407, 1411, 1402, 1407, 1408, 1411, 1409, 1412, 1408, 989, 1410, 990, 1412, 1411, 1408, 1413, 1411, 1412, 1410, 993, 990, 1410, 1413, 993, 1413, 1410, 1411, 1413, 996, 993, 962, 998, 1414, 962, 1414, 1365, 1000, 998, 999, 1414, 1419, 1415, 1415, 1365, 1414, 1365, 1415, 1397, 998, 1000, 1414, 1419, 1414, 1416, 1414, 1000, 1416, 1397, 1415, 1403, 1001, 1417, 1000, 1000, 1417, 1416, 1419, 1420, 1418, 1415, 1419, 1418, 1403, 1415, 1418, 1419, 1416, 1417, 1420, 1419, 1417, 1421, 1417, 1001, 1422, 1417, 1421, 1417, 1422, 1423, 1417, 1423, 1420, 1418, 1420, 1403, 1403, 1424, 1409, 1420, 1424, 1403, 1423, 1425, 1420, 1425, 1424, 1420, 1008, 1422, 1421, 1423, 1426, 1425, 1422, 1426, 1423, 1008, 1426, 1422, 1425, 1426, 1424, 1412, 1409, 1424, 1412, 1426, 1413, 1424, 1426, 1412, 1413, 1426, 1009, 1413, 1009, 996, 1395, 1393, 1387, 1389, 1393, 1428, 1428, 978, 1389, 1391, 1427, 1390, 1394, 1392, 1390, 1021, 978, 1428, 1429, 1395, 1394, 1391, 1432, 1427, 1430, 1393, 1395, 1430, 1395, 1429, 1436, 1430, 1429, 1431, 1433, 1432, 1433, 1427, 1432, 1390, 1437, 1394, 1429, 1394, 1437, 1437, 1390, 1427, 1428, 1434, 1021, 1428, 1393, 1430, 1428, 1430, 1440, 1431, 1435, 1433, 1435, 1439, 1433, 1437, 1436, 1429, 1437, 1438, 1436, 1437, 1427, 1433, 1438, 1437, 1433, 1434, 1428, 1440, 1444, 1439, 1435, 1443, 1444, 1435, 1431, 1441, 1435, 1436, 1440, 1430, 1433, 1439, 1438, 1434, 1446, 1024, 1440, 1442, 1434, 1435, 1441, 1443, 1436, 1442, 1440, 1442, 1436, 1448, 1448, 1439, 1444, 1438, 1448, 1436, 1448, 1438, 1439, 1027, 1024, 1446, 1027, 1446, 1445, 1434, 1442, 1446, 1446, 1443, 1445, 1030, 1443, 1447, 1443, 1446, 1444, 1447, 1443, 1441, 1446, 1448, 1444, 1448, 1446, 1442, 1030, 1445, 1443, 1447, 1449, 1030, 988, 991, 1042, 992, 1042, 991, 1040, 1042, 992, 1043, 1042, 1040, 1069, 1075, 1073, 1077, 1073, 1075, 1076, 1073, 1450, 1073, 1077, 1450, 1077, 1081, 1450, 922, 1160, 1352, 1352, 1160, 1452, 1160, 1451, 1452, 1160, 1162, 1451, 1162, 1455, 1454, 1454, 1451, 1162, 1451, 1453, 1452, 1453, 1379, 1452, 1454, 1453, 1451, 1456, 1457, 1455, 1455, 1457, 1454, 1454, 1458, 1453, 1459, 1457, 1456, 1454, 1460, 1458, 1457, 1460, 1454, 1453, 1458, 1384, 1169, 1459, 1456, 1379, 1453, 1384, 1458, 1461, 1384, 1169, 1462, 1459, 1461, 1458, 1460, 1461, 1391, 1384, 1462, 1464, 1459, 1457, 1463, 1460, 1463, 1457, 1459, 1461, 1460, 1465, 1464, 1463, 1459, 1463, 1466, 1460, 1463, 1467, 1466, 1460, 1466, 1465, 1181, 1462, 1169, 1186, 1462, 1181, 1462, 1186, 1468, 1186, 1470, 1469, 1464, 1462, 1468, 1186, 1469, 1468, 1187, 1470, 1186, 1465, 1471, 1461, 1391, 1461, 1471, 1463, 1464, 1472, 1473, 1463, 1472, 1465, 1474, 1471, 1471, 1432, 1391, 1466, 1467, 1465, 1494, 1472, 1464, 1432, 1471, 1431, 1471, 1474, 1431, 1467, 1463, 1473, 1480, 1472, 1494, 1472, 1477, 1473, 1477, 1472, 1480, 1480, 1476, 1477, 1467, 1478, 1465, 1431, 1474, 1475, 1479, 1475, 1474, 1479, 1474, 1478, 1465, 1478, 1474, 1476, 1473, 1477, 1431, 1475, 1441, 1481, 1467, 1473, 1479, 1447, 1475, 1478, 1467, 1482, 1473, 1476, 1481, 1480, 1481, 1476, 1481, 1480, 1483, 1484, 1483, 1480, 1447, 1441, 1475, 1482, 1479, 1478, 1482, 1485, 1479, 1467, 1481, 1482, 1483, 1486, 1481, 1483, 1484, 1504, 1275, 1449, 1447, 1482, 1481, 1486, 1504, 1486, 1483, 1449, 1275, 1035, 1447, 1485, 1275, 1482, 1487, 1485, 1488, 1487, 1482, 1488, 1482, 1486, 1486, 1504, 1489, 1485, 1487, 1275, 1488, 1493, 1492, 1491, 1493, 1488, 1492, 1487, 1488, 1489, 1488, 1486, 1489, 1491, 1488, 1491, 1489, 1490, 1191, 1237, 1187, 1469, 1470, 1496, 1469, 1464, 1468, 1187, 1495, 1470, 1469, 1496, 1497, 1495, 1187, 1237, 1495, 1496, 1470, 1494, 1464, 1497, 1497, 1464, 1469, 1499, 1495, 1237, 1480, 1494, 1497, 1495, 1498, 1496, 1499, 1498, 1495, 1497, 1496, 1498, 1480, 1497, 1484, 1234, 1499, 1237, 1497, 1498, 1503, 1499, 1501, 1498, 1497, 1500, 1484, 1234, 1243, 1499, 1503, 1500, 1497, 1501, 1499, 1243, 1502, 1503, 1498, 1484, 1500, 1504, 1501, 1502, 1498, 1506, 1501, 1243, 1502, 1501, 1506, 1504, 1505, 1489, 1504, 1500, 1503, 1503, 1505, 1504, 1246, 1243, 1242, 1502, 1505, 1503, 1246, 1506, 1243, 1502, 1506, 1505, 1246, 1507, 1506, 1505, 1506, 1507, 1490, 1489, 1505, 1246, 1508, 1507, 1491, 1507, 1508, 1491, 1490, 1507, 1507, 1490, 1505, 1508, 1251, 1491, 1509, 1254, 1258, 1509, 1510, 1254, 1254, 1510, 1511, 1511, 1512, 1259, 1512, 1511, 1510, 1510, 1513, 1512, 1259, 1514, 1260, 1514, 1259, 1512, 1515, 1512, 1513, 1512, 1515, 1514, 1525, 1519, 1513, 1519, 1515, 1513, 1514, 1250, 1260, 1514, 1516, 1250, 1515, 1517, 1514, 1519, 1528, 1522, 1515, 1519, 1518, 1516, 1520, 1250, 1517, 1516, 1514, 1518, 1517, 1515, 1518, 1521, 1517, 1519, 1522, 1518, 1267, 1509, 1258, 1509, 1524, 1510, 1510, 1524, 1513, 1267, 1523, 1509, 1509, 1523, 1524, 1267, 1270, 1523, 1524, 1526, 1525, 1526, 1524, 1523, 1513, 1524, 1525, 1523, 1270, 1527, 1527, 1526, 1523, 1527, 1270, 1274, 1526, 1527, 1529, 1525, 1526, 1528, 1528, 1519, 1525, 1527, 1274, 1539, 1526, 1529, 1528, 1529, 1530, 1528, 1529, 1527, 1539, 1529, 1539, 1538, 1277, 1493, 1278, 1275, 1487, 1231, 1231, 1487, 1492, 1492, 1493, 1277, 1278, 1491, 1251, 1491, 1278, 1493, 1277, 1231, 1492, 1250, 1520, 1262, 1517, 1521, 1516, 1262, 1520, 1303, 1518, 1533, 1521, 1534, 1518, 1522, 1531, 1520, 1516, 1516, 1521, 1531, 1531, 1521, 1533, 1533, 1518, 1534, 1532, 1534, 1522, 1531, 1303, 1520, 1533, 1535, 1531, 1303, 1531, 1535, 1533, 1536, 1535, 1537, 1534, 1540, 1310, 1535, 1536, 1533, 1534, 1313, 1313, 1534, 1537, 1313, 1311, 1536, 1308, 1309, 1314, 1313, 1537, 1314, 1537, 1308, 1314, 1529, 1538, 1530, 1530, 1522, 1528, 1539, 1274, 1324, 1538, 1532, 1530, 1532, 1538, 1540, 1532, 1522, 1530, 1539, 1324, 1308, 1534, 1532, 1540, 1538, 1539, 1308, 1308, 1537, 1538, 1540, 1538, 1537, 1096, 1078, 1094, 26, 25, 24, 29, 24, 25, 207, 209, 211, 210, 211, 209, 1225, 1222, 1226, 1150, 1154, 1153, 1263, 1221, 1224, 91, 132, 90, 1352, 1377, 1353, 908, 906, 911, 94, 96, 102, 1536, 1533, 1313, 725, 720, 719, 169, 168, 634, 718, 708, 696, 911, 898, 917, 182, 644, 854, 1283, 1280, 1286, 426, 430, 428, 1447, 1479, 1485, 1140, 1139, 1136, 1135, 1136, 1139, 691, 695, 720, 264, 261, 262, 260, 262, 261, 564, 562, 510, 885, 879, 1336, 878, 1336, 879, 1259, 1257, 1511, 1254, 1511, 1257, 598, 557, 553, 1266, 1264, 1265]
        normal3f[] normals = [(0.9991275, -0.04131891, -0.006094346), (0.6857669, 0.7278211, -0.0005180146), (0.68828434, 0.72544104, -0.00021451454), (0.6911001, 0.7218573, 0.036093455), (0.997698, -0.010221257, 0.06703818), (0.5498697, 0.5615998, 0.618263), (0.6857669, 0.7278211, -0.0005180146), (0.9991275, -0.04131891, -0.006094346), (0.6911001, 0.7218573, 0.036093455), (0.6911001, 0.7218573, 0.036093455), (0.9991275, -0.04131891, -0.006094346), (0.997698, -0.010221257, 0.06703818), (0.9991275, -0.04131891, -0.006094346), (0.745718, -0.641882, -0.17858322), (0.997698, -0.010221257, 0.06703818), (0.9991275, -0.04131891, -0.006094346), (0.6486822, -0.75771075, -0.07131343), (0.745718, -0.641882, -0.17858322), (0.7089135, -0.70510334, -0.016461352), (0.6486822, -0.75771075, -0.07131343), (0.9991275, -0.04131891, -0.006094346), (0.9991275, -0.04131891, -0.006094346), (0.99948496, -0.032005016, -0.0023349803), (0.7089135, -0.70510334, -0.016461352), (0.66556144, -0.12551188, 0.7357137), (0.997698, -0.010221257, 0.06703818), (0.43627366, -0.84538347, 0.30820784), (0.997698, -0.010221257, 0.06703818), (0.66556144, -0.12551188, 0.7357137), (0.5498697, 0.5615998, 0.618263), (0.997698, -0.010221257, 0.06703818), (0.745718, -0.641882, -0.17858322), (0.43627366, -0.84538347, 0.30820784), (0.5689958, -0.81378216, 0.1183322), (0.6486822, -0.75771075, -0.07131343), (0.69331235, -0.6796212, 0.23965172), (0.66556144, -0.12551188, 0.7357137), (0.0009578072, -0.03719835, 0.99930745), (0.5498697, 0.5615998, 0.618263), (0.6486822, -0.75771075, -0.07131343), (0.052992713, -0.987465, -0.14867625), (0.745718, -0.641882, -0.17858322), (0.6857669, 0.7278211, -0.0005180146), (0.6911001, 0.7218573, 0.036093455), (-0.0062128124, 0.8252865, 0.5646801), (-0.0012615788, 0.74869156, 0.6629174), (0.6857669, 0.7278211, -0.0005180146), (-0.0062128124, 0.8252865, 0.5646801), (0.68828434, 0.72544104, -0.00021451454), (0.6857669, 0.7278211, -0.0005180146), (-0.0012615788, 0.74869156, 0.6629174), (-0.0062128124, 0.8252865, 0.5646801), (0.5498697, 0.5615998, 0.618263), (-0.018428542, 0.18998295, 0.98161435), (0.5498697, 0.5615998, 0.618263), (-0.0062128124, 0.8252865, 0.5646801), (0.6911001, 0.7218573, 0.036093455), (-0.044242263, -0.72185814, 0.6906254), (0.0009578072, -0.03719835, 0.99930745), (0.66556144, -0.12551188, 0.7357137), (0.6486822, -0.75771075, -0.07131343), (0.47538438, -0.8386108, 0.26597315), (0.052992713, -0.987465, -0.14867625), (0.6486822, -0.75771075, -0.07131343), (0.5689958, -0.81378216, 0.1183322), (0.47538438, -0.8386108, 0.26597315), (0.5498697, 0.5615998, 0.618263), (0.0009578072, -0.03719835, 0.99930745), (-0.018428542, 0.18998295, 0.98161435), (0.47538438, -0.8386108, 0.26597315), (-0.12811673, -0.9646528, -0.23028462), (0.052992713, -0.987465, -0.14867625), (0.47538438, -0.8386108, 0.26597315), (0.33068654, -0.80674386, 0.48970464), (-0.12811673, -0.9646528, -0.23028462), (0.0009578072, -0.03719835, 0.99930745), (0.009247856, -0.020292012, 0.99975127), (-0.018428542, 0.18998295, 0.98161435), (-0.018428542, 0.18998295, 0.98161435), (-0.0012615788, 0.74869156, 0.6629174), (-0.0062128124, 0.8252865, 0.5646801), (-0.12811673, -0.9646528, -0.23028462), (0.33068654, -0.80674386, 0.48970464), (-0.044242263, -0.72185814, 0.6906254), (0.009247856, -0.020292012, 0.99975127), (-0.0012615788, 0.74869156, 0.6629174), (-0.018428542, 0.18998295, 0.98161435), (-0.044242263, -0.72185814, 0.6906254), (0.15559609, -0.7106529, 0.68612117), (0.0009578072, -0.03719835, 0.99930745), (0.009247856, -0.020292012, 0.99975127), (0.010748387, 0.042057004, 0.99905735), (-0.0012615788, 0.74869156, 0.6629174), (0.15559609, -0.7106529, 0.68612117), (0.009247856, -0.020292012, 0.99975127), (0.0009578072, -0.03719835, 0.99930745), (0.2198892, -0.6778592, 0.7015381), (0.009247856, -0.020292012, 0.99975127), (0.15559609, -0.7106529, 0.68612117), (0.68828434, 0.72544104, -0.00021451454), (0.99948496, -0.032005016, -0.0023349803), (0.9991275, -0.04131891, -0.006094346), (0.99948496, -0.032005016, -0.0023349803), (0.68828434, 0.72544104, -0.00021451454), (0.7012705, 0.712895, -0.0006749987), (0.99948496, -0.032005016, -0.0023349803), (0.99999243, -0.002470627, 0.0030279856), (0.84980243, -0.52569914, 0.03842089), (0.84980243, -0.52569914, 0.03842089), (0.99999243, -0.002470627, 0.0030279856), (0.80047077, -0.5966554, -0.056998957), (0.84980243, -0.52569914, 0.03842089), (0.7089135, -0.70510334, -0.016461352), (0.99948496, -0.032005016, -0.0023349803), (0.80047077, -0.5966554, -0.056998957), (0.81827295, -0.4856859, -0.30747125), (0.78602386, -0.6166196, 0.04412333), (0.67841446, 0.734676, -0.0022189445), (0.7012705, 0.712895, -0.0006749987), (0.008991872, 0.9999594, -0.00060361496), (0.6486822, -0.75771075, -0.07131343), (0.7089135, -0.70510334, -0.016461352), (0.69331235, -0.6796212, 0.23965172), (0.52855825, -0.8308381, 0.17416666), (0.7089135, -0.70510334, -0.016461352), (0.84980243, -0.52569914, 0.03842089), (0.78602386, -0.6166196, 0.04412333), (0.52855825, -0.8308381, 0.17416666), (0.84980243, -0.52569914, 0.03842089), (0.80047077, -0.5966554, -0.056998957), (0.78602386, -0.6166196, 0.04412333), (0.84980243, -0.52569914, 0.03842089), (0.7089135, -0.70510334, -0.016461352), (0.52855825, -0.8308381, 0.17416666), (0.69331235, -0.6796212, 0.23965172), (0.69331235, -0.6796212, 0.23965172), (0.52855825, -0.8308381, 0.17416666), (0.86599237, -0.15652345, 0.47492898), (0.68828434, 0.72544104, -0.00021451454), (0.008991872, 0.9999594, -0.00060361496), (0.7012705, 0.712895, -0.0006749987), (0.68828434, 0.72544104, -0.00021451454), (-0.0012615788, 0.74869156, 0.6629174), (0.008991872, 0.9999594, -0.00060361496), (0.008991872, 0.9999594, -0.00060361496), (0.69488114, 0.7191241, -0.0009095202), (0.67841446, 0.734676, -0.0022189445), (0.69488114, 0.7191241, -0.0009095202), (0.99999243, -0.002470627, 0.0030279856), (0.67841446, 0.734676, -0.0022189445), (0.6908286, 0.7230154, 0.00210633), (0.99943906, -0.03349052, -0.00023995311), (0.69488114, 0.7191241, -0.0009095202), (0.99972343, 0.023188572, -0.0039294474), (0.6908286, 0.7230154, 0.00210633), (0.6853732, 0.72818303, -0.003623532), (0.69488114, 0.7191241, -0.0009095202), (0.99943906, -0.03349052, -0.00023995311), (0.99999243, -0.002470627, 0.0030279856), (0.6908286, 0.7230154, 0.00210633), (0.99972343, 0.023188572, -0.0039294474), (0.99943906, -0.03349052, -0.00023995311), (0.72439015, -0.68851286, -0.034772236), (0.99943906, -0.03349052, -0.00023995311), (0.99972343, 0.023188572, -0.0039294474), (0.72439015, -0.68851286, -0.034772236), (0.99972343, 0.023188572, -0.0039294474), (0.7041911, -0.70998347, -0.0061928895), (0.72439015, -0.68851286, -0.034772236), (0.6799529, -0.7331103, 0.014599734), (0.99943906, -0.03349052, -0.00023995311), (0.80047077, -0.5966554, -0.056998957), (0.99999243, -0.002470627, 0.0030279856), (0.99943906, -0.03349052, -0.00023995311), (0.99943906, -0.03349052, -0.00023995311), (0.6799529, -0.7331103, 0.014599734), (0.80047077, -0.5966554, -0.056998957), (0.008991872, 0.9999594, -0.00060361496), (0.6908286, 0.7230154, 0.00210633), (0.69488114, 0.7191241, -0.0009095202), (0.6908286, 0.7230154, 0.00210633), (0.018174129, 0.9998348, -0.00019688271), (0.6853732, 0.72818303, -0.003623532), (0.80047077, -0.5966554, -0.056998957), (0.6799529, -0.7331103, 0.014599734), (0.49141082, -0.8054087, -0.33140942), (0.72439015, -0.68851286, -0.034772236), (0.032455485, -0.99947315, 0.00010732873), (0.6799529, -0.7331103, 0.014599734), (0.7041911, -0.70998347, -0.0061928895), (0.017016174, -0.99851626, -0.051728636), (0.72439015, -0.68851286, -0.034772236), (0.49141082, -0.8054087, -0.33140942), (0.81827295, -0.4856859, -0.30747125), (0.80047077, -0.5966554, -0.056998957), (0.032455485, -0.99947315, 0.00010732873), (0.72439015, -0.68851286, -0.034772236), (0.017016174, -0.99851626, -0.051728636), (0.49141082, -0.8054087, -0.33140942), (0.81918657, -0.14842013, -0.55398995), (0.81827295, -0.4856859, -0.30747125), (0.49141082, -0.8054087, -0.33140942), (0.6799529, -0.7331103, 0.014599734), (0.4362839, -0.848117, -0.3005893), (0.032455485, -0.99947315, 0.00010732873), (0.4362839, -0.848117, -0.3005893), (0.6799529, -0.7331103, 0.014599734), (0.008991872, 0.9999594, -0.00060361496), (0.018174129, 0.9998348, -0.00019688271), (0.6908286, 0.7230154, 0.00210633), (0.09479593, -0.9680875, -0.23199204), (0.4362839, -0.848117, -0.3005893), (0.032455485, -0.99947315, 0.00010732873), (0.81918657, -0.14842013, -0.55398995), (0.49141082, -0.8054087, -0.33140942), (0.7588869, -0.13166903, -0.63777256), (0.017016174, -0.99851626, -0.051728636), (-0.026089055, -0.99902314, 0.035666373), (0.032455485, -0.99947315, 0.00010732873), (-0.026089055, -0.99902314, 0.035666373), (0.017016174, -0.99851626, -0.051728636), (0.049332798, -0.9986221, 0.017896403), (0.7588869, -0.13166903, -0.63777256), (0.49141082, -0.8054087, -0.33140942), (0.4362839, -0.848117, -0.3005893), (-0.0000142572135, 1, -0.0000016744169), (0.018174129, 0.9998348, -0.00019688271), (0.008991872, 0.9999594, -0.00060361496), (-0.026089055, -0.99902314, 0.035666373), (0.09479593, -0.9680875, -0.23199204), (0.032455485, -0.99947315, 0.00010732873), (0.09479593, -0.9680875, -0.23199204), (0.4447728, -0.6140278, -0.6520329), (0.4362839, -0.848117, -0.3005893), (-0.026089055, -0.99902314, 0.035666373), (0.048448764, -0.96145034, -0.27067697), (0.09479593, -0.9680875, -0.23199204), (0.048448764, -0.96145034, -0.27067697), (-0.026089055, -0.99902314, 0.035666373), (-0.045702424, -0.9978458, 0.04706428), (0.09479593, -0.9680875, -0.23199204), (0.3303131, -0.6152707, -0.71577585), (0.4447728, -0.6140278, -0.6520329), (0.3303131, -0.6152707, -0.71577585), (0.09479593, -0.9680875, -0.23199204), (0.26200604, -0.72141564, -0.64102453), (0.09479593, -0.9680875, -0.23199204), (0.048448764, -0.96145034, -0.27067697), (0.26200604, -0.72141564, -0.64102453), (0.67997193, 0.733234, -0.002490475), (0.70444983, 0.7097394, 0.0045148316), (0.018174129, 0.9998348, -0.00019688271), (0.99972343, 0.023188572, -0.0039294474), (0.6853732, 0.72818303, -0.003623532), (0.9997909, -0.019847862, 0.0049083102), (0.70444983, 0.7097394, 0.0045148316), (0.9997909, -0.019847862, 0.0049083102), (0.6853732, 0.72818303, -0.003623532), (0.67997193, 0.733234, -0.002490475), (0.99990207, 0.01396627, -0.0009087991), (0.70444983, 0.7097394, 0.0045148316), (0.99990207, 0.01396627, -0.0009087991), (0.9997909, -0.019847862, 0.0049083102), (0.70444983, 0.7097394, 0.0045148316), (0.7041911, -0.70998347, -0.0061928895), (0.99972343, 0.023188572, -0.0039294474), (0.9997909, -0.019847862, 0.0049083102), (0.9997909, -0.019847862, 0.0049083102), (0.99990207, 0.01396627, -0.0009087991), (0.9352537, -0.3495986, -0.055509865), (0.7041911, -0.70998347, -0.0061928895), (0.9997909, -0.019847862, 0.0049083102), (0.7033175, -0.71087575, -0.00013617272), (0.9997909, -0.019847862, 0.0049083102), (0.9352537, -0.3495986, -0.055509865), (0.7033175, -0.71087575, -0.00013617272), (0.9352537, -0.3495986, -0.055509865), (0.52000535, -0.8538506, 0.023098331), (0.7033175, -0.71087575, -0.00013617272), (0.99990207, 0.01396627, -0.0009087991), (0.7672601, -0.64035076, -0.035539135), (0.9352537, -0.3495986, -0.055509865), (0.6853732, 0.72818303, -0.003623532), (0.018174129, 0.9998348, -0.00019688271), (0.70444983, 0.7097394, 0.0045148316), (0.52000535, -0.8538506, 0.023098331), (-0.04193071, -0.9990636, 0.010667531), (0.7033175, -0.71087575, -0.00013617272), (-0.04193071, -0.9990636, 0.010667531), (0.7041911, -0.70998347, -0.0061928895), (0.7033175, -0.71087575, -0.00013617272), (0.7041911, -0.70998347, -0.0061928895), (-0.067495525, -0.9962079, -0.05490217), (0.049332798, -0.9986221, 0.017896403), (-0.067495525, -0.9962079, -0.05490217), (0.7041911, -0.70998347, -0.0061928895), (-0.04193071, -0.9990636, 0.010667531), (0.049332798, -0.9986221, 0.017896403), (0.017016174, -0.99851626, -0.051728636), (0.7041911, -0.70998347, -0.0061928895), (-0.09833931, -0.9948589, -0.024192916), (-0.067495525, -0.9962079, -0.05490217), (-0.04193071, -0.9990636, 0.010667531), (-0.005090502, -0.9995661, -0.029010808), (-0.04193071, -0.9990636, 0.010667531), (-0.13950868, -0.9900178, 0.020053519), (-0.13950868, -0.9900178, 0.020053519), (-0.04193071, -0.9990636, 0.010667531), (0.52000535, -0.8538506, 0.023098331), (-0.04193071, -0.9990636, 0.010667531), (-0.005090502, -0.9995661, -0.029010808), (-0.09833931, -0.9948589, -0.024192916), (-0.026089055, -0.99902314, 0.035666373), (0.049332798, -0.9986221, 0.017896403), (-0.045702424, -0.9978458, 0.04706428), (0.049332798, -0.9986221, 0.017896403), (-0.067495525, -0.9962079, -0.05490217), (-0.045702424, -0.9978458, 0.04706428), (-0.02237832, -0.9972826, 0.07019051), (-0.09833931, -0.9948589, -0.024192916), (-0.005090502, -0.9995661, -0.029010808), (-0.045702424, -0.9978458, 0.04706428), (-0.067495525, -0.9962079, -0.05490217), (-0.13698213, -0.9905192, -0.010364184), (-0.09833931, -0.9948589, -0.024192916), (-0.13698213, -0.9905192, -0.010364184), (-0.067495525, -0.9962079, -0.05490217), (-0.02237832, -0.9972826, 0.07019051), (-0.13698213, -0.9905192, -0.010364184), (-0.09833931, -0.9948589, -0.024192916), (-0.07024294, -0.9975074, -0.0067037437), (-0.02237832, -0.9972826, 0.07019051), (-0.005090502, -0.9995661, -0.029010808), (-0.045702424, -0.9978458, 0.04706428), (-0.14073388, -0.98978263, -0.022897467), (-0.16401447, -0.97789645, 0.12968412), (-0.13698213, -0.9905192, -0.010364184), (-0.14073388, -0.98978263, -0.022897467), (-0.045702424, -0.9978458, 0.04706428), (-0.0012615788, 0.74869156, 0.6629174), (0.010748387, 0.042057004, 0.99905735), (0.009500435, 0.7171261, 0.6968787), (0.009247856, -0.020292012, 0.99975127), (0.07827758, -0.61836684, 0.78198147), (0.010748387, 0.042057004, 0.99905735), (0.009247856, -0.020292012, 0.99975127), (-0.18104091, -0.5906282, 0.78637296), (0.07827758, -0.61836684, 0.78198147), (-0.26264235, -0.8653409, 0.42685387), (-0.34462357, -0.81649786, 0.46321255), (-0.18104091, -0.5906282, 0.78637296), (0.009500435, 0.7171261, 0.6968787), (0.009852675, 0.7706791, 0.63714725), (-0.0012615788, 0.74869156, 0.6629174), (-0.34462357, -0.81649786, 0.46321255), (0.07827758, -0.61836684, 0.78198147), (-0.18104091, -0.5906282, 0.78637296), (0.009852675, 0.7706791, 0.63714725), (0.008991872, 0.9999594, -0.00060361496), (-0.0012615788, 0.74869156, 0.6629174), (0.07827758, -0.61836684, 0.78198147), (-0.34462357, -0.81649786, 0.46321255), (0.103811316, -0.9862545, 0.12855041), (0.009500435, 0.7171261, 0.6968787), (0.010748387, 0.042057004, 0.99905735), (0.009852675, 0.7706791, 0.63714725), (0.0029124196, 0.4412544, 0.8973774), (0.009852675, 0.7706791, 0.63714725), (0.010748387, 0.042057004, 0.99905735), (0.0029124196, 0.4412544, 0.8973774), (0.010748387, 0.042057004, 0.99905735), (0.07827758, -0.61836684, 0.78198147), (-0.14449526, -0.9841148, -0.103145786), (-0.6371709, -0.7656729, 0.08808098), (-0.14222306, -0.97885257, -0.14703798), (0.048448764, -0.96145034, -0.27067697), (-0.045702424, -0.9978458, 0.04706428), (-0.16401447, -0.97789645, 0.12968412), (-0.16401447, -0.97789645, 0.12968412), (-0.05962144, -0.9646271, -0.25678745), (0.048448764, -0.96145034, -0.27067697), (0.26200604, -0.72141564, -0.64102453), (-0.05962144, -0.9646271, -0.25678745), (0.37224895, -0.36485, -0.8534138), (0.048448764, -0.96145034, -0.27067697), (-0.05962144, -0.9646271, -0.25678745), (0.26200604, -0.72141564, -0.64102453), (-0.05962144, -0.9646271, -0.25678745), (-0.16401447, -0.97789645, 0.12968412), (-0.14073388, -0.98978263, -0.022897467), (0.09767103, -0.42824566, -0.89836854), (0.37224895, -0.36485, -0.8534138), (-0.05962144, -0.9646271, -0.25678745), (-0.11461275, -0.9463681, -0.30207813), (0.09767103, -0.42824566, -0.89836854), (-0.05962144, -0.9646271, -0.25678745), (-0.14073388, -0.98978263, -0.022897467), (-0.11461275, -0.9463681, -0.30207813), (-0.05962144, -0.9646271, -0.25678745), (0.09913556, -0.2851056, -0.95335555), (0.23873717, -0.257085, -0.93643576), (0.09767103, -0.42824566, -0.89836854), (-0.11461275, -0.9463681, -0.30207813), (0.09913556, -0.2851056, -0.95335555), (0.09767103, -0.42824566, -0.89836854), (-0.012400168, -0.60419816, -0.7967377), (0.09913556, -0.2851056, -0.95335555), (-0.11461275, -0.9463681, -0.30207813), (0.12181315, 0.14367889, -0.98209876), (0.09913556, -0.2851056, -0.95335555), (-0.012400168, -0.60419816, -0.7967377), (-0.11461275, -0.9463681, -0.30207813), (-0.060432088, -0.98924655, 0.13318893), (-0.012400168, -0.60419816, -0.7967377), (-0.012400168, -0.60419816, -0.7967377), (-0.060432088, -0.98924655, 0.13318893), (-0.13099334, -0.9869108, 0.0940627), (0.12181315, 0.14367889, -0.98209876), (-0.012400168, -0.60419816, -0.7967377), (-0.16915075, 0.16562323, -0.9715745), (-0.3775076, -0.6751637, -0.63375235), (-0.16915075, 0.16562323, -0.9715745), (-0.012400168, -0.60419816, -0.7967377), (-0.06598581, -0.99506605, -0.07409031), (-0.13698213, -0.9905192, -0.010364184), (-0.06207915, -0.99803734, -0.008217806), (-0.02237832, -0.9972826, 0.07019051), (-0.07024294, -0.9975074, -0.0067037437), (-0.13698213, -0.9905192, -0.010364184), (-0.06598581, -0.99506605, -0.07409031), (-0.14073388, -0.98978263, -0.022897467), (-0.13698213, -0.9905192, -0.010364184), (-0.06844445, -0.9974723, 0.019084714), (-0.13698213, -0.9905192, -0.010364184), (-0.07024294, -0.9975074, -0.0067037437), (-0.06844445, -0.9974723, 0.019084714), (-0.06207915, -0.99803734, -0.008217806), (-0.13698213, -0.9905192, -0.010364184), (-0.06598581, -0.99506605, -0.07409031), (-0.06207915, -0.99803734, -0.008217806), (0.017616441, -0.99680066, -0.0779611), (-0.06844445, -0.9974723, 0.019084714), (-0.07024294, -0.9975074, -0.0067037437), (-0.09944258, -0.99462074, 0.028995356), (-0.11461275, -0.9463681, -0.30207813), (-0.14073388, -0.98978263, -0.022897467), (-0.06598581, -0.99506605, -0.07409031), (0.017616441, -0.99680066, -0.0779611), (0.008521797, -0.99785334, 0.06493152), (-0.06598581, -0.99506605, -0.07409031), (-0.06207915, -0.99803734, -0.008217806), (-0.06844445, -0.9974723, 0.019084714), (0.017616441, -0.99680066, -0.0779611), (-0.060432088, -0.98924655, 0.13318893), (-0.11461275, -0.9463681, -0.30207813), (-0.06598581, -0.99506605, -0.07409031), (-0.06844445, -0.9974723, 0.019084714), (-0.019545771, -0.99923396, -0.03390306), (0.017616441, -0.99680066, -0.0779611), (-0.019545771, -0.99923396, -0.03390306), (-0.06844445, -0.9974723, 0.019084714), (-0.09133176, -0.9957754, -0.009480696), (0.008521797, -0.99785334, 0.06493152), (-0.060432088, -0.98924655, 0.13318893), (-0.06598581, -0.99506605, -0.07409031), (0.017616441, -0.99680066, -0.0779611), (-0.019545771, -0.99923396, -0.03390306), (-0.1373489, -0.98982406, -0.03719839), (-0.12477533, -0.99144244, 0.03838099), (0.063330874, -0.9979368, -0.010557969), (-0.09133176, -0.9957754, -0.009480696), (-0.15773633, -0.9874749, 0.0035642325), (-0.060432088, -0.98924655, 0.13318893), (0.008521797, -0.99785334, 0.06493152), (0.008521797, -0.99785334, 0.06493152), (0.017616441, -0.99680066, -0.0779611), (-0.15773633, -0.9874749, 0.0035642325), (-0.1373489, -0.98982406, -0.03719839), (-0.15773633, -0.9874749, 0.0035642325), (0.017616441, -0.99680066, -0.0779611), (-0.019545771, -0.99923396, -0.03390306), (-0.04027029, -0.9987568, 0.029378118), (-0.1373489, -0.98982406, -0.03719839), (-0.09133176, -0.9957754, -0.009480696), (0.063330874, -0.9979368, -0.010557969), (-0.019545771, -0.99923396, -0.03390306), (-0.060432088, -0.98924655, 0.13318893), (-0.15773633, -0.9874749, 0.0035642325), (-0.13099334, -0.9869108, 0.0940627), (-0.15773633, -0.9874749, 0.0035642325), (-0.14800364, -0.9882399, 0.038431548), (-0.13099334, -0.9869108, 0.0940627), (-0.15773633, -0.9874749, 0.0035642325), (-0.1373489, -0.98982406, -0.03719839), (-0.14800364, -0.9882399, 0.038431548), (-0.019545771, -0.99923396, -0.03390306), (0.063330874, -0.9979368, -0.010557969), (-0.04027029, -0.9987568, 0.029378118), (-0.04027029, -0.9987568, 0.029378118), (0.063330874, -0.9979368, -0.010557969), (0.022293212, -0.9997497, -0.0019002105), (0.063330874, -0.9979368, -0.010557969), (0.05275883, -0.9977733, 0.04080248), (0.022293212, -0.9997497, -0.0019002105), (-0.5347294, -0.80943334, 0.24265648), (-0.14222306, -0.97885257, -0.14703798), (-0.6371709, -0.7656729, 0.08808098), (0.009852675, 0.7706791, 0.63714725), (-0.0027263786, 0.7118015, 0.7023754), (0.008991872, 0.9999594, -0.00060361496), (0.08818044, -0.7298054, 0.6779442), (-0.046303928, -0.6586323, 0.75103885), (0.07827758, -0.61836684, 0.78198147), (-0.20397699, -0.90636915, 0.36998433), (-0.046303928, -0.6586323, 0.75103885), (0.08818044, -0.7298054, 0.6779442), (-0.14222306, -0.97885257, -0.14703798), (-0.046303928, -0.6586323, 0.75103885), (-0.20397699, -0.90636915, 0.36998433), (-0.3182316, -0.72887516, 0.6061928), (0.24348888, -0.90850574, 0.33960345), (-0.5347294, -0.80943334, 0.24265648), (-0.046303928, -0.6586323, 0.75103885), (0.0029124196, 0.4412544, 0.8973774), (0.07827758, -0.61836684, 0.78198147), (0.24348888, -0.90850574, 0.33960345), (-0.3182316, -0.72887516, 0.6061928), (0.18058722, -0.69656044, 0.6944004), (-0.14222306, -0.97885257, -0.14703798), (0.2316774, -0.76118773, 0.6057383), (-0.046303928, -0.6586323, 0.75103885), (-0.14222306, -0.97885257, -0.14703798), (0.12555617, -0.9674945, -0.21952227), (0.2316774, -0.76118773, 0.6057383), (-0.14222306, -0.97885257, -0.14703798), (-0.5347294, -0.80943334, 0.24265648), (0.12555617, -0.9674945, -0.21952227), (-0.5347294, -0.80943334, 0.24265648), (0.24348888, -0.90850574, 0.33960345), (0.12555617, -0.9674945, -0.21952227), (0.008991872, 0.9999594, -0.00060361496), (-0.0027263786, 0.7118015, 0.7023754), (-0.0000142572135, 1, -0.0000016744169), (0.033641696, -0.08000196, 0.9962268), (0.0029124196, 0.4412544, 0.8973774), (-0.046303928, -0.6586323, 0.75103885), (0.009852675, 0.7706791, 0.63714725), (0.0029124196, 0.4412544, 0.8973774), (-0.0027263786, 0.7118015, 0.7023754), (0.2316774, -0.76118773, 0.6057383), (0.033641696, -0.08000196, 0.9962268), (-0.046303928, -0.6586323, 0.75103885), (0.12555617, -0.9674945, -0.21952227), (0.24348888, -0.90850574, 0.33960345), (-0.017058846, -0.9250025, -0.3795777), (0.2316774, -0.76118773, 0.6057383), (0.12555617, -0.9674945, -0.21952227), (0.27175373, -0.9049802, -0.32735428), (0.24348888, -0.90850574, 0.33960345), (-0.18706287, -0.9068096, 0.3777613), (-0.017058846, -0.9250025, -0.3795777), (0.033641696, -0.08000196, 0.9962268), (-0.0027263786, 0.7118015, 0.7023754), (0.0029124196, 0.4412544, 0.8973774), (-0.0027263786, 0.7118015, 0.7023754), (0.033641696, -0.08000196, 0.9962268), (0.26955962, -0.4716057, 0.8395985), (-0.18270376, -0.65653586, 0.73183334), (-0.22734942, -0.9130088, 0.338714), (-0.18706287, -0.9068096, 0.3777613), (-0.22734942, -0.9130088, 0.338714), (-0.017058846, -0.9250025, -0.3795777), (-0.18706287, -0.9068096, 0.3777613), (-0.22734942, -0.9130088, 0.338714), (-0.5185058, -0.6833727, 0.5139589), (-0.3719606, -0.9118057, 0.17394146), (-0.5185058, -0.6833727, 0.5139589), (-0.22734942, -0.9130088, 0.338714), (-0.18270376, -0.65653586, 0.73183334), (-0.22734942, -0.9130088, 0.338714), (-0.3719606, -0.9118057, 0.17394146), (-0.017058846, -0.9250025, -0.3795777), (-0.0061661955, 0.7014984, 0.71264434), (-0.0000142572135, 1, -0.0000016744169), (-0.0027263786, 0.7118015, 0.7023754), (-0.3719606, -0.9118057, 0.17394146), (0.10358807, -0.8535031, -0.5106877), (-0.0127090495, -0.8911829, -0.45346615), (-0.3719606, -0.9118057, 0.17394146), (-0.0127090495, -0.8911829, -0.45346615), (-0.017058846, -0.9250025, -0.3795777), (0.10358807, -0.8535031, -0.5106877), (-0.3719606, -0.9118057, 0.17394146), (-0.04196201, -0.95538026, -0.2923829), (-0.5185058, -0.6833727, 0.5139589), (-0.8024879, -0.43156374, 0.41202658), (-0.3719606, -0.9118057, 0.17394146), (-0.8024879, -0.43156374, 0.41202658), (-0.5273409, -0.8180828, 0.22946046), (-0.3719606, -0.9118057, 0.17394146), (-0.5273409, -0.8180828, 0.22946046), (-0.04196201, -0.95538026, -0.2923829), (-0.3719606, -0.9118057, 0.17394146), (-0.7579781, -0.52010024, 0.39365584), (-0.5273409, -0.8180828, 0.22946046), (-0.8024879, -0.43156374, 0.41202658), (-0.671388, 0.053517792, -0.7391712), (-0.16915075, 0.16562323, -0.9715745), (-0.3775076, -0.6751637, -0.63375235), (-0.3775076, -0.6751637, -0.63375235), (-0.13099334, -0.9869108, 0.0940627), (-0.4876558, -0.687426, -0.53817964), (-0.671388, 0.053517792, -0.7391712), (-0.3775076, -0.6751637, -0.63375235), (-0.4876558, -0.687426, -0.53817964), (-0.13099334, -0.9869108, 0.0940627), (0.008305919, -0.9934826, -0.11368123), (-0.4876558, -0.687426, -0.53817964), (-0.13099334, -0.9869108, 0.0940627), (-0.017731346, -0.9995807, 0.022891052), (0.008305919, -0.9934826, -0.11368123), (0.008305919, -0.9934826, -0.11368123), (-0.30759665, -0.54811966, -0.77778476), (-0.4876558, -0.687426, -0.53817964), (-0.671388, 0.053517792, -0.7391712), (-0.4876558, -0.687426, -0.53817964), (-0.59790766, -0.0028341473, -0.80156), (0.008305919, -0.9934826, -0.11368123), (-0.06760395, -0.62914413, -0.7743432), (-0.30759665, -0.54811966, -0.77778476), (-0.59790766, -0.0028341473, -0.80156), (-0.4876558, -0.687426, -0.53817964), (-0.30759665, -0.54811966, -0.77778476), (-0.30759665, -0.54811966, -0.77778476), (-0.06760395, -0.62914413, -0.7743432), (-0.59790766, -0.0028341473, -0.80156), (0.008305919, -0.9934826, -0.11368123), (-0.15955718, -0.87400097, -0.45898122), (-0.06760395, -0.62914413, -0.7743432), (-0.5485005, -0.1914975, -0.81392616), (-0.06760395, -0.62914413, -0.7743432), (-0.15955718, -0.87400097, -0.45898122), (0.008305919, -0.9934826, -0.11368123), (0.012480413, -0.999846, -0.012335703), (-0.15955718, -0.87400097, -0.45898122), (0.008305919, -0.9934826, -0.11368123), (-0.017731346, -0.9995807, 0.022891052), (0.012480413, -0.999846, -0.012335703), (0.015618077, -0.9954464, -0.094035104), (0.012480413, -0.999846, -0.012335703), (-0.017731346, -0.9995807, 0.022891052), (-0.06760395, -0.62914413, -0.7743432), (-0.5485005, -0.1914975, -0.81392616), (-0.27565327, -0.6452532, -0.7125051), (-0.75009346, -0.540348, -0.38129207), (-0.15955718, -0.87400097, -0.45898122), (0.08396817, -0.9960863, 0.027592836), (-0.15955718, -0.87400097, -0.45898122), (0.012480413, -0.999846, -0.012335703), (0.08396817, -0.9960863, 0.027592836), (0.012480413, -0.999846, -0.012335703), (0.015618077, -0.9954464, -0.094035104), (0.17428014, -0.9806504, 0.08916869), (-0.5854828, -0.6438077, -0.49266768), (-0.27565327, -0.6452532, -0.7125051), (-0.5485005, -0.1914975, -0.81392616), (-0.8284898, -0.45327744, -0.32885265), (-0.88975567, -0.019270828, -0.4560303), (-0.75009346, -0.540348, -0.38129207), (0.012480413, -0.999846, -0.012335703), (0.17428014, -0.9806504, 0.08916869), (0.08396817, -0.9960863, 0.027592836), (-0.15955718, -0.87400097, -0.45898122), (-0.75009346, -0.540348, -0.38129207), (-0.5485005, -0.1914975, -0.81392616), (-0.5485005, -0.1914975, -0.81392616), (-0.75009346, -0.540348, -0.38129207), (-0.88975567, -0.019270828, -0.4560303), (-0.88975567, -0.019270828, -0.4560303), (-0.5854828, -0.6438077, -0.49266768), (-0.5485005, -0.1914975, -0.81392616), (-0.8284898, -0.45327744, -0.32885265), (-0.75009346, -0.540348, -0.38129207), (0.08396817, -0.9960863, 0.027592836), (0.030909333, -0.99934757, 0.01868458), (0.17428014, -0.9806504, 0.08916869), (0.015618077, -0.9954464, -0.094035104), (-0.5854828, -0.6438077, -0.49266768), (-0.88975567, -0.019270828, -0.4560303), (-0.77666265, -0.5720802, -0.26366553), (-0.8284898, -0.45327744, -0.32885265), (0.08396817, -0.9960863, 0.027592836), (-0.6222316, -0.7095482, -0.33071032), (-0.9474962, -0.14547817, -0.28475764), (-0.8284898, -0.45327744, -0.32885265), (-0.6222316, -0.7095482, -0.33071032), (0.08396817, -0.9960863, 0.027592836), (0.17428014, -0.9806504, 0.08916869), (0.23081753, -0.96633726, 0.11364705), (0.030909333, -0.99934757, 0.01868458), (0.015618077, -0.9954464, -0.094035104), (-0.0044363784, -0.9863966, -0.16432294), (-0.88975567, -0.019270828, -0.4560303), (-0.8284898, -0.45327744, -0.32885265), (-0.9474962, -0.14547817, -0.28475764), (-0.77666265, -0.5720802, -0.26366553), (-0.88975567, -0.019270828, -0.4560303), (-0.9474962, -0.14547817, -0.28475764), (-0.05472321, -0.99595106, 0.07132175), (-0.14800364, -0.9882399, 0.038431548), (-0.1373489, -0.98982406, -0.03719839), (-0.04027029, -0.9987568, 0.029378118), (-0.05472321, -0.99595106, 0.07132175), (-0.1373489, -0.98982406, -0.03719839), (-0.14800364, -0.9882399, 0.038431548), (0.016575502, -0.9978712, 0.06307393), (-0.13099334, -0.9869108, 0.0940627), (-0.05472321, -0.99595106, 0.07132175), (0.016575502, -0.9978712, 0.06307393), (-0.14800364, -0.9882399, 0.038431548), (-0.05472321, -0.99595106, 0.07132175), (-0.04027029, -0.9987568, 0.029378118), (0.022293212, -0.9997497, -0.0019002105), (0.016575502, -0.9978712, 0.06307393), (-0.017731346, -0.9995807, 0.022891052), (-0.13099334, -0.9869108, 0.0940627), (0.022293212, -0.9997497, -0.0019002105), (0.009967548, -0.9980755, 0.061203934), (-0.05472321, -0.99595106, 0.07132175), (-0.05472321, -0.99595106, 0.07132175), (0.009967548, -0.9980755, 0.061203934), (0.016575502, -0.9978712, 0.06307393), (-0.05073135, -0.9986402, 0.012004793), (-0.06992153, -0.9912797, 0.11169278), (0.016575502, -0.9978712, 0.06307393), (-0.05073135, -0.9986402, 0.012004793), (0.016575502, -0.9978712, 0.06307393), (0.009967548, -0.9980755, 0.061203934), (0.39034003, -0.90973604, 0.14147441), (0.32715055, -0.76062995, 0.56072676), (0.009967548, -0.9980755, 0.061203934), (0.016575502, -0.9978712, 0.06307393), (-0.06992153, -0.9912797, 0.11169278), (-0.017731346, -0.9995807, 0.022891052), (0.32715055, -0.76062995, 0.56072676), (-0.014038768, -0.9984304, 0.054218296), (0.009967548, -0.9980755, 0.061203934), (0.009967548, -0.9980755, 0.061203934), (-0.014038768, -0.9984304, 0.054218296), (-0.05073135, -0.9986402, 0.012004793), (-0.014038768, -0.9984304, 0.054218296), (-0.09683224, -0.9925231, 0.074307084), (-0.05073135, -0.9986402, 0.012004793), (-0.06992153, -0.9912797, 0.11169278), (-0.05073135, -0.9986402, 0.012004793), (-0.087703794, -0.99434954, 0.05980778), (-0.014038768, -0.9984304, 0.054218296), (0.111754276, -0.74272215, 0.66020805), (-0.09683224, -0.9925231, 0.074307084), (-0.06992153, -0.9912797, 0.11169278), (-0.01464325, -0.9998225, -0.0118565215), (-0.017731346, -0.9995807, 0.022891052), (-0.087703794, -0.99434954, 0.05980778), (-0.05073135, -0.9986402, 0.012004793), (-0.09683224, -0.9925231, 0.074307084), (0.015618077, -0.9954464, -0.094035104), (-0.017731346, -0.9995807, 0.022891052), (-0.01464325, -0.9998225, -0.0118565215), (0.12469062, -0.08256401, 0.9887544), (0.13639548, -0.51947975, 0.8435266), (0.111754276, -0.74272215, 0.66020805), (-0.09683224, -0.9925231, 0.074307084), (0.111754276, -0.74272215, 0.66020805), (0.13639548, -0.51947975, 0.8435266), (0.13639548, -0.51947975, 0.8435266), (-0.039675992, -0.8862583, 0.46148902), (-0.09683224, -0.9925231, 0.074307084), (-0.0044363784, -0.9863966, -0.16432294), (0.015618077, -0.9954464, -0.094035104), (-0.01464325, -0.9998225, -0.0118565215), (-0.06992153, -0.9912797, 0.11169278), (-0.087703794, -0.99434954, 0.05980778), (-0.01464325, -0.9998225, -0.0118565215), (-0.0027263786, 0.7118015, 0.7023754), (0.001049587, 0.7150514, 0.6990711), (-0.0061661955, 0.7014984, 0.71264434), (0.26955962, -0.4716057, 0.8395985), (0.001049587, 0.7150514, 0.6990711), (-0.0027263786, 0.7118015, 0.7023754), (0.10358807, -0.8535031, -0.5106877), (-0.04196201, -0.95538026, -0.2923829), (0.019728435, -0.8757355, -0.48238796), (-0.04196201, -0.95538026, -0.2923829), (-0.058137637, -0.99369484, -0.095866635), (-0.1371119, -0.9346096, -0.3281846), (-0.1371119, -0.9346096, -0.3281846), (0.019728435, -0.8757355, -0.48238796), (-0.04196201, -0.95538026, -0.2923829), (0.26955962, -0.4716057, 0.8395985), (0.0035254909, 0.007867285, 0.99996287), (0.001049587, 0.7150514, 0.6990711), (0.001049587, 0.7150514, 0.6990711), (-0.0000142572135, 1, -0.0000016744169), (-0.0061661955, 0.7014984, 0.71264434), (-0.0000142572135, 1, -0.0000016744169), (0.001049587, 0.7150514, 0.6990711), (0.0023650038, 0.72662365, 0.6870316), (0.26955962, -0.4716057, 0.8395985), (-0.0609928, -0.37878332, 0.9234733), (0.0035254909, 0.007867285, 0.99996287), (-0.098361395, -0.886827, -0.45151183), (-0.053874817, -0.8297219, -0.55557096), (0.019728435, -0.8757355, -0.48238796), (-0.098361395, -0.886827, -0.45151183), (0.019728435, -0.8757355, -0.48238796), (-0.1371119, -0.9346096, -0.3281846), (-0.098361395, -0.886827, -0.45151183), (-0.1371119, -0.9346096, -0.3281846), (-0.044874202, -0.9910366, -0.12582853), (-0.058137637, -0.99369484, -0.095866635), (-0.044874202, -0.9910366, -0.12582853), (-0.1371119, -0.9346096, -0.3281846), (0.001049587, 0.7150514, 0.6990711), (0.0035254909, 0.007867285, 0.99996287), (0.0023650038, 0.72662365, 0.6870316), (-0.0609928, -0.37878332, 0.9234733), (0.054773513, -0.09799933, 0.993678), (0.0035254909, 0.007867285, 0.99996287), (0.0035254909, 0.007867285, 0.99996287), (0.054773513, -0.09799933, 0.993678), (0.36667138, -0.5974416, 0.7131729), (-0.053874817, -0.8297219, -0.55557096), (-0.098361395, -0.886827, -0.45151183), (-0.042530484, -0.9288506, -0.3680051), (-0.044874202, -0.9910366, -0.12582853), (-0.042530484, -0.9288506, -0.3680051), (-0.098361395, -0.886827, -0.45151183), (-0.0028397657, -0.92035156, -0.39108178), (-0.042530484, -0.9288506, -0.3680051), (-0.044874202, -0.9910366, -0.12582853), (-0.053874817, -0.8297219, -0.55557096), (-0.042530484, -0.9288506, -0.3680051), (-0.08443495, -0.9245723, -0.37153324), (-0.08443495, -0.9245723, -0.37153324), (-0.042530484, -0.9288506, -0.3680051), (-0.0028397657, -0.92035156, -0.39108178), (0.0023650038, 0.72662365, 0.6870316), (0.012271049, 0.7301279, 0.68320036), (-0.0000142572135, 1, -0.0000016744169), (0.0023650038, 0.72662365, 0.6870316), (0.0035254909, 0.007867285, 0.99996287), (0.012271049, 0.7301279, 0.68320036), (0.06407496, -0.60931337, 0.7903365), (0.0035254909, 0.007867285, 0.99996287), (0.36667138, -0.5974416, 0.7131729), (-0.7579781, -0.52010024, 0.39365584), (-0.46732605, -0.87248695, 0.14273357), (-0.5273409, -0.8180828, 0.22946046), (-0.9474962, -0.14547817, -0.28475764), (-0.87568015, -0.44297394, -0.19224599), (-0.67007303, -0.7237012, -0.16510186), (-0.69910276, -0.6841459, -0.20784567), (-0.6222316, -0.7095482, -0.33071032), (0.082710564, -0.9919331, -0.09606062), (-0.9245298, -0.3783075, 0.046132855), (-0.8926509, -0.44891217, 0.040646877), (-0.46732605, -0.87248695, 0.14273357), (-0.9245298, -0.3783075, 0.046132855), (-0.69910276, -0.6841459, -0.20784567), (-0.8926509, -0.44891217, 0.040646877), (-0.7579781, -0.52010024, 0.39365584), (-0.9245298, -0.3783075, 0.046132855), (-0.46732605, -0.87248695, 0.14273357), (-0.87568015, -0.44297394, -0.19224599), (-0.9474962, -0.14547817, -0.28475764), (-0.69910276, -0.6841459, -0.20784567), (-0.87568015, -0.44297394, -0.19224599), (-0.69910276, -0.6841459, -0.20784567), (-0.9245298, -0.3783075, 0.046132855), (-0.69910276, -0.6841459, -0.20784567), (0.082710564, -0.9919331, -0.09606062), (-0.8926509, -0.44891217, 0.040646877), (-0.058137637, -0.99369484, -0.095866635), (-0.04196201, -0.95538026, -0.2923829), (-0.5273409, -0.8180828, 0.22946046), (-0.058137637, -0.99369484, -0.095866635), (-0.5273409, -0.8180828, 0.22946046), (-0.46732605, -0.87248695, 0.14273357), (-0.46732605, -0.87248695, 0.14273357), (-0.8926509, -0.44891217, 0.040646877), (0.082710564, -0.9919331, -0.09606062), (0.042264275, -0.9990814, 0.0070841173), (0.082710564, -0.9919331, -0.09606062), (-0.6222316, -0.7095482, -0.33071032), (-0.46732605, -0.87248695, 0.14273357), (-0.00048592582, -0.99984807, 0.017427223), (-0.058137637, -0.99369484, -0.095866635), (0.18839966, -0.98182285, -0.023007995), (-0.46732605, -0.87248695, 0.14273357), (0.082710564, -0.9919331, -0.09606062), (-0.46732605, -0.87248695, 0.14273357), (0.015295997, -0.9992356, -0.035978764), (-0.00048592582, -0.99984807, 0.017427223), (-0.46732605, -0.87248695, 0.14273357), (0.18839966, -0.98182285, -0.023007995), (0.015295997, -0.9992356, -0.035978764), (0.082710564, -0.9919331, -0.09606062), (-0.008087617, -0.9940987, -0.108176835), (0.18839966, -0.98182285, -0.023007995), (-0.058137637, -0.99369484, -0.095866635), (-0.00048592582, -0.99984807, 0.017427223), (-0.044874202, -0.9910366, -0.12582853), (0.015295997, -0.9992356, -0.035978764), (0.18839966, -0.98182285, -0.023007995), (-0.008087617, -0.9940987, -0.108176835), (-0.06726649, -0.9963051, -0.053399175), (-0.00048592582, -0.99984807, 0.017427223), (0.015295997, -0.9992356, -0.035978764), (-0.15226465, -0.9879803, -0.026652656), (0.015295997, -0.9992356, -0.035978764), (-0.008087617, -0.9940987, -0.108176835), (-0.13643925, -0.9811242, -0.1370387), (-0.15226465, -0.9879803, -0.026652656), (-0.008087617, -0.9940987, -0.108176835), (-0.06726649, -0.9963051, -0.053399175), (0.015295997, -0.9992356, -0.035978764), (-0.12850572, -0.98438454, -0.120305665), (0.015295997, -0.9992356, -0.035978764), (-0.15226465, -0.9879803, -0.026652656), (-0.12850572, -0.98438454, -0.120305665), (-0.15226465, -0.9879803, -0.026652656), (-0.13643925, -0.9811242, -0.1370387), (0.4322502, -0.89758265, -0.08663326), (-0.098739795, -0.9933897, -0.058544084), (-0.044874202, -0.9910366, -0.12582853), (-0.00048592582, -0.99984807, 0.017427223), (-0.06726649, -0.9963051, -0.053399175), (-0.098739795, -0.9933897, -0.058544084), (-0.00048592582, -0.99984807, 0.017427223), (0.65796334, -0.7128086, 0.24287477), (-0.15226465, -0.9879803, -0.026652656), (0.4322502, -0.89758265, -0.08663326), (0.65796334, -0.7128086, 0.24287477), (-0.12850572, -0.98438454, -0.120305665), (-0.15226465, -0.9879803, -0.026652656), (-0.06726649, -0.9963051, -0.053399175), (0.50315917, -0.7834532, 0.36473554), (-0.098739795, -0.9933897, -0.058544084), (-0.06726649, -0.9963051, -0.053399175), (-0.12850572, -0.98438454, -0.120305665), (0.50315917, -0.7834532, 0.36473554), (0.65796334, -0.7128086, 0.24287477), (0.50315917, -0.7834532, 0.36473554), (-0.12850572, -0.98438454, -0.120305665), (-0.6222316, -0.7095482, -0.33071032), (-0.69910276, -0.6841459, -0.20784567), (-0.9474962, -0.14547817, -0.28475764), (0.23081753, -0.96633726, 0.11364705), (0.17428014, -0.9806504, 0.08916869), (0.030909333, -0.99934757, 0.01868458), (-0.9474962, -0.14547817, -0.28475764), (-0.67007303, -0.7237012, -0.16510186), (-0.77666265, -0.5720802, -0.26366553), (0.030909333, -0.99934757, 0.01868458), (0.074633926, -0.99553555, 0.05778175), (0.23081753, -0.96633726, 0.11364705), (-0.6222316, -0.7095482, -0.33071032), (0.08396817, -0.9960863, 0.027592836), (0.23081753, -0.96633726, 0.11364705), (0.23081753, -0.96633726, 0.11364705), (0.042264275, -0.9990814, 0.0070841173), (-0.6222316, -0.7095482, -0.33071032), (0.030909333, -0.99934757, 0.01868458), (-0.0044363784, -0.9863966, -0.16432294), (-0.119261056, -0.98497134, -0.124933064), (0.04592231, -0.99637896, -0.071555294), (-0.119261056, -0.98497134, -0.124933064), (-0.0044363784, -0.9863966, -0.16432294), (-0.01464325, -0.9998225, -0.0118565215), (0.04592231, -0.99637896, -0.071555294), (-0.0044363784, -0.9863966, -0.16432294), (0.074633926, -0.99553555, 0.05778175), (0.030909333, -0.99934757, 0.01868458), (-0.119261056, -0.98497134, -0.124933064), (0.23081753, -0.96633726, 0.11364705), (0.074633926, -0.99553555, 0.05778175), (0.042264275, -0.9990814, 0.0070841173), (-0.119261056, -0.98497134, -0.124933064), (0.04592231, -0.99637896, -0.071555294), (0.06459165, -0.99505156, -0.07550091), (-0.119261056, -0.98497134, -0.124933064), (0.042264275, -0.9990814, 0.0070841173), (0.074633926, -0.99553555, 0.05778175), (0.06459165, -0.99505156, -0.07550091), (0.042264275, -0.9990814, 0.0070841173), (-0.119261056, -0.98497134, -0.124933064), (0.042264275, -0.9990814, 0.0070841173), (-0.007798032, -0.99567336, -0.09259552), (0.082710564, -0.9919331, -0.09606062), (0.13923231, -0.9893562, -0.042293757), (0.06459165, -0.99505156, -0.07550091), (0.04592231, -0.99637896, -0.071555294), (0.082710564, -0.9919331, -0.09606062), (-0.007798032, -0.99567336, -0.09259552), (-0.008087617, -0.9940987, -0.108176835), (-0.007798032, -0.99567336, -0.09259552), (-0.13643925, -0.9811242, -0.1370387), (-0.008087617, -0.9940987, -0.108176835), (-0.007798032, -0.99567336, -0.09259552), (0.042264275, -0.9990814, 0.0070841173), (-0.0037450832, -0.99914366, 0.041203994), (-0.0037450832, -0.99914366, 0.041203994), (0.23064314, -0.9726153, 0.028691405), (0.06257846, -0.9974181, 0.03522741), (-0.007798032, -0.99567336, -0.09259552), (-0.064941086, -0.9957839, -0.06478532), (-0.13643925, -0.9811242, -0.1370387), (-0.064941086, -0.9957839, -0.06478532), (-0.007798032, -0.99567336, -0.09259552), (-0.0037450832, -0.99914366, 0.041203994), (0.06257846, -0.9974181, 0.03522741), (-0.0727337, -0.99144197, 0.10840997), (-0.0037450832, -0.99914366, 0.041203994), (-0.13643925, -0.9811242, -0.1370387), (-0.064941086, -0.9957839, -0.06478532), (0.4322502, -0.89758265, -0.08663326), (0.13923231, -0.9893562, -0.042293757), (0.06257846, -0.9974181, 0.03522741), (0.23064314, -0.9726153, 0.028691405), (-0.06330543, -0.9979213, 0.012067647), (-0.064941086, -0.9957839, -0.06478532), (-0.0037450832, -0.99914366, 0.041203994), (-0.06330543, -0.9979213, 0.012067647), (-0.0037450832, -0.99914366, 0.041203994), (-0.0727337, -0.99144197, 0.10840997), (0.06257846, -0.9974181, 0.03522741), (-0.16079214, -0.98310345, -0.08748383), (-0.0727337, -0.99144197, 0.10840997), (-0.10394091, -0.99405706, 0.032352146), (-0.0727337, -0.99144197, 0.10840997), (-0.16079214, -0.98310345, -0.08748383), (-0.039675992, -0.8862583, 0.46148902), (-0.087703794, -0.99434954, 0.05980778), (-0.09683224, -0.9925231, 0.074307084), (-0.6004082, -0.75597394, 0.26079366), (-0.039675992, -0.8862583, 0.46148902), (-0.35470706, -0.045205448, 0.93388397), (-0.039675992, -0.8862583, 0.46148902), (-0.024337366, -0.9989063, 0.03992288), (-0.087703794, -0.99434954, 0.05980778), (0.04592231, -0.99637896, -0.071555294), (-0.01464325, -0.9998225, -0.0118565215), (0.09036871, -0.99566656, -0.021944035), (-0.6004082, -0.75597394, 0.26079366), (-0.024337366, -0.9989063, 0.03992288), (-0.039675992, -0.8862583, 0.46148902), (0.09036871, -0.99566656, -0.021944035), (0.13923231, -0.9893562, -0.042293757), (0.04592231, -0.99637896, -0.071555294), (-0.01464325, -0.9998225, -0.0118565215), (-0.024337366, -0.9989063, 0.03992288), (0.09036871, -0.99566656, -0.021944035), (-0.087703794, -0.99434954, 0.05980778), (-0.024337366, -0.9989063, 0.03992288), (-0.01464325, -0.9998225, -0.0118565215), (-0.061926607, -0.99804044, 0.008966155), (-0.024337366, -0.9989063, 0.03992288), (-0.6004082, -0.75597394, 0.26079366), (0.06459165, -0.99505156, -0.07550091), (0.13923231, -0.9893562, -0.042293757), (0.23064314, -0.9726153, 0.028691405), (0.0029454809, -0.999413, -0.034130864), (0.09750079, -0.9928033, -0.06953691), (-0.024337366, -0.9989063, 0.03992288), (0.0019045363, -0.9984046, -0.056431584), (0.13923231, -0.9893562, -0.042293757), (0.09036871, -0.99566656, -0.021944035), (0.09036871, -0.99566656, -0.021944035), (-0.024337366, -0.9989063, 0.03992288), (0.09750079, -0.9928033, -0.06953691), (0.0019045363, -0.9984046, -0.056431584), (0.09036871, -0.99566656, -0.021944035), (0.09750079, -0.9928033, -0.06953691), (0.0029454809, -0.999413, -0.034130864), (-0.024337366, -0.9989063, 0.03992288), (-0.061926607, -0.99804044, 0.008966155), (0.0019045363, -0.9984046, -0.056431584), (0.09750079, -0.9928033, -0.06953691), (0.0077915676, -0.99993575, -0.00824497), (0.06257846, -0.9974181, 0.03522741), (0.0019045363, -0.9984046, -0.056431584), (-0.16079214, -0.98310345, -0.08748383), (0.0019045363, -0.9984046, -0.056431584), (0.06257846, -0.9974181, 0.03522741), (0.13923231, -0.9893562, -0.042293757), (0.09750079, -0.9928033, -0.06953691), (0.06985902, -0.9956242, -0.062066846), (0.0077915676, -0.99993575, -0.00824497), (0.0029454809, -0.999413, -0.034130864), (0.06985902, -0.9956242, -0.062066846), (0.09750079, -0.9928033, -0.06953691), (0.0019045363, -0.9984046, -0.056431584), (0.0077915676, -0.99993575, -0.00824497), (0.06985902, -0.9956242, -0.062066846), (-0.16079214, -0.98310345, -0.08748383), (0.0019045363, -0.9984046, -0.056431584), (-0.10394091, -0.99405706, 0.032352146), (0.06985902, -0.9956242, -0.062066846), (-0.08428795, -0.99637824, -0.011217885), (0.0019045363, -0.9984046, -0.056431584), (0.060777366, -0.9926097, -0.10503406), (0.06985902, -0.9956242, -0.062066846), (0.0029454809, -0.999413, -0.034130864), (0.9996237, -0.027104236, -0.0042249677), (0.67997193, 0.733234, -0.002490475), (0.68733484, 0.7263383, 0.0018583041), (0.67997193, 0.733234, -0.002490475), (0.9996237, -0.027104236, -0.0042249677), (0.99990207, 0.01396627, -0.0009087991), (0.9996237, -0.027104236, -0.0042249677), (0.7672601, -0.64035076, -0.035539135), (0.99990207, 0.01396627, -0.0009087991), (0.7672601, -0.64035076, -0.035539135), (0.010110292, -0.9997368, 0.020596044), (0.9352537, -0.3495986, -0.055509865), (0.9996237, -0.027104236, -0.0042249677), (0.6101059, -0.7916938, -0.03148963), (0.7672601, -0.64035076, -0.035539135), (0.9996237, -0.027104236, -0.0042249677), (0.6876427, -0.7231139, -0.065222315), (0.6101059, -0.7916938, -0.03148963), (0.9352537, -0.3495986, -0.055509865), (0.010110292, -0.9997368, 0.020596044), (0.52000535, -0.8538506, 0.023098331), (-0.083964854, -0.9962689, -0.019953955), (0.7672601, -0.64035076, -0.035539135), (0.6101059, -0.7916938, -0.03148963), (0.7672601, -0.64035076, -0.035539135), (-0.083964854, -0.9962689, -0.019953955), (0.010110292, -0.9997368, 0.020596044), (0.67997193, 0.733234, -0.002490475), (0.0052681123, 0.9999862, 0.00024189868), (0.68733484, 0.7263383, 0.0018583041), (0.52000535, -0.8538506, 0.023098331), (0.010110292, -0.9997368, 0.020596044), (-0.13950868, -0.9900178, 0.020053519), (-0.11930423, -0.99145263, 0.05280133), (-0.083964854, -0.9962689, -0.019953955), (0.6101059, -0.7916938, -0.03148963), (-0.16271162, -0.9866707, -0.00242735), (-0.13950868, -0.9900178, 0.020053519), (0.010110292, -0.9997368, 0.020596044), (-0.083964854, -0.9962689, -0.019953955), (-0.16271162, -0.9866707, -0.00242735), (0.010110292, -0.9997368, 0.020596044), (-0.09798921, -0.99518675, -0.0011234616), (-0.16271162, -0.9866707, -0.00242735), (-0.083964854, -0.9962689, -0.019953955), (-0.09798921, -0.99518675, -0.0011234616), (-0.083964854, -0.9962689, -0.019953955), (-0.11930423, -0.99145263, 0.05280133), (0.018174129, 0.9998348, -0.00019688271), (0.0052681123, 0.9999862, 0.00024189868), (0.67997193, 0.733234, -0.002490475), (-0.16271162, -0.9866707, -0.00242735), (-0.010597641, -0.99904156, -0.042468484), (-0.13950868, -0.9900178, 0.020053519), (-0.13950868, -0.9900178, 0.020053519), (-0.010597641, -0.99904156, -0.042468484), (-0.005090502, -0.9995661, -0.029010808), (-0.16271162, -0.9866707, -0.00242735), (-0.09798921, -0.99518675, -0.0011234616), (-0.010597641, -0.99904156, -0.042468484), (-0.11930423, -0.99145263, 0.05280133), (-0.16119054, -0.9866535, -0.023075316), (-0.09798921, -0.99518675, -0.0011234616), (-0.07024294, -0.9975074, -0.0067037437), (-0.005090502, -0.9995661, -0.029010808), (-0.010597641, -0.99904156, -0.042468484), (-0.07024294, -0.9975074, -0.0067037437), (-0.010597641, -0.99904156, -0.042468484), (-0.09944258, -0.99462074, 0.028995356), (-0.0792107, -0.99520975, -0.057299923), (-0.09798921, -0.99518675, -0.0011234616), (-0.16119054, -0.9866535, -0.023075316), (0.011156438, -0.9994331, -0.031765122), (-0.010597641, -0.99904156, -0.042468484), (-0.09798921, -0.99518675, -0.0011234616), (0.9996237, -0.027104236, -0.0042249677), (0.68733484, 0.7263383, 0.0018583041), (0.99964374, -0.026583992, -0.0023816747), (0.68733484, 0.7263383, 0.0018583041), (0.6819813, 0.7313693, 0.0005799519), (0.99964374, -0.026583992, -0.0023816747), (0.99964374, -0.026583992, -0.0023816747), (0.99994373, -0.008049769, -0.0069021485), (0.68675387, -0.72536623, -0.0470416), (0.99964374, -0.026583992, -0.0023816747), (0.6876427, -0.7231139, -0.065222315), (0.9996237, -0.027104236, -0.0042249677), (0.99964374, -0.026583992, -0.0023816747), (0.6858521, -0.72612363, -0.048490856), (0.6876427, -0.7231139, -0.065222315), (0.6858521, -0.72612363, -0.048490856), (0.99964374, -0.026583992, -0.0023816747), (0.68675387, -0.72536623, -0.0470416), (0.6819813, 0.7313693, 0.0005799519), (0.68733484, 0.7263383, 0.0018583041), (0.0052681123, 0.9999862, 0.00024189868), (0.6858521, -0.72612363, -0.048490856), (-0.040246386, -0.99843585, -0.03881053), (0.6876427, -0.7231139, -0.065222315), (0.6101059, -0.7916938, -0.03148963), (0.6876427, -0.7231139, -0.065222315), (-0.040246386, -0.99843585, -0.03881053), (0.6858521, -0.72612363, -0.048490856), (0.047689456, -0.9926445, -0.11127752), (-0.040246386, -0.99843585, -0.03881053), (0.6858521, -0.72612363, -0.048490856), (0.68675387, -0.72536623, -0.0470416), (-0.038831122, -0.9901009, -0.13487841), (0.6858521, -0.72612363, -0.048490856), (-0.038831122, -0.9901009, -0.13487841), (0.047689456, -0.9926445, -0.11127752), (-0.038831122, -0.9901009, -0.13487841), (0.68675387, -0.72536623, -0.0470416), (0.013382587, -0.99957764, -0.02579745), (-0.16119054, -0.9866535, -0.023075316), (-0.11930423, -0.99145263, 0.05280133), (0.6101059, -0.7916938, -0.03148963), (0.524919, -0.63454974, 0.56728023), (-0.040246386, -0.99843585, -0.03881053), (0.047689456, -0.9926445, -0.11127752), (0.6101059, -0.7916938, -0.03148963), (-0.040246386, -0.99843585, -0.03881053), (-0.16119054, -0.9866535, -0.023075316), (0.524919, -0.63454974, 0.56728023), (0.047689456, -0.9926445, -0.11127752), (-0.038831122, -0.9901009, -0.13487841), (-0.15513629, -0.9871238, -0.03897856), (0.524919, -0.63454974, 0.56728023), (-0.13806899, -0.9904178, 0.0030970438), (-0.040246386, -0.99843585, -0.03881053), (0.524919, -0.63454974, 0.56728023), (-0.15513629, -0.9871238, -0.03897856), (-0.15513629, -0.9871238, -0.03897856), (-0.16119054, -0.9866535, -0.023075316), (-0.040246386, -0.99843585, -0.03881053), (0.46158776, 0.70815325, 0.53428054), (0.6470169, 0.7176536, 0.2575704), (0.70865923, -0.31552753, 0.6310661), (-0.09484895, -0.9945337, -0.04366167), (-0.15513629, -0.9871238, -0.03897856), (-0.13806899, -0.9904178, 0.0030970438), (0.524919, -0.63454974, 0.56728023), (-0.038831122, -0.9901009, -0.13487841), (0.013382587, -0.99957764, -0.02579745), (0.524919, -0.63454974, 0.56728023), (0.70865923, -0.31552753, 0.6310661), (0.6470169, 0.7176536, 0.2575704), (0.52613896, 0.68978125, 0.49737275), (0.524919, -0.63454974, 0.56728023), (0.6470169, 0.7176536, 0.2575704), (-0.15513629, -0.9871238, -0.03897856), (-0.0792107, -0.99520975, -0.057299923), (-0.16119054, -0.9866535, -0.023075316), (0.524919, -0.63454974, 0.56728023), (-0.1748709, -0.55523014, 0.8131049), (-0.13806899, -0.9904178, 0.0030970438), (0.52613896, 0.68978125, 0.49737275), (-0.1748709, -0.55523014, 0.8131049), (0.524919, -0.63454974, 0.56728023), (-0.0792107, -0.99520975, -0.057299923), (-0.15513629, -0.9871238, -0.03897856), (-0.09484895, -0.9945337, -0.04366167), (-0.1748709, -0.55523014, 0.8131049), (0.52613896, 0.68978125, 0.49737275), (-0.097853884, 0.3895616, 0.91578734), (0.6819813, 0.7313693, 0.0005799519), (0.6512236, 0.75885755, 0.006558021), (0.99994373, -0.008049769, -0.0069021485), (0.6512236, 0.75885755, 0.006558021), (0.8762002, 0.48194337, 0.0019442113), (0.9999247, 0.009449749, 0.007825676), (0.6819813, 0.7313693, 0.0005799519), (0.99994373, -0.008049769, -0.0069021485), (0.99964374, -0.026583992, -0.0023816747), (0.99994373, -0.008049769, -0.0069021485), (0.6512236, 0.75885755, 0.006558021), (0.9999247, 0.009449749, 0.007825676), (0.8762002, 0.48194337, 0.0019442113), (0.9993216, -0.036794737, 0.0015975807), (0.9999247, 0.009449749, 0.007825676), (0.99994373, -0.008049769, -0.0069021485), (0.9999247, 0.009449749, 0.007825676), (0.6888162, -0.72493243, 0.0023337938), (0.99994373, -0.008049769, -0.0069021485), (0.6888162, -0.72493243, 0.0023337938), (0.68675387, -0.72536623, -0.0470416), (0.9993216, -0.036794737, 0.0015975807), (0.7622995, -0.6466964, 0.026141701), (0.9999247, 0.009449749, 0.007825676), (0.1004168, -0.9947226, -0.021061912), (0.7622995, -0.6466964, 0.026141701), (0.6603227, -0.7506687, 0.02168969), (0.013382587, -0.99957764, -0.02579745), (0.68675387, -0.72536623, -0.0470416), (0.6888162, -0.72493243, 0.0023337938), (0.8597651, -0.50327355, 0.08671593), (0.6888162, -0.72493243, 0.0023337938), (0.1004168, -0.9947226, -0.021061912), (0.59283584, -0.66366905, -0.45616788), (0.1004168, -0.9947226, -0.021061912), (0.6603227, -0.7506687, 0.02168969), (0.7752412, 0.6306742, -0.035373073), (0.8597651, -0.50327355, 0.08671593), (0.84463966, 0.2921805, -0.4485692), (0.6819813, 0.7313693, 0.0005799519), (0.0052681123, 0.9999862, 0.00024189868), (0.6512236, 0.75885755, 0.006558021), (0.8597651, -0.50327355, 0.08671593), (0.5411129, -0.28617755, 0.79075867), (0.013382587, -0.99957764, -0.02579745), (0.6888162, -0.72493243, 0.0023337938), (0.8597651, -0.50327355, 0.08671593), (0.013382587, -0.99957764, -0.02579745), (0.8597651, -0.50327355, 0.08671593), (0.56128216, 0.7681988, 0.30794966), (0.5411129, -0.28617755, 0.79075867), (0.8597651, -0.50327355, 0.08671593), (0.1004168, -0.9947226, -0.021061912), (0.59283584, -0.66366905, -0.45616788), (0.59283584, -0.66366905, -0.45616788), (0.84463966, 0.2921805, -0.4485692), (0.8597651, -0.50327355, 0.08671593), (0.7752412, 0.6306742, -0.035373073), (0.56128216, 0.7681988, 0.30794966), (0.8597651, -0.50327355, 0.08671593), (0.7752412, 0.6306742, -0.035373073), (0.7842945, 0.6184972, -0.048407707), (0.56128216, 0.7681988, 0.30794966), (0.59283584, -0.66366905, -0.45616788), (0.5918764, 0.14460696, -0.79295087), (0.84463966, 0.2921805, -0.4485692), (0.0052681123, 0.9999862, 0.00024189868), (-0.0000142572135, 1, -0.0000016744169), (0.6512236, 0.75885755, 0.006558021), (0.56128216, 0.7681988, 0.30794966), (0.46158776, 0.70815325, 0.53428054), (0.5411129, -0.28617755, 0.79075867), (0.5918764, 0.14460696, -0.79295087), (0.59283584, -0.66366905, -0.45616788), (0.66596293, -0.3251068, -0.67141557), (0.5411129, -0.28617755, 0.79075867), (0.46158776, 0.70815325, 0.53428054), (0.70865923, -0.31552753, 0.6310661), (0.70865923, -0.31552753, 0.6310661), (0.013382587, -0.99957764, -0.02579745), (0.5411129, -0.28617755, 0.79075867), (0.524919, -0.63454974, 0.56728023), (0.013382587, -0.99957764, -0.02579745), (0.70865923, -0.31552753, 0.6310661), (0.8762002, 0.48194337, 0.0019442113), (0.70142883, 0.7090059, -0.072858624), (0.99841124, -0.029560404, -0.047969945), (0.70142883, 0.7090059, -0.072858624), (0.42148218, 0.6681686, -0.61310965), (0.66919154, 0.030667748, -0.7424568), (0.8762002, 0.48194337, 0.0019442113), (0.99841124, -0.029560404, -0.047969945), (0.9993216, -0.036794737, 0.0015975807), (0.66919154, 0.030667748, -0.7424568), (0.99841124, -0.029560404, -0.047969945), (0.70142883, 0.7090059, -0.072858624), (0.6320001, -0.7745905, -0.024197957), (0.9993216, -0.036794737, 0.0015975807), (0.99841124, -0.029560404, -0.047969945), (0.59354097, -0.5463056, -0.59098166), (0.99841124, -0.029560404, -0.047969945), (0.66919154, 0.030667748, -0.7424568), (0.6603227, -0.7506687, 0.02168969), (0.7622995, -0.6466964, 0.026141701), (0.9993216, -0.036794737, 0.0015975807), (0.65946454, -0.747588, -0.07885988), (0.6320001, -0.7745905, -0.024197957), (0.99841124, -0.029560404, -0.047969945), (0.59354097, -0.5463056, -0.59098166), (0.65946454, -0.747588, -0.07885988), (0.99841124, -0.029560404, -0.047969945), (0.6603227, -0.7506687, 0.02168969), (0.9993216, -0.036794737, 0.0015975807), (0.6320001, -0.7745905, -0.024197957), (0.59354097, -0.5463056, -0.59098166), (0.008276142, -0.74930364, -0.6621748), (0.65946454, -0.747588, -0.07885988), (0.65946454, -0.747588, -0.07885988), (-0.029780786, -0.99943894, -0.01532232), (0.6320001, -0.7745905, -0.024197957), (0.6512236, 0.75885755, 0.006558021), (0.70142883, 0.7090059, -0.072858624), (0.8762002, 0.48194337, 0.0019442113), (0.42148218, 0.6681686, -0.61310965), (0.0017581033, 0.7308649, -0.6825199), (0.66919154, 0.030667748, -0.7424568), (0.6320001, -0.7745905, -0.024197957), (-0.029780786, -0.99943894, -0.01532232), (0.6603227, -0.7506687, 0.02168969), (0.59354097, -0.5463056, -0.59098166), (0.66919154, 0.030667748, -0.7424568), (0.008276142, -0.74930364, -0.6621748), (0.0017581033, 0.7308649, -0.6825199), (0.42148218, 0.6681686, -0.61310965), (0.70142883, 0.7090059, -0.072858624), (0.0017581033, 0.7308649, -0.6825199), (-0.0067034056, -0.02532626, -0.9996567), (0.66919154, 0.030667748, -0.7424568), (-0.0067034056, -0.02532626, -0.9996567), (0.008276142, -0.74930364, -0.6621748), (0.66919154, 0.030667748, -0.7424568), (0.0017581033, 0.7308649, -0.6825199), (0.70142883, 0.7090059, -0.072858624), (0.6512236, 0.75885755, 0.006558021), (-0.029780786, -0.99943894, -0.01532232), (0.59283584, -0.66366905, -0.45616788), (0.6603227, -0.7506687, 0.02168969), (-0.0067034056, -0.02532626, -0.9996567), (0.040632855, -0.718315, -0.6945305), (0.008276142, -0.74930364, -0.6621748), (0.008276142, -0.74930364, -0.6621748), (0.040632855, -0.718315, -0.6945305), (0.02439197, -0.99935377, -0.026404044), (0.66596293, -0.3251068, -0.67141557), (0.59283584, -0.66366905, -0.45616788), (-0.029780786, -0.99943894, -0.01532232), (0.02439197, -0.99935377, -0.026404044), (-0.029780786, -0.99943894, -0.01532232), (0.65946454, -0.747588, -0.07885988), (0.008276142, -0.74930364, -0.6621748), (0.02439197, -0.99935377, -0.026404044), (0.65946454, -0.747588, -0.07885988), (-0.0067034056, -0.02532626, -0.9996567), (0.0017581033, 0.7308649, -0.6825199), (0.00033767027, 0.7392285, -0.6734545), (0.48644286, -0.86867505, -0.09368545), (0.66596293, -0.3251068, -0.67141557), (0.02439197, -0.99935377, -0.026404044), (-0.029780786, -0.99943894, -0.01532232), (0.02439197, -0.99935377, -0.026404044), (0.66596293, -0.3251068, -0.67141557), (0.87635064, -0.23584904, -0.4199818), (0.5918764, 0.14460696, -0.79295087), (0.66596293, -0.3251068, -0.67141557), (0.5918764, 0.14460696, -0.79295087), (0.87635064, -0.23584904, -0.4199818), (0.5004387, 0.2819272, -0.818583), (0.7457526, 0.3033661, -0.59314585), (0.5004387, 0.2819272, -0.818583), (0.87635064, -0.23584904, -0.4199818), (-0.0067034056, -0.02532626, -0.9996567), (0.010116977, -0.0054760864, -0.9999339), (0.040632855, -0.718315, -0.6945305), (0.66596293, -0.3251068, -0.67141557), (0.48644286, -0.86867505, -0.09368545), (0.87635064, -0.23584904, -0.4199818), (0.8981189, -0.40205878, -0.1781319), (0.48644286, -0.86867505, -0.09368545), (0.52741176, -0.83551115, -0.15413614), (0.02439197, -0.99935377, -0.026404044), (0.52741176, -0.83551115, -0.15413614), (0.48644286, -0.86867505, -0.09368545), (0.040632855, -0.718315, -0.6945305), (0.52741176, -0.83551115, -0.15413614), (0.02439197, -0.99935377, -0.026404044), (0.48644286, -0.86867505, -0.09368545), (0.8981189, -0.40205878, -0.1781319), (0.87635064, -0.23584904, -0.4199818), (0.87635064, -0.23584904, -0.4199818), (0.8981189, -0.40205878, -0.1781319), (0.7457526, 0.3033661, -0.59314585), (0.00033767027, 0.7392285, -0.6734545), (0.0017581033, 0.7308649, -0.6825199), (0.6512236, 0.75885755, 0.006558021), (0.040632855, -0.718315, -0.6945305), (0.010116977, -0.0054760864, -0.9999339), (0.26254046, 0.00938562, -0.96487534), (0.617063, -0.65707964, -0.4329892), (0.52741176, -0.83551115, -0.15413614), (0.040632855, -0.718315, -0.6945305), (0.617063, -0.65707964, -0.4329892), (0.040632855, -0.718315, -0.6945305), (0.26254046, 0.00938562, -0.96487534), (0.52741176, -0.83551115, -0.15413614), (0.9172418, -0.2953448, -0.2672804), (0.8981189, -0.40205878, -0.1781319), (-0.0000142572135, 1, -0.0000016744169), (0.0052681123, 0.9999862, 0.00024189868), (0.018174129, 0.9998348, -0.00019688271), (-0.09798921, -0.99518675, -0.0011234616), (-0.0792107, -0.99520975, -0.057299923), (0.011156438, -0.9994331, -0.031765122), (0.03553788, -0.98978245, -0.13808587), (0.011156438, -0.9994331, -0.031765122), (-0.0792107, -0.99520975, -0.057299923), (-0.010597641, -0.99904156, -0.042468484), (-0.11168637, -0.9935816, 0.01793431), (-0.09944258, -0.99462074, 0.028995356), (0.011156438, -0.9994331, -0.031765122), (-0.11168637, -0.9935816, 0.01793431), (-0.010597641, -0.99904156, -0.042468484), (0.011156438, -0.9994331, -0.031765122), (-0.111159034, -0.9925387, 0.050105322), (-0.11168637, -0.9935816, 0.01793431), (-0.11168637, -0.9935816, 0.01793431), (-0.09133176, -0.9957754, -0.009480696), (-0.09944258, -0.99462074, 0.028995356), (-0.11168637, -0.9935816, 0.01793431), (-0.12477533, -0.99144244, 0.03838099), (-0.09133176, -0.9957754, -0.009480696), (0.011156438, -0.9994331, -0.031765122), (-0.12000025, -0.988919, -0.087402575), (-0.111159034, -0.9925387, 0.050105322), (0.011156438, -0.9994331, -0.031765122), (0.03553788, -0.98978245, -0.13808587), (-0.12000025, -0.988919, -0.087402575), (-0.111159034, -0.9925387, 0.050105322), (-0.12477533, -0.99144244, 0.03838099), (-0.11168637, -0.9935816, 0.01793431), (0.03553788, -0.98978245, -0.13808587), (-0.052019443, -0.99232197, -0.1122106), (-0.12000025, -0.988919, -0.087402575), (-0.11562855, -0.98406905, -0.13504831), (-0.12000025, -0.988919, -0.087402575), (-0.052019443, -0.99232197, -0.1122106), (-0.052019443, -0.99232197, -0.1122106), (-0.082837194, -0.99276704, -0.08689953), (-0.11562855, -0.98406905, -0.13504831), (-0.051343743, -0.995543, 0.079106964), (-0.12477533, -0.99144244, 0.03838099), (-0.111159034, -0.9925387, 0.050105322), (-0.111159034, -0.9925387, 0.050105322), (-0.12000025, -0.988919, -0.087402575), (-0.051343743, -0.995543, 0.079106964), (-0.12000025, -0.988919, -0.087402575), (-0.11562855, -0.98406905, -0.13504831), (-0.051343743, -0.995543, 0.079106964), (-0.11562855, -0.98406905, -0.13504831), (0.013346232, -0.9999005, 0.004562379), (-0.051343743, -0.995543, 0.079106964), (0.063330874, -0.9979368, -0.010557969), (-0.12477533, -0.99144244, 0.03838099), (-0.051343743, -0.995543, 0.079106964), (-0.11562855, -0.98406905, -0.13504831), (-0.082837194, -0.99276704, -0.08689953), (-0.0045436276, -0.99003476, -0.14074965), (0.05275883, -0.9977733, 0.04080248), (0.063330874, -0.9979368, -0.010557969), (-0.051343743, -0.995543, 0.079106964), (0.05275883, -0.9977733, 0.04080248), (-0.051343743, -0.995543, 0.079106964), (0.013346232, -0.9999005, 0.004562379), (-0.11562855, -0.98406905, -0.13504831), (-0.015469842, -0.99235445, -0.1224475), (0.013346232, -0.9999005, 0.004562379), (-0.0045436276, -0.99003476, -0.14074965), (-0.015469842, -0.99235445, -0.1224475), (-0.11562855, -0.98406905, -0.13504831), (0.013346232, -0.9999005, 0.004562379), (0.016401997, -0.9993457, -0.032238007), (0.05275883, -0.9977733, 0.04080248), (0.05275883, -0.9977733, 0.04080248), (0.016401997, -0.9993457, -0.032238007), (0.022293212, -0.9997497, -0.0019002105), (-0.015469842, -0.99235445, -0.1224475), (0.016401997, -0.9993457, -0.032238007), (0.013346232, -0.9999005, 0.004562379), (-0.12716976, -0.9918191, -0.011080733), (-0.09484895, -0.9945337, -0.04366167), (-0.13806899, -0.9904178, 0.0030970438), (-0.1748709, -0.55523014, 0.8131049), (-0.079374075, -0.7128835, 0.6967761), (-0.13806899, -0.9904178, 0.0030970438), (-0.09484895, -0.9945337, -0.04366167), (0.03553788, -0.98978245, -0.13808587), (-0.0792107, -0.99520975, -0.057299923), (-0.079374075, -0.7128835, 0.6967761), (-0.12716976, -0.9918191, -0.011080733), (-0.13806899, -0.9904178, 0.0030970438), (-0.052019443, -0.99232197, -0.1122106), (0.03553788, -0.98978245, -0.13808587), (-0.09484895, -0.9945337, -0.04366167), (-0.09484895, -0.9945337, -0.04366167), (0.08123233, -0.99663395, -0.011044704), (-0.052019443, -0.99232197, -0.1122106), (-0.12716976, -0.9918191, -0.011080733), (0.08123233, -0.99663395, -0.011044704), (-0.09484895, -0.9945337, -0.04366167), (-0.079374075, -0.7128835, 0.6967761), (-0.1748709, -0.55523014, 0.8131049), (0.048517086, -0.5335954, 0.8443471), (-0.1748709, -0.55523014, 0.8131049), (-0.11705017, 0.30852032, 0.9439885), (0.048517086, -0.5335954, 0.8443471), (-0.32341465, 0.054604053, 0.9446805), (0.048517086, -0.5335954, 0.8443471), (-0.11705017, 0.30852032, 0.9439885), (0.08123233, -0.99663395, -0.011044704), (-0.12716976, -0.9918191, -0.011080733), (-0.079374075, -0.7128835, 0.6967761), (-0.079374075, -0.7128835, 0.6967761), (-0.029054692, -0.9973786, -0.06626959), (0.08123233, -0.99663395, -0.011044704), (-0.079374075, -0.7128835, 0.6967761), (-0.1383335, -0.97775626, -0.15765972), (-0.029054692, -0.9973786, -0.06626959), (0.048517086, -0.5335954, 0.8443471), (-0.1383335, -0.97775626, -0.15765972), (-0.079374075, -0.7128835, 0.6967761), (-0.052019443, -0.99232197, -0.1122106), (0.08123233, -0.99663395, -0.011044704), (-0.029054692, -0.9973786, -0.06626959), (0.048517086, -0.5335954, 0.8443471), (-0.33590853, -0.68803257, 0.64325476), (-0.1383335, -0.97775626, -0.15765972), (-0.32341465, 0.054604053, 0.9446805), (-0.33590853, -0.68803257, 0.64325476), (0.048517086, -0.5335954, 0.8443471), (-0.029054692, -0.9973786, -0.06626959), (-0.106990725, -0.9900283, 0.09163472), (-0.052019443, -0.99232197, -0.1122106), (-0.106990725, -0.9900283, 0.09163472), (-0.082837194, -0.99276704, -0.08689953), (-0.052019443, -0.99232197, -0.1122106), (-0.029054692, -0.9973786, -0.06626959), (-0.15469189, -0.9873547, -0.03465855), (-0.106990725, -0.9900283, 0.09163472), (-0.33590853, -0.68803257, 0.64325476), (-0.32341465, 0.054604053, 0.9446805), (-0.48597804, 0.25345773, 0.83641165), (-0.48597804, 0.25345773, 0.83641165), (-0.32341465, 0.054604053, 0.9446805), (-0.7393856, -0.14128399, 0.65829146), (-0.15469189, -0.9873547, -0.03465855), (-0.082837194, -0.99276704, -0.08689953), (-0.106990725, -0.9900283, 0.09163472), (-0.029054692, -0.9973786, -0.06626959), (-0.1383335, -0.97775626, -0.15765972), (-0.15469189, -0.9873547, -0.03465855), (-0.1383335, -0.97775626, -0.15765972), (-0.33590853, -0.68803257, 0.64325476), (-0.15469189, -0.9873547, -0.03465855), (-0.082837194, -0.99276704, -0.08689953), (-0.009679382, -0.99895084, -0.04476245), (-0.0045436276, -0.99003476, -0.14074965), (-0.48597804, 0.25345773, 0.83641165), (-0.5398096, -0.53849775, 0.647013), (-0.33590853, -0.68803257, 0.64325476), (-0.15469189, -0.9873547, -0.03465855), (-0.009679382, -0.99895084, -0.04476245), (-0.082837194, -0.99276704, -0.08689953), (-0.7393856, -0.14128399, 0.65829146), (-0.533927, -0.75325745, 0.38409013), (-0.48597804, 0.25345773, 0.83641165), (-0.48597804, 0.25345773, 0.83641165), (-0.533927, -0.75325745, 0.38409013), (-0.5398096, -0.53849775, 0.647013), (-0.84716076, -0.3759635, 0.37545967), (-0.7393856, -0.14128399, 0.65829146), (-0.7579546, -0.5886787, 0.28100228), (-0.533927, -0.75325745, 0.38409013), (-0.7393856, -0.14128399, 0.65829146), (-0.84716076, -0.3759635, 0.37545967), (-0.15469189, -0.9873547, -0.03465855), (-0.33590853, -0.68803257, 0.64325476), (-0.046857506, -0.9972364, -0.05765379), (0.00033767027, 0.7392285, -0.6734545), (0.010116977, -0.0054760864, -0.9999339), (-0.0067034056, -0.02532626, -0.9996567), (0.52741176, -0.83551115, -0.15413614), (0.617063, -0.65707964, -0.4329892), (0.9172418, -0.2953448, -0.2672804), (0.617063, -0.65707964, -0.4329892), (0.82830817, 0.03219571, -0.5593469), (0.9172418, -0.2953448, -0.2672804), (0.0032015133, 0.74319905, -0.66906273), (0.00033767027, 0.7392285, -0.6734545), (0.6512236, 0.75885755, 0.006558021), (0.617063, -0.65707964, -0.4329892), (0.26254046, 0.00938562, -0.96487534), (0.82830817, 0.03219571, -0.5593469), (0.00033767027, 0.7392285, -0.6734545), (0.0032015133, 0.74319905, -0.66906273), (0.010116977, -0.0054760864, -0.9999339), (0.26254046, 0.00938562, -0.96487534), (0.48026937, -0.17900816, -0.85866016), (0.82830817, 0.03219571, -0.5593469), (-0.0059273927, 0.1290943, -0.9916146), (0.26254046, 0.00938562, -0.96487534), (0.010116977, -0.0054760864, -0.9999339), (-0.0059273927, 0.1290943, -0.9916146), (-0.13318, 0.17103735, -0.97622204), (0.26254046, 0.00938562, -0.96487534), (-0.13318, 0.17103735, -0.97622204), (0.48026937, -0.17900816, -0.85866016), (0.26254046, 0.00938562, -0.96487534), (0.010116977, -0.0054760864, -0.9999339), (0.05119133, -0.6141114, -0.7875574), (-0.0059273927, 0.1290943, -0.9916146), (0.05119133, -0.6141114, -0.7875574), (0.005026207, 0.134204, -0.990941), (-0.0059273927, 0.1290943, -0.9916146), (0.005026207, 0.134204, -0.990941), (-0.13318, 0.17103735, -0.97622204), (-0.0059273927, 0.1290943, -0.9916146), (0.010116977, -0.0054760864, -0.9999339), (0.0032015133, 0.74319905, -0.66906273), (0.0029885692, 0.415672, -0.90950966), (0.005026207, 0.134204, -0.990941), (0.17434034, 0.20738108, -0.96259993), (0.014921604, 0.101680696, -0.99470514), (0.010116977, -0.0054760864, -0.9999339), (0.09493736, 0.14550845, -0.98479146), (0.05119133, -0.6141114, -0.7875574), (0.0029885692, 0.415672, -0.90950966), (0.09493736, 0.14550845, -0.98479146), (0.010116977, -0.0054760864, -0.9999339), (0.05119133, -0.6141114, -0.7875574), (0.09493736, 0.14550845, -0.98479146), (0.005026207, 0.134204, -0.990941), (0.005026207, 0.134204, -0.990941), (0.09493736, 0.14550845, -0.98479146), (0.17434034, 0.20738108, -0.96259993), (-0.0000142572135, 1, -0.0000016744169), (0.0032015133, 0.74319905, -0.66906273), (0.6512236, 0.75885755, 0.006558021), (0.0029885692, 0.415672, -0.90950966), (-0.02361154, 0.10315859, -0.9943846), (0.09493736, 0.14550845, -0.98479146), (0.17434034, 0.20738108, -0.96259993), (0.09493736, 0.14550845, -0.98479146), (-0.02361154, 0.10315859, -0.9943846), (-0.02361154, 0.10315859, -0.9943846), (-0.051590934, 0.06297746, -0.9966806), (0.17434034, 0.20738108, -0.96259993), (-0.0045436276, -0.99003476, -0.14074965), (-0.009679382, -0.99895084, -0.04476245), (0.0012988651, -0.9936801, -0.11224213), (0.016401997, -0.9993457, -0.032238007), (-0.015469842, -0.99235445, -0.1224475), (0.5318873, -0.846779, -0.007831375), (-0.015469842, -0.99235445, -0.1224475), (0.0012988651, -0.9936801, -0.11224213), (-0.029950324, -0.9922677, -0.1204487), (-0.0045436276, -0.99003476, -0.14074965), (0.0012988651, -0.9936801, -0.11224213), (-0.015469842, -0.99235445, -0.1224475), (0.022293212, -0.9997497, -0.0019002105), (0.016401997, -0.9993457, -0.032238007), (0.39034003, -0.90973604, 0.14147441), (0.5318873, -0.846779, -0.007831375), (-0.015469842, -0.99235445, -0.1224475), (-0.029950324, -0.9922677, -0.1204487), (0.016401997, -0.9993457, -0.032238007), (0.5318873, -0.846779, -0.007831375), (0.39034003, -0.90973604, 0.14147441), (-0.029950324, -0.9922677, -0.1204487), (0.0012988651, -0.9936801, -0.11224213), (0.43841556, -0.7813528, -0.4441617), (0.022293212, -0.9997497, -0.0019002105), (0.39034003, -0.90973604, 0.14147441), (0.009967548, -0.9980755, 0.061203934), (-0.029950324, -0.9922677, -0.1204487), (0.43841556, -0.7813528, -0.4441617), (0.5318873, -0.846779, -0.007831375), (0.39034003, -0.90973604, 0.14147441), (0.5318873, -0.846779, -0.007831375), (0.797338, -0.58870953, 0.13294035), (0.797338, -0.58870953, 0.13294035), (0.5318873, -0.846779, -0.007831375), (0.8760617, -0.4811971, 0.031069532), (0.43841556, -0.7813528, -0.4441617), (0.0012988651, -0.9936801, -0.11224213), (-0.023914589, -0.99445194, -0.102437615), (0.39034003, -0.90973604, 0.14147441), (0.797338, -0.58870953, 0.13294035), (0.8428101, -0.14906776, 0.5171556), (0.8428101, -0.14906776, 0.5171556), (0.32715055, -0.76062995, 0.56072676), (0.39034003, -0.90973604, 0.14147441), (0.5318873, -0.846779, -0.007831375), (0.43841556, -0.7813528, -0.4441617), (0.73526436, -0.3227826, -0.5959848), (-0.023914589, -0.99445194, -0.102437615), (0.0349761, -0.91248, -0.40762347), (0.43841556, -0.7813528, -0.4441617), (0.43841556, -0.7813528, -0.4441617), (0.0349761, -0.91248, -0.40762347), (0.153386, -0.26488775, -0.9520017), (0.32715055, -0.76062995, 0.56072676), (0.13772146, 0.06177297, 0.98854274), (0.111754276, -0.74272215, 0.66020805), (0.111754276, -0.74272215, 0.66020805), (-0.014038768, -0.9984304, 0.054218296), (0.32715055, -0.76062995, 0.56072676), (0.797338, -0.58870953, 0.13294035), (0.58386517, -0.24034509, 0.7754584), (0.78622913, -0.55602074, 0.26960108), (-0.18611582, -0.61536384, -0.7659558), (0.0349761, -0.91248, -0.40762347), (-0.023914589, -0.99445194, -0.102437615), (0.0349761, -0.91248, -0.40762347), (-0.18611582, -0.61536384, -0.7659558), (0.153386, -0.26488775, -0.9520017), (0.111754276, -0.74272215, 0.66020805), (0.13772146, 0.06177297, 0.98854274), (0.12469062, -0.08256401, 0.9887544), (0.153386, -0.26488775, -0.9520017), (-0.18611582, -0.61536384, -0.7659558), (-0.011144924, -0.23096173, -0.972899), (-0.023914589, -0.99445194, -0.102437615), (-0.24006355, -0.797281, -0.55381626), (-0.18611582, -0.61536384, -0.7659558), (-0.24006355, -0.797281, -0.55381626), (-0.35813695, -0.26813775, -0.89433783), (-0.18611582, -0.61536384, -0.7659558), (-0.24006355, -0.797281, -0.55381626), (-0.6091192, -0.7436335, -0.2756502), (-0.8850232, -0.04680134, -0.4631885), (-0.35813695, -0.26813775, -0.89433783), (-0.24006355, -0.797281, -0.55381626), (-0.8850232, -0.04680134, -0.4631885), (-0.33590853, -0.68803257, 0.64325476), (-0.5398096, -0.53849775, 0.647013), (-0.046857506, -0.9972364, -0.05765379), (-0.046857506, -0.9972364, -0.05765379), (-0.009679382, -0.99895084, -0.04476245), (-0.15469189, -0.9873547, -0.03465855), (-0.009679382, -0.99895084, -0.04476245), (-0.046857506, -0.9972364, -0.05765379), (0.023264023, -0.9958068, -0.088473685), (-0.046857506, -0.9972364, -0.05765379), (-0.5398096, -0.53849775, 0.647013), (-0.0016506768, -0.9999547, -0.009371442), (-0.046857506, -0.9972364, -0.05765379), (-0.0016506768, -0.9999547, -0.009371442), (0.023264023, -0.9958068, -0.088473685), (-0.0016506768, -0.9999547, -0.009371442), (-0.5398096, -0.53849775, 0.647013), (-0.036168925, -0.9993221, 0.0068667163), (-0.036168925, -0.9993221, 0.0068667163), (-0.044407994, -0.9984417, -0.033794224), (-0.0016506768, -0.9999547, -0.009371442), (-0.009679382, -0.99895084, -0.04476245), (-0.023914589, -0.99445194, -0.102437615), (0.0012988651, -0.9936801, -0.11224213), (0.023264023, -0.9958068, -0.088473685), (-0.023914589, -0.99445194, -0.102437615), (-0.009679382, -0.99895084, -0.04476245), (0.023264023, -0.9958068, -0.088473685), (-0.08739791, -0.996165, 0.004122881), (-0.023914589, -0.99445194, -0.102437615), (0.0040390478, -0.9939866, -0.109426886), (0.023264023, -0.9958068, -0.088473685), (-0.0016506768, -0.9999547, -0.009371442), (0.0040390478, -0.9939866, -0.109426886), (-0.0016506768, -0.9999547, -0.009371442), (-0.044407994, -0.9984417, -0.033794224), (0.0040390478, -0.9939866, -0.109426886), (-0.029289182, -0.998493, -0.04641007), (0.023264023, -0.9958068, -0.088473685), (-0.029289182, -0.998493, -0.04641007), (-0.08739791, -0.996165, 0.004122881), (0.023264023, -0.9958068, -0.088473685), (-0.029289182, -0.998493, -0.04641007), (-0.02182758, -0.9966356, -0.07899946), (-0.016388608, -0.99820656, -0.05757659), (-0.029289182, -0.998493, -0.04641007), (-0.016388608, -0.99820656, -0.05757659), (-0.08739791, -0.996165, 0.004122881), (0.0040390478, -0.9939866, -0.109426886), (-0.02182758, -0.9966356, -0.07899946), (-0.029289182, -0.998493, -0.04641007), (-0.023914589, -0.99445194, -0.102437615), (-0.08739791, -0.996165, 0.004122881), (-0.016388608, -0.99820656, -0.05757659), (-0.044407994, -0.9984417, -0.033794224), (-0.02182758, -0.9966356, -0.07899946), (0.0040390478, -0.9939866, -0.109426886), (-0.7512079, -0.37849924, 0.5407634), (-0.78183067, -0.14566545, 0.6062363), (-0.84716076, -0.3759635, 0.37545967), (-0.84716076, -0.3759635, 0.37545967), (-0.5779934, -0.77629393, 0.2515777), (-0.533927, -0.75325745, 0.38409013), (-0.84716076, -0.3759635, 0.37545967), (-0.78183067, -0.14566545, 0.6062363), (-0.5779934, -0.77629393, 0.2515777), (-0.7386821, 0.06490025, 0.6709222), (-0.78183067, -0.14566545, 0.6062363), (-0.7512079, -0.37849924, 0.5407634), (-0.036168925, -0.9993221, 0.0068667163), (-0.5398096, -0.53849775, 0.647013), (-0.533927, -0.75325745, 0.38409013), (-0.533927, -0.75325745, 0.38409013), (-0.5779934, -0.77629393, 0.2515777), (-0.036168925, -0.9993221, 0.0068667163), (-0.1958055, -0.63168555, 0.75008905), (-0.5779934, -0.77629393, 0.2515777), (-0.78183067, -0.14566545, 0.6062363), (-0.2590225, -0.008159456, 0.9658368), (-0.78183067, -0.14566545, 0.6062363), (-0.7386821, 0.06490025, 0.6709222), (-0.2590225, -0.008159456, 0.9658368), (-0.1958055, -0.63168555, 0.75008905), (-0.78183067, -0.14566545, 0.6062363), (-0.5779934, -0.77629393, 0.2515777), (-0.06796577, -0.9970985, 0.034283437), (-0.036168925, -0.9993221, 0.0068667163), (-0.06796577, -0.9970985, 0.034283437), (-0.1958055, -0.63168555, 0.75008905), (0.13027555, -0.70298505, 0.6991711), (-0.2590225, -0.008159456, 0.9658368), (0.13027555, -0.70298505, 0.6991711), (-0.1958055, -0.63168555, 0.75008905), (-0.06796577, -0.9970985, 0.034283437), (-0.5779934, -0.77629393, 0.2515777), (-0.1958055, -0.63168555, 0.75008905), (-0.2590225, -0.008159456, 0.9658368), (-0.21107437, -0.16864155, 0.96281236), (0.13027555, -0.70298505, 0.6991711), (0.13027555, -0.70298505, 0.6991711), (-0.21107437, -0.16864155, 0.96281236), (-0.2352146, -0.06713213, 0.9696223), (-0.06796577, -0.9970985, 0.034283437), (-0.044407994, -0.9984417, -0.033794224), (-0.036168925, -0.9993221, 0.0068667163), (-0.06796577, -0.9970985, 0.034283437), (0.13027555, -0.70298505, 0.6991711), (-0.5093782, -0.55405885, 0.6584472), (-0.5093782, -0.55405885, 0.6584472), (0.13027555, -0.70298505, 0.6991711), (-0.2352146, -0.06713213, 0.9696223), (-0.06796577, -0.9970985, 0.034283437), (-0.09888001, -0.9946106, -0.031183442), (-0.044407994, -0.9984417, -0.033794224), (-0.59727305, -0.35239664, 0.7204731), (-0.2352146, -0.06713213, 0.9696223), (-0.21107437, -0.16864155, 0.96281236), (-0.59727305, -0.35239664, 0.7204731), (-0.7769735, -0.12644881, 0.6167032), (-0.2352146, -0.06713213, 0.9696223), (-0.5211973, -0.673347, 0.5243636), (-0.09888001, -0.9946106, -0.031183442), (-0.06796577, -0.9970985, 0.034283437), (-0.06796577, -0.9970985, 0.034283437), (-0.5093782, -0.55405885, 0.6584472), (-0.5211973, -0.673347, 0.5243636), (-0.6701055, -0.022602359, 0.7419216), (-0.5211973, -0.673347, 0.5243636), (-0.5093782, -0.55405885, 0.6584472), (-0.6701055, -0.022602359, 0.7419216), (-0.5093782, -0.55405885, 0.6584472), (-0.2352146, -0.06713213, 0.9696223), (-0.7769735, -0.12644881, 0.6167032), (-0.6701055, -0.022602359, 0.7419216), (-0.2352146, -0.06713213, 0.9696223), (-0.6701055, -0.022602359, 0.7419216), (-0.7769735, -0.12644881, 0.6167032), (-0.5211973, -0.673347, 0.5243636), (-0.044014834, -0.97680646, 0.20955133), (-0.046209864, -0.9956958, 0.080339804), (-0.5211973, -0.673347, 0.5243636), (-0.7769735, -0.12644881, 0.6167032), (-0.77900296, -0.5144313, 0.35848966), (-0.5211973, -0.673347, 0.5243636), (-0.7129639, -0.48047847, 0.5107082), (-0.9303713, -0.120996565, 0.3460768), (-0.7769735, -0.12644881, 0.6167032), (-0.0636093, -0.9928038, -0.10146221), (-0.044407994, -0.9984417, -0.033794224), (-0.09888001, -0.9946106, -0.031183442), (-0.09888001, -0.9946106, -0.031183442), (-0.5211973, -0.673347, 0.5243636), (-0.046209864, -0.9956958, 0.080339804), (-0.77900296, -0.5144313, 0.35848966), (-0.044014834, -0.97680646, 0.20955133), (-0.5211973, -0.673347, 0.5243636), (-0.0000142572135, 1, -0.0000016744169), (-0.000390254, 0.7438435, -0.6683537), (0.0032015133, 0.74319905, -0.66906273), (0.0032015133, 0.74319905, -0.66906273), (-0.000390254, 0.7438435, -0.6683537), (0.0029885692, 0.415672, -0.90950966), (-0.02361154, 0.10315859, -0.9943846), (-0.18232627, -0.06950485, -0.98077834), (-0.051590934, 0.06297746, -0.9966806), (-0.37858525, -0.0017372718, -0.92556477), (-0.051590934, 0.06297746, -0.9966806), (-0.18232627, -0.06950485, -0.98077834), (-0.18232627, -0.06950485, -0.98077834), (-0.074868254, -0.40069187, -0.9131489), (-0.37858525, -0.0017372718, -0.92556477), (-0.02361154, 0.10315859, -0.9943846), (-0.0047136485, -0.004621436, -0.9999781), (-0.18232627, -0.06950485, -0.98077834), (-0.074868254, -0.40069187, -0.9131489), (-0.25175688, -0.07510777, -0.96487164), (-0.37858525, -0.0017372718, -0.92556477), (-0.02361154, 0.10315859, -0.9943846), (0.0029885692, 0.415672, -0.90950966), (-0.0047136485, -0.004621436, -0.9999781), (-0.0047136485, -0.004621436, -0.9999781), (0.090619, -0.3998635, -0.91208404), (-0.18232627, -0.06950485, -0.98077834), (0.090619, -0.3998635, -0.91208404), (-0.074868254, -0.40069187, -0.9131489), (-0.18232627, -0.06950485, -0.98077834), (-0.0047136485, -0.004621436, -0.9999781), (0.0029885692, 0.415672, -0.90950966), (-0.000390254, 0.7438435, -0.6683537), (0.11388053, -0.40884563, -0.9054704), (-0.074868254, -0.40069187, -0.9131489), (0.090619, -0.3998635, -0.91208404), (-0.074868254, -0.40069187, -0.9131489), (0.11388053, -0.40884563, -0.9054704), (-0.25175688, -0.07510777, -0.96487164), (-0.25175688, -0.07510777, -0.96487164), (0.11388053, -0.40884563, -0.9054704), (0.04796586, -0.23828295, -0.9700105), (-0.08145421, -0.28388682, -0.95539176), (0.090619, -0.3998635, -0.91208404), (-0.0047136485, -0.004621436, -0.9999781), (0.090619, -0.3998635, -0.91208404), (-0.08145421, -0.28388682, -0.95539176), (0.11388053, -0.40884563, -0.9054704), (-0.08145421, -0.28388682, -0.95539176), (0.04796586, -0.23828295, -0.9700105), (0.11388053, -0.40884563, -0.9054704), (-0.08145421, -0.28388682, -0.95539176), (-0.40332595, -0.4272109, -0.809209), (0.04796586, -0.23828295, -0.9700105), (-0.027518839, -0.7360951, -0.67631847), (-0.52433175, -0.7145305, -0.46316564), (-0.08145421, -0.28388682, -0.95539176), (-0.40332595, -0.4272109, -0.809209), (-0.08145421, -0.28388682, -0.95539176), (-0.52433175, -0.7145305, -0.46316564), (-0.0047136485, -0.004621436, -0.9999781), (-0.027518839, -0.7360951, -0.67631847), (-0.08145421, -0.28388682, -0.95539176), (-0.00052019843, 0.73639643, -0.67655015), (-0.0047136485, -0.004621436, -0.9999781), (-0.000390254, 0.7438435, -0.6683537), (-0.004390703, -0.1362187, -0.9906691), (-0.027518839, -0.7360951, -0.67631847), (-0.0047136485, -0.004621436, -0.9999781), (-0.9113764, -0.07174875, -0.40527183), (-0.52433175, -0.7145305, -0.46316564), (-0.61192197, -0.7909182, -0.00006303439), (-0.027518839, -0.7360951, -0.67631847), (-0.61192197, -0.7909182, -0.00006303439), (-0.52433175, -0.7145305, -0.46316564), (-0.7769735, -0.12644881, 0.6167032), (-0.9303713, -0.120996565, 0.3460768), (-0.77900296, -0.5144313, 0.35848966), (-0.9303713, -0.120996565, 0.3460768), (-0.9928039, -0.04971378, 0.108945586), (-0.77900296, -0.5144313, 0.35848966), (-0.068501525, -0.99727017, -0.0275653), (-0.6091192, -0.7436335, -0.2756502), (-0.24006355, -0.797281, -0.55381626), (0.024514336, -0.99964494, -0.010444772), (-0.068501525, -0.99727017, -0.0275653), (-0.24006355, -0.797281, -0.55381626), (-0.24006355, -0.797281, -0.55381626), (-0.023914589, -0.99445194, -0.102437615), (0.024514336, -0.99964494, -0.010444772), (-0.6091192, -0.7436335, -0.2756502), (-0.7427279, -0.66525006, -0.07614265), (-0.997374, 0.032527003, -0.06470759), (-0.7427279, -0.66525006, -0.07614265), (-0.6004082, -0.75597394, 0.26079366), (-0.997374, 0.032527003, -0.06470759), (-0.6091192, -0.7436335, -0.2756502), (-0.997374, 0.032527003, -0.06470759), (-0.8850232, -0.04680134, -0.4631885), (-0.997374, 0.032527003, -0.06470759), (-0.9563572, -0.19250287, -0.2198263), (-0.8850232, -0.04680134, -0.4631885), (-0.96762, -0.05937785, 0.24532823), (-0.997374, 0.032527003, -0.06470759), (-0.6004082, -0.75597394, 0.26079366), (0.024514336, -0.99964494, -0.010444772), (-0.023914589, -0.99445194, -0.102437615), (-0.016388608, -0.99820656, -0.05757659), (-0.028884988, -0.99707633, -0.07074158), (-0.6004082, -0.75597394, 0.26079366), (-0.7427279, -0.66525006, -0.07614265), (-0.7427279, -0.66525006, -0.07614265), (-0.6091192, -0.7436335, -0.2756502), (-0.068501525, -0.99727017, -0.0275653), (-0.061926607, -0.99804044, 0.008966155), (-0.6004082, -0.75597394, 0.26079366), (-0.028884988, -0.99707633, -0.07074158), (-0.068501525, -0.99727017, -0.0275653), (-0.028884988, -0.99707633, -0.07074158), (-0.7427279, -0.66525006, -0.07614265), (0.024514336, -0.99964494, -0.010444772), (-0.045172196, -0.998963, 0.0057031782), (-0.08165751, -0.99584645, 0.040273473), (-0.068501525, -0.99727017, -0.0275653), (0.024514336, -0.99964494, -0.010444772), (-0.08165751, -0.99584645, 0.040273473), (-0.08165751, -0.99584645, 0.040273473), (-0.090829305, -0.99505705, -0.040144876), (-0.068501525, -0.99727017, -0.0275653), (-0.068501525, -0.99727017, -0.0275653), (-0.061926607, -0.99804044, 0.008966155), (-0.028884988, -0.99707633, -0.07074158), (-0.090829305, -0.99505705, -0.040144876), (-0.08165751, -0.99584645, 0.040273473), (-0.20430556, -0.9753158, -0.08377486), (-0.07149267, -0.99686193, -0.033985816), (-0.061926607, -0.99804044, 0.008966155), (-0.068501525, -0.99727017, -0.0275653), (0.0029454809, -0.999413, -0.034130864), (-0.061926607, -0.99804044, 0.008966155), (-0.07149267, -0.99686193, -0.033985816), (-0.090829305, -0.99505705, -0.040144876), (-0.07149267, -0.99686193, -0.033985816), (-0.068501525, -0.99727017, -0.0275653), (-0.14711528, -0.98396593, -0.10083707), (-0.043089066, -0.99399745, -0.100560635), (-0.090829305, -0.99505705, -0.040144876), (-0.07149267, -0.99686193, -0.033985816), (-0.090829305, -0.99505705, -0.040144876), (-0.03995523, -0.9983093, -0.04221534), (-0.043089066, -0.99399745, -0.100560635), (-0.03995523, -0.9983093, -0.04221534), (-0.090829305, -0.99505705, -0.040144876), (-0.07149267, -0.99686193, -0.033985816), (0.011662736, -0.99576116, -0.09123387), (0.0029454809, -0.999413, -0.034130864), (-0.043089066, -0.99399745, -0.100560635), (-0.14711528, -0.98396593, -0.10083707), (-0.10482663, -0.9925358, -0.06232189), (-0.02182758, -0.9966356, -0.07899946), (-0.00046538396, -0.99626124, -0.086391196), (-0.016388608, -0.99820656, -0.05757659), (-0.0636093, -0.9928038, -0.10146221), (-0.02182758, -0.9966356, -0.07899946), (-0.044407994, -0.9984417, -0.033794224), (-0.016388608, -0.99820656, -0.05757659), (-0.00046538396, -0.99626124, -0.086391196), (0.0327583, -0.9931243, -0.112387374), (-0.02182758, -0.9966356, -0.07899946), (-0.0636093, -0.9928038, -0.10146221), (-0.00046538396, -0.99626124, -0.086391196), (0.024514336, -0.99964494, -0.010444772), (-0.016388608, -0.99820656, -0.05757659), (-0.045172196, -0.998963, 0.0057031782), (-0.045172196, -0.998963, 0.0057031782), (-0.016388608, -0.99820656, -0.05757659), (0.0327583, -0.9931243, -0.112387374), (-0.16124876, -0.98219675, -0.096375786), (0.0327583, -0.9931243, -0.112387374), (-0.00046538396, -0.99626124, -0.086391196), (-0.00046538396, -0.99626124, -0.086391196), (-0.0636093, -0.9928038, -0.10146221), (-0.06482714, -0.98900104, -0.1329447), (-0.00046538396, -0.99626124, -0.086391196), (-0.06482714, -0.98900104, -0.1329447), (-0.16124876, -0.98219675, -0.096375786), (-0.16124876, -0.98219675, -0.096375786), (-0.20430556, -0.9753158, -0.08377486), (-0.045172196, -0.998963, 0.0057031782), (-0.16124876, -0.98219675, -0.096375786), (-0.045172196, -0.998963, 0.0057031782), (0.0327583, -0.9931243, -0.112387374), (-0.071129106, -0.9954192, -0.06388525), (-0.06482714, -0.98900104, -0.1329447), (-0.0636093, -0.9928038, -0.10146221), (-0.045172196, -0.998963, 0.0057031782), (-0.20430556, -0.9753158, -0.08377486), (-0.08165751, -0.99584645, 0.040273473), (-0.16124876, -0.98219675, -0.096375786), (-0.23425794, -0.97143537, -0.037902396), (-0.20430556, -0.9753158, -0.08377486), (-0.14711528, -0.98396593, -0.10083707), (-0.090829305, -0.99505705, -0.040144876), (-0.20430556, -0.9753158, -0.08377486), (-0.10482663, -0.9925358, -0.06232189), (-0.14711528, -0.98396593, -0.10083707), (-0.20430556, -0.9753158, -0.08377486), (-0.23425794, -0.97143537, -0.037902396), (-0.10482663, -0.9925358, -0.06232189), (-0.20430556, -0.9753158, -0.08377486), (-0.05204463, -0.9982883, -0.026681462), (-0.23425794, -0.97143537, -0.037902396), (-0.16124876, -0.98219675, -0.096375786), (-0.06482714, -0.98900104, -0.1329447), (-0.05204463, -0.9982883, -0.026681462), (-0.16124876, -0.98219675, -0.096375786), (-0.10482663, -0.9925358, -0.06232189), (-0.23425794, -0.97143537, -0.037902396), (-0.05204463, -0.9982883, -0.026681462), (-0.05204463, -0.9982883, -0.026681462), (-0.06482714, -0.98900104, -0.1329447), (-0.08601152, -0.99364233, -0.0726422), (-0.015038016, -0.99694526, -0.076641314), (-0.06482714, -0.98900104, -0.1329447), (-0.071129106, -0.9954192, -0.06388525), (-0.05204463, -0.9982883, -0.026681462), (-0.08601152, -0.99364233, -0.0726422), (-0.10482663, -0.9925358, -0.06232189), (-0.10482663, -0.9925358, -0.06232189), (-0.08601152, -0.99364233, -0.0726422), (-0.051741835, -0.99798846, -0.036630705), (-0.06482714, -0.98900104, -0.1329447), (-0.015038016, -0.99694526, -0.076641314), (-0.08601152, -0.99364233, -0.0726422), (-0.071129106, -0.9954192, -0.06388525), (-0.09888001, -0.9946106, -0.031183442), (-0.046209864, -0.9956958, 0.080339804), (-0.04082171, -0.9755435, 0.21598223), (-0.046209864, -0.9956958, 0.080339804), (-0.044014834, -0.97680646, 0.20955133), (-0.071129106, -0.9954192, -0.06388525), (-0.0636093, -0.9928038, -0.10146221), (-0.09888001, -0.9946106, -0.031183442), (-0.04082171, -0.9755435, 0.21598223), (-0.030827474, -0.98516464, 0.16882011), (-0.046209864, -0.9956958, 0.080339804), (-0.08348248, -0.99509525, 0.053065658), (-0.071129106, -0.9954192, -0.06388525), (-0.046209864, -0.9956958, 0.080339804), (-0.030827474, -0.98516464, 0.16882011), (-0.08348248, -0.99509525, 0.053065658), (-0.046209864, -0.9956958, 0.080339804), (-0.04082171, -0.9755435, 0.21598223), (-0.035016518, -0.9817821, 0.18675576), (-0.030827474, -0.98516464, 0.16882011), (-0.046700496, -0.9987863, 0.015649008), (-0.071129106, -0.9954192, -0.06388525), (-0.08348248, -0.99509525, 0.053065658), (-0.030827474, -0.98516464, 0.16882011), (0.051144414, -0.98748463, 0.14919163), (-0.046700496, -0.9987863, 0.015649008), (-0.035016518, -0.9817821, 0.18675576), (0.057675716, -0.9809619, 0.18543784), (-0.030827474, -0.98516464, 0.16882011), (-0.035016518, -0.9817821, 0.18675576), (0.0044287965, -0.97462153, 0.22381538), (0.057675716, -0.9809619, 0.18543784), (-0.071129106, -0.9954192, -0.06388525), (-0.046700496, -0.9987863, 0.015649008), (-0.015038016, -0.99694526, -0.076641314), (-0.030827474, -0.98516464, 0.16882011), (0.057675716, -0.9809619, 0.18543784), (0.051144414, -0.98748463, 0.14919163), (0.051144414, -0.98748463, 0.14919163), (0.089686066, -0.9937504, 0.06645677), (-0.046700496, -0.9987863, 0.015649008), (0.089686066, -0.9937504, 0.06645677), (-0.015038016, -0.99694526, -0.076641314), (-0.046700496, -0.9987863, 0.015649008), (0.051085673, -0.98072803, 0.18858117), (0.057675716, -0.9809619, 0.18543784), (0.0044287965, -0.97462153, 0.22381538), (-0.027518839, -0.7360951, -0.67631847), (-0.004390703, -0.1362187, -0.9906691), (0.028165193, -0.77059615, -0.6367009), (-0.77900296, -0.5144313, 0.35848966), (-0.9928039, -0.04971378, 0.108945586), (-0.61192197, -0.7909182, -0.00006303439), (-0.027518839, -0.7360951, -0.67631847), (-0.037301246, -0.9976441, 0.057574604), (-0.61192197, -0.7909182, -0.00006303439), (-0.037301246, -0.9976441, 0.057574604), (-0.027518839, -0.7360951, -0.67631847), (0.028165193, -0.77059615, -0.6367009), (-0.9369484, -0.30203733, -0.17578715), (-0.9113764, -0.07174875, -0.40527183), (-0.9928039, -0.04971378, 0.108945586), (-0.9113764, -0.07174875, -0.40527183), (-0.61192197, -0.7909182, -0.00006303439), (-0.9928039, -0.04971378, 0.108945586), (-0.00052019843, 0.73639643, -0.67655015), (-0.000390254, 0.7438435, -0.6683537), (-0.0000142572135, 1, -0.0000016744169), (-0.002011561, -0.016405849, -0.9998633), (-0.0047136485, -0.004621436, -0.9999781), (-0.00052019843, 0.73639643, -0.67655015), (-0.61192197, -0.7909182, -0.00006303439), (-0.04082171, -0.9755435, 0.21598223), (-0.044014834, -0.97680646, 0.20955133), (-0.004390703, -0.1362187, -0.9906691), (-0.0047136485, -0.004621436, -0.9999781), (-0.002011561, -0.016405849, -0.9998633), (-0.77900296, -0.5144313, 0.35848966), (-0.61192197, -0.7909182, -0.00006303439), (-0.044014834, -0.97680646, 0.20955133), (-0.035016518, -0.9817821, 0.18675576), (-0.04082171, -0.9755435, 0.21598223), (-0.61192197, -0.7909182, -0.00006303439), (-0.020382576, -0.99301594, 0.11620581), (-0.035016518, -0.9817821, 0.18675576), (-0.61192197, -0.7909182, -0.00006303439), (-0.020382576, -0.99301594, 0.11620581), (-0.037301246, -0.9976441, 0.057574604), (0.028165193, -0.77059615, -0.6367009), (-0.037301246, -0.9976441, 0.057574604), (-0.020382576, -0.99301594, 0.11620581), (-0.61192197, -0.7909182, -0.00006303439), (-0.004390703, -0.1362187, -0.9906691), (0.054578852, -0.88526016, -0.46188268), (0.028165193, -0.77059615, -0.6367009), (-0.020382576, -0.99301594, 0.11620581), (0.03848052, -0.99135864, 0.12540857), (0.018954076, -0.985228, 0.17019564), (-0.020382576, -0.99301594, 0.11620581), (0.028165193, -0.77059615, -0.6367009), (0.054578852, -0.88526016, -0.46188268), (-0.020382576, -0.99301594, 0.11620581), (0.054578852, -0.88526016, -0.46188268), (0.03848052, -0.99135864, 0.12540857), (-0.004390703, -0.1362187, -0.9906691), (-0.008340086, -0.7871209, -0.61674255), (0.054578852, -0.88526016, -0.46188268), (0.018954076, -0.985228, 0.17019564), (-0.035016518, -0.9817821, 0.18675576), (-0.020382576, -0.99301594, 0.11620581), (-0.002011561, -0.016405849, -0.9998633), (-0.008340086, -0.7871209, -0.61674255), (-0.004390703, -0.1362187, -0.9906691), (-0.008340086, -0.7871209, -0.61674255), (0.03848052, -0.99135864, 0.12540857), (0.054578852, -0.88526016, -0.46188268), (-0.00052019843, 0.73639643, -0.67655015), (0.0001036921, 0.73550385, -0.6775205), (-0.002011561, -0.016405849, -0.9998633), (0.0044287965, -0.97462153, 0.22381538), (-0.035016518, -0.9817821, 0.18675576), (0.018954076, -0.985228, 0.17019564), (0.04590775, -0.97646505, 0.21073318), (0.0044287965, -0.97462153, 0.22381538), (0.018954076, -0.985228, 0.17019564), (0.051523454, -0.99797636, 0.037263412), (0.018954076, -0.985228, 0.17019564), (0.03848052, -0.99135864, 0.12540857), (-0.008340086, -0.7871209, -0.61674255), (0.051523454, -0.99797636, 0.037263412), (0.03848052, -0.99135864, 0.12540857), (-0.0025231722, -0.016549429, -0.9998598), (-0.0017501729, -0.6737659, -0.7389427), (-0.002011561, -0.016405849, -0.9998633), (-0.0017501729, -0.6737659, -0.7389427), (0.051523454, -0.99797636, 0.037263412), (-0.008340086, -0.7871209, -0.61674255), (-0.008340086, -0.7871209, -0.61674255), (-0.002011561, -0.016405849, -0.9998633), (-0.0017501729, -0.6737659, -0.7389427), (0.0001036921, 0.73550385, -0.6775205), (-0.0025231722, -0.016549429, -0.9998598), (-0.002011561, -0.016405849, -0.9998633), (0.051523454, -0.99797636, 0.037263412), (0.04590775, -0.97646505, 0.21073318), (0.018954076, -0.985228, 0.17019564), (0.002007822, 0.99986106, -0.016547529), (0.0001036921, 0.73550385, -0.6775205), (-0.0000142572135, 1, -0.0000016744169), (-0.00052019843, 0.73639643, -0.67655015), (-0.0000142572135, 1, -0.0000016744169), (0.0001036921, 0.73550385, -0.6775205), (0.04590775, -0.97646505, 0.21073318), (0.051085673, -0.98072803, 0.18858117), (0.0044287965, -0.97462153, 0.22381538), (0.745718, -0.641882, -0.17858322), (-0.12811673, -0.9646528, -0.23028462), (0.43627366, -0.84538347, 0.30820784), (-0.12811673, -0.9646528, -0.23028462), (0.745718, -0.641882, -0.17858322), (0.052992713, -0.987465, -0.14867625), (0.43627366, -0.84538347, 0.30820784), (-0.044242263, -0.72185814, 0.6906254), (0.66556144, -0.12551188, 0.7357137), (-0.12811673, -0.9646528, -0.23028462), (-0.044242263, -0.72185814, 0.6906254), (0.43627366, -0.84538347, 0.30820784), (0.86599237, -0.15652345, 0.47492898), (0.80969614, -0.46644923, 0.35611388), (0.5689958, -0.81378216, 0.1183322), (0.80969614, -0.46644923, 0.35611388), (0.47538438, -0.8386108, 0.26597315), (0.5689958, -0.81378216, 0.1183322), (0.80969614, -0.46644923, 0.35611388), (0.608268, -0.43639466, 0.6630006), (0.47538438, -0.8386108, 0.26597315), (0.84971136, -0.29786348, 0.43504912), (0.6295668, -0.59634376, 0.49801582), (0.80969614, -0.46644923, 0.35611388), (0.84971136, -0.29786348, 0.43504912), (0.76811826, -0.22060774, 0.60110444), (0.6295668, -0.59634376, 0.49801582), (0.33068654, -0.80674386, 0.48970464), (0.47538438, -0.8386108, 0.26597315), (0.608268, -0.43639466, 0.6630006), (0.80969614, -0.46644923, 0.35611388), (0.6295668, -0.59634376, 0.49801582), (0.608268, -0.43639466, 0.6630006), (0.33068654, -0.80674386, 0.48970464), (0.15559609, -0.7106529, 0.68612117), (-0.044242263, -0.72185814, 0.6906254), (0.6295668, -0.59634376, 0.49801582), (0.76811826, -0.22060774, 0.60110444), (0.44915697, -0.6935495, 0.563247), (0.42678094, -0.4910388, 0.75943327), (0.33068654, -0.80674386, 0.48970464), (0.608268, -0.43639466, 0.6630006), (0.608268, -0.43639466, 0.6630006), (0.6295668, -0.59634376, 0.49801582), (0.42678094, -0.4910388, 0.75943327), (0.6295668, -0.59634376, 0.49801582), (0.35689577, -0.8715129, 0.33628967), (0.42678094, -0.4910388, 0.75943327), (0.44915697, -0.6935495, 0.563247), (0.5012917, -0.78902346, 0.3551741), (0.52436966, -0.7566252, 0.3905826), (0.44915697, -0.6935495, 0.563247), (0.52436966, -0.7566252, 0.3905826), (0.6295668, -0.59634376, 0.49801582), (0.33068654, -0.80674386, 0.48970464), (0.27201948, -0.820134, 0.50337416), (0.15559609, -0.7106529, 0.68612117), (0.52436966, -0.7566252, 0.3905826), (0.35689577, -0.8715129, 0.33628967), (0.6295668, -0.59634376, 0.49801582), (0.27201948, -0.820134, 0.50337416), (0.2198892, -0.6778592, 0.7015381), (0.15559609, -0.7106529, 0.68612117), (0.33068654, -0.80674386, 0.48970464), (0.42678094, -0.4910388, 0.75943327), (0.2753572, -0.3894694, 0.87891525), (0.35689577, -0.8715129, 0.33628967), (0.23113601, -0.54989237, 0.8026173), (0.42678094, -0.4910388, 0.75943327), (0.35651392, -0.70000285, 0.61878407), (0.35689577, -0.8715129, 0.33628967), (0.52436966, -0.7566252, 0.3905826), (0.78602386, -0.6166196, 0.04412333), (0.9747724, -0.10827826, 0.19517837), (0.52855825, -0.8308381, 0.17416666), (0.99670947, 0.0576458, -0.05698557), (0.97720104, 0.060082514, 0.20363764), (0.99540365, -0.0930654, 0.022592194), (0.97720104, 0.060082514, 0.20363764), (0.8735453, -0.38417116, 0.29888323), (0.88381344, -0.09775826, 0.4575119), (0.94325835, -0.3078528, -0.12446057), (0.99670947, 0.0576458, -0.05698557), (0.99324316, -0.0577867, -0.100642025), (0.99670947, 0.0576458, -0.05698557), (0.8735453, -0.38417116, 0.29888323), (0.97720104, 0.060082514, 0.20363764), (0.94325835, -0.3078528, -0.12446057), (0.8735453, -0.38417116, 0.29888323), (0.99670947, 0.0576458, -0.05698557), (0.94325835, -0.3078528, -0.12446057), (0.5797366, -0.8104625, 0.084001005), (0.8735453, -0.38417116, 0.29888323), (0.52855825, -0.8308381, 0.17416666), (0.9747724, -0.10827826, 0.19517837), (0.87625253, -0.17580381, 0.4486363), (0.78602386, -0.6166196, 0.04412333), (0.99540365, -0.0930654, 0.022592194), (0.9747724, -0.10827826, 0.19517837), (0.86599237, -0.15652345, 0.47492898), (0.52855825, -0.8308381, 0.17416666), (0.87625253, -0.17580381, 0.4486363), (0.81827295, -0.4856859, -0.30747125), (0.99324316, -0.0577867, -0.100642025), (0.78602386, -0.6166196, 0.04412333), (0.99324316, -0.0577867, -0.100642025), (0.99540365, -0.0930654, 0.022592194), (0.78602386, -0.6166196, 0.04412333), (0.81827295, -0.4856859, -0.30747125), (0.91019404, 0.0024489681, -0.4141749), (0.99324316, -0.0577867, -0.100642025), (0.97720104, 0.060082514, 0.20363764), (0.88381344, -0.09775826, 0.4575119), (0.9747724, -0.10827826, 0.19517837), (0.99540365, -0.0930654, 0.022592194), (0.97720104, 0.060082514, 0.20363764), (0.9747724, -0.10827826, 0.19517837), (0.99324316, -0.0577867, -0.100642025), (0.99670947, 0.0576458, -0.05698557), (0.99540365, -0.0930654, 0.022592194), (0.6303951, -0.6995604, 0.33647776), (0.8735453, -0.38417116, 0.29888323), (0.43157464, -0.8571253, 0.2812109), (0.94325835, -0.3078528, -0.12446057), (0.99324316, -0.0577867, -0.100642025), (0.87626696, -0.15351367, -0.45671636), (0.8735453, -0.38417116, 0.29888323), (0.5797366, -0.8104625, 0.084001005), (0.43157464, -0.8571253, 0.2812109), (0.87625253, -0.17580381, 0.4486363), (0.9747724, -0.10827826, 0.19517837), (0.88381344, -0.09775826, 0.4575119), (0.87625253, -0.17580381, 0.4486363), (0.88381344, -0.09775826, 0.4575119), (0.86599237, -0.15652345, 0.47492898), (0.712488, -0.56267333, 0.41923702), (0.88381344, -0.09775826, 0.4575119), (0.6303951, -0.6995604, 0.33647776), (0.8735453, -0.38417116, 0.29888323), (0.6303951, -0.6995604, 0.33647776), (0.88381344, -0.09775826, 0.4575119), (0.5797366, -0.8104625, 0.084001005), (0.5324867, -0.83635455, 0.13026488), (0.43157464, -0.8571253, 0.2812109), (0.4688822, -0.8826746, -0.032172017), (0.5324867, -0.83635455, 0.13026488), (0.5797366, -0.8104625, 0.084001005), (0.6896854, -0.6909879, -0.21649459), (0.5797366, -0.8104625, 0.084001005), (0.94325835, -0.3078528, -0.12446057), (0.69331235, -0.6796212, 0.23965172), (0.86599237, -0.15652345, 0.47492898), (0.5689958, -0.81378216, 0.1183322), (0.86599237, -0.15652345, 0.47492898), (0.84971136, -0.29786348, 0.43504912), (0.80969614, -0.46644923, 0.35611388), (0.86599237, -0.15652345, 0.47492898), (0.76811826, -0.22060774, 0.60110444), (0.84971136, -0.29786348, 0.43504912), (0.88381344, -0.09775826, 0.4575119), (0.76811826, -0.22060774, 0.60110444), (0.86599237, -0.15652345, 0.47492898), (0.88381344, -0.09775826, 0.4575119), (0.712488, -0.56267333, 0.41923702), (0.76811826, -0.22060774, 0.60110444), (0.712488, -0.56267333, 0.41923702), (0.6303951, -0.6995604, 0.33647776), (0.56027263, -0.7610896, 0.3268595), (0.5324867, -0.83635455, 0.13026488), (0.6303951, -0.6995604, 0.33647776), (0.43157464, -0.8571253, 0.2812109), (0.25648588, -0.9641146, -0.06854157), (0.4688822, -0.8826746, -0.032172017), (0.5797366, -0.8104625, 0.084001005), (0.56027263, -0.7610896, 0.3268595), (0.5012917, -0.78902346, 0.3551741), (0.712488, -0.56267333, 0.41923702), (0.56027263, -0.7610896, 0.3268595), (0.6303951, -0.6995604, 0.33647776), (0.5324867, -0.83635455, 0.13026488), (0.712488, -0.56267333, 0.41923702), (0.5012917, -0.78902346, 0.3551741), (0.76811826, -0.22060774, 0.60110444), (0.25648588, -0.9641146, -0.06854157), (0.08762497, -0.98927325, -0.11687798), (0.4688822, -0.8826746, -0.032172017), (0.5324867, -0.83635455, 0.13026488), (0.6781789, -0.4744751, 0.56120116), (0.56027263, -0.7610896, 0.3268595), (0.5324867, -0.83635455, 0.13026488), (0.49996734, -0.85764086, -0.12035281), (0.6781789, -0.4744751, 0.56120116), (0.4688822, -0.8826746, -0.032172017), (0.49996734, -0.85764086, -0.12035281), (0.5324867, -0.83635455, 0.13026488), (0.49996734, -0.85764086, -0.12035281), (0.4688822, -0.8826746, -0.032172017), (0.39592573, -0.8414879, -0.36761516), (0.76811826, -0.22060774, 0.60110444), (0.5012917, -0.78902346, 0.3551741), (0.44915697, -0.6935495, 0.563247), (0.39592573, -0.8414879, -0.36761516), (0.4688822, -0.8826746, -0.032172017), (0.2875238, -0.8957646, -0.3390216), (0.49996734, -0.85764086, -0.12035281), (0.48417896, -0.80619615, 0.34002745), (0.6781789, -0.4744751, 0.56120116), (0.52436966, -0.7566252, 0.3905826), (0.5012917, -0.78902346, 0.3551741), (0.56027263, -0.7610896, 0.3268595), (0.35651392, -0.70000285, 0.61878407), (0.56027263, -0.7610896, 0.3268595), (0.6781789, -0.4744751, 0.56120116), (0.6781789, -0.4744751, 0.56120116), (0.48417896, -0.80619615, 0.34002745), (0.19759753, -0.8240005, 0.5310164), (0.062483378, -0.99274904, -0.102690205), (0.48417896, -0.80619615, 0.34002745), (0.49996734, -0.85764086, -0.12035281), (0.39592573, -0.8414879, -0.36761516), (-0.016947638, -0.93332535, -0.35863164), (0.49996734, -0.85764086, -0.12035281), (0.19759753, -0.8240005, 0.5310164), (0.35651392, -0.70000285, 0.61878407), (0.6781789, -0.4744751, 0.56120116), (0.2875238, -0.8957646, -0.3390216), (-0.016947638, -0.93332535, -0.35863164), (0.39592573, -0.8414879, -0.36761516), (0.35651392, -0.70000285, 0.61878407), (0.52436966, -0.7566252, 0.3905826), (0.56027263, -0.7610896, 0.3268595), (0.2875238, -0.8957646, -0.3390216), (0.2840446, -0.9123005, -0.29500237), (-0.016947638, -0.93332535, -0.35863164), (0.19759753, -0.8240005, 0.5310164), (-0.096312694, -0.45254964, 0.88652277), (0.35651392, -0.70000285, 0.61878407), (0.49996734, -0.85764086, -0.12035281), (-0.016947638, -0.93332535, -0.35863164), (0.062483378, -0.99274904, -0.102690205), (-0.026457962, -0.9219405, 0.38642684), (0.35651392, -0.70000285, 0.61878407), (-0.096312694, -0.45254964, 0.88652277), (0.81827295, -0.4856859, -0.30747125), (0.81918657, -0.14842013, -0.55398995), (0.91019404, 0.0024489681, -0.4141749), (0.99324316, -0.0577867, -0.100642025), (0.91019404, 0.0024489681, -0.4141749), (0.87626696, -0.15351367, -0.45671636), (0.87626696, -0.15351367, -0.45671636), (0.6896854, -0.6909879, -0.21649459), (0.94325835, -0.3078528, -0.12446057), (0.81918657, -0.14842013, -0.55398995), (0.7588869, -0.13166903, -0.63777256), (0.91019404, 0.0024489681, -0.4141749), (0.91019404, 0.0024489681, -0.4141749), (0.7588869, -0.13166903, -0.63777256), (0.87626696, -0.15351367, -0.45671636), (0.7588869, -0.13166903, -0.63777256), (0.6313521, -0.33014706, -0.70171034), (0.87626696, -0.15351367, -0.45671636), (0.57893014, -0.6280287, -0.5200191), (0.6896854, -0.6909879, -0.21649459), (0.87626696, -0.15351367, -0.45671636), (0.6896854, -0.6909879, -0.21649459), (0.25648588, -0.9641146, -0.06854157), (0.5797366, -0.8104625, 0.084001005), (0.7588869, -0.13166903, -0.63777256), (0.74452555, 0.00243855, -0.6675896), (0.6313521, -0.33014706, -0.70171034), (0.57893014, -0.6280287, -0.5200191), (0.87626696, -0.15351367, -0.45671636), (0.6313521, -0.33014706, -0.70171034), (0.25648588, -0.9641146, -0.06854157), (0.6896854, -0.6909879, -0.21649459), (0.57893014, -0.6280287, -0.5200191), (0.57893014, -0.6280287, -0.5200191), (0.27213916, -0.9300511, -0.24687086), (0.25648588, -0.9641146, -0.06854157), (0.74452555, 0.00243855, -0.6675896), (0.5908918, -0.0785502, -0.8029178), (0.6313521, -0.33014706, -0.70171034), (0.4362839, -0.848117, -0.3005893), (0.53243154, -0.1949758, -0.8237119), (0.7588869, -0.13166903, -0.63777256), (0.7588869, -0.13166903, -0.63777256), (0.5908918, -0.0785502, -0.8029178), (0.74452555, 0.00243855, -0.6675896), (0.5908918, -0.0785502, -0.8029178), (0.7588869, -0.13166903, -0.63777256), (0.53243154, -0.1949758, -0.8237119), (0.5908918, -0.0785502, -0.8029178), (0.40206376, -0.70208687, -0.5877233), (0.6313521, -0.33014706, -0.70171034), (0.1242098, -0.96235466, -0.24175484), (0.57893014, -0.6280287, -0.5200191), (0.6313521, -0.33014706, -0.70171034), (0.08762497, -0.98927325, -0.11687798), (0.25648588, -0.9641146, -0.06854157), (0.27213916, -0.9300511, -0.24687086), (0.4447728, -0.6140278, -0.6520329), (0.36104268, -0.1737728, -0.9162157), (0.53243154, -0.1949758, -0.8237119), (0.53243154, -0.1949758, -0.8237119), (0.4362839, -0.848117, -0.3005893), (0.4447728, -0.6140278, -0.6520329), (0.08762497, -0.98927325, -0.11687798), (0.27213916, -0.9300511, -0.24687086), (0.1242098, -0.96235466, -0.24175484), (0.27213916, -0.9300511, -0.24687086), (0.57893014, -0.6280287, -0.5200191), (0.1242098, -0.96235466, -0.24175484), (0.1242098, -0.96235466, -0.24175484), (-0.006554354, -0.9932416, -0.11587928), (0.08762497, -0.98927325, -0.11687798), (0.1242098, -0.96235466, -0.24175484), (0.6313521, -0.33014706, -0.70171034), (0.40206376, -0.70208687, -0.5877233), (0.08762497, -0.98927325, -0.11687798), (0.2875238, -0.8957646, -0.3390216), (0.4688822, -0.8826746, -0.032172017), (0.53243154, -0.1949758, -0.8237119), (0.36104268, -0.1737728, -0.9162157), (0.5908918, -0.0785502, -0.8029178), (0.36104268, -0.1737728, -0.9162157), (0.38249785, -0.39920932, -0.8332631), (0.5908918, -0.0785502, -0.8029178), (0.40206376, -0.70208687, -0.5877233), (0.5908918, -0.0785502, -0.8029178), (0.38249785, -0.39920932, -0.8332631), (-0.006554354, -0.9932416, -0.11587928), (0.2875238, -0.8957646, -0.3390216), (0.08762497, -0.98927325, -0.11687798), (-0.006554354, -0.9932416, -0.11587928), (0.11149271, -0.955821, -0.2719846), (0.2875238, -0.8957646, -0.3390216), (0.4447728, -0.6140278, -0.6520329), (0.3303131, -0.6152707, -0.71577585), (0.36104268, -0.1737728, -0.9162157), (0.40206376, -0.70208687, -0.5877233), (0.38249785, -0.39920932, -0.8332631), (0.1305838, -0.8776958, -0.46108368), (0.40206376, -0.70208687, -0.5877233), (0.1305838, -0.8776958, -0.46108368), (0.1242098, -0.96235466, -0.24175484), (0.11149271, -0.955821, -0.2719846), (0.2840446, -0.9123005, -0.29500237), (0.2875238, -0.8957646, -0.3390216), (0.36104268, -0.1737728, -0.9162157), (0.38883582, -0.0065047983, -0.9212841), (0.38249785, -0.39920932, -0.8332631), (0.1305838, -0.8776958, -0.46108368), (-0.006554354, -0.9932416, -0.11587928), (0.1242098, -0.96235466, -0.24175484), (0.2753572, -0.3894694, 0.87891525), (0.27201948, -0.820134, 0.50337416), (0.33068654, -0.80674386, 0.48970464), (0.42678094, -0.4910388, 0.75943327), (0.23113601, -0.54989237, 0.8026173), (0.2753572, -0.3894694, 0.87891525), (0.27201948, -0.820134, 0.50337416), (-0.26264235, -0.8653409, 0.42685387), (0.2198892, -0.6778592, 0.7015381), (0.2753572, -0.3894694, 0.87891525), (0.22407298, -0.4643883, 0.8568167), (0.27201948, -0.820134, 0.50337416), (0.2198892, -0.6778592, 0.7015381), (-0.26264235, -0.8653409, 0.42685387), (0.009247856, -0.020292012, 0.99975127), (-0.26264235, -0.8653409, 0.42685387), (0.27201948, -0.820134, 0.50337416), (-0.41394663, -0.8224981, 0.3900578), (0.2753572, -0.3894694, 0.87891525), (-0.04526353, -0.3705617, 0.9277042), (0.22407298, -0.4643883, 0.8568167), (0.009421241, -0.53682786, 0.84363925), (-0.04526353, -0.3705617, 0.9277042), (0.2753572, -0.3894694, 0.87891525), (0.009421241, -0.53682786, 0.84363925), (0.2753572, -0.3894694, 0.87891525), (0.23113601, -0.54989237, 0.8026173), (0.35689577, -0.8715129, 0.33628967), (-0.026457962, -0.9219405, 0.38642684), (0.05915263, -0.940211, 0.33541644), (-0.026457962, -0.9219405, 0.38642684), (0.35689577, -0.8715129, 0.33628967), (0.35651392, -0.70000285, 0.61878407), (0.22407298, -0.4643883, 0.8568167), (-0.41394663, -0.8224981, 0.3900578), (0.27201948, -0.820134, 0.50337416), (-0.10125609, -0.865313, 0.4908977), (0.05915263, -0.940211, 0.33541644), (-0.026457962, -0.9219405, 0.38642684), (0.009247856, -0.020292012, 0.99975127), (-0.26264235, -0.8653409, 0.42685387), (-0.18104091, -0.5906282, 0.78637296), (-0.26264235, -0.8653409, 0.42685387), (-0.41394663, -0.8224981, 0.3900578), (-0.34462357, -0.81649786, 0.46321255), (0.22407298, -0.4643883, 0.8568167), (-0.04526353, -0.3705617, 0.9277042), (-0.41394663, -0.8224981, 0.3900578), (0.05915263, -0.940211, 0.33541644), (0.23113601, -0.54989237, 0.8026173), (0.35689577, -0.8715129, 0.33628967), (0.05915263, -0.940211, 0.33541644), (0.009421241, -0.53682786, 0.84363925), (0.23113601, -0.54989237, 0.8026173), (-0.04526353, -0.3705617, 0.9277042), (0.009421241, -0.53682786, 0.84363925), (-0.2647602, -0.33489564, 0.90429354), (-0.34462357, -0.81649786, 0.46321255), (-0.41394663, -0.8224981, 0.3900578), (-0.07512125, -0.8101034, 0.5814544), (-0.41394663, -0.8224981, 0.3900578), (-0.2691852, -0.2980273, 0.915816), (-0.07512125, -0.8101034, 0.5814544), (-0.2691852, -0.2980273, 0.915816), (-0.41394663, -0.8224981, 0.3900578), (-0.04526353, -0.3705617, 0.9277042), (-0.04526353, -0.3705617, 0.9277042), (-0.2647602, -0.33489564, 0.90429354), (-0.2691852, -0.2980273, 0.915816), (0.05915263, -0.940211, 0.33541644), (-0.10125609, -0.865313, 0.4908977), (0.009421241, -0.53682786, 0.84363925), (-0.07512125, -0.8101034, 0.5814544), (0.103811316, -0.9862545, 0.12855041), (-0.34462357, -0.81649786, 0.46321255), (0.009421241, -0.53682786, 0.84363925), (-0.10125609, -0.865313, 0.4908977), (-0.2647602, -0.33489564, 0.90429354), (-0.10125609, -0.865313, 0.4908977), (-0.4190633, -0.7540421, 0.50577325), (-0.2647602, -0.33489564, 0.90429354), (-0.40535456, -0.7537735, 0.5172169), (-0.07512125, -0.8101034, 0.5814544), (-0.2691852, -0.2980273, 0.915816), (-0.10125609, -0.865313, 0.4908977), (-0.02903606, -0.94596505, 0.32296595), (-0.4190633, -0.7540421, 0.50577325), (-0.2691852, -0.2980273, 0.915816), (-0.2647602, -0.33489564, 0.90429354), (-0.6323154, -0.33333686, 0.6993311), (-0.2647602, -0.33489564, 0.90429354), (-0.4190633, -0.7540421, 0.50577325), (-0.6323154, -0.33333686, 0.6993311), (0.07827758, -0.61836684, 0.78198147), (0.103811316, -0.9862545, 0.12855041), (0.08818044, -0.7298054, 0.6779442), (0.103811316, -0.9862545, 0.12855041), (-0.07512125, -0.8101034, 0.5814544), (-0.40535456, -0.7537735, 0.5172169), (-0.6323154, -0.33333686, 0.6993311), (-0.40535456, -0.7537735, 0.5172169), (-0.2691852, -0.2980273, 0.915816), (-0.14449526, -0.9841148, -0.103145786), (-0.20397699, -0.90636915, 0.36998433), (0.103811316, -0.9862545, 0.12855041), (-0.40535456, -0.7537735, 0.5172169), (-0.14449526, -0.9841148, -0.103145786), (0.103811316, -0.9862545, 0.12855041), (0.103811316, -0.9862545, 0.12855041), (-0.20397699, -0.90636915, 0.36998433), (0.08818044, -0.7298054, 0.6779442), (-0.40535456, -0.7537735, 0.5172169), (-0.6371709, -0.7656729, 0.08808098), (-0.14449526, -0.9841148, -0.103145786), (-0.6371709, -0.7656729, 0.08808098), (-0.40535456, -0.7537735, 0.5172169), (-0.6323154, -0.33333686, 0.6993311), (-0.5117466, -0.4091571, 0.7554508), (-0.6323154, -0.33333686, 0.6993311), (-0.4190633, -0.7540421, 0.50577325), (-0.02903606, -0.94596505, 0.32296595), (-0.5117466, -0.4091571, 0.7554508), (-0.4190633, -0.7540421, 0.50577325), (-0.6371709, -0.7656729, 0.08808098), (-0.6323154, -0.33333686, 0.6993311), (-0.5347294, -0.80943334, 0.24265648), (-0.5117466, -0.4091571, 0.7554508), (-0.52360773, -0.21229245, 0.825086), (-0.6323154, -0.33333686, 0.6993311), (-0.0389485, -0.60124177, 0.79811734), (-0.19229603, -0.2544657, 0.94777083), (-0.5117466, -0.4091571, 0.7554508), (-0.14449526, -0.9841148, -0.103145786), (-0.14222306, -0.97885257, -0.14703798), (-0.20397699, -0.90636915, 0.36998433), (-0.5347294, -0.80943334, 0.24265648), (-0.6323154, -0.33333686, 0.6993311), (-0.52360773, -0.21229245, 0.825086), (-0.5117466, -0.4091571, 0.7554508), (-0.19229603, -0.2544657, 0.94777083), (-0.52360773, -0.21229245, 0.825086), (0.2840446, -0.9123005, -0.29500237), (0.18781483, -0.96935713, -0.15834227), (-0.016947638, -0.93332535, -0.35863164), (0.19759753, -0.8240005, 0.5310164), (-0.18238561, -0.8345131, 0.5199263), (-0.096312694, -0.45254964, 0.88652277), (0.48417896, -0.80619615, 0.34002745), (-0.18238561, -0.8345131, 0.5199263), (0.19759753, -0.8240005, 0.5310164), (0.48417896, -0.80619615, 0.34002745), (0.062483378, -0.99274904, -0.102690205), (-0.18238561, -0.8345131, 0.5199263), (0.062483378, -0.99274904, -0.102690205), (-0.23134935, -0.97266805, 0.019860314), (-0.18238561, -0.8345131, 0.5199263), (-0.016947638, -0.93332535, -0.35863164), (-0.23134935, -0.97266805, 0.019860314), (0.062483378, -0.99274904, -0.102690205), (-0.026457962, -0.9219405, 0.38642684), (-0.096312694, -0.45254964, 0.88652277), (-0.002687598, -0.7638481, 0.6453904), (0.18781483, -0.96935713, -0.15834227), (0.2840446, -0.9123005, -0.29500237), (0.49594575, -0.8679805, -0.025450941), (0.18781483, -0.96935713, -0.15834227), (-0.23134935, -0.97266805, 0.019860314), (-0.016947638, -0.93332535, -0.35863164), (0.18781483, -0.96935713, -0.15834227), (0.49594575, -0.8679805, -0.025450941), (0.11106709, -0.9433379, 0.3126944), (0.093599916, -0.5884202, 0.80311936), (-0.096312694, -0.45254964, 0.88652277), (-0.18238561, -0.8345131, 0.5199263), (0.093599916, -0.5884202, 0.80311936), (-0.002687598, -0.7638481, 0.6453904), (-0.096312694, -0.45254964, 0.88652277), (0.18781483, -0.96935713, -0.15834227), (0.11106709, -0.9433379, 0.3126944), (-0.23134935, -0.97266805, 0.019860314), (0.49594575, -0.8679805, -0.025450941), (0.37672174, -0.9198678, 0.10919647), (0.11106709, -0.9433379, 0.3126944), (0.093599916, -0.5884202, 0.80311936), (-0.18238561, -0.8345131, 0.5199263), (-0.23134935, -0.97266805, 0.019860314), (0.093599916, -0.5884202, 0.80311936), (-0.23134935, -0.97266805, 0.019860314), (0.11106709, -0.9433379, 0.3126944), (0.057237428, -0.95444936, 0.29283127), (-0.026457962, -0.9219405, 0.38642684), (-0.002687598, -0.7638481, 0.6453904), (-0.026457962, -0.9219405, 0.38642684), (0.057237428, -0.95444936, 0.29283127), (-0.10125609, -0.865313, 0.4908977), (0.057237428, -0.95444936, 0.29283127), (-0.002687598, -0.7638481, 0.6453904), (0.30117312, -0.7519934, 0.5863452), (-0.002687598, -0.7638481, 0.6453904), (0.093599916, -0.5884202, 0.80311936), (0.30117312, -0.7519934, 0.5863452), (0.11106709, -0.9433379, 0.3126944), (0.30117312, -0.7519934, 0.5863452), (0.093599916, -0.5884202, 0.80311936), (0.057237428, -0.95444936, 0.29283127), (-0.02903606, -0.94596505, 0.32296595), (-0.10125609, -0.865313, 0.4908977), (0.13310745, -0.93997204, 0.31422108), (0.30117312, -0.7519934, 0.5863452), (0.11106709, -0.9433379, 0.3126944), (0.11106709, -0.9433379, 0.3126944), (0.37672174, -0.9198678, 0.10919647), (0.13310745, -0.93997204, 0.31422108), (-0.12538865, -0.68203527, 0.72048986), (0.057237428, -0.95444936, 0.29283127), (0.30117312, -0.7519934, 0.5863452), (-0.12538865, -0.68203527, 0.72048986), (0.30117312, -0.7519934, 0.5863452), (0.13310745, -0.93997204, 0.31422108), (0.13310745, -0.93997204, 0.31422108), (-0.5194389, -0.73394847, 0.4376103), (-0.12538865, -0.68203527, 0.72048986), (0.13310745, -0.93997204, 0.31422108), (-0.1023081, -0.9805922, 0.16724846), (-0.5194389, -0.73394847, 0.4376103), (0.37672174, -0.9198678, 0.10919647), (-0.1023081, -0.9805922, 0.16724846), (0.13310745, -0.93997204, 0.31422108), (-0.2328766, -0.9216694, 0.31031275), (-0.02903606, -0.94596505, 0.32296595), (0.057237428, -0.95444936, 0.29283127), (-0.12538865, -0.68203527, 0.72048986), (-0.2328766, -0.9216694, 0.31031275), (0.057237428, -0.95444936, 0.29283127), (-0.5194389, -0.73394847, 0.4376103), (-0.2328766, -0.9216694, 0.31031275), (-0.12538865, -0.68203527, 0.72048986), (-0.66016805, -0.6880787, 0.3012076), (-0.5194389, -0.73394847, 0.4376103), (-0.1023081, -0.9805922, 0.16724846), (-0.1023081, -0.9805922, 0.16724846), (0.37672174, -0.9198678, 0.10919647), (0.17628223, -0.98006415, 0.091645375), (-0.6710254, -0.7203371, 0.17561145), (-0.1023081, -0.9805922, 0.16724846), (-0.31086716, -0.94382375, -0.112064004), (0.17628223, -0.98006415, 0.091645375), (-0.31086716, -0.94382375, -0.112064004), (-0.1023081, -0.9805922, 0.16724846), (-0.02903606, -0.94596505, 0.32296595), (-0.2328766, -0.9216694, 0.31031275), (-0.0029579687, -0.94011426, 0.3408468), (-0.5194389, -0.73394847, 0.4376103), (-0.54183334, -0.8219662, 0.17546608), (-0.2328766, -0.9216694, 0.31031275), (-0.54183334, -0.8219662, 0.17546608), (-0.5194389, -0.73394847, 0.4376103), (-0.66016805, -0.6880787, 0.3012076), (-0.66016805, -0.6880787, 0.3012076), (-0.55856663, -0.8109208, 0.17438701), (-0.54183334, -0.8219662, 0.17546608), (-0.6710254, -0.7203371, 0.17561145), (-0.66016805, -0.6880787, 0.3012076), (-0.1023081, -0.9805922, 0.16724846), (-0.02903606, -0.94596505, 0.32296595), (-0.0389485, -0.60124177, 0.79811734), (-0.5117466, -0.4091571, 0.7554508), (-0.0389485, -0.60124177, 0.79811734), (-0.02903606, -0.94596505, 0.32296595), (-0.0029579687, -0.94011426, 0.3408468), (-0.6710254, -0.7203371, 0.17561145), (-0.77428114, -0.6323322, 0.02539396), (-0.55856663, -0.8109208, 0.17438701), (-0.66016805, -0.6880787, 0.3012076), (-0.6710254, -0.7203371, 0.17561145), (-0.55856663, -0.8109208, 0.17438701), (-0.2328766, -0.9216694, 0.31031275), (-0.54183334, -0.8219662, 0.17546608), (0.026043274, -0.99900717, -0.0361455), (-0.55856663, -0.8109208, 0.17438701), (-0.77428114, -0.6323322, 0.02539396), (-0.5609976, -0.81918275, 0.119252756), (0.26200604, -0.72141564, -0.64102453), (0.37224895, -0.36485, -0.8534138), (0.3303131, -0.6152707, -0.71577585), (0.3303131, -0.6152707, -0.71577585), (0.37224895, -0.36485, -0.8534138), (0.36104268, -0.1737728, -0.9162157), (0.37224895, -0.36485, -0.8534138), (0.38883582, -0.0065047983, -0.9212841), (0.36104268, -0.1737728, -0.9162157), (0.1552679, -0.9534188, -0.25862032), (0.1305838, -0.8776958, -0.46108368), (0.10910781, -0.81548536, -0.5684007), (-0.006554354, -0.9932416, -0.11587928), (0.1552679, -0.9534188, -0.25862032), (0.11149271, -0.955821, -0.2719846), (0.1305838, -0.8776958, -0.46108368), (0.1552679, -0.9534188, -0.25862032), (-0.006554354, -0.9932416, -0.11587928), (0.1552679, -0.9534188, -0.25862032), (0.43320152, -0.83330196, -0.34342995), (0.11149271, -0.955821, -0.2719846), (0.24330285, -0.37565297, -0.894253), (0.38249785, -0.39920932, -0.8332631), (0.38883582, -0.0065047983, -0.9212841), (0.2840446, -0.9123005, -0.29500237), (0.11149271, -0.955821, -0.2719846), (0.43320152, -0.83330196, -0.34342995), (0.38249785, -0.39920932, -0.8332631), (0.10910781, -0.81548536, -0.5684007), (0.1305838, -0.8776958, -0.46108368), (0.5680134, -0.7330956, -0.37407425), (0.2840446, -0.9123005, -0.29500237), (0.43320152, -0.83330196, -0.34342995), (0.37224895, -0.36485, -0.8534138), (0.09767103, -0.42824566, -0.89836854), (0.38883582, -0.0065047983, -0.9212841), (0.2840446, -0.9123005, -0.29500237), (0.5680134, -0.7330956, -0.37407425), (0.49594575, -0.8679805, -0.025450941), (0.23873717, -0.257085, -0.93643576), (0.24330285, -0.37565297, -0.894253), (0.38883582, -0.0065047983, -0.9212841), (0.24330285, -0.37565297, -0.894253), (0.20741388, -0.7090888, -0.6739234), (0.10910781, -0.81548536, -0.5684007), (0.3466724, -0.76865256, -0.53757924), (0.1552679, -0.9534188, -0.25862032), (0.10910781, -0.81548536, -0.5684007), (0.1552679, -0.9534188, -0.25862032), (0.3466724, -0.76865256, -0.53757924), (0.43320152, -0.83330196, -0.34342995), (0.43320152, -0.83330196, -0.34342995), (0.3466724, -0.76865256, -0.53757924), (0.5680134, -0.7330956, -0.37407425), (0.09767103, -0.42824566, -0.89836854), (0.23873717, -0.257085, -0.93643576), (0.38883582, -0.0065047983, -0.9212841), (0.24330285, -0.37565297, -0.894253), (0.23873717, -0.257085, -0.93643576), (0.20741388, -0.7090888, -0.6739234), (0.3466724, -0.76865256, -0.53757924), (0.10910781, -0.81548536, -0.5684007), (0.20741388, -0.7090888, -0.6739234), (0.3466724, -0.76865256, -0.53757924), (0.25563848, -0.7703112, -0.5841829), (0.5680134, -0.7330956, -0.37407425), (0.3466724, -0.76865256, -0.53757924), (0.49982393, -0.5368104, -0.6797135), (0.25563848, -0.7703112, -0.5841829), (0.49594575, -0.8679805, -0.025450941), (0.5680134, -0.7330956, -0.37407425), (0.29754224, -0.8885513, -0.34920636), (0.5680134, -0.7330956, -0.37407425), (0.25563848, -0.7703112, -0.5841829), (0.29754224, -0.8885513, -0.34920636), (0.113327175, -0.24750781, -0.96223533), (0.23873717, -0.257085, -0.93643576), (0.09913556, -0.2851056, -0.95335555), (0.3466724, -0.76865256, -0.53757924), (0.20741388, -0.7090888, -0.6739234), (0.2766374, -0.75157833, -0.59883356), (0.37362683, -0.5703272, -0.7315257), (0.3466724, -0.76865256, -0.53757924), (0.2766374, -0.75157833, -0.59883356), (0.3466724, -0.76865256, -0.53757924), (0.37362683, -0.5703272, -0.7315257), (0.49982393, -0.5368104, -0.6797135), (0.18721949, -0.9803246, -0.062549114), (0.37672174, -0.9198678, 0.10919647), (0.49594575, -0.8679805, -0.025450941), (0.29754224, -0.8885513, -0.34920636), (0.18721949, -0.9803246, -0.062549114), (0.49594575, -0.8679805, -0.025450941), (0.37362683, -0.5703272, -0.7315257), (0.103785396, -0.65999484, -0.7440668), (0.49982393, -0.5368104, -0.6797135), (0.09913556, -0.2851056, -0.95335555), (0.12181315, 0.14367889, -0.98209876), (0.113327175, -0.24750781, -0.96223533), (0.2766374, -0.75157833, -0.59883356), (0.20741388, -0.7090888, -0.6739234), (0.036727708, -0.6503776, -0.75872266), (0.2766374, -0.75157833, -0.59883356), (0.036727708, -0.6503776, -0.75872266), (0.37362683, -0.5703272, -0.7315257), (0.49982393, -0.5368104, -0.6797135), (0.103785396, -0.65999484, -0.7440668), (0.25563848, -0.7703112, -0.5841829), (0.25563848, -0.7703112, -0.5841829), (-0.20069136, -0.900665, -0.38538998), (0.29754224, -0.8885513, -0.34920636), (0.37672174, -0.9198678, 0.10919647), (0.18721949, -0.9803246, -0.062549114), (0.17628223, -0.98006415, 0.091645375), (0.29754224, -0.8885513, -0.34920636), (-0.20069136, -0.900665, -0.38538998), (0.18721949, -0.9803246, -0.062549114), (0.20741388, -0.7090888, -0.6739234), (0.23873717, -0.257085, -0.93643576), (0.113327175, -0.24750781, -0.96223533), (0.37362683, -0.5703272, -0.7315257), (0.036727708, -0.6503776, -0.75872266), (0.103785396, -0.65999484, -0.7440668), (-0.5564985, -0.7110072, -0.42985833), (-0.20069136, -0.900665, -0.38538998), (0.25563848, -0.7703112, -0.5841829), (0.25563848, -0.7703112, -0.5841829), (0.103785396, -0.65999484, -0.7440668), (-0.5564985, -0.7110072, -0.42985833), (0.18721949, -0.9803246, -0.062549114), (-0.20069136, -0.900665, -0.38538998), (-0.31086716, -0.94382375, -0.112064004), (0.113327175, -0.24750781, -0.96223533), (-0.042990126, -0.61922795, -0.7840336), (0.20741388, -0.7090888, -0.6739234), (0.20741388, -0.7090888, -0.6739234), (-0.042990126, -0.61922795, -0.7840336), (0.036727708, -0.6503776, -0.75872266), (0.103785396, -0.65999484, -0.7440668), (0.036727708, -0.6503776, -0.75872266), (-0.27902132, -0.85768044, -0.43189275), (0.17628223, -0.98006415, 0.091645375), (0.18721949, -0.9803246, -0.062549114), (-0.31086716, -0.94382375, -0.112064004), (-0.27902132, -0.85768044, -0.43189275), (-0.5564985, -0.7110072, -0.42985833), (0.103785396, -0.65999484, -0.7440668), (-0.5564985, -0.7110072, -0.42985833), (-0.32338935, -0.74911743, -0.5781369), (-0.20069136, -0.900665, -0.38538998), (-0.16915075, 0.16562323, -0.9715745), (-0.38098812, -0.112919174, -0.9176587), (0.12181315, 0.14367889, -0.98209876), (-0.38098812, -0.112919174, -0.9176587), (0.113327175, -0.24750781, -0.96223533), (0.12181315, 0.14367889, -0.98209876), (-0.32338935, -0.74911743, -0.5781369), (-0.5564985, -0.7110072, -0.42985833), (-0.4292046, -0.71805, -0.5478938), (-0.5564985, -0.7110072, -0.42985833), (-0.27902132, -0.85768044, -0.43189275), (-0.4292046, -0.71805, -0.5478938), (-0.4292046, -0.71805, -0.5478938), (-0.10285556, -0.6952841, -0.71133727), (-0.32338935, -0.74911743, -0.5781369), (-0.33644983, -0.8500454, -0.4052461), (-0.31086716, -0.94382375, -0.112064004), (-0.20069136, -0.900665, -0.38538998), (0.113327175, -0.24750781, -0.96223533), (-0.38098812, -0.112919174, -0.9176587), (-0.042990126, -0.61922795, -0.7840336), (-0.27902132, -0.85768044, -0.43189275), (0.036727708, -0.6503776, -0.75872266), (-0.042990126, -0.61922795, -0.7840336), (-0.4292046, -0.71805, -0.5478938), (-0.27902132, -0.85768044, -0.43189275), (-0.21365601, -0.8854065, -0.4128032), (-0.25813907, -0.8769598, -0.4053464), (-0.27902132, -0.85768044, -0.43189275), (-0.042990126, -0.61922795, -0.7840336), (-0.32338935, -0.74911743, -0.5781369), (-0.33644983, -0.8500454, -0.4052461), (-0.20069136, -0.900665, -0.38538998), (-0.10285556, -0.6952841, -0.71133727), (-0.33644983, -0.8500454, -0.4052461), (-0.32338935, -0.74911743, -0.5781369), (-0.31086716, -0.94382375, -0.112064004), (-0.33644983, -0.8500454, -0.4052461), (-0.77428114, -0.6323322, 0.02539396), (-0.25813907, -0.8769598, -0.4053464), (-0.042990126, -0.61922795, -0.7840336), (-0.39935446, -0.5214367, -0.75406873), (-0.27902132, -0.85768044, -0.43189275), (-0.25813907, -0.8769598, -0.4053464), (-0.21365601, -0.8854065, -0.4128032), (-0.21365601, -0.8854065, -0.4128032), (-0.10285556, -0.6952841, -0.71133727), (-0.4292046, -0.71805, -0.5478938), (-0.6710254, -0.7203371, 0.17561145), (-0.31086716, -0.94382375, -0.112064004), (-0.77428114, -0.6323322, 0.02539396), (-0.52360773, -0.21229245, 0.825086), (-0.3182316, -0.72887516, 0.6061928), (-0.5347294, -0.80943334, 0.24265648), (-0.52360773, -0.21229245, 0.825086), (-0.12662731, -0.40869313, 0.90384483), (0.18058722, -0.69656044, 0.6944004), (-0.19229603, -0.2544657, 0.94777083), (-0.12662731, -0.40869313, 0.90384483), (-0.52360773, -0.21229245, 0.825086), (-0.3182316, -0.72887516, 0.6061928), (-0.52360773, -0.21229245, 0.825086), (0.18058722, -0.69656044, 0.6944004), (0.18058722, -0.69656044, 0.6944004), (0.33630428, -0.55684245, 0.75949055), (0.24348888, -0.90850574, 0.33960345), (-0.18706287, -0.9068096, 0.3777613), (0.24348888, -0.90850574, 0.33960345), (0.33630428, -0.55684245, 0.75949055), (0.33630428, -0.55684245, 0.75949055), (0.18058722, -0.69656044, 0.6944004), (-0.12662731, -0.40869313, 0.90384483), (-0.12662731, -0.40869313, 0.90384483), (-0.18270376, -0.65653586, 0.73183334), (0.33630428, -0.55684245, 0.75949055), (0.33630428, -0.55684245, 0.75949055), (-0.18270376, -0.65653586, 0.73183334), (-0.18706287, -0.9068096, 0.3777613), (-0.43714774, -0.5971148, 0.672574), (-0.5185058, -0.6833727, 0.5139589), (-0.18270376, -0.65653586, 0.73183334), (0.27175373, -0.9049802, -0.32735428), (0.36911246, -0.9273071, -0.062108472), (0.2316774, -0.76118773, 0.6057383), (0.26955962, -0.4716057, 0.8395985), (0.033641696, -0.08000196, 0.9962268), (0.2316774, -0.76118773, 0.6057383), (0.2316774, -0.76118773, 0.6057383), (0.36911246, -0.9273071, -0.062108472), (0.26955962, -0.4716057, 0.8395985), (0.12555617, -0.9674945, -0.21952227), (-0.017058846, -0.9250025, -0.3795777), (0.27175373, -0.9049802, -0.32735428), (-0.017058846, -0.9250025, -0.3795777), (0.08594371, -0.7670176, -0.6358441), (0.27175373, -0.9049802, -0.32735428), (0.36911246, -0.9273071, -0.062108472), (0.15081376, -0.7750949, 0.6135822), (0.26955962, -0.4716057, 0.8395985), (-0.0127090495, -0.8911829, -0.45346615), (0.08594371, -0.7670176, -0.6358441), (-0.017058846, -0.9250025, -0.3795777), (0.27175373, -0.9049802, -0.32735428), (0.08594371, -0.7670176, -0.6358441), (0.36911246, -0.9273071, -0.062108472), (0.08594371, -0.7670176, -0.6358441), (-0.102907285, -0.9580343, -0.267545), (0.36911246, -0.9273071, -0.062108472), (0.36911246, -0.9273071, -0.062108472), (-0.102907285, -0.9580343, -0.267545), (0.15081376, -0.7750949, 0.6135822), (-0.2326667, -0.6566305, 0.7174277), (0.26955962, -0.4716057, 0.8395985), (0.15081376, -0.7750949, 0.6135822), (0.10358807, -0.8535031, -0.5106877), (-0.102907285, -0.9580343, -0.267545), (0.08594371, -0.7670176, -0.6358441), (-0.0127090495, -0.8911829, -0.45346615), (0.10358807, -0.8535031, -0.5106877), (0.08594371, -0.7670176, -0.6358441), (-0.102907285, -0.9580343, -0.267545), (-0.2326667, -0.6566305, 0.7174277), (0.15081376, -0.7750949, 0.6135822), (-0.071998164, -0.9974047, 0.0003091019), (-0.0029579687, -0.94011426, 0.3408468), (0.026043274, -0.99900717, -0.0361455), (-0.19229603, -0.2544657, 0.94777083), (-0.0389485, -0.60124177, 0.79811734), (-0.28466272, -0.7663194, 0.57595277), (0.038754936, -0.99514633, -0.0904531), (-0.54183334, -0.8219662, 0.17546608), (-0.55856663, -0.8109208, 0.17438701), (-0.0029579687, -0.94011426, 0.3408468), (-0.28466272, -0.7663194, 0.57595277), (-0.0389485, -0.60124177, 0.79811734), (-0.2328766, -0.9216694, 0.31031275), (0.026043274, -0.99900717, -0.0361455), (-0.0029579687, -0.94011426, 0.3408468), (0.038754936, -0.99514633, -0.0904531), (-0.55856663, -0.8109208, 0.17438701), (-0.5609976, -0.81918275, 0.119252756), (0.038754936, -0.99514633, -0.0904531), (-0.2166211, -0.97537476, -0.04146577), (0.026043274, -0.99900717, -0.0361455), (-0.6374752, -0.23033147, 0.7352365), (-0.12662731, -0.40869313, 0.90384483), (-0.19229603, -0.2544657, 0.94777083), (-0.6374752, -0.23033147, 0.7352365), (-0.19229603, -0.2544657, 0.94777083), (-0.28466272, -0.7663194, 0.57595277), (-0.071998164, -0.9974047, 0.0003091019), (-0.28466272, -0.7663194, 0.57595277), (-0.0029579687, -0.94011426, 0.3408468), (-0.22719832, -0.96291864, -0.1454944), (0.038754936, -0.99514633, -0.0904531), (-0.5609976, -0.81918275, 0.119252756), (-0.2166211, -0.97537476, -0.04146577), (-0.071998164, -0.9974047, 0.0003091019), (0.026043274, -0.99900717, -0.0361455), (-0.28466272, -0.7663194, 0.57595277), (-0.071998164, -0.9974047, 0.0003091019), (-0.36175975, -0.8937834, 0.26510608), (-0.7493217, -0.4868013, 0.44893372), (-0.28466272, -0.7663194, 0.57595277), (-0.36175975, -0.8937834, 0.26510608), (0.038754936, -0.99514633, -0.0904531), (-0.22719832, -0.96291864, -0.1454944), (-0.2166211, -0.97537476, -0.04146577), (-0.12662731, -0.40869313, 0.90384483), (-0.43714774, -0.5971148, 0.672574), (-0.18270376, -0.65653586, 0.73183334), (-0.6374752, -0.23033147, 0.7352365), (-0.43714774, -0.5971148, 0.672574), (-0.12662731, -0.40869313, 0.90384483), (-0.28466272, -0.7663194, 0.57595277), (-0.7493217, -0.4868013, 0.44893372), (-0.6374752, -0.23033147, 0.7352365), (-0.6375854, -0.75893164, 0.1323164), (-0.36175975, -0.8937834, 0.26510608), (-0.071998164, -0.9974047, 0.0003091019), (-0.071998164, -0.9974047, 0.0003091019), (-0.2166211, -0.97537476, -0.04146577), (-0.6375854, -0.75893164, 0.1323164), (-0.5185058, -0.6833727, 0.5139589), (-0.43714774, -0.5971148, 0.672574), (-0.3921491, -0.85471874, 0.34011036), (-0.2166211, -0.97537476, -0.04146577), (-0.22719832, -0.96291864, -0.1454944), (-0.71084005, -0.6979852, -0.0867363), (-0.7493217, -0.4868013, 0.44893372), (-0.36175975, -0.8937834, 0.26510608), (-0.6375854, -0.75893164, 0.1323164), (-0.63986486, -0.6127323, 0.4638234), (-0.43714774, -0.5971148, 0.672574), (-0.6374752, -0.23033147, 0.7352365), (-0.7493217, -0.4868013, 0.44893372), (-0.63986486, -0.6127323, 0.4638234), (-0.6374752, -0.23033147, 0.7352365), (-0.8885885, -0.44441798, 0.11359158), (-0.63986486, -0.6127323, 0.4638234), (-0.7493217, -0.4868013, 0.44893372), (-0.6375854, -0.75893164, 0.1323164), (-0.8885885, -0.44441798, 0.11359158), (-0.7493217, -0.4868013, 0.44893372), (-0.71084005, -0.6979852, -0.0867363), (-0.6375854, -0.75893164, 0.1323164), (-0.2166211, -0.97537476, -0.04146577), (-0.63986486, -0.6127323, 0.4638234), (-0.3921491, -0.85471874, 0.34011036), (-0.43714774, -0.5971148, 0.672574), (-0.63986486, -0.6127323, 0.4638234), (-0.8885885, -0.44441798, 0.11359158), (-0.61100674, -0.6785888, 0.40766147), (-0.61100674, -0.6785888, 0.40766147), (-0.8885885, -0.44441798, 0.11359158), (-0.8057666, -0.569237, 0.16343012), (-0.63986486, -0.6127323, 0.4638234), (-0.61100674, -0.6785888, 0.40766147), (-0.3921491, -0.85471874, 0.34011036), (-0.81751245, -0.5623158, -0.12439559), (-0.86883193, -0.4579538, -0.1881738), (-0.83956426, -0.52441263, -0.14185713), (-0.86883193, -0.4579538, -0.1881738), (-0.8928687, -0.35745862, -0.27387747), (-0.83956426, -0.52441263, -0.14185713), (-0.81751245, -0.5623158, -0.12439559), (-0.8057666, -0.569237, 0.16343012), (-0.8885885, -0.44441798, 0.11359158), (-0.8885885, -0.44441798, 0.11359158), (-0.6375854, -0.75893164, 0.1323164), (-0.71084005, -0.6979852, -0.0867363), (-0.8885885, -0.44441798, 0.11359158), (-0.86883193, -0.4579538, -0.1881738), (-0.81751245, -0.5623158, -0.12439559), (-0.8885885, -0.44441798, 0.11359158), (-0.71084005, -0.6979852, -0.0867363), (-0.86883193, -0.4579538, -0.1881738), (-0.6454507, -0.6788766, 0.35002875), (-0.5185058, -0.6833727, 0.5139589), (-0.3921491, -0.85471874, 0.34011036), (-0.3921491, -0.85471874, 0.34011036), (-0.61100674, -0.6785888, 0.40766147), (-0.6454507, -0.6788766, 0.35002875), (-0.5185058, -0.6833727, 0.5139589), (-0.6454507, -0.6788766, 0.35002875), (-0.8024879, -0.43156374, 0.41202658), (-0.8057666, -0.569237, 0.16343012), (-0.6454507, -0.6788766, 0.35002875), (-0.61100674, -0.6785888, 0.40766147), (-0.87568015, -0.44297394, -0.19224599), (-0.81751245, -0.5623158, -0.12439559), (-0.83956426, -0.52441263, -0.14185713), (-0.81751245, -0.5623158, -0.12439559), (-0.9245298, -0.3783075, 0.046132855), (-0.8057666, -0.569237, 0.16343012), (-0.8057666, -0.569237, 0.16343012), (-0.9245298, -0.3783075, 0.046132855), (-0.6454507, -0.6788766, 0.35002875), (-0.6454507, -0.6788766, 0.35002875), (-0.7579781, -0.52010024, 0.39365584), (-0.8024879, -0.43156374, 0.41202658), (-0.67007303, -0.7237012, -0.16510186), (-0.87568015, -0.44297394, -0.19224599), (-0.83956426, -0.52441263, -0.14185713), (-0.25813907, -0.8769598, -0.4053464), (-0.19543815, -0.9570271, -0.21425036), (-0.21365601, -0.8854065, -0.4128032), (-0.65463394, -0.6444737, -0.39510527), (-0.10285556, -0.6952841, -0.71133727), (-0.21365601, -0.8854065, -0.4128032), (-0.65463394, -0.6444737, -0.39510527), (-0.21365601, -0.8854065, -0.4128032), (-0.3515559, -0.9070448, -0.23168561), (-0.77428114, -0.6323322, 0.02539396), (-0.33644983, -0.8500454, -0.4052461), (-0.65463394, -0.6444737, -0.39510527), (-0.65463394, -0.6444737, -0.39510527), (-0.33644983, -0.8500454, -0.4052461), (-0.10285556, -0.6952841, -0.71133727), (-0.16915075, 0.16562323, -0.9715745), (-0.671388, 0.053517792, -0.7391712), (-0.38098812, -0.112919174, -0.9176587), (-0.671388, 0.053517792, -0.7391712), (-0.6665041, -0.17767563, -0.7240191), (-0.38098812, -0.112919174, -0.9176587), (-0.042990126, -0.61922795, -0.7840336), (-0.38098812, -0.112919174, -0.9176587), (-0.39935446, -0.5214367, -0.75406873), (-0.3515559, -0.9070448, -0.23168561), (-0.5609976, -0.81918275, 0.119252756), (-0.77428114, -0.6323322, 0.02539396), (-0.77428114, -0.6323322, 0.02539396), (-0.65463394, -0.6444737, -0.39510527), (-0.3515559, -0.9070448, -0.23168561), (-0.39935446, -0.5214367, -0.75406873), (-0.38098812, -0.112919174, -0.9176587), (-0.6665041, -0.17767563, -0.7240191), (-0.5609976, -0.81918275, 0.119252756), (-0.3515559, -0.9070448, -0.23168561), (-0.47236738, -0.82316345, -0.31507298), (-0.21365601, -0.8854065, -0.4128032), (-0.19543815, -0.9570271, -0.21425036), (-0.3515559, -0.9070448, -0.23168561), (-0.5335812, -0.7004993, -0.4739111), (-0.25813907, -0.8769598, -0.4053464), (-0.39935446, -0.5214367, -0.75406873), (-0.25813907, -0.8769598, -0.4053464), (-0.5335812, -0.7004993, -0.4739111), (-0.19543815, -0.9570271, -0.21425036), (-0.6671797, -0.4036689, -0.62603736), (-0.39935446, -0.5214367, -0.75406873), (-0.6665041, -0.17767563, -0.7240191), (-0.39935446, -0.5214367, -0.75406873), (-0.6671797, -0.4036689, -0.62603736), (-0.5335812, -0.7004993, -0.4739111), (-0.22719832, -0.96291864, -0.1454944), (-0.5609976, -0.81918275, 0.119252756), (-0.47236738, -0.82316345, -0.31507298), (-0.19543815, -0.9570271, -0.21425036), (-0.47236738, -0.82316345, -0.31507298), (-0.3515559, -0.9070448, -0.23168561), (-0.6665041, -0.17767563, -0.7240191), (-0.671388, 0.053517792, -0.7391712), (-0.59790766, -0.0028341473, -0.80156), (-0.06760395, -0.62914413, -0.7743432), (-0.49709, -0.35942817, -0.789755), (-0.59790766, -0.0028341473, -0.80156), (-0.19543815, -0.9570271, -0.21425036), (-0.5335812, -0.7004993, -0.4739111), (-0.47236738, -0.82316345, -0.31507298), (-0.27565327, -0.6452532, -0.7125051), (-0.49709, -0.35942817, -0.789755), (-0.06760395, -0.62914413, -0.7743432), (-0.49709, -0.35942817, -0.789755), (-0.6665041, -0.17767563, -0.7240191), (-0.59790766, -0.0028341473, -0.80156), (-0.49709, -0.35942817, -0.789755), (-0.6671797, -0.4036689, -0.62603736), (-0.6665041, -0.17767563, -0.7240191), (-0.47236738, -0.82316345, -0.31507298), (-0.6671797, -0.4036689, -0.62603736), (-0.8347913, -0.42210513, -0.3534838), (-0.47236738, -0.82316345, -0.31507298), (-0.5335812, -0.7004993, -0.4739111), (-0.6671797, -0.4036689, -0.62603736), (-0.49709, -0.35942817, -0.789755), (-0.8347913, -0.42210513, -0.3534838), (-0.6671797, -0.4036689, -0.62603736), (-0.47236738, -0.82316345, -0.31507298), (-0.71084005, -0.6979852, -0.0867363), (-0.22719832, -0.96291864, -0.1454944), (-0.7060588, -0.5226625, -0.4778125), (-0.5854828, -0.6438077, -0.49266768), (-0.66809237, -0.72838575, -0.15200926), (-0.7060588, -0.5226625, -0.4778125), (-0.49709, -0.35942817, -0.789755), (-0.27565327, -0.6452532, -0.7125051), (-0.8928687, -0.35745862, -0.27387747), (-0.8347913, -0.42210513, -0.3534838), (-0.7060588, -0.5226625, -0.4778125), (-0.49709, -0.35942817, -0.789755), (-0.7060588, -0.5226625, -0.4778125), (-0.8347913, -0.42210513, -0.3534838), (-0.86883193, -0.4579538, -0.1881738), (-0.71084005, -0.6979852, -0.0867363), (-0.8347913, -0.42210513, -0.3534838), (-0.47236738, -0.82316345, -0.31507298), (-0.8347913, -0.42210513, -0.3534838), (-0.71084005, -0.6979852, -0.0867363), (-0.27565327, -0.6452532, -0.7125051), (-0.5854828, -0.6438077, -0.49266768), (-0.7060588, -0.5226625, -0.4778125), (-0.66809237, -0.72838575, -0.15200926), (-0.8928687, -0.35745862, -0.27387747), (-0.7060588, -0.5226625, -0.4778125), (-0.8347913, -0.42210513, -0.3534838), (-0.8928687, -0.35745862, -0.27387747), (-0.86883193, -0.4579538, -0.1881738), (-0.5854828, -0.6438077, -0.49266768), (-0.77666265, -0.5720802, -0.26366553), (-0.66809237, -0.72838575, -0.15200926), (-0.8928687, -0.35745862, -0.27387747), (-0.66809237, -0.72838575, -0.15200926), (-0.83956426, -0.52441263, -0.14185713), (-0.83956426, -0.52441263, -0.14185713), (-0.77666265, -0.5720802, -0.26366553), (-0.67007303, -0.7237012, -0.16510186), (-0.83956426, -0.52441263, -0.14185713), (-0.66809237, -0.72838575, -0.15200926), (-0.77666265, -0.5720802, -0.26366553), (-0.35233104, -0.17913176, 0.91857207), (0.13772146, 0.06177297, 0.98854274), (0.5414752, -0.030429892, 0.84016585), (0.653943, -0.7066535, 0.27018392), (-0.35233104, -0.17913176, 0.91857207), (0.5414752, -0.030429892, 0.84016585), (0.36705136, -0.20168704, 0.9080725), (0.13639548, -0.51947975, 0.8435266), (0.12469062, -0.08256401, 0.9887544), (0.36705136, -0.20168704, 0.9080725), (-0.35470706, -0.045205448, 0.93388397), (0.13639548, -0.51947975, 0.8435266), (-0.35470706, -0.045205448, 0.93388397), (0.36705136, -0.20168704, 0.9080725), (-0.024878472, -0.20493919, 0.9784585), (-0.024878472, -0.20493919, 0.9784585), (0.36705136, -0.20168704, 0.9080725), (0.3734463, -0.5734585, 0.72916615), (-0.024878472, -0.20493919, 0.9784585), (0.48713964, -0.841149, 0.23486897), (-0.6259761, -0.24934776, 0.7389044), (0.48713964, -0.841149, 0.23486897), (-0.26971555, -0.6581593, 0.7029082), (-0.6259761, -0.24934776, 0.7389044), (0.26955962, -0.4716057, 0.8395985), (-0.2326667, -0.6566305, 0.7174277), (-0.0609928, -0.37878332, 0.9234733), (0.10358807, -0.8535031, -0.5106877), (0.019728435, -0.8757355, -0.48238796), (-0.080063276, -0.9116636, -0.40306243), (0.10358807, -0.8535031, -0.5106877), (-0.080063276, -0.9116636, -0.40306243), (-0.102907285, -0.9580343, -0.267545), (-0.102907285, -0.9580343, -0.267545), (-0.080063276, -0.9116636, -0.40306243), (-0.2326667, -0.6566305, 0.7174277), (-0.080063276, -0.9116636, -0.40306243), (-0.1878919, -0.97411597, 0.12567702), (-0.2326667, -0.6566305, 0.7174277), (0.019728435, -0.8757355, -0.48238796), (-0.07713068, -0.95479697, -0.28707746), (-0.080063276, -0.9116636, -0.40306243), (-0.1878919, -0.97411597, 0.12567702), (-0.0609928, -0.37878332, 0.9234733), (-0.2326667, -0.6566305, 0.7174277), (-0.1878919, -0.97411597, 0.12567702), (-0.080063276, -0.9116636, -0.40306243), (-0.07713068, -0.95479697, -0.28707746), (-0.07713068, -0.95479697, -0.28707746), (0.019728435, -0.8757355, -0.48238796), (-0.053874817, -0.8297219, -0.55557096), (-0.07713068, -0.95479697, -0.28707746), (0.1490081, -0.7402347, 0.6556289), (-0.1878919, -0.97411597, 0.12567702), (-0.0609928, -0.37878332, 0.9234733), (-0.1878919, -0.97411597, 0.12567702), (0.1490081, -0.7402347, 0.6556289), (-0.0609928, -0.37878332, 0.9234733), (0.1490081, -0.7402347, 0.6556289), (0.054773513, -0.09799933, 0.993678), (-0.07713068, -0.95479697, -0.28707746), (0.006597072, -0.9243791, -0.38141817), (0.1490081, -0.7402347, 0.6556289), (-0.07713068, -0.95479697, -0.28707746), (-0.053874817, -0.8297219, -0.55557096), (0.006597072, -0.9243791, -0.38141817), (0.36667138, -0.5974416, 0.7131729), (0.054773513, -0.09799933, 0.993678), (0.1490081, -0.7402347, 0.6556289), (0.36667138, -0.5974416, 0.7131729), (0.1490081, -0.7402347, 0.6556289), (0.006597072, -0.9243791, -0.38141817), (0.006597072, -0.9243791, -0.38141817), (0.2593364, -0.9370606, 0.23379919), (0.36667138, -0.5974416, 0.7131729), (-0.053874817, -0.8297219, -0.55557096), (-0.08443495, -0.9245723, -0.37153324), (0.006597072, -0.9243791, -0.38141817), (-0.23068312, -0.9696068, 0.08153418), (0.36667138, -0.5974416, 0.7131729), (0.2593364, -0.9370606, 0.23379919), (-0.23068312, -0.9696068, 0.08153418), (0.2593364, -0.9370606, 0.23379919), (0.006597072, -0.9243791, -0.38141817), (-0.08443495, -0.9245723, -0.37153324), (-0.23068312, -0.9696068, 0.08153418), (0.006597072, -0.9243791, -0.38141817), (-0.9245298, -0.3783075, 0.046132855), (-0.7579781, -0.52010024, 0.39365584), (-0.6454507, -0.6788766, 0.35002875), (-0.87568015, -0.44297394, -0.19224599), (-0.9245298, -0.3783075, 0.046132855), (-0.81751245, -0.5623158, -0.12439559), (-0.96762, -0.05937785, 0.24532823), (-0.6004082, -0.75597394, 0.26079366), (-0.35470706, -0.045205448, 0.93388397), (-0.024878472, -0.20493919, 0.9784585), (-0.96762, -0.05937785, 0.24532823), (-0.35470706, -0.045205448, 0.93388397), (-0.6259761, -0.24934776, 0.7389044), (-0.96762, -0.05937785, 0.24532823), (-0.024878472, -0.20493919, 0.9784585), (0.6383728, 0.5960094, 0.4870862), (0.89049023, -0.06445592, 0.45041376), (0.6282827, -0.04582087, 0.7766346), (0.6282827, -0.04582087, 0.7766346), (0.89049023, -0.06445592, 0.45041376), (0.43137428, -0.77306587, 0.46506503), (0.62035584, -0.7109105, 0.331308), (0.43137428, -0.77306587, 0.46506503), (0.89049023, -0.06445592, 0.45041376), (0.4576109, 0.52638507, 0.71659684), (0.6383728, 0.5960094, 0.4870862), (0.6282827, -0.04582087, 0.7766346), (0.6383728, 0.5960094, 0.4870862), (0.4576109, 0.52638507, 0.71659684), (0.46158776, 0.70815325, 0.53428054), (0.43137428, -0.77306587, 0.46506503), (0.17204633, -0.64796025, 0.7419889), (0.6282827, -0.04582087, 0.7766346), (0.17204633, -0.64796025, 0.7419889), (0.19117568, -0.22373238, 0.9557173), (0.6282827, -0.04582087, 0.7766346), (0.46158776, 0.70815325, 0.53428054), (0.4576109, 0.52638507, 0.71659684), (0.49739859, 0.5048123, 0.7055205), (0.4576109, 0.52638507, 0.71659684), (0.6282827, -0.04582087, 0.7766346), (0.19117568, -0.22373238, 0.9557173), (0.59302974, 0.12705725, 0.7950926), (0.4576109, 0.52638507, 0.71659684), (0.19117568, -0.22373238, 0.9557173), (0.49739859, 0.5048123, 0.7055205), (0.4576109, 0.52638507, 0.71659684), (0.59302974, 0.12705725, 0.7950926), (0.17204633, -0.64796025, 0.7419889), (0.43137428, -0.77306587, 0.46506503), (-0.13825043, -0.84716016, 0.51303655), (0.6470169, 0.7176536, 0.2575704), (0.46158776, 0.70815325, 0.53428054), (0.49739859, 0.5048123, 0.7055205), (0.49739859, 0.5048123, 0.7055205), (0.59302974, 0.12705725, 0.7950926), (0.5810752, 0.20645408, 0.7872283), (0.59302974, 0.12705725, 0.7950926), (0.19117568, -0.22373238, 0.9557173), (0.5104288, -0.3922945, 0.7652238), (0.5810752, 0.20645408, 0.7872283), (0.59302974, 0.12705725, 0.7950926), (0.5104288, -0.3922945, 0.7652238), (0.52613896, 0.68978125, 0.49737275), (0.6470169, 0.7176536, 0.2575704), (0.49739859, 0.5048123, 0.7055205), (0.52613896, 0.68978125, 0.49737275), (0.49739859, 0.5048123, 0.7055205), (0.5810752, 0.20645408, 0.7872283), (0.5104288, -0.3922945, 0.7652238), (0.19117568, -0.22373238, 0.9557173), (-0.05435805, -0.8021555, 0.5946359), (0.19117568, -0.22373238, 0.9557173), (0.17204633, -0.64796025, 0.7419889), (-0.05435805, -0.8021555, 0.5946359), (-0.13825043, -0.84716016, 0.51303655), (-0.05435805, -0.8021555, 0.5946359), (0.17204633, -0.64796025, 0.7419889), (0.24314068, -0.0040865, 0.9699824), (0.5810752, 0.20645408, 0.7872283), (0.38921002, -0.62554055, 0.6761764), (0.5810752, 0.20645408, 0.7872283), (0.5104288, -0.3922945, 0.7652238), (0.38921002, -0.62554055, 0.6761764), (0.52613896, 0.68978125, 0.49737275), (0.5810752, 0.20645408, 0.7872283), (0.047064267, 0.4038934, 0.9135946), (0.047064267, 0.4038934, 0.9135946), (0.5810752, 0.20645408, 0.7872283), (0.24314068, -0.0040865, 0.9699824), (0.38921002, -0.62554055, 0.6761764), (0.5104288, -0.3922945, 0.7652238), (-0.05435805, -0.8021555, 0.5946359), (0.047064267, 0.4038934, 0.9135946), (-0.097853884, 0.3895616, 0.91578734), (0.52613896, 0.68978125, 0.49737275), (-0.05435805, -0.8021555, 0.5946359), (-0.13825043, -0.84716016, 0.51303655), (-0.2955053, -0.9545483, 0.038912605), (-0.13825043, -0.84716016, 0.51303655), (-0.49594557, -0.8114525, 0.30916473), (-0.2955053, -0.9545483, 0.038912605), (-0.05435805, -0.8021555, 0.5946359), (0.13197479, -0.7459476, 0.65279776), (0.38921002, -0.62554055, 0.6761764), (-0.2955053, -0.9545483, 0.038912605), (-0.11087774, -0.9865653, 0.11997979), (-0.05435805, -0.8021555, 0.5946359), (0.09773507, -0.31047907, 0.9455425), (0.24314068, -0.0040865, 0.9699824), (0.38921002, -0.62554055, 0.6761764), (0.38921002, -0.62554055, 0.6761764), (0.13197479, -0.7459476, 0.65279776), (0.09773507, -0.31047907, 0.9455425), (-0.05435805, -0.8021555, 0.5946359), (-0.11087774, -0.9865653, 0.11997979), (0.13197479, -0.7459476, 0.65279776), (0.89049023, -0.06445592, 0.45041376), (0.9099883, 0.41383, 0.025806002), (0.97955346, -0.07274178, -0.1875728), (0.89049023, -0.06445592, 0.45041376), (0.97955346, -0.07274178, -0.1875728), (0.6252457, -0.7773499, -0.06924551), (0.86554164, 0.21479708, -0.4524378), (0.9099883, 0.41383, 0.025806002), (0.7842945, 0.6184972, -0.048407707), (0.9099883, 0.41383, 0.025806002), (0.89049023, -0.06445592, 0.45041376), (0.74014944, 0.62235355, 0.2546659), (0.86554164, 0.21479708, -0.4524378), (0.97955346, -0.07274178, -0.1875728), (0.9099883, 0.41383, 0.025806002), (0.89049023, -0.06445592, 0.45041376), (0.6383728, 0.5960094, 0.4870862), (0.74014944, 0.62235355, 0.2546659), (0.89049023, -0.06445592, 0.45041376), (0.6252457, -0.7773499, -0.06924551), (0.62035584, -0.7109105, 0.331308), (0.97955346, -0.07274178, -0.1875728), (0.7371643, -0.54670215, -0.39712152), (0.6252457, -0.7773499, -0.06924551), (0.7842945, 0.6184972, -0.048407707), (0.9099883, 0.41383, 0.025806002), (0.74014944, 0.62235355, 0.2546659), (0.6252457, -0.7773499, -0.06924551), (0.3383296, -0.9390699, 0.06067001), (0.62035584, -0.7109105, 0.331308), (0.84463966, 0.2921805, -0.4485692), (0.86554164, 0.21479708, -0.4524378), (0.7842945, 0.6184972, -0.048407707), (0.46158776, 0.70815325, 0.53428054), (0.74014944, 0.62235355, 0.2546659), (0.6383728, 0.5960094, 0.4870862), (0.86554164, 0.21479708, -0.4524378), (0.67738646, -0.24769072, -0.6926737), (0.97955346, -0.07274178, -0.1875728), (0.97955346, -0.07274178, -0.1875728), (0.67738646, -0.24769072, -0.6926737), (0.7371643, -0.54670215, -0.39712152), (0.67738646, -0.24769072, -0.6926737), (0.4692142, -0.63118595, -0.6176101), (0.7371643, -0.54670215, -0.39712152), (0.13008168, -0.93904054, -0.31824797), (0.3383296, -0.9390699, 0.06067001), (0.6252457, -0.7773499, -0.06924551), (0.56128216, 0.7681988, 0.30794966), (0.7842945, 0.6184972, -0.048407707), (0.74014944, 0.62235355, 0.2546659), (0.84463966, 0.2921805, -0.4485692), (0.7842945, 0.6184972, -0.048407707), (0.7752412, 0.6306742, -0.035373073), (0.79525316, -0.16495635, -0.58340544), (0.86554164, 0.21479708, -0.4524378), (0.84463966, 0.2921805, -0.4485692), (0.73610413, -0.3294423, -0.5912854), (0.67738646, -0.24769072, -0.6926737), (0.86554164, 0.21479708, -0.4524378), (0.7371643, -0.54670215, -0.39712152), (0.4692142, -0.63118595, -0.6176101), (0.6252457, -0.7773499, -0.06924551), (0.6252457, -0.7773499, -0.06924551), (0.4692142, -0.63118595, -0.6176101), (0.13008168, -0.93904054, -0.31824797), (0.56128216, 0.7681988, 0.30794966), (0.74014944, 0.62235355, 0.2546659), (0.46158776, 0.70815325, 0.53428054), (0.86554164, 0.21479708, -0.4524378), (0.79525316, -0.16495635, -0.58340544), (0.73610413, -0.3294423, -0.5912854), (0.73610413, -0.3294423, -0.5912854), (0.4692142, -0.63118595, -0.6176101), (0.67738646, -0.24769072, -0.6926737), (0.13008168, -0.93904054, -0.31824797), (0.4692142, -0.63118595, -0.6176101), (0.20722786, -0.83690065, -0.5066101), (0.43137428, -0.77306587, 0.46506503), (0.62035584, -0.7109105, 0.331308), (0.3383296, -0.9390699, 0.06067001), (0.7990865, -0.0843568, -0.5952686), (0.84463966, 0.2921805, -0.4485692), (0.5918764, 0.14460696, -0.79295087), (0.84463966, 0.2921805, -0.4485692), (0.7990865, -0.0843568, -0.5952686), (0.79525316, -0.16495635, -0.58340544), (0.79525316, -0.16495635, -0.58340544), (0.7990865, -0.0843568, -0.5952686), (0.73610413, -0.3294423, -0.5912854), (-0.13825043, -0.84716016, 0.51303655), (0.43137428, -0.77306587, 0.46506503), (0.3383296, -0.9390699, 0.06067001), (-0.014502626, -0.99327505, -0.114866905), (-0.13825043, -0.84716016, 0.51303655), (0.3383296, -0.9390699, 0.06067001), (0.13008168, -0.93904054, -0.31824797), (-0.014502626, -0.99327505, -0.114866905), (0.3383296, -0.9390699, 0.06067001), (0.5918764, 0.14460696, -0.79295087), (0.61197776, 0.0194138, -0.79063666), (0.7990865, -0.0843568, -0.5952686), (0.73610413, -0.3294423, -0.5912854), (0.7990865, -0.0843568, -0.5952686), (0.83671993, -0.38501728, -0.3894373), (0.73610413, -0.3294423, -0.5912854), (0.626995, -0.6375703, -0.4476396), (0.4692142, -0.63118595, -0.6176101), (0.626995, -0.6375703, -0.4476396), (0.20722786, -0.83690065, -0.5066101), (0.4692142, -0.63118595, -0.6176101), (0.20722786, -0.83690065, -0.5066101), (0.318967, -0.90991306, -0.26517582), (0.13008168, -0.93904054, -0.31824797), (0.73736304, 0.30250576, -0.6039751), (0.7990865, -0.0843568, -0.5952686), (0.61197776, 0.0194138, -0.79063666), (0.7990865, -0.0843568, -0.5952686), (0.75741154, -0.3601921, -0.5446002), (0.83671993, -0.38501728, -0.3894373), (0.73610413, -0.3294423, -0.5912854), (0.83671993, -0.38501728, -0.3894373), (0.626995, -0.6375703, -0.4476396), (0.626995, -0.6375703, -0.4476396), (0.318967, -0.90991306, -0.26517582), (0.20722786, -0.83690065, -0.5066101), (-0.014502626, -0.99327505, -0.114866905), (0.13008168, -0.93904054, -0.31824797), (0.318967, -0.90991306, -0.26517582), (0.028654436, -0.9975623, 0.06362647), (-0.014502626, -0.99327505, -0.114866905), (0.318967, -0.90991306, -0.26517582), (0.83671993, -0.38501728, -0.3894373), (0.7519625, -0.6144122, -0.23885158), (0.626995, -0.6375703, -0.4476396), (0.83671993, -0.38501728, -0.3894373), (0.58379644, -0.700057, -0.41122004), (0.7519625, -0.6144122, -0.23885158), (0.626995, -0.6375703, -0.4476396), (0.6339609, -0.74716395, -0.1995986), (0.318967, -0.90991306, -0.26517582), (0.028654436, -0.9975623, 0.06362647), (0.318967, -0.90991306, -0.26517582), (0.4657571, -0.8847855, 0.015004066), (0.6339609, -0.74716395, -0.1995986), (0.4657571, -0.8847855, 0.015004066), (0.318967, -0.90991306, -0.26517582), (0.5918764, 0.14460696, -0.79295087), (0.5004387, 0.2819272, -0.818583), (0.61197776, 0.0194138, -0.79063666), (0.626995, -0.6375703, -0.4476396), (0.7519625, -0.6144122, -0.23885158), (0.6339609, -0.74716395, -0.1995986), (0.15375741, -0.8248043, 0.5441107), (0.028654436, -0.9975623, 0.06362647), (0.4657571, -0.8847855, 0.015004066), (0.6339609, -0.74716395, -0.1995986), (0.43025324, -0.88800794, -0.16224661), (0.4657571, -0.8847855, 0.015004066), (0.6339609, -0.74716395, -0.1995986), (0.7519625, -0.6144122, -0.23885158), (0.43025324, -0.88800794, -0.16224661), (-0.014502626, -0.99327505, -0.114866905), (-0.49594557, -0.8114525, 0.30916473), (-0.13825043, -0.84716016, 0.51303655), (-0.49594557, -0.8114525, 0.30916473), (-0.014502626, -0.99327505, -0.114866905), (0.028654436, -0.9975623, 0.06362647), (-0.49594557, -0.8114525, 0.30916473), (0.028654436, -0.9975623, 0.06362647), (-0.2665397, -0.6901301, 0.67281276), (0.43025324, -0.88800794, -0.16224661), (0.7519625, -0.6144122, -0.23885158), (0.58379644, -0.700057, -0.41122004), (0.14830133, -0.988911, 0.007855424), (0.15375741, -0.8248043, 0.5441107), (0.4657571, -0.8847855, 0.015004066), (0.15375741, -0.8248043, 0.5441107), (-0.2665397, -0.6901301, 0.67281276), (0.028654436, -0.9975623, 0.06362647), (0.43025324, -0.88800794, -0.16224661), (0.58379644, -0.700057, -0.41122004), (0.2798289, -0.9185942, -0.27907068), (0.14830133, -0.988911, 0.007855424), (0.011329305, -0.9928236, 0.1190496), (0.15375741, -0.8248043, 0.5441107), (-0.2955053, -0.9545483, 0.038912605), (-0.49594557, -0.8114525, 0.30916473), (-0.2665397, -0.6901301, 0.67281276), (-0.2955053, -0.9545483, 0.038912605), (-0.2665397, -0.6901301, 0.67281276), (-0.2102701, -0.9060433, 0.36724925), (0.15375741, -0.8248043, 0.5441107), (0.011329305, -0.9928236, 0.1190496), (0.036698133, -0.77758414, 0.627707), (0.73736304, 0.30250576, -0.6039751), (0.75741154, -0.3601921, -0.5446002), (0.7990865, -0.0843568, -0.5952686), (0.5004387, 0.2819272, -0.818583), (0.73736304, 0.30250576, -0.6039751), (0.61197776, 0.0194138, -0.79063666), (0.67772716, 0.32415065, -0.6600093), (0.73736304, 0.30250576, -0.6039751), (0.5004387, 0.2819272, -0.818583), (0.7457526, 0.3033661, -0.59314585), (0.67772716, 0.32415065, -0.6600093), (0.5004387, 0.2819272, -0.818583), (0.67772716, 0.32415065, -0.6600093), (0.75741154, -0.3601921, -0.5446002), (0.73736304, 0.30250576, -0.6039751), (0.75741154, -0.3601921, -0.5446002), (0.58379644, -0.700057, -0.41122004), (0.83671993, -0.38501728, -0.3894373), (0.67772716, 0.32415065, -0.6600093), (0.5800489, -0.41361105, -0.7017615), (0.75741154, -0.3601921, -0.5446002), (0.75741154, -0.3601921, -0.5446002), (0.5800489, -0.41361105, -0.7017615), (0.58379644, -0.700057, -0.41122004), (0.67772716, 0.32415065, -0.6600093), (0.7457526, 0.3033661, -0.59314585), (0.55984765, 0.3999276, -0.72569174), (0.55984765, 0.3999276, -0.72569174), (0.7457526, 0.3033661, -0.59314585), (0.84362566, 0.019328643, -0.53658384), (0.5800489, -0.41361105, -0.7017615), (0.67772716, 0.32415065, -0.6600093), (0.55984765, 0.3999276, -0.72569174), (0.5800489, -0.41361105, -0.7017615), (0.4426554, -0.70233065, -0.5574834), (0.58379644, -0.700057, -0.41122004), (0.84362566, 0.019328643, -0.53658384), (0.62909234, -0.26592875, -0.73042786), (0.55984765, 0.3999276, -0.72569174), (0.55984765, 0.3999276, -0.72569174), (0.62909234, -0.26592875, -0.73042786), (0.5800489, -0.41361105, -0.7017615), (0.4426554, -0.70233065, -0.5574834), (0.2798289, -0.9185942, -0.27907068), (0.58379644, -0.700057, -0.41122004), (0.24314068, -0.0040865, 0.9699824), (0.09773507, -0.31047907, 0.9455425), (0.047064267, 0.4038934, 0.9135946), (-0.2955053, -0.9545483, 0.038912605), (-0.2102701, -0.9060433, 0.36724925), (-0.11087774, -0.9865653, 0.11997979), (-0.11705017, 0.30852032, 0.9439885), (-0.097853884, 0.3895616, 0.91578734), (0.047064267, 0.4038934, 0.9135946), (0.047064267, 0.4038934, 0.9135946), (0.09773507, -0.31047907, 0.9455425), (-0.073536016, -0.2965954, 0.95216787), (-0.073536016, -0.2965954, 0.95216787), (0.09773507, -0.31047907, 0.9455425), (0.13197479, -0.7459476, 0.65279776), (0.047064267, 0.4038934, 0.9135946), (-0.073536016, -0.2965954, 0.95216787), (-0.11705017, 0.30852032, 0.9439885), (-0.073536016, -0.2965954, 0.95216787), (-0.30166233, 0.06196826, 0.95139885), (-0.11705017, 0.30852032, 0.9439885), (-0.073536016, -0.2965954, 0.95216787), (0.13197479, -0.7459476, 0.65279776), (-0.39750737, -0.50451845, 0.76645225), (-0.097853884, 0.3895616, 0.91578734), (-0.11705017, 0.30852032, 0.9439885), (-0.1748709, -0.55523014, 0.8131049), (-0.39750737, -0.50451845, 0.76645225), (0.13197479, -0.7459476, 0.65279776), (-0.11087774, -0.9865653, 0.11997979), (-0.2102701, -0.9060433, 0.36724925), (-0.4132441, -0.89938474, -0.1426055), (-0.11087774, -0.9865653, 0.11997979), (-0.073536016, -0.2965954, 0.95216787), (-0.39750737, -0.50451845, 0.76645225), (-0.30166233, 0.06196826, 0.95139885), (-0.39750737, -0.50451845, 0.76645225), (-0.11087774, -0.9865653, 0.11997979), (-0.4132441, -0.89938474, -0.1426055), (-0.30166233, 0.06196826, 0.95139885), (-0.32341465, 0.054604053, 0.9446805), (-0.11705017, 0.30852032, 0.9439885), (-0.46143684, -0.23318434, 0.8559797), (-0.30166233, 0.06196826, 0.95139885), (-0.6528277, -0.58462536, 0.48169422), (-0.6528277, -0.58462536, 0.48169422), (-0.30166233, 0.06196826, 0.95139885), (-0.39750737, -0.50451845, 0.76645225), (-0.6528277, -0.58462536, 0.48169422), (-0.39750737, -0.50451845, 0.76645225), (-0.4132441, -0.89938474, -0.1426055), (-0.6681537, -0.49172983, 0.55836564), (-0.46143684, -0.23318434, 0.8559797), (-0.6528277, -0.58462536, 0.48169422), (-0.46143684, -0.23318434, 0.8559797), (-0.32341465, 0.054604053, 0.9446805), (-0.30166233, 0.06196826, 0.95139885), (-0.6528277, -0.58462536, 0.48169422), (-0.4132441, -0.89938474, -0.1426055), (-0.55255, -0.8311954, 0.061664887), (-0.6681537, -0.49172983, 0.55836564), (-0.32341465, 0.054604053, 0.9446805), (-0.46143684, -0.23318434, 0.8559797), (-0.6528277, -0.58462536, 0.48169422), (-0.55255, -0.8311954, 0.061664887), (-0.6681537, -0.49172983, 0.55836564), (-0.6681537, -0.49172983, 0.55836564), (-0.55255, -0.8311954, 0.061664887), (-0.7579546, -0.5886787, 0.28100228), (-0.6681537, -0.49172983, 0.55836564), (-0.7393856, -0.14128399, 0.65829146), (-0.32341465, 0.054604053, 0.9446805), (-0.6681537, -0.49172983, 0.55836564), (-0.7579546, -0.5886787, 0.28100228), (-0.7393856, -0.14128399, 0.65829146), (-0.2665397, -0.6901301, 0.67281276), (0.15375741, -0.8248043, 0.5441107), (0.036698133, -0.77758414, 0.627707), (0.2798289, -0.9185942, -0.27907068), (0.20007116, -0.9725614, -0.11872595), (0.43025324, -0.88800794, -0.16224661), (0.43025324, -0.88800794, -0.16224661), (0.20007116, -0.9725614, -0.11872595), (0.14830133, -0.988911, 0.007855424), (0.036698133, -0.77758414, 0.627707), (0.011329305, -0.9928236, 0.1190496), (-0.058297284, -0.8212981, 0.56751287), (0.14830133, -0.988911, 0.007855424), (-0.20855333, -0.9519493, 0.22427231), (0.011329305, -0.9928236, 0.1190496), (-0.2102701, -0.9060433, 0.36724925), (0.036698133, -0.77758414, 0.627707), (-0.2783242, -0.89661187, 0.34441686), (0.036698133, -0.77758414, 0.627707), (-0.058297284, -0.8212981, 0.56751287), (-0.16000839, -0.34003216, 0.9267014), (0.35204098, -0.9114139, -0.21305372), (0.290531, -0.9560847, 0.038649254), (0.20007116, -0.9725614, -0.11872595), (0.036698133, -0.77758414, 0.627707), (-0.16000839, -0.34003216, 0.9267014), (-0.2783242, -0.89661187, 0.34441686), (0.011329305, -0.9928236, 0.1190496), (-0.20855333, -0.9519493, 0.22427231), (0.06651851, -0.9811278, 0.18155819), (-0.2783242, -0.89661187, 0.34441686), (-0.4132441, -0.89938474, -0.1426055), (-0.2102701, -0.9060433, 0.36724925), (-0.16000839, -0.34003216, 0.9267014), (-0.5809603, -0.5891639, 0.56157917), (-0.2783242, -0.89661187, 0.34441686), (0.011329305, -0.9928236, 0.1190496), (0.06651851, -0.9811278, 0.18155819), (-0.058297284, -0.8212981, 0.56751287), (0.14830133, -0.988911, 0.007855424), (0.290531, -0.9560847, 0.038649254), (-0.20855333, -0.9519493, 0.22427231), (-0.5809603, -0.5891639, 0.56157917), (-0.55255, -0.8311954, 0.061664887), (-0.2783242, -0.89661187, 0.34441686), (-0.16000839, -0.34003216, 0.9267014), (-0.43392527, -0.46822554, 0.7697232), (-0.5809603, -0.5891639, 0.56157917), (-0.058297284, -0.8212981, 0.56751287), (-0.43392527, -0.46822554, 0.7697232), (-0.16000839, -0.34003216, 0.9267014), (-0.34037718, -0.8240542, 0.4528555), (0.06651851, -0.9811278, 0.18155819), (-0.20855333, -0.9519493, 0.22427231), (0.290531, -0.9560847, 0.038649254), (0.038262952, -0.9836696, 0.1758698), (-0.12201468, -0.99139076, 0.047506515), (-0.2783242, -0.89661187, 0.34441686), (-0.55255, -0.8311954, 0.061664887), (-0.4132441, -0.89938474, -0.1426055), (0.06651851, -0.9811278, 0.18155819), (-0.34037718, -0.8240542, 0.4528555), (-0.058297284, -0.8212981, 0.56751287), (-0.34037718, -0.8240542, 0.4528555), (-0.43392527, -0.46822554, 0.7697232), (-0.058297284, -0.8212981, 0.56751287), (-0.12201468, -0.99139076, 0.047506515), (-0.20855333, -0.9519493, 0.22427231), (0.290531, -0.9560847, 0.038649254), (0.5475628, -0.8359288, -0.037390247), (0.038262952, -0.9836696, 0.1758698), (0.290531, -0.9560847, 0.038649254), (-0.4693774, -0.8829914, 0.0033347367), (-0.12201468, -0.99139076, 0.047506515), (-0.582134, -0.7891751, 0.19576178), (-0.12201468, -0.99139076, 0.047506515), (-0.4693774, -0.8829914, 0.0033347367), (-0.37797815, -0.92547554, -0.025048593), (0.038262952, -0.9836696, 0.1758698), (-0.582134, -0.7891751, 0.19576178), (-0.12201468, -0.99139076, 0.047506515), (-0.34037718, -0.8240542, 0.4528555), (-0.4583895, -0.55156046, 0.69689316), (-0.43392527, -0.46822554, 0.7697232), (-0.20855333, -0.9519493, 0.22427231), (-0.4583895, -0.55156046, 0.69689316), (-0.34037718, -0.8240542, 0.4528555), (-0.20855333, -0.9519493, 0.22427231), (-0.12201468, -0.99139076, 0.047506515), (-0.37797815, -0.92547554, -0.025048593), (-0.53877676, -0.585073, 0.60614276), (-0.55255, -0.8311954, 0.061664887), (-0.5809603, -0.5891639, 0.56157917), (-0.45391646, -0.38287103, 0.8045929), (-0.53877676, -0.585073, 0.60614276), (-0.5809603, -0.5891639, 0.56157917), (-0.4392114, -0.1284016, 0.88916045), (-0.45391646, -0.38287103, 0.8045929), (-0.5809603, -0.5891639, 0.56157917), (-0.4583895, -0.55156046, 0.69689316), (-0.4392114, -0.1284016, 0.88916045), (-0.5809603, -0.5891639, 0.56157917), (-0.4583895, -0.55156046, 0.69689316), (-0.5809603, -0.5891639, 0.56157917), (-0.43392527, -0.46822554, 0.7697232), (-0.53877676, -0.585073, 0.60614276), (-0.7579546, -0.5886787, 0.28100228), (-0.55255, -0.8311954, 0.061664887), (-0.37797815, -0.92547554, -0.025048593), (-0.36624175, -0.9252009, 0.099349305), (-0.20855333, -0.9519493, 0.22427231), (-0.4583895, -0.55156046, 0.69689316), (-0.20855333, -0.9519493, 0.22427231), (-0.36624175, -0.9252009, 0.099349305), (-0.2661878, -0.95355034, -0.14101689), (-0.37797815, -0.92547554, -0.025048593), (-0.4693774, -0.8829914, 0.0033347367), (-0.43136412, -0.3147565, 0.84549), (-0.53877676, -0.585073, 0.60614276), (-0.45391646, -0.38287103, 0.8045929), (-0.4271226, -0.298752, 0.85341287), (-0.45391646, -0.38287103, 0.8045929), (-0.4392114, -0.1284016, 0.88916045), (-0.417877, -0.4555406, 0.78604174), (-0.4271226, -0.298752, 0.85341287), (-0.4392114, -0.1284016, 0.88916045), (-0.417877, -0.4555406, 0.78604174), (-0.4392114, -0.1284016, 0.88916045), (-0.4583895, -0.55156046, 0.69689316), (-0.417877, -0.4555406, 0.78604174), (-0.4583895, -0.55156046, 0.69689316), (-0.36624175, -0.9252009, 0.099349305), (-0.2661878, -0.95355034, -0.14101689), (-0.36624175, -0.9252009, 0.099349305), (-0.37797815, -0.92547554, -0.025048593), (-0.2661878, -0.95355034, -0.14101689), (-0.4693774, -0.8829914, 0.0033347367), (-0.26023674, -0.96093965, 0.09418977), (-0.7512079, -0.37849924, 0.5407634), (-0.7579546, -0.5886787, 0.28100228), (-0.53877676, -0.585073, 0.60614276), (-0.4271226, -0.298752, 0.85341287), (-0.43136412, -0.3147565, 0.84549), (-0.45391646, -0.38287103, 0.8045929), (-0.417877, -0.4555406, 0.78604174), (-0.36624175, -0.9252009, 0.099349305), (-0.3692929, -0.83947486, 0.39862877), (-0.7512079, -0.37849924, 0.5407634), (-0.84716076, -0.3759635, 0.37545967), (-0.7579546, -0.5886787, 0.28100228), (-0.43136412, -0.3147565, 0.84549), (-0.4271226, -0.298752, 0.85341287), (-0.6788475, -0.09164886, 0.7285374), (-0.22173162, -0.97266304, 0.06900457), (-0.36624175, -0.9252009, 0.099349305), (-0.2661878, -0.95355034, -0.14101689), (-0.26023674, -0.96093965, 0.09418977), (-0.22173162, -0.97266304, 0.06900457), (-0.2661878, -0.95355034, -0.14101689), (-0.53877676, -0.585073, 0.60614276), (-0.43136412, -0.3147565, 0.84549), (-0.7512079, -0.37849924, 0.5407634), (-0.43136412, -0.3147565, 0.84549), (-0.6788475, -0.09164886, 0.7285374), (-0.7512079, -0.37849924, 0.5407634), (-0.4271226, -0.298752, 0.85341287), (-0.47243676, -0.55926716, 0.6811929), (-0.6788475, -0.09164886, 0.7285374), (-0.417877, -0.4555406, 0.78604174), (-0.47243676, -0.55926716, 0.6811929), (-0.4271226, -0.298752, 0.85341287), (-0.417877, -0.4555406, 0.78604174), (-0.3692929, -0.83947486, 0.39862877), (-0.47243676, -0.55926716, 0.6811929), (-0.26023674, -0.96093965, 0.09418977), (-0.13638678, -0.98870647, 0.06211295), (-0.22173162, -0.97266304, 0.06900457), (0.8981189, -0.40205878, -0.1781319), (0.84362566, 0.019328643, -0.53658384), (0.7457526, 0.3033661, -0.59314585), (0.8981189, -0.40205878, -0.1781319), (0.9172418, -0.2953448, -0.2672804), (0.84362566, 0.019328643, -0.53658384), (0.84362566, 0.019328643, -0.53658384), (0.9172418, -0.2953448, -0.2672804), (0.7538422, -0.5187183, -0.40330282), (0.77890724, -0.5374646, -0.32316455), (0.62909234, -0.26592875, -0.73042786), (0.84362566, 0.019328643, -0.53658384), (0.5800489, -0.41361105, -0.7017615), (0.62909234, -0.26592875, -0.73042786), (0.4426554, -0.70233065, -0.5574834), (0.4426554, -0.70233065, -0.5574834), (0.35204098, -0.9114139, -0.21305372), (0.2798289, -0.9185942, -0.27907068), (0.20007116, -0.9725614, -0.11872595), (0.2798289, -0.9185942, -0.27907068), (0.35204098, -0.9114139, -0.21305372), (0.82830817, 0.03219571, -0.5593469), (0.48026937, -0.17900816, -0.85866016), (0.7538422, -0.5187183, -0.40330282), (0.82830817, 0.03219571, -0.5593469), (0.7538422, -0.5187183, -0.40330282), (0.9172418, -0.2953448, -0.2672804), (0.77890724, -0.5374646, -0.32316455), (0.84362566, 0.019328643, -0.53658384), (0.7538422, -0.5187183, -0.40330282), (0.4426554, -0.70233065, -0.5574834), (0.62909234, -0.26592875, -0.73042786), (0.56926847, -0.6260563, -0.5329042), (0.7538422, -0.5187183, -0.40330282), (0.48026937, -0.17900816, -0.85866016), (0.15778361, -0.56329894, -0.8110478), (0.56926847, -0.6260563, -0.5329042), (0.4910914, -0.8038114, -0.33573273), (0.4426554, -0.70233065, -0.5574834), (0.4910914, -0.8038114, -0.33573273), (0.35204098, -0.9114139, -0.21305372), (0.4426554, -0.70233065, -0.5574834), (0.7538422, -0.5187183, -0.40330282), (0.691304, -0.64669675, -0.32230744), (0.77890724, -0.5374646, -0.32316455), (0.41657332, -0.64868855, -0.63692206), (0.7538422, -0.5187183, -0.40330282), (0.15778361, -0.56329894, -0.8110478), (0.77890724, -0.5374646, -0.32316455), (0.56926847, -0.6260563, -0.5329042), (0.62909234, -0.26592875, -0.73042786), (0.691304, -0.64669675, -0.32230744), (0.56926847, -0.6260563, -0.5329042), (0.77890724, -0.5374646, -0.32316455), (0.691304, -0.64669675, -0.32230744), (0.7538422, -0.5187183, -0.40330282), (0.41657332, -0.64868855, -0.63692206), (0.48026937, -0.17900816, -0.85866016), (-0.021750465, -0.24331005, -0.9697047), (0.15778361, -0.56329894, -0.8110478), (0.04263289, -0.4655633, -0.8839872), (0.41657332, -0.64868855, -0.63692206), (0.15778361, -0.56329894, -0.8110478), (0.56926847, -0.6260563, -0.5329042), (0.691304, -0.64669675, -0.32230744), (0.62569493, -0.65977556, -0.41617557), (0.290531, -0.9560847, 0.038649254), (0.35204098, -0.9114139, -0.21305372), (0.5475628, -0.8359288, -0.037390247), (-0.021750465, -0.24331005, -0.9697047), (0.48026937, -0.17900816, -0.85866016), (-0.13318, 0.17103735, -0.97622204), (0.691304, -0.64669675, -0.32230744), (0.41657332, -0.64868855, -0.63692206), (0.62569493, -0.65977556, -0.41617557), (0.62569493, -0.65977556, -0.41617557), (0.4910914, -0.8038114, -0.33573273), (0.56926847, -0.6260563, -0.5329042), (0.35204098, -0.9114139, -0.21305372), (0.4910914, -0.8038114, -0.33573273), (0.5475628, -0.8359288, -0.037390247), (0.41657332, -0.64868855, -0.63692206), (0.2369935, -0.76321536, -0.6011126), (0.62569493, -0.65977556, -0.41617557), (0.4910914, -0.8038114, -0.33573273), (0.62569493, -0.65977556, -0.41617557), (0.24444218, -0.9301736, -0.27390745), (0.62569493, -0.65977556, -0.41617557), (0.2369935, -0.76321536, -0.6011126), (0.24444218, -0.9301736, -0.27390745), (0.5475628, -0.8359288, -0.037390247), (0.4910914, -0.8038114, -0.33573273), (0.24444218, -0.9301736, -0.27390745), (0.005026207, 0.134204, -0.990941), (0.014921604, 0.101680696, -0.99470514), (-0.13318, 0.17103735, -0.97622204), (-0.13318, 0.17103735, -0.97622204), (0.014921604, 0.101680696, -0.99470514), (-0.021750465, -0.24331005, -0.9697047), (0.15778361, -0.56329894, -0.8110478), (-0.021750465, -0.24331005, -0.9697047), (0.04263289, -0.4655633, -0.8839872), (0.04263289, -0.4655633, -0.8839872), (-0.021750465, -0.24331005, -0.9697047), (0.22733134, -0.41620564, -0.88039386), (0.04263289, -0.4655633, -0.8839872), (-0.022652138, -0.53245646, -0.8461542), (0.41657332, -0.64868855, -0.63692206), (0.038262952, -0.9836696, 0.1758698), (0.5475628, -0.8359288, -0.037390247), (0.21422681, -0.97645605, 0.025305578), (0.5475628, -0.8359288, -0.037390247), (0.24444218, -0.9301736, -0.27390745), (0.21422681, -0.97645605, 0.025305578), (0.10917517, -0.1967929, -0.97434765), (-0.021750465, -0.24331005, -0.9697047), (0.014921604, 0.101680696, -0.99470514), (-0.021750465, -0.24331005, -0.9697047), (0.10917517, -0.1967929, -0.97434765), (0.22733134, -0.41620564, -0.88039386), (0.22733134, -0.41620564, -0.88039386), (-0.022652138, -0.53245646, -0.8461542), (0.04263289, -0.4655633, -0.8839872), (0.41657332, -0.64868855, -0.63692206), (-0.022652138, -0.53245646, -0.8461542), (-0.13779116, -0.77784824, -0.6131605), (-0.13779116, -0.77784824, -0.6131605), (0.2369935, -0.76321536, -0.6011126), (0.41657332, -0.64868855, -0.63692206), (0.2369935, -0.76321536, -0.6011126), (-0.27149457, -0.945896, -0.17768343), (0.24444218, -0.9301736, -0.27390745), (0.038262952, -0.9836696, 0.1758698), (0.21422681, -0.97645605, 0.025305578), (-0.582134, -0.7891751, 0.19576178), (0.24444218, -0.9301736, -0.27390745), (-0.38576728, -0.92226374, -0.024762854), (0.21422681, -0.97645605, 0.025305578), (-0.38576728, -0.92226374, -0.024762854), (0.24444218, -0.9301736, -0.27390745), (-0.27149457, -0.945896, -0.17768343), (0.21422681, -0.97645605, 0.025305578), (-0.38576728, -0.92226374, -0.024762854), (-0.582134, -0.7891751, 0.19576178), (0.014921604, 0.101680696, -0.99470514), (-0.051590934, 0.06297746, -0.9966806), (0.10917517, -0.1967929, -0.97434765), (-0.022652138, -0.53245646, -0.8461542), (0.22733134, -0.41620564, -0.88039386), (0.10917517, -0.1967929, -0.97434765), (-0.4693774, -0.8829914, 0.0033347367), (-0.582134, -0.7891751, 0.19576178), (-0.38576728, -0.92226374, -0.024762854), (-0.38576728, -0.92226374, -0.024762854), (-0.27149457, -0.945896, -0.17768343), (-0.26023674, -0.96093965, 0.09418977), (-0.27149457, -0.945896, -0.17768343), (0.2369935, -0.76321536, -0.6011126), (-0.13779116, -0.77784824, -0.6131605), (0.014921604, 0.101680696, -0.99470514), (0.17434034, 0.20738108, -0.96259993), (-0.051590934, 0.06297746, -0.9966806), (-0.38576728, -0.92226374, -0.024762854), (-0.26023674, -0.96093965, 0.09418977), (-0.4693774, -0.8829914, 0.0033347367), (-0.06082439, -0.38310453, -0.9217002), (-0.09425483, -0.5799968, -0.8091476), (-0.022652138, -0.53245646, -0.8461542), (-0.20936733, -0.8838084, -0.41838735), (-0.13779116, -0.77784824, -0.6131605), (-0.09425483, -0.5799968, -0.8091476), (-0.20936733, -0.8838084, -0.41838735), (-0.27149457, -0.945896, -0.17768343), (-0.13779116, -0.77784824, -0.6131605), (-0.051590934, 0.06297746, -0.9966806), (-0.15403481, -0.16907997, -0.9734912), (0.10917517, -0.1967929, -0.97434765), (0.10917517, -0.1967929, -0.97434765), (-0.15403481, -0.16907997, -0.9734912), (-0.022652138, -0.53245646, -0.8461542), (-0.022652138, -0.53245646, -0.8461542), (-0.09425483, -0.5799968, -0.8091476), (-0.13779116, -0.77784824, -0.6131605), (-0.09425483, -0.5799968, -0.8091476), (-0.15918931, -0.9147188, -0.37141395), (-0.20936733, -0.8838084, -0.41838735), (-0.15403481, -0.16907997, -0.9734912), (-0.06082439, -0.38310453, -0.9217002), (-0.022652138, -0.53245646, -0.8461542), (-0.09425483, -0.5799968, -0.8091476), (-0.30734956, -0.63781, -0.7062115), (-0.15918931, -0.9147188, -0.37141395), (-0.26023674, -0.96093965, 0.09418977), (-0.03956626, -0.9964217, 0.074688815), (-0.13638678, -0.98870647, 0.06211295), (-0.03956626, -0.9964217, 0.074688815), (-0.26023674, -0.96093965, 0.09418977), (-0.27149457, -0.945896, -0.17768343), (-0.27149457, -0.945896, -0.17768343), (-0.20936733, -0.8838084, -0.41838735), (-0.03956626, -0.9964217, 0.074688815), (-0.15918931, -0.9147188, -0.37141395), (-0.03956626, -0.9964217, 0.074688815), (-0.20936733, -0.8838084, -0.41838735), (0.8760617, -0.4811971, 0.031069532), (0.58386517, -0.24034509, 0.7754584), (0.797338, -0.58870953, 0.13294035), (0.8760617, -0.4811971, 0.031069532), (0.5318873, -0.846779, -0.007831375), (0.73526436, -0.3227826, -0.5959848), (0.13772146, 0.06177297, 0.98854274), (0.32715055, -0.76062995, 0.56072676), (0.8428101, -0.14906776, 0.5171556), (0.8186213, -0.37593257, -0.43420506), (0.8428101, -0.14906776, 0.5171556), (0.797338, -0.58870953, 0.13294035), (0.797338, -0.58870953, 0.13294035), (0.78622913, -0.55602074, 0.26960108), (0.8186213, -0.37593257, -0.43420506), (0.43841556, -0.7813528, -0.4441617), (0.153386, -0.26488775, -0.9520017), (0.73526436, -0.3227826, -0.5959848), (0.8428101, -0.14906776, 0.5171556), (0.5414752, -0.030429892, 0.84016585), (0.13772146, 0.06177297, 0.98854274), (0.78622913, -0.55602074, 0.26960108), (0.58386517, -0.24034509, 0.7754584), (0.47828743, -0.8781125, -0.012641453), (0.73526436, -0.3227826, -0.5959848), (0.153386, -0.26488775, -0.9520017), (0.46377316, -0.47300044, -0.74912286), (0.8428101, -0.14906776, 0.5171556), (0.8186213, -0.37593257, -0.43420506), (0.653943, -0.7066535, 0.27018392), (0.47828743, -0.8781125, -0.012641453), (0.653943, -0.7066535, 0.27018392), (0.8186213, -0.37593257, -0.43420506), (0.73526436, -0.3227826, -0.5959848), (0.83681494, -0.49217567, -0.23979944), (0.8760617, -0.4811971, 0.031069532), (0.46377316, -0.47300044, -0.74912286), (0.83681494, -0.49217567, -0.23979944), (0.73526436, -0.3227826, -0.5959848), (0.653943, -0.7066535, 0.27018392), (0.5414752, -0.030429892, 0.84016585), (0.8428101, -0.14906776, 0.5171556), (0.36860976, -0.44918332, 0.81385577), (0.58386517, -0.24034509, 0.7754584), (0.8760617, -0.4811971, 0.031069532), (0.8186213, -0.37593257, -0.43420506), (0.78622913, -0.55602074, 0.26960108), (0.47828743, -0.8781125, -0.012641453), (0.46377316, -0.47300044, -0.74912286), (0.153386, -0.26488775, -0.9520017), (0.067529306, -0.40797853, -0.9104907), (0.47828743, -0.8781125, -0.012641453), (0.58386517, -0.24034509, 0.7754584), (0.36860976, -0.44918332, 0.81385577), (-0.26182187, -0.9547804, 0.14086759), (0.653943, -0.7066535, 0.27018392), (0.47828743, -0.8781125, -0.012641453), (0.36860976, -0.44918332, 0.81385577), (0.8760617, -0.4811971, 0.031069532), (0.83681494, -0.49217567, -0.23979944), (0.36860976, -0.44918332, 0.81385577), (0.83681494, -0.49217567, -0.23979944), (0.60264915, -0.62154084, 0.5005007), (0.044492207, -0.2818009, 0.9584407), (0.13772146, 0.06177297, 0.98854274), (-0.35233104, -0.17913176, 0.91857207), (0.47828743, -0.8781125, -0.012641453), (0.14725606, -0.5982408, -0.78766984), (-0.26182187, -0.9547804, 0.14086759), (0.36860976, -0.44918332, 0.81385577), (0.60264915, -0.62154084, 0.5005007), (-0.27457452, -0.37516809, 0.8853575), (0.41431665, -0.7551918, -0.5079636), (0.83681494, -0.49217567, -0.23979944), (0.46377316, -0.47300044, -0.74912286), (0.41431665, -0.7551918, -0.5079636), (0.60264915, -0.62154084, 0.5005007), (0.83681494, -0.49217567, -0.23979944), (0.46377316, -0.47300044, -0.74912286), (0.0128635205, -0.37048623, -0.9287489), (0.41431665, -0.7551918, -0.5079636), (0.41431665, -0.7551918, -0.5079636), (0.0128635205, -0.37048623, -0.9287489), (0.090041496, -0.9949932, -0.043371037), (-0.011144924, -0.23096173, -0.972899), (0.067529306, -0.40797853, -0.9104907), (0.153386, -0.26488775, -0.9520017), (0.044492207, -0.2818009, 0.9584407), (0.12469062, -0.08256401, 0.9887544), (0.13772146, 0.06177297, 0.98854274), (0.47828743, -0.8781125, -0.012641453), (0.031822387, -0.93489933, 0.35348347), (0.14725606, -0.5982408, -0.78766984), (-0.27457452, -0.37516809, 0.8853575), (0.47828743, -0.8781125, -0.012641453), (0.36860976, -0.44918332, 0.81385577), (0.47828743, -0.8781125, -0.012641453), (-0.27457452, -0.37516809, 0.8853575), (0.031822387, -0.93489933, 0.35348347), (-0.21493883, -0.3619392, -0.907084), (0.46377316, -0.47300044, -0.74912286), (0.067529306, -0.40797853, -0.9104907), (-0.21493883, -0.3619392, -0.907084), (0.0128635205, -0.37048623, -0.9287489), (0.46377316, -0.47300044, -0.74912286), (-0.35233104, -0.17913176, 0.91857207), (0.653943, -0.7066535, 0.27018392), (-0.26182187, -0.9547804, 0.14086759), (-0.26182187, -0.9547804, 0.14086759), (-0.37900504, -0.9045427, -0.19533996), (-0.35233104, -0.17913176, 0.91857207), (0.60264915, -0.62154084, 0.5005007), (0.41431665, -0.7551918, -0.5079636), (0.090041496, -0.9949932, -0.043371037), (0.36705136, -0.20168704, 0.9080725), (0.12469062, -0.08256401, 0.9887544), (0.044492207, -0.2818009, 0.9584407), (0.067529306, -0.40797853, -0.9104907), (-0.011144924, -0.23096173, -0.972899), (-0.21493883, -0.3619392, -0.907084), (-0.37900504, -0.9045427, -0.19533996), (0.3734463, -0.5734585, 0.72916615), (0.044492207, -0.2818009, 0.9584407), (-0.35233104, -0.17913176, 0.91857207), (-0.37900504, -0.9045427, -0.19533996), (0.044492207, -0.2818009, 0.9584407), (0.14725606, -0.5982408, -0.78766984), (-0.37900504, -0.9045427, -0.19533996), (-0.26182187, -0.9547804, 0.14086759), (-0.4554158, -0.52405465, 0.71969664), (-0.27457452, -0.37516809, 0.8853575), (0.60264915, -0.62154084, 0.5005007), (0.090041496, -0.9949932, -0.043371037), (-0.4554158, -0.52405465, 0.71969664), (0.60264915, -0.62154084, 0.5005007), (-0.35813695, -0.26813775, -0.89433783), (-0.011144924, -0.23096173, -0.972899), (-0.18611582, -0.61536384, -0.7659558), (0.031822387, -0.93489933, 0.35348347), (-0.07560677, -0.99463224, -0.07064155), (0.23712318, -0.68100905, -0.6928199), (0.044492207, -0.2818009, 0.9584407), (0.3734463, -0.5734585, 0.72916615), (0.36705136, -0.20168704, 0.9080725), (0.031822387, -0.93489933, 0.35348347), (0.23712318, -0.68100905, -0.6928199), (0.14725606, -0.5982408, -0.78766984), (-0.27457452, -0.37516809, 0.8853575), (-0.51934546, -0.26571965, 0.81220275), (0.031822387, -0.93489933, 0.35348347), (-0.4554158, -0.52405465, 0.71969664), (-0.51934546, -0.26571965, 0.81220275), (-0.27457452, -0.37516809, 0.8853575), (-0.51934546, -0.26571965, 0.81220275), (-0.07560677, -0.99463224, -0.07064155), (0.031822387, -0.93489933, 0.35348347), (-0.07560677, -0.99463224, -0.07064155), (0.0062061967, -0.73276937, -0.6804487), (0.23712318, -0.68100905, -0.6928199), (-0.21493883, -0.3619392, -0.907084), (-0.011144924, -0.23096173, -0.972899), (-0.35813695, -0.26813775, -0.89433783), (0.0062061967, -0.73276937, -0.6804487), (0.14725606, -0.5982408, -0.78766984), (0.23712318, -0.68100905, -0.6928199), (-0.4554158, -0.52405465, 0.71969664), (-0.83138245, -0.44100308, -0.3381118), (-0.51934546, -0.26571965, 0.81220275), (-0.21493883, -0.3619392, -0.907084), (-0.83138245, -0.44100308, -0.3381118), (0.0128635205, -0.37048623, -0.9287489), (-0.83138245, -0.44100308, -0.3381118), (-0.21493883, -0.3619392, -0.907084), (-0.35813695, -0.26813775, -0.89433783), (0.48713964, -0.841149, 0.23486897), (-0.024878472, -0.20493919, 0.9784585), (0.3734463, -0.5734585, 0.72916615), (0.3809063, -0.78365767, -0.4907047), (0.3734463, -0.5734585, 0.72916615), (-0.37900504, -0.9045427, -0.19533996), (0.14725606, -0.5982408, -0.78766984), (0.3809063, -0.78365767, -0.4907047), (-0.37900504, -0.9045427, -0.19533996), (0.14725606, -0.5982408, -0.78766984), (0.0062061967, -0.73276937, -0.6804487), (0.3809063, -0.78365767, -0.4907047), (0.3809063, -0.78365767, -0.4907047), (0.0062061967, -0.73276937, -0.6804487), (-0.2541257, -0.7449399, -0.61683446), (-0.83138245, -0.44100308, -0.3381118), (-0.52494705, -0.74959934, -0.4031518), (0.0128635205, -0.37048623, -0.9287489), (-0.83138245, -0.44100308, -0.3381118), (-0.4554158, -0.52405465, 0.71969664), (-0.52494705, -0.74959934, -0.4031518), (0.0128635205, -0.37048623, -0.9287489), (-0.52494705, -0.74959934, -0.4031518), (0.090041496, -0.9949932, -0.043371037), (0.090041496, -0.9949932, -0.043371037), (-0.52494705, -0.74959934, -0.4031518), (-0.4554158, -0.52405465, 0.71969664), (-0.83138245, -0.44100308, -0.3381118), (-0.8850232, -0.04680134, -0.4631885), (-0.9563572, -0.19250287, -0.2198263), (-0.51934546, -0.26571965, 0.81220275), (-0.83138245, -0.44100308, -0.3381118), (-0.07560677, -0.99463224, -0.07064155), (-0.35813695, -0.26813775, -0.89433783), (-0.8850232, -0.04680134, -0.4631885), (-0.83138245, -0.44100308, -0.3381118), (-0.9824214, -0.18654425, 0.007021856), (-0.2541257, -0.7449399, -0.61683446), (0.0062061967, -0.73276937, -0.6804487), (0.3809063, -0.78365767, -0.4907047), (0.48713964, -0.841149, 0.23486897), (0.3734463, -0.5734585, 0.72916615), (0.3809063, -0.78365767, -0.4907047), (-0.2541257, -0.7449399, -0.61683446), (0.48713964, -0.841149, 0.23486897), (-0.26971555, -0.6581593, 0.7029082), (0.48713964, -0.841149, 0.23486897), (-0.2541257, -0.7449399, -0.61683446), (-0.6788475, -0.09164886, 0.7285374), (-0.7386821, 0.06490025, 0.6709222), (-0.7512079, -0.37849924, 0.5407634), (-0.47243676, -0.55926716, 0.6811929), (-0.3692929, -0.83947486, 0.39862877), (-0.5667441, -0.3040164, 0.7657513), (-0.3692929, -0.83947486, 0.39862877), (-0.36624175, -0.9252009, 0.099349305), (-0.22173162, -0.97266304, 0.06900457), (-0.47243676, -0.55926716, 0.6811929), (-0.5667441, -0.3040164, 0.7657513), (-0.6788475, -0.09164886, 0.7285374), (-0.6505046, -0.51451486, 0.5586754), (-0.5667441, -0.3040164, 0.7657513), (-0.3692929, -0.83947486, 0.39862877), (-0.6788475, -0.09164886, 0.7285374), (-0.5667441, -0.3040164, 0.7657513), (-0.7386821, 0.06490025, 0.6709222), (-0.3692929, -0.83947486, 0.39862877), (-0.22173162, -0.97266304, 0.06900457), (-0.45169863, -0.8323349, 0.3212274), (-0.31406653, 0.06794066, 0.9469669), (-0.2590225, -0.008159456, 0.9658368), (-0.7386821, 0.06490025, 0.6709222), (-0.6505046, -0.51451486, 0.5586754), (-0.3692929, -0.83947486, 0.39862877), (-0.45169863, -0.8323349, 0.3212274), (-0.22173162, -0.97266304, 0.06900457), (-0.13638678, -0.98870647, 0.06211295), (-0.45169863, -0.8323349, 0.3212274), (-0.7386821, 0.06490025, 0.6709222), (-0.5667441, -0.3040164, 0.7657513), (-0.31406653, 0.06794066, 0.9469669), (-0.4648082, -0.34641415, 0.81483155), (-0.31406653, 0.06794066, 0.9469669), (-0.5667441, -0.3040164, 0.7657513), (-0.5667441, -0.3040164, 0.7657513), (-0.6505046, -0.51451486, 0.5586754), (-0.4648082, -0.34641415, 0.81483155), (-0.21107437, -0.16864155, 0.96281236), (-0.31406653, 0.06794066, 0.9469669), (0.023816178, -0.3309737, 0.94333935), (-0.4648082, -0.34641415, 0.81483155), (0.023816178, -0.3309737, 0.94333935), (-0.31406653, 0.06794066, 0.9469669), (-0.45169863, -0.8323349, 0.3212274), (-0.53603876, -0.59868395, 0.59518075), (-0.6505046, -0.51451486, 0.5586754), (-0.53603876, -0.59868395, 0.59518075), (-0.45169863, -0.8323349, 0.3212274), (-0.5876113, -0.7283865, 0.35237217), (-0.4768414, -0.872897, -0.10331102), (-0.45169863, -0.8323349, 0.3212274), (-0.13638678, -0.98870647, 0.06211295), (-0.4768414, -0.872897, -0.10331102), (-0.5876113, -0.7283865, 0.35237217), (-0.45169863, -0.8323349, 0.3212274), (-0.31406653, 0.06794066, 0.9469669), (-0.21107437, -0.16864155, 0.96281236), (-0.2590225, -0.008159456, 0.9658368), (-0.53603876, -0.59868395, 0.59518075), (-0.4648082, -0.34641415, 0.81483155), (-0.6505046, -0.51451486, 0.5586754), (-0.67248166, -0.6298132, 0.38872072), (-0.53603876, -0.59868395, 0.59518075), (-0.5876113, -0.7283865, 0.35237217), (0.023816178, -0.3309737, 0.94333935), (-0.47637084, -0.5204101, 0.70869184), (-0.21107437, -0.16864155, 0.96281236), (0.023816178, -0.3309737, 0.94333935), (-0.4648082, -0.34641415, 0.81483155), (-0.47637084, -0.5204101, 0.70869184), (-0.53603876, -0.59868395, 0.59518075), (-0.47637084, -0.5204101, 0.70869184), (-0.4648082, -0.34641415, 0.81483155), (-0.47637084, -0.5204101, 0.70869184), (-0.59727305, -0.35239664, 0.7204731), (-0.21107437, -0.16864155, 0.96281236), (-0.67248166, -0.6298132, 0.38872072), (-0.47637084, -0.5204101, 0.70869184), (-0.53603876, -0.59868395, 0.59518075), (-0.67248166, -0.6298132, 0.38872072), (-0.56371206, -0.7503929, 0.34516558), (-0.47637084, -0.5204101, 0.70869184), (-0.59727305, -0.35239664, 0.7204731), (-0.47637084, -0.5204101, 0.70869184), (-0.6298841, -0.5917027, 0.503124), (-0.47637084, -0.5204101, 0.70869184), (-0.56371206, -0.7503929, 0.34516558), (-0.6298841, -0.5917027, 0.503124), (-0.6298841, -0.5917027, 0.503124), (-0.7129639, -0.48047847, 0.5107082), (-0.59727305, -0.35239664, 0.7204731), (-0.59727305, -0.35239664, 0.7204731), (-0.7129639, -0.48047847, 0.5107082), (-0.7769735, -0.12644881, 0.6167032), (-0.6298841, -0.5917027, 0.503124), (-0.78101, -0.5952307, 0.1890078), (-0.7129639, -0.48047847, 0.5107082), (-0.7129639, -0.48047847, 0.5107082), (-0.78101, -0.5952307, 0.1890078), (-0.9303713, -0.120996565, 0.3460768), (-0.06082439, -0.38310453, -0.9217002), (-0.34010774, -0.36714694, -0.8657539), (-0.09425483, -0.5799968, -0.8091476), (-0.34010774, -0.36714694, -0.8657539), (-0.30734956, -0.63781, -0.7062115), (-0.09425483, -0.5799968, -0.8091476), (-0.051590934, 0.06297746, -0.9966806), (-0.37858525, -0.0017372718, -0.92556477), (-0.15403481, -0.16907997, -0.9734912), (-0.15403481, -0.16907997, -0.9734912), (-0.37858525, -0.0017372718, -0.92556477), (-0.34010774, -0.36714694, -0.8657539), (-0.15403481, -0.16907997, -0.9734912), (-0.34010774, -0.36714694, -0.8657539), (-0.06082439, -0.38310453, -0.9217002), (-0.37858525, -0.0017372718, -0.92556477), (-0.25175688, -0.07510777, -0.96487164), (-0.34010774, -0.36714694, -0.8657539), (-0.15918931, -0.9147188, -0.37141395), (-0.13638678, -0.98870647, 0.06211295), (-0.03956626, -0.9964217, 0.074688815), (-0.46515056, -0.2743003, -0.84166163), (-0.34010774, -0.36714694, -0.8657539), (-0.25175688, -0.07510777, -0.96487164), (-0.34010774, -0.36714694, -0.8657539), (-0.46515056, -0.2743003, -0.84166163), (-0.24874392, -0.65217304, -0.7160983), (-0.30734956, -0.63781, -0.7062115), (-0.34010774, -0.36714694, -0.8657539), (-0.24874392, -0.65217304, -0.7160983), (-0.15918931, -0.9147188, -0.37141395), (-0.4768414, -0.872897, -0.10331102), (-0.13638678, -0.98870647, 0.06211295), (-0.53331524, -0.6648449, -0.52302575), (-0.30734956, -0.63781, -0.7062115), (-0.24874392, -0.65217304, -0.7160983), (-0.53331524, -0.6648449, -0.52302575), (-0.15918931, -0.9147188, -0.37141395), (-0.30734956, -0.63781, -0.7062115), (-0.4768414, -0.872897, -0.10331102), (-0.15918931, -0.9147188, -0.37141395), (-0.53331524, -0.6648449, -0.52302575), (0.029211571, -0.39819893, -0.9168338), (-0.24874392, -0.65217304, -0.7160983), (-0.46515056, -0.2743003, -0.84166163), (-0.25175688, -0.07510777, -0.96487164), (0.04796586, -0.23828295, -0.9700105), (-0.46515056, -0.2743003, -0.84166163), (0.029211571, -0.39819893, -0.9168338), (-0.0460974, -0.582471, -0.8115433), (-0.24874392, -0.65217304, -0.7160983), (-0.5876113, -0.7283865, 0.35237217), (-0.4768414, -0.872897, -0.10331102), (-0.6022546, -0.7959749, 0.06093654), (-0.53331524, -0.6648449, -0.52302575), (-0.5508006, -0.80261517, -0.22897059), (-0.4768414, -0.872897, -0.10331102), (0.04796586, -0.23828295, -0.9700105), (0.029211571, -0.39819893, -0.9168338), (-0.46515056, -0.2743003, -0.84166163), (0.04796586, -0.23828295, -0.9700105), (-0.0460974, -0.582471, -0.8115433), (0.029211571, -0.39819893, -0.9168338), (-0.0460974, -0.582471, -0.8115433), (-0.28421083, -0.8966493, -0.3394765), (-0.24874392, -0.65217304, -0.7160983), (-0.427099, -0.8184924, -0.38426098), (-0.5508006, -0.80261517, -0.22897059), (-0.53331524, -0.6648449, -0.52302575), (-0.427099, -0.8184924, -0.38426098), (-0.53331524, -0.6648449, -0.52302575), (-0.24874392, -0.65217304, -0.7160983), (-0.28421083, -0.8966493, -0.3394765), (-0.427099, -0.8184924, -0.38426098), (-0.24874392, -0.65217304, -0.7160983), (-0.5876113, -0.7283865, 0.35237217), (-0.6022546, -0.7959749, 0.06093654), (-0.67248166, -0.6298132, 0.38872072), (-0.4768414, -0.872897, -0.10331102), (-0.5508006, -0.80261517, -0.22897059), (-0.6022546, -0.7959749, 0.06093654), (-0.6022546, -0.7959749, 0.06093654), (-0.56371206, -0.7503929, 0.34516558), (-0.67248166, -0.6298132, 0.38872072), (-0.0460974, -0.582471, -0.8115433), (0.04796586, -0.23828295, -0.9700105), (-0.40332595, -0.4272109, -0.809209), (-0.427099, -0.8184924, -0.38426098), (-0.28421083, -0.8966493, -0.3394765), (-0.0460974, -0.582471, -0.8115433), (-0.6022546, -0.7959749, 0.06093654), (-0.5123792, -0.8514368, 0.11190561), (-0.56371206, -0.7503929, 0.34516558), (-0.5123792, -0.8514368, 0.11190561), (-0.6022546, -0.7959749, 0.06093654), (-0.5508006, -0.80261517, -0.22897059), (-0.40332595, -0.4272109, -0.809209), (-0.427099, -0.8184924, -0.38426098), (-0.0460974, -0.582471, -0.8115433), (-0.40332595, -0.4272109, -0.809209), (-0.7288482, -0.46132687, -0.50592273), (-0.427099, -0.8184924, -0.38426098), (-0.5508006, -0.80261517, -0.22897059), (-0.427099, -0.8184924, -0.38426098), (-0.6942795, -0.69535595, -0.18562338), (-0.6942795, -0.69535595, -0.18562338), (-0.5123792, -0.8514368, 0.11190561), (-0.5508006, -0.80261517, -0.22897059), (-0.52433175, -0.7145305, -0.46316564), (-0.7288482, -0.46132687, -0.50592273), (-0.40332595, -0.4272109, -0.809209), (-0.7288482, -0.46132687, -0.50592273), (-0.6942795, -0.69535595, -0.18562338), (-0.427099, -0.8184924, -0.38426098), (-0.5123792, -0.8514368, 0.11190561), (-0.78101, -0.5952307, 0.1890078), (-0.56371206, -0.7503929, 0.34516558), (-0.56371206, -0.7503929, 0.34516558), (-0.78101, -0.5952307, 0.1890078), (-0.6298841, -0.5917027, 0.503124), (-0.6942795, -0.69535595, -0.18562338), (-0.78101, -0.5952307, 0.1890078), (-0.5123792, -0.8514368, 0.11190561), (-0.52433175, -0.7145305, -0.46316564), (-0.9113764, -0.07174875, -0.40527183), (-0.7288482, -0.46132687, -0.50592273), (-0.9369484, -0.30203733, -0.17578715), (-0.9303713, -0.120996565, 0.3460768), (-0.78101, -0.5952307, 0.1890078), (-0.9113764, -0.07174875, -0.40527183), (-0.9369484, -0.30203733, -0.17578715), (-0.7288482, -0.46132687, -0.50592273), (-0.78101, -0.5952307, 0.1890078), (-0.6942795, -0.69535595, -0.18562338), (-0.9369484, -0.30203733, -0.17578715), (-0.9369484, -0.30203733, -0.17578715), (-0.6942795, -0.69535595, -0.18562338), (-0.7288482, -0.46132687, -0.50592273), (-0.8648677, -0.2814473, -0.41568175), (-0.9563572, -0.19250287, -0.2198263), (-0.997374, 0.032527003, -0.06470759), (-0.9824214, -0.18654425, 0.007021856), (-0.8648677, -0.2814473, -0.41568175), (-0.997374, 0.032527003, -0.06470759), (-0.9824214, -0.18654425, 0.007021856), (-0.997374, 0.032527003, -0.06470759), (-0.96762, -0.05937785, 0.24532823), (-0.07560677, -0.99463224, -0.07064155), (-0.9563572, -0.19250287, -0.2198263), (-0.8648677, -0.2814473, -0.41568175), (-0.934855, -0.2734934, -0.22637905), (-0.9824214, -0.18654425, 0.007021856), (-0.96762, -0.05937785, 0.24532823), (-0.8648677, -0.2814473, -0.41568175), (-0.56249386, -0.77226466, -0.2953101), (-0.07560677, -0.99463224, -0.07064155), (-0.26971555, -0.6581593, 0.7029082), (-0.934855, -0.2734934, -0.22637905), (-0.6259761, -0.24934776, 0.7389044), (-0.934855, -0.2734934, -0.22637905), (-0.96762, -0.05937785, 0.24532823), (-0.6259761, -0.24934776, 0.7389044), (-0.07560677, -0.99463224, -0.07064155), (-0.56249386, -0.77226466, -0.2953101), (0.0062061967, -0.73276937, -0.6804487), (-0.07560677, -0.99463224, -0.07064155), (-0.83138245, -0.44100308, -0.3381118), (-0.9563572, -0.19250287, -0.2198263), (-0.2541257, -0.7449399, -0.61683446), (-0.9824214, -0.18654425, 0.007021856), (-0.934855, -0.2734934, -0.22637905), (-0.9824214, -0.18654425, 0.007021856), (0.0062061967, -0.73276937, -0.6804487), (-0.56249386, -0.77226466, -0.2953101), (-0.26971555, -0.6581593, 0.7029082), (-0.2541257, -0.7449399, -0.61683446), (-0.934855, -0.2734934, -0.22637905), (-0.9824214, -0.18654425, 0.007021856), (-0.56249386, -0.77226466, -0.2953101), (-0.8648677, -0.2814473, -0.41568175), (-0.9369484, -0.30203733, -0.17578715), (-0.9928039, -0.04971378, 0.108945586), (-0.9303713, -0.120996565, 0.3460768), (0.0035254909, 0.007867285, 0.99996287), (0.002956659, 0.6539021, 0.7565734), (0.012271049, 0.7301279, 0.68320036), (-0.044874202, -0.9910366, -0.12582853), (-0.098739795, -0.9933897, -0.058544084), (-0.0028397657, -0.92035156, -0.39108178), (0.0035254909, 0.007867285, 0.99996287), (0.06407496, -0.60931337, 0.7903365), (0.002956659, 0.6539021, 0.7565734), (0.012271049, 0.7301279, 0.68320036), (0.002956659, 0.6539021, 0.7565734), (-0.02443426, 0.81262857, 0.58226955), (-0.02443426, 0.81262857, 0.58226955), (-0.0000142572135, 1, -0.0000016744169), (0.012271049, 0.7301279, 0.68320036), (-0.0028397657, -0.92035156, -0.39108178), (-0.07645387, -0.9578257, -0.276992), (-0.08443495, -0.9245723, -0.37153324), (0.07686678, -0.969867, -0.23119134), (-0.08443495, -0.9245723, -0.37153324), (-0.035381615, -0.8716535, -0.4888439), (-0.0646989, -0.5597188, 0.82615304), (0.06407496, -0.60931337, 0.7903365), (0.1837987, -0.8918133, 0.41338506), (-0.07645387, -0.9578257, -0.276992), (-0.035381615, -0.8716535, -0.4888439), (-0.08443495, -0.9245723, -0.37153324), (-0.07645387, -0.9578257, -0.276992), (-0.0027889286, -0.94021255, -0.34057698), (-0.035381615, -0.8716535, -0.4888439), (-0.0646989, -0.5597188, 0.82615304), (0.002956659, 0.6539021, 0.7565734), (0.06407496, -0.60931337, 0.7903365), (0.002956659, 0.6539021, 0.7565734), (-0.005620229, 0.09713111, 0.99525577), (-0.02443426, 0.81262857, 0.58226955), (-0.0646989, -0.5597188, 0.82615304), (-0.005620229, 0.09713111, 0.99525577), (0.002956659, 0.6539021, 0.7565734), (-0.0027889286, -0.94021255, -0.34057698), (-0.15177526, -0.8524812, -0.50023985), (-0.035381615, -0.8716535, -0.4888439), (0.37561375, -0.8596584, -0.34626836), (-0.0027889286, -0.94021255, -0.34057698), (0.06003938, -0.98658663, -0.15179671), (-0.0027889286, -0.94021255, -0.34057698), (0.03345446, -0.9568192, -0.28875244), (-0.15177526, -0.8524812, -0.50023985), (-0.16219935, -0.9243946, -0.34523326), (-0.15177526, -0.8524812, -0.50023985), (0.03345446, -0.9568192, -0.28875244), (-0.0027889286, -0.94021255, -0.34057698), (0.49111542, -0.8702441, 0.038480975), (0.03345446, -0.9568192, -0.28875244), (-0.02443426, 0.81262857, 0.58226955), (-0.004786194, 0.75278944, 0.6582441), (-0.0029178346, 0.9996573, 0.026013935), (-0.004786194, 0.75278944, 0.6582441), (-0.02443426, 0.81262857, 0.58226955), (-0.005620229, 0.09713111, 0.99525577), (-0.0027889286, -0.94021255, -0.34057698), (0.37561375, -0.8596584, -0.34626836), (0.49111542, -0.8702441, 0.038480975), (-0.0029178346, 0.9996573, 0.026013935), (-0.0000142572135, 1, -0.0000016744169), (-0.02443426, 0.81262857, 0.58226955), (0.64236593, -0.67502993, 0.36290595), (0.49111542, -0.8702441, 0.038480975), (0.7498979, -0.6019043, -0.2745257), (-0.10616321, -0.8482346, 0.5188714), (-0.00086551154, -0.051018976, 0.99869734), (-0.0646989, -0.5597188, 0.82615304), (-0.098739795, -0.9933897, -0.058544084), (-0.00641312, -0.968085, 0.25053987), (-0.101746574, -0.98514175, -0.13835913), (-0.00641312, -0.968085, 0.25053987), (-0.098739795, -0.9933897, -0.058544084), (0.50315917, -0.7834532, 0.36473554), (0.4322502, -0.89758265, -0.08663326), (-0.064941086, -0.9957839, -0.06478532), (0.30510107, -0.87246346, -0.3817339), (0.86167, -0.49788305, -0.098170124), (0.4322502, -0.89758265, -0.08663326), (0.30510107, -0.87246346, -0.3817339), (0.84672654, -0.2849616, 0.4492784), (0.4322502, -0.89758265, -0.08663326), (0.86167, -0.49788305, -0.098170124), (-0.101746574, -0.98514175, -0.13835913), (-0.0028397657, -0.92035156, -0.39108178), (-0.098739795, -0.9933897, -0.058544084), (0.4322502, -0.89758265, -0.08663326), (0.84672654, -0.2849616, 0.4492784), (0.65796334, -0.7128086, 0.24287477), (0.30510107, -0.87246346, -0.3817339), (0.52548224, -0.47737363, -0.7042605), (0.5727333, -0.72529835, -0.38199344), (0.86167, -0.49788305, -0.098170124), (0.25956282, -0.92031217, 0.29266474), (0.84672654, -0.2849616, 0.4492784), (0.30510107, -0.87246346, -0.3817339), (0.5727333, -0.72529835, -0.38199344), (0.86167, -0.49788305, -0.098170124), (0.84672654, -0.2849616, 0.4492784), (0.50315917, -0.7834532, 0.36473554), (0.65796334, -0.7128086, 0.24287477), (0.84672654, -0.2849616, 0.4492784), (0.5278066, -0.5120425, 0.677667), (0.50315917, -0.7834532, 0.36473554), (0.84672654, -0.2849616, 0.4492784), (0.5993833, -0.63927543, 0.48173288), (0.5278066, -0.5120425, 0.677667), (-0.101746574, -0.98514175, -0.13835913), (-0.07645387, -0.9578257, -0.276992), (-0.0028397657, -0.92035156, -0.39108178), (-0.00641312, -0.968085, 0.25053987), (0.50315917, -0.7834532, 0.36473554), (0.5278066, -0.5120425, 0.677667), (-0.00641312, -0.968085, 0.25053987), (0.5278066, -0.5120425, 0.677667), (-0.09944535, -0.6538822, 0.7500325), (-0.21443106, -0.8501739, 0.4808572), (-0.00641312, -0.968085, 0.25053987), (-0.09944535, -0.6538822, 0.7500325), (-0.00641312, -0.968085, 0.25053987), (-0.21443106, -0.8501739, 0.4808572), (-0.101746574, -0.98514175, -0.13835913), (-0.13789792, -0.5273498, 0.8383831), (-0.09944535, -0.6538822, 0.7500325), (0.5278066, -0.5120425, 0.677667), (0.12959222, -0.6808578, 0.7208595), (-0.13789792, -0.5273498, 0.8383831), (0.5278066, -0.5120425, 0.677667), (-0.21443106, -0.8501739, 0.4808572), (0.06003938, -0.98658663, -0.15179671), (-0.101746574, -0.98514175, -0.13835913), (-0.07645387, -0.9578257, -0.276992), (-0.101746574, -0.98514175, -0.13835913), (0.06003938, -0.98658663, -0.15179671), (-0.21443106, -0.8501739, 0.4808572), (-0.09944535, -0.6538822, 0.7500325), (-0.13789792, -0.5273498, 0.8383831), (-0.16539018, -0.92436993, 0.3437824), (-0.21443106, -0.8501739, 0.4808572), (-0.13789792, -0.5273498, 0.8383831), (-0.16539018, -0.92436993, 0.3437824), (-0.13789792, -0.5273498, 0.8383831), (-0.32101348, -0.27205458, 0.9071586), (-0.13789792, -0.5273498, 0.8383831), (0.12959222, -0.6808578, 0.7208595), (-0.32101348, -0.27205458, 0.9071586), (-0.07645387, -0.9578257, -0.276992), (0.06003938, -0.98658663, -0.15179671), (-0.0027889286, -0.94021255, -0.34057698), (-0.21443106, -0.8501739, 0.4808572), (0.061744094, -0.9895947, -0.12996145), (0.06003938, -0.98658663, -0.15179671), (-0.16539018, -0.92436993, 0.3437824), (0.061744094, -0.9895947, -0.12996145), (-0.21443106, -0.8501739, 0.4808572), (-0.16539018, -0.92436993, 0.3437824), (0.25461304, -0.95778716, -0.13347653), (0.061744094, -0.9895947, -0.12996145), (-0.32101348, -0.27205458, 0.9071586), (-0.45922297, -0.6427861, 0.61313957), (-0.16539018, -0.92436993, 0.3437824), (-0.32101348, -0.27205458, 0.9071586), (-0.3007672, -0.48112908, 0.8234403), (-0.5702109, -0.27485237, 0.77415484), (-0.6596332, -0.010643744, 0.7515122), (-0.32101348, -0.27205458, 0.9071586), (-0.5702109, -0.27485237, 0.77415484), (0.25461304, -0.95778716, -0.13347653), (-0.16539018, -0.92436993, 0.3437824), (-0.45922297, -0.6427861, 0.61313957), (0.061744094, -0.9895947, -0.12996145), (0.37561375, -0.8596584, -0.34626836), (0.06003938, -0.98658663, -0.15179671), (-0.32101348, -0.27205458, 0.9071586), (-0.6596332, -0.010643744, 0.7515122), (-0.45922297, -0.6427861, 0.61313957), (0.061744094, -0.9895947, -0.12996145), (-0.008394357, -0.7596472, -0.6502812), (0.37561375, -0.8596584, -0.34626836), (-0.505743, -0.78432465, 0.35924777), (-0.45922297, -0.6427861, 0.61313957), (-0.781279, 0.24353164, 0.57471323), (-0.6596332, -0.010643744, 0.7515122), (-0.781279, 0.24353164, 0.57471323), (-0.45922297, -0.6427861, 0.61313957), (0.7498979, -0.6019043, -0.2745257), (0.49111542, -0.8702441, 0.038480975), (0.37561375, -0.8596584, -0.34626836), (-0.6596332, -0.010643744, 0.7515122), (-0.5702109, -0.27485237, 0.77415484), (-0.781279, 0.24353164, 0.57471323), (-0.10394091, -0.99405706, 0.032352146), (-0.06330543, -0.9979213, 0.012067647), (-0.0727337, -0.99144197, 0.10840997), (-0.064941086, -0.9957839, -0.06478532), (-0.06330543, -0.9979213, 0.012067647), (0.30510107, -0.87246346, -0.3817339), (-0.10394091, -0.99405706, 0.032352146), (-0.062416308, -0.9976688, 0.027590727), (-0.06330543, -0.9979213, 0.012067647), (-0.06330543, -0.9979213, 0.012067647), (-0.062416308, -0.9976688, 0.027590727), (0.038775537, -0.77808416, -0.62696224), (-0.062416308, -0.9976688, 0.027590727), (-0.10394091, -0.99405706, 0.032352146), (-0.08428795, -0.99637824, -0.011217885), (-0.062416308, -0.9976688, 0.027590727), (-0.08428795, -0.99637824, -0.011217885), (-0.0007072148, -0.999855, 0.017017176), (0.3258341, -0.21132028, -0.9215075), (0.52548224, -0.47737363, -0.7042605), (0.30510107, -0.87246346, -0.3817339), (0.30510107, -0.87246346, -0.3817339), (0.038775537, -0.77808416, -0.62696224), (0.3258341, -0.21132028, -0.9215075), (0.53145874, -0.6025785, -0.5953577), (0.5727333, -0.72529835, -0.38199344), (0.52548224, -0.47737363, -0.7042605), (0.53145874, -0.6025785, -0.5953577), (0.52548224, -0.47737363, -0.7042605), (0.3258341, -0.21132028, -0.9215075), (0.30510107, -0.87246346, -0.3817339), (-0.06330543, -0.9979213, 0.012067647), (0.038775537, -0.77808416, -0.62696224), (0.3258341, -0.21132028, -0.9215075), (0.038775537, -0.77808416, -0.62696224), (0.3482688, -0.51433, -0.7836922), (-0.0007072148, -0.999855, 0.017017176), (-0.0014767544, -0.9996968, 0.024577172), (-0.062416308, -0.9976688, 0.027590727), (-0.093091235, -0.26049858, -0.9609759), (0.3482688, -0.51433, -0.7836922), (-0.112289906, -0.045689255, -0.9926245), (0.038775537, -0.77808416, -0.62696224), (-0.112289906, -0.045689255, -0.9926245), (0.3482688, -0.51433, -0.7836922), (-0.032703917, -0.99472386, 0.09723577), (0.038775537, -0.77808416, -0.62696224), (-0.062416308, -0.9976688, 0.027590727), (-0.032703917, -0.99472386, 0.09723577), (-0.062416308, -0.9976688, 0.027590727), (-0.0014767544, -0.9996968, 0.024577172), (-0.032703917, -0.99472386, 0.09723577), (-0.23494767, -0.7532068, -0.6143934), (0.038775537, -0.77808416, -0.62696224), (-0.112289906, -0.045689255, -0.9926245), (0.038775537, -0.77808416, -0.62696224), (-0.23494767, -0.7532068, -0.6143934), (-0.112289906, -0.045689255, -0.9926245), (-0.23494767, -0.7532068, -0.6143934), (-0.26815253, -0.65402776, -0.7073486), (-0.112289906, -0.045689255, -0.9926245), (-0.26815253, -0.65402776, -0.7073486), (-0.33357486, 0.12895276, -0.9338624), (-0.032703917, -0.99472386, 0.09723577), (-0.01377356, -0.99861944, 0.050691936), (-0.23494767, -0.7532068, -0.6143934), (-0.0014767544, -0.9996968, 0.024577172), (-0.027852284, -0.9983684, 0.04984852), (-0.032703917, -0.99472386, 0.09723577), (-0.0007072148, -0.999855, 0.017017176), (-0.027852284, -0.9983684, 0.04984852), (-0.0014767544, -0.9996968, 0.024577172), (-0.01377356, -0.99861944, 0.050691936), (-0.26815253, -0.65402776, -0.7073486), (-0.23494767, -0.7532068, -0.6143934), (-0.08428795, -0.99637824, -0.011217885), (-0.10394091, -0.99405706, 0.032352146), (0.0019045363, -0.9984046, -0.056431584), (-0.08428795, -0.99637824, -0.011217885), (0.06985902, -0.9956242, -0.062066846), (0.015213693, -0.9984902, 0.052780543), (-0.08428795, -0.99637824, -0.011217885), (0.015213693, -0.9984902, 0.052780543), (-0.0007072148, -0.999855, 0.017017176), (0.060777366, -0.9926097, -0.10503406), (0.015213693, -0.9984902, 0.052780543), (0.06985902, -0.9956242, -0.062066846), (0.015213693, -0.9984902, 0.052780543), (-0.017545508, -0.9956305, 0.09171729), (-0.0007072148, -0.999855, 0.017017176), (0.015213693, -0.9984902, 0.052780543), (0.060777366, -0.9926097, -0.10503406), (0.0029712424, -0.9991711, -0.04059998), (0.015213693, -0.9984902, 0.052780543), (-0.0067340303, -0.999641, 0.025929533), (-0.017545508, -0.9956305, 0.09171729), (0.0029712424, -0.9991711, -0.04059998), (-0.0067340303, -0.999641, 0.025929533), (0.015213693, -0.9984902, 0.052780543), (0.060777366, -0.9926097, -0.10503406), (0.011662736, -0.99576116, -0.09123387), (0.0029712424, -0.9991711, -0.04059998), (0.013932707, -0.99661475, -0.08102367), (-0.0067340303, -0.999641, 0.025929533), (0.0029712424, -0.9991711, -0.04059998), (0.032588314, -0.99598855, 0.08333617), (-0.017545508, -0.9956305, 0.09171729), (-0.0067340303, -0.999641, 0.025929533), (-0.017545508, -0.9956305, 0.09171729), (0.032588314, -0.99598855, 0.08333617), (-0.0007072148, -0.999855, 0.017017176), (-0.0067340303, -0.999641, 0.025929533), (0.5162576, -0.82934076, 0.21371032), (0.032588314, -0.99598855, 0.08333617), (0.013932707, -0.99661475, -0.08102367), (0.5162576, -0.82934076, 0.21371032), (-0.0067340303, -0.999641, 0.025929533), (0.6265004, -0.7766547, -0.06560904), (0.013932707, -0.99661475, -0.08102367), (0.64736694, -0.7263118, -0.23105687), (0.013932707, -0.99661475, -0.08102367), (0.6265004, -0.7766547, -0.06560904), (0.5162576, -0.82934076, 0.21371032), (0.5162576, -0.82934076, 0.21371032), (0.6265004, -0.7766547, -0.06560904), (0.9594686, -0.25321534, 0.12370132), (0.9253296, -0.36121523, -0.115276106), (0.9594686, -0.25321534, 0.12370132), (0.6265004, -0.7766547, -0.06560904), (0.032588314, -0.99598855, 0.08333617), (0.41495645, -0.7954474, 0.44167253), (0.16402505, -0.8903558, 0.42469075), (0.5162576, -0.82934076, 0.21371032), (0.41495645, -0.7954474, 0.44167253), (0.032588314, -0.99598855, 0.08333617), (0.64736694, -0.7263118, -0.23105687), (0.9253296, -0.36121523, -0.115276106), (0.6265004, -0.7766547, -0.06560904), (-0.027852284, -0.9983684, 0.04984852), (0.032588314, -0.99598855, 0.08333617), (0.16402505, -0.8903558, 0.42469075), (0.5162576, -0.82934076, 0.21371032), (0.9594686, -0.25321534, 0.12370132), (0.41495645, -0.7954474, 0.44167253), (0.75994325, -0.53555053, 0.3683366), (0.29348624, -0.46438625, 0.8355904), (0.41495645, -0.7954474, 0.44167253), (0.9594686, -0.25321534, 0.12370132), (0.75994325, -0.53555053, 0.3683366), (0.41495645, -0.7954474, 0.44167253), (-0.005620229, 0.09713111, 0.99525577), (-0.0646989, -0.5597188, 0.82615304), (-0.00086551154, -0.051018976, 0.99869734), (0.03345446, -0.9568192, -0.28875244), (0.49111542, -0.8702441, 0.038480975), (-0.022101553, -0.9632676, -0.26763216), (0.03345446, -0.9568192, -0.28875244), (0.008697831, -0.9838827, -0.17860329), (-0.16219935, -0.9243946, -0.34523326), (-0.16219935, -0.9243946, -0.34523326), (0.008697831, -0.9838827, -0.17860329), (-0.038219485, -0.999104, 0.018177781), (0.008697831, -0.9838827, -0.17860329), (0.03345446, -0.9568192, -0.28875244), (-0.022101553, -0.9632676, -0.26763216), (-0.06401103, -0.7586226, 0.64837825), (0.18875012, -0.90943915, 0.3705318), (0.64236593, -0.67502993, 0.36290595), (0.18875012, -0.90943915, 0.3705318), (0.49111542, -0.8702441, 0.038480975), (0.64236593, -0.67502993, 0.36290595), (0.49111542, -0.8702441, 0.038480975), (0.18875012, -0.90943915, 0.3705318), (-0.022101553, -0.9632676, -0.26763216), (0.018620312, -0.66368306, 0.7477822), (-0.10616321, -0.8482346, 0.5188714), (-0.038219485, -0.999104, 0.018177781), (-0.022101553, -0.9632676, -0.26763216), (0.18875012, -0.90943915, 0.3705318), (-0.50943863, -0.85122186, 0.12606981), (-0.06401103, -0.7586226, 0.64837825), (-0.50943863, -0.85122186, 0.12606981), (0.18875012, -0.90943915, 0.3705318), (-0.06401103, -0.7586226, 0.64837825), (-0.86777985, -0.38262185, 0.3171098), (-0.50943863, -0.85122186, 0.12606981), (-0.55999386, -0.8280863, 0.026074074), (-0.86777985, -0.38262185, 0.3171098), (-0.06401103, -0.7586226, 0.64837825), (-0.022101553, -0.9632676, -0.26763216), (-0.50943863, -0.85122186, 0.12606981), (0.010744951, -0.9567639, -0.29066712), (-0.022101553, -0.9632676, -0.26763216), (0.010744951, -0.9567639, -0.29066712), (0.008697831, -0.9838827, -0.17860329), (-0.50943863, -0.85122186, 0.12606981), (-0.86777985, -0.38262185, 0.3171098), (-0.4415902, -0.84860873, -0.2913096), (-0.86777985, -0.38262185, 0.3171098), (-0.6443737, -0.2985418, -0.70402807), (-0.4415902, -0.84860873, -0.2913096), (0.010744951, -0.9567639, -0.29066712), (-0.50943863, -0.85122186, 0.12606981), (-0.4415902, -0.84860873, -0.2913096), (0.010744951, -0.9567639, -0.29066712), (-0.4415902, -0.84860873, -0.2913096), (0.14115326, -0.96470386, -0.22231138), (0.09366387, -0.8009602, 0.5913457), (0.008697831, -0.9838827, -0.17860329), (0.06827945, -0.9510508, -0.301397), (0.008697831, -0.9838827, -0.17860329), (0.010744951, -0.9567639, -0.29066712), (0.06827945, -0.9510508, -0.301397), (0.010744951, -0.9567639, -0.29066712), (0.14115326, -0.96470386, -0.22231138), (0.06827945, -0.9510508, -0.301397), (0.14115326, -0.96470386, -0.22231138), (0.63438493, -0.72923267, -0.25646746), (0.06827945, -0.9510508, -0.301397), (-0.0029178346, 0.9996573, 0.026013935), (-0.004786194, 0.75278944, 0.6582441), (0.0033631746, 0.77730423, 0.62911594), (-0.004786194, 0.75278944, 0.6582441), (-0.005620229, 0.09713111, 0.99525577), (0.0033631746, 0.77730423, 0.62911594), (0.06827945, -0.9510508, -0.301397), (0.63438493, -0.72923267, -0.25646746), (0.30186325, -0.69379807, 0.6538524), (0.016136406, 0.08325744, 0.9963974), (0.0033631746, 0.77730423, 0.62911594), (-0.005620229, 0.09713111, 0.99525577), (-0.00086551154, -0.051018976, 0.99869734), (0.016136406, 0.08325744, 0.9963974), (-0.005620229, 0.09713111, 0.99525577), (0.63438493, -0.72923267, -0.25646746), (0.14115326, -0.96470386, -0.22231138), (0.65385216, -0.63884324, -0.40540916), (0.0033631746, 0.77730423, 0.62911594), (-0.0000142572135, 1, -0.0000016744169), (-0.0029178346, 0.9996573, 0.026013935), (0.30186325, -0.69379807, 0.6538524), (0.018069556, -0.037420284, 0.99913627), (-0.00086551154, -0.051018976, 0.99869734), (-0.00086551154, -0.051018976, 0.99869734), (0.018069556, -0.037420284, 0.99913627), (0.016136406, 0.08325744, 0.9963974), (0.1018426, -0.970797, -0.21721236), (0.65385216, -0.63884324, -0.40540916), (0.14115326, -0.96470386, -0.22231138), (0.1018426, -0.970797, -0.21721236), (0.6068065, -0.58276784, -0.5405252), (0.65385216, -0.63884324, -0.40540916), (-0.0000142572135, 1, -0.0000016744169), (0.0033631746, 0.77730423, 0.62911594), (0.0063151927, 0.73543555, 0.6775652), (0.0063151927, 0.73543555, 0.6775652), (0.0033631746, 0.77730423, 0.62911594), (0.016136406, 0.08325744, 0.9963974), (0.25461304, -0.95778716, -0.13347653), (-0.505743, -0.78432465, 0.35924777), (0.061744094, -0.9895947, -0.12996145), (0.25461304, -0.95778716, -0.13347653), (-0.45922297, -0.6427861, 0.61313957), (-0.505743, -0.78432465, 0.35924777), (0.061744094, -0.9895947, -0.12996145), (-0.23200913, -0.6948418, -0.6807104), (-0.008394357, -0.7596472, -0.6502812), (-0.781279, 0.24353164, 0.57471323), (-0.5156541, -0.7714053, -0.37287378), (-0.505743, -0.78432465, 0.35924777), (-0.87335014, 0.4361754, -0.21681908), (-0.26815253, -0.65402776, -0.7073486), (-0.5156541, -0.7714053, -0.37287378), (0.37561375, -0.8596584, -0.34626836), (-0.008394357, -0.7596472, -0.6502812), (0.0015192687, -0.74060166, -0.67194265), (-0.77039766, 0.09248881, -0.6308195), (-0.26815253, -0.65402776, -0.7073486), (-0.87335014, 0.4361754, -0.21681908), (0.37561375, -0.8596584, -0.34626836), (0.0015192687, -0.74060166, -0.67194265), (0.7498979, -0.6019043, -0.2745257), (0.64236593, -0.67502993, 0.36290595), (0.7498979, -0.6019043, -0.2745257), (0.08579715, -0.9950841, -0.04946295), (-0.5156541, -0.7714053, -0.37287378), (0.0378484, -0.9977213, -0.055852864), (-0.505743, -0.78432465, 0.35924777), (-0.23200913, -0.6948418, -0.6807104), (0.061744094, -0.9895947, -0.12996145), (-0.505743, -0.78432465, 0.35924777), (-0.5156541, -0.7714053, -0.37287378), (-0.781279, 0.24353164, 0.57471323), (-0.87335014, 0.4361754, -0.21681908), (0.0378484, -0.9977213, -0.055852864), (0.06339366, -0.9965146, -0.054221082), (-0.505743, -0.78432465, 0.35924777), (-0.6443737, -0.2985418, -0.70402807), (0.0015192687, -0.74060166, -0.67194265), (-0.008394357, -0.7596472, -0.6502812), (-0.781279, 0.24353164, 0.57471323), (-0.9366186, 0.117660046, 0.33000243), (-0.87335014, 0.4361754, -0.21681908), (-0.55999386, -0.8280863, 0.026074074), (0.0015192687, -0.74060166, -0.67194265), (-0.6443737, -0.2985418, -0.70402807), (-0.9366186, 0.117660046, 0.33000243), (-0.781279, 0.24353164, 0.57471323), (-0.60077333, -0.068970166, 0.7964385), (-0.77039766, 0.09248881, -0.6308195), (-0.87335014, 0.4361754, -0.21681908), (-0.9366186, 0.117660046, 0.33000243), (-0.6443737, -0.2985418, -0.70402807), (-0.23200913, -0.6948418, -0.6807104), (-0.4415902, -0.84860873, -0.2913096), (-0.23200913, -0.6948418, -0.6807104), (-0.6443737, -0.2985418, -0.70402807), (-0.008394357, -0.7596472, -0.6502812), (-0.23200913, -0.6948418, -0.6807104), (0.08225683, -0.993019, -0.08453998), (-0.4415902, -0.84860873, -0.2913096), (-0.55999386, -0.8280863, 0.026074074), (-0.6443737, -0.2985418, -0.70402807), (-0.86777985, -0.38262185, 0.3171098), (-0.505743, -0.78432465, 0.35924777), (0.08225683, -0.993019, -0.08453998), (-0.23200913, -0.6948418, -0.6807104), (0.0378484, -0.9977213, -0.055852864), (0.08928751, -0.9949202, -0.046494823), (0.06339366, -0.9965146, -0.054221082), (0.08225683, -0.993019, -0.08453998), (0.14115326, -0.96470386, -0.22231138), (-0.4415902, -0.84860873, -0.2913096), (-0.505743, -0.78432465, 0.35924777), (0.06339366, -0.9965146, -0.054221082), (0.08225683, -0.993019, -0.08453998), (0.08225683, -0.993019, -0.08453998), (0.1018426, -0.970797, -0.21721236), (0.14115326, -0.96470386, -0.22231138), (0.08225683, -0.993019, -0.08453998), (0.5731755, -0.6553745, -0.49188837), (0.1018426, -0.970797, -0.21721236), (0.08225683, -0.993019, -0.08453998), (0.09991923, -0.991262, -0.08611539), (0.5731755, -0.6553745, -0.49188837), (0.6068065, -0.58276784, -0.5405252), (0.5731755, -0.6553745, -0.49188837), (0.6660744, -0.3795506, -0.6420951), (0.07500548, -0.9951436, -0.063743904), (0.08225683, -0.993019, -0.08453998), (0.06339366, -0.9965146, -0.054221082), (0.1018426, -0.970797, -0.21721236), (0.5731755, -0.6553745, -0.49188837), (0.6068065, -0.58276784, -0.5405252), (-0.027852284, -0.9983684, 0.04984852), (-0.043450426, -0.9968648, 0.066125415), (-0.01377356, -0.99861944, 0.050691936), (-0.26815253, -0.65402776, -0.7073486), (0.0378484, -0.9977213, -0.055852864), (-0.5156541, -0.7714053, -0.37287378), (-0.01377356, -0.99861944, 0.050691936), (0.0378484, -0.9977213, -0.055852864), (-0.26815253, -0.65402776, -0.7073486), (-0.77039766, 0.09248881, -0.6308195), (-0.33357486, 0.12895276, -0.9338624), (-0.26815253, -0.65402776, -0.7073486), (-0.043450426, -0.9968648, 0.066125415), (0.020369671, -0.99978954, 0.002426658), (-0.01377356, -0.99861944, 0.050691936), (-0.015267851, -0.99874413, 0.04771761), (-0.043450426, -0.9968648, 0.066125415), (-0.027852284, -0.9983684, 0.04984852), (-0.01377356, -0.99861944, 0.050691936), (0.020369671, -0.99978954, 0.002426658), (0.0378484, -0.9977213, -0.055852864), (0.0378484, -0.9977213, -0.055852864), (0.020369671, -0.99978954, 0.002426658), (0.08928751, -0.9949202, -0.046494823), (0.020369671, -0.99978954, 0.002426658), (0.06868706, -0.9965833, -0.045866672), (0.08928751, -0.9949202, -0.046494823), (-0.0071706213, -0.9994766, 0.031543326), (0.020369671, -0.99978954, 0.002426658), (-0.043450426, -0.9968648, 0.066125415), (-0.0071706213, -0.9994766, 0.031543326), (-0.043450426, -0.9968648, 0.066125415), (0.23489937, -0.8047358, 0.54518133), (0.23489937, -0.8047358, 0.54518133), (-0.043450426, -0.9968648, 0.066125415), (-0.015267851, -0.99874413, 0.04771761), (0.020369671, -0.99978954, 0.002426658), (-0.0071706213, -0.9994766, 0.031543326), (0.0463673, -0.9987314, -0.019638328), (0.06868706, -0.9965833, -0.045866672), (0.020369671, -0.99978954, 0.002426658), (0.0463673, -0.9987314, -0.019638328), (0.0463673, -0.9987314, -0.019638328), (0.046933062, -0.9970807, -0.060225952), (0.06868706, -0.9965833, -0.045866672), (0.06339366, -0.9965146, -0.054221082), (0.08928751, -0.9949202, -0.046494823), (0.07500548, -0.9951436, -0.063743904), (-0.0071706213, -0.9994766, 0.031543326), (0.07562563, -0.7537551, 0.65278935), (0.0463673, -0.9987314, -0.019638328), (0.0463673, -0.9987314, -0.019638328), (0.07562563, -0.7537551, 0.65278935), (-0.058531307, -0.65090805, 0.75689685), (0.08928751, -0.9949202, -0.046494823), (0.06868706, -0.9965833, -0.045866672), (0.07500548, -0.9951436, -0.063743904), (0.29348624, -0.46438625, 0.8355904), (0.16402505, -0.8903558, 0.42469075), (0.41495645, -0.7954474, 0.44167253), (-0.015267851, -0.99874413, 0.04771761), (-0.027852284, -0.9983684, 0.04984852), (0.16402505, -0.8903558, 0.42469075), (0.38859707, -0.671301, 0.6311477), (0.20620479, -0.4764333, 0.85468763), (0.29348624, -0.46438625, 0.8355904), (0.29348624, -0.46438625, 0.8355904), (0.20620479, -0.4764333, 0.85468763), (0.16402505, -0.8903558, 0.42469075), (0.20620479, -0.4764333, 0.85468763), (0.24276875, -0.7037455, 0.6676868), (0.16402505, -0.8903558, 0.42469075), (0.24276875, -0.7037455, 0.6676868), (-0.015267851, -0.99874413, 0.04771761), (0.16402505, -0.8903558, 0.42469075), (0.24276875, -0.7037455, 0.6676868), (0.23489937, -0.8047358, 0.54518133), (-0.015267851, -0.99874413, 0.04771761), (0.4186839, -0.37365565, 0.82769877), (0.24276875, -0.7037455, 0.6676868), (0.20620479, -0.4764333, 0.85468763), (0.20620479, -0.4764333, 0.85468763), (0.3043009, -0.6295784, 0.71486497), (0.4186839, -0.37365565, 0.82769877), (0.23489937, -0.8047358, 0.54518133), (0.24276875, -0.7037455, 0.6676868), (0.4186839, -0.37365565, 0.82769877), (0.3043009, -0.6295784, 0.71486497), (0.319861, -0.29259, 0.9011549), (0.4186839, -0.37365565, 0.82769877), (0.4186839, -0.37365565, 0.82769877), (0.319861, -0.29259, 0.9011549), (0.23489937, -0.8047358, 0.54518133), (0.07562563, -0.7537551, 0.65278935), (-0.0071706213, -0.9994766, 0.031543326), (0.23489937, -0.8047358, 0.54518133), (0.23489937, -0.8047358, 0.54518133), (0.319861, -0.29259, 0.9011549), (0.07562563, -0.7537551, 0.65278935), (0.35386688, -0.21720791, 0.90972465), (-0.058531307, -0.65090805, 0.75689685), (0.319861, -0.29259, 0.9011549), (0.319861, -0.29259, 0.9011549), (-0.058531307, -0.65090805, 0.75689685), (0.07562563, -0.7537551, 0.65278935), (0.20115907, -0.5559806, 0.80648667), (-0.20496258, 0.019262273, 0.97858024), (0.35386688, -0.21720791, 0.90972465), (-0.20496258, 0.019262273, 0.97858024), (-0.058531307, -0.65090805, 0.75689685), (0.35386688, -0.21720791, 0.90972465), (0.018069556, -0.037420284, 0.99913627), (0.15491231, -0.036757335, 0.9872441), (0.015630513, 0.10971115, 0.99384063), (0.015630513, 0.10971115, 0.99384063), (0.016136406, 0.08325744, 0.9963974), (0.018069556, -0.037420284, 0.99913627), (0.15491231, -0.036757335, 0.9872441), (-0.10292945, 0.011433066, 0.9946229), (0.015630513, 0.10971115, 0.99384063), (0.016136406, 0.08325744, 0.9963974), (0.015630513, 0.10971115, 0.99384063), (0.0063151927, 0.73543555, 0.6775652), (0.015630513, 0.10971115, 0.99384063), (-0.10292945, 0.011433066, 0.9946229), (-0.0896704, -0.0104816435, 0.99591637), (0.015630513, 0.10971115, 0.99384063), (-0.0033187831, 0.7143234, 0.699808), (0.0063151927, 0.73543555, 0.6775652), (-0.0033187831, 0.7143234, 0.699808), (0.0012585414, 0.99989796, 0.0142336525), (0.0063151927, 0.73543555, 0.6775652), (-0.44758287, -0.3109107, 0.8384534), (-0.0896704, -0.0104816435, 0.99591637), (-0.10292945, 0.011433066, 0.9946229), (-0.47167295, -0.5127521, 0.71736324), (-0.23297346, -0.6070231, 0.75976735), (-0.44758287, -0.3109107, 0.8384534), (0.015630513, 0.10971115, 0.99384063), (-0.0896704, -0.0104816435, 0.99591637), (-0.000752865, -0.021363972, 0.9997715), (-0.0896704, -0.0104816435, 0.99591637), (-0.44758287, -0.3109107, 0.8384534), (-0.23297346, -0.6070231, 0.75976735), (-0.000752865, -0.021363972, 0.9997715), (-0.0033187831, 0.7143234, 0.699808), (0.015630513, 0.10971115, 0.99384063), (-0.53555644, -0.7921072, 0.29282337), (-0.6323037, -0.72611904, 0.2700803), (0.09594076, -0.963963, -0.24813482), (-0.53555644, -0.7921072, 0.29282337), (0.09594076, -0.963963, -0.24813482), (-0.23297346, -0.6070231, 0.75976735), (0.09594076, -0.963963, -0.24813482), (0.059075084, -0.783203, 0.6189532), (-0.23297346, -0.6070231, 0.75976735), (0.059075084, -0.783203, 0.6189532), (-0.0896704, -0.0104816435, 0.99591637), (-0.23297346, -0.6070231, 0.75976735), (-0.0896704, -0.0104816435, 0.99591637), (0.059075084, -0.783203, 0.6189532), (-0.000752865, -0.021363972, 0.9997715), (-0.55667806, -0.8084107, 0.19126341), (-0.015164327, -0.98898774, -0.14721851), (-0.6323037, -0.72611904, 0.2700803), (-0.6323037, -0.72611904, 0.2700803), (-0.015164327, -0.98898774, -0.14721851), (0.09594076, -0.963963, -0.24813482), (-0.5572746, -0.823019, 0.10993079), (-0.012615572, -0.9985403, -0.052517775), (-0.55667806, -0.8084107, 0.19126341), (0.09991923, -0.991262, -0.08611539), (0.08225683, -0.993019, -0.08453998), (0.07500548, -0.9951436, -0.063743904), (0.09991923, -0.991262, -0.08611539), (0.55022913, -0.6935247, -0.4650498), (0.5731755, -0.6553745, -0.49188837), (0.55022913, -0.6935247, -0.4650498), (0.44217613, -0.35337594, -0.82438207), (0.5731755, -0.6553745, -0.49188837), (0.55022913, -0.6935247, -0.4650498), (0.5483069, -0.22417097, -0.8056717), (0.44217613, -0.35337594, -0.82438207), (0.09991923, -0.991262, -0.08611539), (0.2828796, -0.7069172, -0.64826477), (0.55022913, -0.6935247, -0.4650498), (0.5483069, -0.22417097, -0.8056717), (0.55022913, -0.6935247, -0.4650498), (0.32745367, -0.39741844, -0.8572238), (0.2828796, -0.7069172, -0.64826477), (0.32745367, -0.39741844, -0.8572238), (0.55022913, -0.6935247, -0.4650498), (0.32745367, -0.39741844, -0.8572238), (0.31841773, -0.6174122, -0.7193138), (0.5483069, -0.22417097, -0.8056717), (0.2828796, -0.7069172, -0.64826477), (0.09991923, -0.991262, -0.08611539), (-0.050931085, -0.75494176, -0.65381116), (0.2828796, -0.7069172, -0.64826477), (-0.050931085, -0.75494176, -0.65381116), (0.32745367, -0.39741844, -0.8572238), (-0.20478979, -0.43805075, -0.8753129), (0.32745367, -0.39741844, -0.8572238), (-0.050931085, -0.75494176, -0.65381116), (0.08143738, -0.9946023, -0.06429579), (-0.050931085, -0.75494176, -0.65381116), (0.09991923, -0.991262, -0.08611539), (0.08143738, -0.9946023, -0.06429579), (0.01861859, -0.9967682, -0.078145236), (-0.050931085, -0.75494176, -0.65381116), (-0.050931085, -0.75494176, -0.65381116), (-0.30959672, -0.83880574, -0.44783333), (-0.20478979, -0.43805075, -0.8753129), (-0.20478979, -0.43805075, -0.8753129), (-0.30959672, -0.83880574, -0.44783333), (-0.69737464, -0.3737506, -0.61153847), (0.01861859, -0.9967682, -0.078145236), (-0.30959672, -0.83880574, -0.44783333), (-0.050931085, -0.75494176, -0.65381116), (0.064766146, -0.9978998, -0.001153679), (0.01861859, -0.9967682, -0.078145236), (0.08143738, -0.9946023, -0.06429579), (0.01861859, -0.9967682, -0.078145236), (0.010341902, -0.99989146, -0.010488267), (-0.30959672, -0.83880574, -0.44783333), (-0.69737464, -0.3737506, -0.61153847), (-0.5217581, -0.839571, -0.15129128), (-0.8070218, -0.42378524, -0.41124445), (-0.30959672, -0.83880574, -0.44783333), (-0.5217581, -0.839571, -0.15129128), (-0.69737464, -0.3737506, -0.61153847), (0.010341902, -0.99989146, -0.010488267), (-0.5217581, -0.839571, -0.15129128), (-0.30959672, -0.83880574, -0.44783333), (0.07500548, -0.9951436, -0.063743904), (0.06868706, -0.9965833, -0.045866672), (0.046933062, -0.9970807, -0.060225952), (0.046933062, -0.9970807, -0.060225952), (0.069894984, -0.99429524, -0.0805709), (0.07500548, -0.9951436, -0.063743904), (0.030136889, -0.99946153, -0.012980914), (0.046933062, -0.9970807, -0.060225952), (0.0463673, -0.9987314, -0.019638328), (0.07500548, -0.9951436, -0.063743904), (0.069894984, -0.99429524, -0.0805709), (0.08143738, -0.9946023, -0.06429579), (0.07500548, -0.9951436, -0.063743904), (0.08143738, -0.9946023, -0.06429579), (0.09991923, -0.991262, -0.08611539), (0.046933062, -0.9970807, -0.060225952), (0.030136889, -0.99946153, -0.012980914), (0.069894984, -0.99429524, -0.0805709), (0.030136889, -0.99946153, -0.012980914), (0.11681994, -0.98842937, -0.09674994), (0.069894984, -0.99429524, -0.0805709), (0.11681994, -0.98842937, -0.09674994), (0.030136889, -0.99946153, -0.012980914), (0.13190429, -0.98903406, -0.066428244), (0.08143738, -0.9946023, -0.06429579), (0.069894984, -0.99429524, -0.0805709), (0.11681994, -0.98842937, -0.09674994), (0.057228968, -0.99331737, 0.10022651), (0.13190429, -0.98903406, -0.066428244), (0.030136889, -0.99946153, -0.012980914), (0.11681994, -0.98842937, -0.09674994), (0.13190429, -0.98903406, -0.066428244), (0.17876752, -0.981117, -0.073835224), (0.11681994, -0.98842937, -0.09674994), (0.08834549, -0.99549335, -0.034468755), (0.08143738, -0.9946023, -0.06429579), (0.15633613, -0.98769796, 0.0034086911), (0.13190429, -0.98903406, -0.066428244), (0.057228968, -0.99331737, 0.10022651), (0.064766146, -0.9978998, -0.001153679), (0.08143738, -0.9946023, -0.06429579), (0.08834549, -0.99549335, -0.034468755), (0.08834549, -0.99549335, -0.034468755), (0.11681994, -0.98842937, -0.09674994), (0.17876752, -0.981117, -0.073835224), (-0.058531307, -0.65090805, 0.75689685), (-0.55571204, -0.63417673, 0.53759104), (0.0463673, -0.9987314, -0.019638328), (-0.69604176, -0.6497304, 0.30557528), (-0.55571204, -0.63417673, 0.53759104), (-0.7754028, 0.54293495, 0.32244733), (-0.058531307, -0.65090805, 0.75689685), (-0.69311714, 0.28334343, 0.66280097), (-0.55571204, -0.63417673, 0.53759104), (-0.69311714, 0.28334343, 0.66280097), (-0.7754028, 0.54293495, 0.32244733), (-0.55571204, -0.63417673, 0.53759104), (-0.058531307, -0.65090805, 0.75689685), (-0.20496258, 0.019262273, 0.97858024), (-0.69311714, 0.28334343, 0.66280097), (-0.69604176, -0.6497304, 0.30557528), (-0.7754028, 0.54293495, 0.32244733), (-0.6717803, -0.14212634, 0.7269878), (-0.55571204, -0.63417673, 0.53759104), (0.030136889, -0.99946153, -0.012980914), (0.0463673, -0.9987314, -0.019638328), (-0.69604176, -0.6497304, 0.30557528), (0.030136889, -0.99946153, -0.012980914), (-0.55571204, -0.63417673, 0.53759104), (-0.7754028, 0.54293495, 0.32244733), (-0.8238224, 0.441885, 0.35504135), (-0.6717803, -0.14212634, 0.7269878), (-0.69311714, 0.28334343, 0.66280097), (-0.8238224, 0.441885, 0.35504135), (-0.7754028, 0.54293495, 0.32244733), (-0.8513532, -0.005735292, 0.5245616), (-0.8238224, 0.441885, 0.35504135), (-0.69311714, 0.28334343, 0.66280097), (0.05205312, -0.9855956, 0.1609091), (0.030136889, -0.99946153, -0.012980914), (-0.69604176, -0.6497304, 0.30557528), (-0.6717803, -0.14212634, 0.7269878), (-0.07607084, -0.69961405, 0.71046007), (-0.69604176, -0.6497304, 0.30557528), (-0.6717803, -0.14212634, 0.7269878), (-0.8238224, 0.441885, 0.35504135), (-0.76542515, 0.2953533, 0.57174367), (-0.76542515, 0.2953533, 0.57174367), (-0.07607084, -0.69961405, 0.71046007), (-0.6717803, -0.14212634, 0.7269878), (0.05205312, -0.9855956, 0.1609091), (-0.69604176, -0.6497304, 0.30557528), (-0.07607084, -0.69961405, 0.71046007), (-0.07607084, -0.69961405, 0.71046007), (-0.76542515, 0.2953533, 0.57174367), (-0.84966546, -0.27218157, 0.45164785), (0.057228968, -0.99331737, 0.10022651), (0.030136889, -0.99946153, -0.012980914), (0.05205312, -0.9855956, 0.1609091), (0.05205312, -0.9855956, 0.1609091), (-0.07607084, -0.69961405, 0.71046007), (0.057228968, -0.99331737, 0.10022651), (-0.1950604, -0.6649051, 0.72100806), (-0.07607084, -0.69961405, 0.71046007), (-0.84966546, -0.27218157, 0.45164785), (0.057228968, -0.99331737, 0.10022651), (-0.07607084, -0.69961405, 0.71046007), (-0.13806024, -0.88440454, 0.4458339), (-0.1950604, -0.6649051, 0.72100806), (-0.13806024, -0.88440454, 0.4458339), (-0.07607084, -0.69961405, 0.71046007), (-0.1950604, -0.6649051, 0.72100806), (-0.84966546, -0.27218157, 0.45164785), (-0.43064237, -0.742092, 0.5136599), (-0.1950604, -0.6649051, 0.72100806), (-0.18248767, -0.9449743, 0.27151763), (-0.13806024, -0.88440454, 0.4458339), (-0.1950604, -0.6649051, 0.72100806), (-0.65024346, -0.6384997, 0.41170567), (-0.18248767, -0.9449743, 0.27151763), (-0.39527524, -0.7527809, 0.52638245), (-0.1950604, -0.6649051, 0.72100806), (-0.43064237, -0.742092, 0.5136599), (-0.1950604, -0.6649051, 0.72100806), (-0.39527524, -0.7527809, 0.52638245), (-0.65024346, -0.6384997, 0.41170567), (0.057228968, -0.99331737, 0.10022651), (-0.13806024, -0.88440454, 0.4458339), (-0.18248767, -0.9449743, 0.27151763), (-0.65024346, -0.6384997, 0.41170567), (-0.57039887, -0.7957149, 0.20367311), (-0.18248767, -0.9449743, 0.27151763), (-0.6506714, -0.53332055, 0.54055154), (-0.65024346, -0.6384997, 0.41170567), (-0.39527524, -0.7527809, 0.52638245), (-0.65024346, -0.6384997, 0.41170567), (-0.45272794, -0.8376679, 0.3055319), (-0.57039887, -0.7957149, 0.20367311), (-0.6506714, -0.53332055, 0.54055154), (-0.45272794, -0.8376679, 0.3055319), (-0.65024346, -0.6384997, 0.41170567), (0.15633613, -0.98769796, 0.0034086911), (0.057228968, -0.99331737, 0.10022651), (-0.18248767, -0.9449743, 0.27151763), (-0.6506714, -0.53332055, 0.54055154), (-0.8663097, -0.3336478, 0.37173468), (-0.45272794, -0.8376679, 0.3055319), (-0.45272794, -0.8376679, 0.3055319), (-0.3045546, -0.90010905, 0.31152856), (0.079155296, -0.99685675, -0.003317234), (0.07193442, -0.9973825, 0.0073163733), (0.15633613, -0.98769796, 0.0034086911), (-0.18248767, -0.9449743, 0.27151763), (0.079155296, -0.99685675, -0.003317234), (0.07193442, -0.9973825, 0.0073163733), (-0.18248767, -0.9449743, 0.27151763), (-0.57039887, -0.7957149, 0.20367311), (0.079155296, -0.99685675, -0.003317234), (-0.18248767, -0.9449743, 0.27151763), (-0.0059491005, 0.8669835, 0.49830133), (0.0012585414, 0.99989796, 0.0142336525), (-0.0033187831, 0.7143234, 0.699808), (0.032845248, -0.9918359, -0.12321824), (0.09594076, -0.963963, -0.24813482), (-0.015164327, -0.98898774, -0.14721851), (-0.015164327, -0.98898774, -0.14721851), (-0.55667806, -0.8084107, 0.19126341), (0.032845248, -0.9918359, -0.12321824), (-0.0059491005, 0.8669835, 0.49830133), (-0.0033187831, 0.7143234, 0.699808), (-0.0064763553, 0.23701593, 0.97148424), (-0.0033187831, 0.7143234, 0.699808), (-0.000752865, -0.021363972, 0.9997715), (-0.0064763553, 0.23701593, 0.97148424), (-0.012615572, -0.9985403, -0.052517775), (0.032845248, -0.9918359, -0.12321824), (-0.55667806, -0.8084107, 0.19126341), (-0.22202949, -0.88733447, 0.40415403), (-0.0064763553, 0.23701593, 0.97148424), (-0.000752865, -0.021363972, 0.9997715), (0.09594076, -0.963963, -0.24813482), (0.032845248, -0.9918359, -0.12321824), (-0.10292283, -0.94680154, -0.30491576), (-0.021748068, -0.99423885, -0.104957975), (-0.10292283, -0.94680154, -0.30491576), (0.032845248, -0.9918359, -0.12321824), (-0.03684488, -0.97179574, -0.23292825), (-0.021748068, -0.99423885, -0.104957975), (0.032845248, -0.9918359, -0.12321824), (-0.0059491005, 0.8669835, 0.49830133), (-0.5726861, 0.6194251, 0.536976), (0.0012585414, 0.99989796, 0.0142336525), (-0.0064763553, 0.23701593, 0.97148424), (-0.5726861, 0.6194251, 0.536976), (-0.0059491005, 0.8669835, 0.49830133), (-0.0064763553, 0.23701593, 0.97148424), (-0.22202949, -0.88733447, 0.40415403), (-0.066014186, -0.6549864, 0.7527516), (-0.03684488, -0.97179574, -0.23292825), (0.032845248, -0.9918359, -0.12321824), (-0.05274687, -0.9927065, -0.108405024), (-0.021748068, -0.99423885, -0.104957975), (-0.066014186, -0.6549864, 0.7527516), (-0.10292283, -0.94680154, -0.30491576), (-0.0064763553, 0.23701593, 0.97148424), (-0.69056904, 0.049852025, 0.72154635), (-0.5726861, 0.6194251, 0.536976), (-0.021748068, -0.99423885, -0.104957975), (0.045860603, -0.9965062, -0.06980085), (-0.066014186, -0.6549864, 0.7527516), (-0.066014186, -0.6549864, 0.7527516), (0.045860603, -0.9965062, -0.06980085), (0.04687162, -0.83476436, 0.54860854), (-0.03684488, -0.97179574, -0.23292825), (0.045860603, -0.9965062, -0.06980085), (-0.021748068, -0.99423885, -0.104957975), (0.0012585414, 0.99989796, 0.0142336525), (-0.6599529, 0.75125504, 0.00884394), (-0.6734081, 0.73927075, -0.00037265845), (-0.066014186, -0.6549864, 0.7527516), (-0.69056904, 0.049852025, 0.72154635), (-0.0064763553, 0.23701593, 0.97148424), (-0.008911019, -0.011435102, 0.9998948), (-0.066014186, -0.6549864, 0.7527516), (0.04687162, -0.83476436, 0.54860854), (-0.5726861, 0.6194251, 0.536976), (-0.6599529, 0.75125504, 0.00884394), (0.0012585414, 0.99989796, 0.0142336525), (-0.008911019, -0.011435102, 0.9998948), (-0.69056904, 0.049852025, 0.72154635), (-0.066014186, -0.6549864, 0.7527516), (-0.03684488, -0.97179574, -0.23292825), (-0.05274687, -0.9927065, -0.108405024), (-0.7872472, -0.60219175, -0.13269164), (0.045860603, -0.9965062, -0.06980085), (-0.61374325, -0.6013817, 0.5115264), (0.04687162, -0.83476436, 0.54860854), (-0.03684488, -0.97179574, -0.23292825), (-0.62434065, -0.7759341, -0.09013882), (0.045860603, -0.9965062, -0.06980085), (-0.008911019, -0.011435102, 0.9998948), (-0.61374325, -0.6013817, 0.5115264), (-0.69056904, 0.049852025, 0.72154635), (-0.7872472, -0.60219175, -0.13269164), (-0.62434065, -0.7759341, -0.09013882), (-0.03684488, -0.97179574, -0.23292825), (0.04687162, -0.83476436, 0.54860854), (-0.61374325, -0.6013817, 0.5115264), (-0.008911019, -0.011435102, 0.9998948), (-0.62434065, -0.7759341, -0.09013882), (-0.61374325, -0.6013817, 0.5115264), (0.045860603, -0.9965062, -0.06980085), (-0.5726861, 0.6194251, 0.536976), (-0.9979188, 0.06442539, 0.0027345056), (-0.6599529, 0.75125504, 0.00884394), (-0.69056904, 0.049852025, 0.72154635), (-0.9979188, 0.06442539, 0.0027345056), (-0.5726861, 0.6194251, 0.536976), (-0.99817216, -0.060253497, 0.0046742787), (-0.9979188, 0.06442539, 0.0027345056), (-0.69056904, 0.049852025, 0.72154635), (-0.99817216, -0.060253497, 0.0046742787), (-0.69056904, 0.049852025, 0.72154635), (-0.61374325, -0.6013817, 0.5115264), (-0.99817216, -0.060253497, 0.0046742787), (-0.99656826, -0.08259572, -0.0054534553), (-0.9979188, 0.06442539, 0.0027345056), (-0.7872472, -0.60219175, -0.13269164), (-0.99656826, -0.08259572, -0.0054534553), (-0.99817216, -0.060253497, 0.0046742787), (-0.62434065, -0.7759341, -0.09013882), (-0.7872472, -0.60219175, -0.13269164), (-0.99817216, -0.060253497, 0.0046742787), (-0.61374325, -0.6013817, 0.5115264), (-0.62434065, -0.7759341, -0.09013882), (-0.99817216, -0.060253497, 0.0046742787), (-0.5217581, -0.839571, -0.15129128), (-0.012615572, -0.9985403, -0.052517775), (-0.5572746, -0.823019, 0.10993079), (0.0063151927, 0.73543555, 0.6775652), (-0.6734081, 0.73927075, -0.00037265845), (-0.0000142572135, 1, -0.0000016744169), (0.01861859, -0.9967682, -0.078145236), (0.064766146, -0.9978998, -0.001153679), (0.010341902, -0.99989146, -0.010488267), (0.08834549, -0.99549335, -0.034468755), (0.010341902, -0.99989146, -0.010488267), (0.064766146, -0.9978998, -0.001153679), (-0.5217581, -0.839571, -0.15129128), (0.010341902, -0.99989146, -0.010488267), (-0.012615572, -0.9985403, -0.052517775), (0.0063151927, 0.73543555, 0.6775652), (0.0012585414, 0.99989796, 0.0142336525), (-0.6734081, 0.73927075, -0.00037265845), (-0.05274687, -0.9927065, -0.108405024), (0.032845248, -0.9918359, -0.12321824), (-0.012615572, -0.9985403, -0.052517775), (-0.05912235, -0.9982135, 0.00861549), (0.010341902, -0.99989146, -0.010488267), (0.03483487, -0.99893856, 0.03013819), (-0.9352512, 0.35398218, -0.0013691614), (-0.6651832, 0.7466788, -0.0014454401), (-0.6734081, 0.73927075, -0.00037265845), (-0.012615572, -0.9985403, -0.052517775), (-0.66795075, -0.7441818, -0.0059359013), (-0.05274687, -0.9927065, -0.108405024), (-0.012615572, -0.9985403, -0.052517775), (0.010341902, -0.99989146, -0.010488267), (-0.66795075, -0.7441818, -0.0059359013), (-0.05912235, -0.9982135, 0.00861549), (-0.66795075, -0.7441818, -0.0059359013), (0.010341902, -0.99989146, -0.010488267), (-0.05912235, -0.9982135, 0.00861549), (0.03483487, -0.99893856, 0.03013819), (-0.69850373, -0.7155581, 0.008312885), (-0.05912235, -0.9982135, 0.00861549), (-0.739987, -0.6725602, 0.009059592), (-0.66795075, -0.7441818, -0.0059359013), (-0.7872472, -0.60219175, -0.13269164), (-0.05274687, -0.9927065, -0.108405024), (-0.66795075, -0.7441818, -0.0059359013), (-0.05912235, -0.9982135, 0.00861549), (-0.69850373, -0.7155581, 0.008312885), (-0.739987, -0.6725602, 0.009059592), (-0.99989665, -0.013973829, 0.0033884344), (-0.9352512, 0.35398218, -0.0013691614), (-0.6734081, 0.73927075, -0.00037265845), (-0.9979188, 0.06442539, 0.0027345056), (-0.6734081, 0.73927075, -0.00037265845), (-0.6599529, 0.75125504, 0.00884394), (-0.6734081, 0.73927075, -0.00037265845), (-0.9979188, 0.06442539, 0.0027345056), (-0.99989665, -0.013973829, 0.0033884344), (-0.99989665, -0.013973829, 0.0033884344), (-0.99975824, -0.021835761, -0.00257489), (-0.9352512, 0.35398218, -0.0013691614), (-0.99656826, -0.08259572, -0.0054534553), (-0.99989665, -0.013973829, 0.0033884344), (-0.9979188, 0.06442539, 0.0027345056), (-0.99989665, -0.013973829, 0.0033884344), (-0.99656826, -0.08259572, -0.0054534553), (-0.66795075, -0.7441818, -0.0059359013), (-0.739987, -0.6725602, 0.009059592), (-0.99975824, -0.021835761, -0.00257489), (-0.99989665, -0.013973829, 0.0033884344), (-0.7872472, -0.60219175, -0.13269164), (-0.66795075, -0.7441818, -0.0059359013), (-0.99656826, -0.08259572, -0.0054534553), (-0.739987, -0.6725602, 0.009059592), (-0.99989665, -0.013973829, 0.0033884344), (-0.66795075, -0.7441818, -0.0059359013), (-0.99975824, -0.021835761, -0.00257489), (-0.739987, -0.6725602, 0.009059592), (-0.69850373, -0.7155581, 0.008312885), (0.17876752, -0.981117, -0.073835224), (0.3481922, -0.89452446, -0.28033614), (0.08834549, -0.99549335, -0.034468755), (0.13190429, -0.98903406, -0.066428244), (0.15633613, -0.98769796, 0.0034086911), (0.17876752, -0.981117, -0.073835224), (0.15633613, -0.98769796, 0.0034086911), (0.14680617, -0.9886735, -0.0311869), (0.17876752, -0.981117, -0.073835224), (0.3481922, -0.89452446, -0.28033614), (0.35028678, -0.93391067, 0.07148397), (0.08834549, -0.99549335, -0.034468755), (0.14680617, -0.9886735, -0.0311869), (0.3481922, -0.89452446, -0.28033614), (0.17876752, -0.981117, -0.073835224), (0.08834549, -0.99549335, -0.034468755), (0.35028678, -0.93391067, 0.07148397), (0.010341902, -0.99989146, -0.010488267), (-0.0000142572135, 1, -0.0000016744169), (-0.6734081, 0.73927075, -0.00037265845), (-0.6651832, 0.7466788, -0.0014454401), (0.010341902, -0.99989146, -0.010488267), (0.35028678, -0.93391067, 0.07148397), (0.03483487, -0.99893856, 0.03013819), (0.35028678, -0.93391067, 0.07148397), (0.49978402, -0.5877419, 0.6362196), (0.03483487, -0.99893856, 0.03013819), (0.35028678, -0.93391067, 0.07148397), (0.3481922, -0.89452446, -0.28033614), (0.5948786, -0.7070448, -0.38237038), (0.49978402, -0.5877419, 0.6362196), (0.35028678, -0.93391067, 0.07148397), (0.3712795, -0.8060138, 0.46096984), (0.3481922, -0.89452446, -0.28033614), (0.0141700115, -0.88497436, -0.465424), (0.5948786, -0.7070448, -0.38237038), (0.3481922, -0.89452446, -0.28033614), (0.14680617, -0.9886735, -0.0311869), (0.112063795, -0.9569525, -0.26773795), (0.49978402, -0.5877419, 0.6362196), (0.3712795, -0.8060138, 0.46096984), (-0.16367453, -0.8756833, 0.45430097), (0.0141700115, -0.88497436, -0.465424), (0.3481922, -0.89452446, -0.28033614), (0.112063795, -0.9569525, -0.26773795), (0.14680617, -0.9886735, -0.0311869), (0.12043753, -0.9917024, -0.04495869), (0.01066418, -0.99975514, -0.019386364), (-0.16367453, -0.8756833, 0.45430097), (0.03483487, -0.99893856, 0.03013819), (0.49978402, -0.5877419, 0.6362196), (0.0141700115, -0.88497436, -0.465424), (0.112063795, -0.9569525, -0.26773795), (-0.24581522, -0.93397915, -0.25934118), (0.14680617, -0.9886735, -0.0311869), (0.01066418, -0.99975514, -0.019386364), (0.112063795, -0.9569525, -0.26773795), (-0.5258452, -0.8145846, -0.24482363), (-0.46415108, -0.86842984, 0.17433716), (-0.36007473, -0.8290727, 0.42776716), (0.0141700115, -0.88497436, -0.465424), (-0.24581522, -0.93397915, -0.25934118), (-0.5258452, -0.8145846, -0.24482363), (-0.67329025, -0.7389528, 0.025079247), (-0.16367453, -0.8756833, 0.45430097), (-0.46415108, -0.86842984, 0.17433716), (-0.5258452, -0.8145846, -0.24482363), (-0.24581522, -0.93397915, -0.25934118), (-0.46415108, -0.86842984, 0.17433716), (0.01066418, -0.99975514, -0.019386364), (-0.24581522, -0.93397915, -0.25934118), (0.112063795, -0.9569525, -0.26773795), (-0.36007473, -0.8290727, 0.42776716), (-0.46415108, -0.86842984, 0.17433716), (-0.16367453, -0.8756833, 0.45430097), (-0.69850373, -0.7155581, 0.008312885), (0.03483487, -0.99893856, 0.03013819), (-0.16367453, -0.8756833, 0.45430097), (-0.16367453, -0.8756833, 0.45430097), (-0.67329025, -0.7389528, 0.025079247), (-0.69850373, -0.7155581, 0.008312885), (-0.24581522, -0.93397915, -0.25934118), (-0.67329025, -0.7389528, 0.025079247), (-0.46415108, -0.86842984, 0.17433716), (-0.67329025, -0.7389528, 0.025079247), (-0.24581522, -0.93397915, -0.25934118), (0.01066418, -0.99975514, -0.019386364), (0.01066418, -0.99975514, -0.019386364), (-0.64703596, -0.76243955, 0.005495842), (-0.67329025, -0.7389528, 0.025079247), (0.01066418, -0.99975514, -0.019386364), (-0.6810728, -0.7319928, 0.018072538), (-0.64703596, -0.76243955, 0.005495842), (-0.6651832, 0.7466788, -0.0014454401), (-0.9352512, 0.35398218, -0.0013691614), (-0.925415, 0.37894216, -0.0031533055), (-0.925415, 0.37894216, -0.0031533055), (-0.9352512, 0.35398218, -0.0013691614), (-0.9967322, 0.08077666, 0.00018845385), (-0.925415, 0.37894216, -0.0031533055), (-0.9999898, -0.0028446915, -0.003501234), (-0.6651832, 0.7466788, -0.0014454401), (-0.9967322, 0.08077666, 0.00018845385), (-0.9999898, -0.0028446915, -0.003501234), (-0.925415, 0.37894216, -0.0031533055), (-0.99975824, -0.021835761, -0.00257489), (-0.9967322, 0.08077666, 0.00018845385), (-0.9352512, 0.35398218, -0.0013691614), (-0.6810728, -0.7319928, 0.018072538), (-0.9999401, -0.007545118, 0.007933881), (-0.9999898, -0.0028446915, -0.003501234), (-0.69850373, -0.7155581, 0.008312885), (-0.67329025, -0.7389528, 0.025079247), (-0.99975824, -0.021835761, -0.00257489), (-0.99975824, -0.021835761, -0.00257489), (-0.9999898, -0.0028446915, -0.003501234), (-0.9967322, 0.08077666, 0.00018845385), (-0.9999898, -0.0028446915, -0.003501234), (-0.99975824, -0.021835761, -0.00257489), (-0.64703596, -0.76243955, 0.005495842), (-0.67329025, -0.7389528, 0.025079247), (-0.64703596, -0.76243955, 0.005495842), (-0.99975824, -0.021835761, -0.00257489), (-0.64703596, -0.76243955, 0.005495842), (-0.6810728, -0.7319928, 0.018072538), (-0.9999898, -0.0028446915, -0.003501234), (0.079155296, -0.99685675, -0.003317234), (-0.57039887, -0.7957149, 0.20367311), (-0.45272794, -0.8376679, 0.3055319), (0.19731984, -0.97966635, 0.03631283), (0.079155296, -0.99685675, -0.003317234), (0.16675076, -0.98150736, 0.09400746), (-0.3045546, -0.90010905, 0.31152856), (0.22255053, -0.9746844, 0.021483652), (0.079155296, -0.99685675, -0.003317234), (0.22255053, -0.9746844, 0.021483652), (0.16675076, -0.98150736, 0.09400746), (0.079155296, -0.99685675, -0.003317234), (0.079155296, -0.99685675, -0.003317234), (0.17184664, -0.98467034, -0.02988467), (0.07193442, -0.9973825, 0.0073163733), (0.17184664, -0.98467034, -0.02988467), (0.15633613, -0.98769796, 0.0034086911), (0.07193442, -0.9973825, 0.0073163733), (0.17184664, -0.98467034, -0.02988467), (0.079155296, -0.99685675, -0.003317234), (0.19731984, -0.97966635, 0.03631283), (-0.0000142572135, 1, -0.0000016744169), (-0.6651832, 0.7466788, -0.0014454401), (-0.6609542, 0.75042546, 0.0011433165), (0.17184664, -0.98467034, -0.02988467), (0.14680617, -0.9886735, -0.0311869), (0.15633613, -0.98769796, 0.0034086911), (0.17184664, -0.98467034, -0.02988467), (0.12043753, -0.9917024, -0.04495869), (0.14680617, -0.9886735, -0.0311869), (0.19731984, -0.97966635, 0.03631283), (0.16675076, -0.98150736, 0.09400746), (0.069831215, -0.99751854, 0.008971016), (0.12043753, -0.9917024, -0.04495869), (0.17184664, -0.98467034, -0.02988467), (0.054747887, -0.99849707, -0.0025077628), (0.044664796, -0.9988092, 0.019628353), (0.17184664, -0.98467034, -0.02988467), (0.19731984, -0.97966635, 0.03631283), (0.044664796, -0.9988092, 0.019628353), (0.19731984, -0.97966635, 0.03631283), (0.069831215, -0.99751854, 0.008971016), (0.17184664, -0.98467034, -0.02988467), (0.044664796, -0.9988092, 0.019628353), (0.054747887, -0.99849707, -0.0025077628), (0.069831215, -0.99751854, 0.008971016), (0.16675076, -0.98150736, 0.09400746), (0.14126463, -0.98996836, 0.0026508844), (0.054747887, -0.99849707, -0.0025077628), (-0.6810728, -0.7319928, 0.018072538), (0.01066418, -0.99975514, -0.019386364), (0.14126463, -0.98996836, 0.0026508844), (-0.021884387, -0.9997077, 0.010284997), (0.069831215, -0.99751854, 0.008971016), (-0.6810728, -0.7319928, 0.018072538), (0.054747887, -0.99849707, -0.0025077628), (0.044664796, -0.9988092, 0.019628353), (-0.72785676, -0.68555486, -0.015462895), (-0.6810728, -0.7319928, 0.018072538), (0.044664796, -0.9988092, 0.019628353), (0.069831215, -0.99751854, 0.008971016), (-0.72785676, -0.68555486, -0.015462895), (0.044664796, -0.9988092, 0.019628353), (-0.021884387, -0.9997077, 0.010284997), (-0.68170726, -0.7316201, 0.0026856011), (0.069831215, -0.99751854, 0.008971016), (-0.68170726, -0.7316201, 0.0026856011), (-0.021884387, -0.9997077, 0.010284997), (-0.6861376, -0.72746843, -0.0022096976), (-0.6651832, 0.7466788, -0.0014454401), (-0.9999401, -0.007545118, 0.007933881), (-0.9985748, 0.053221535, 0.0039852047), (-0.9985748, 0.053221535, 0.0039852047), (-0.6609542, 0.75042546, 0.0011433165), (-0.6651832, 0.7466788, -0.0014454401), (-0.9999401, -0.007545118, 0.007933881), (-0.6651832, 0.7466788, -0.0014454401), (-0.9999898, -0.0028446915, -0.003501234), (-0.9985748, 0.053221535, 0.0039852047), (-0.9999401, -0.007545118, 0.007933881), (-0.72785676, -0.68555486, -0.015462895), (-0.72785676, -0.68555486, -0.015462895), (-0.9999401, -0.007545118, 0.007933881), (-0.6810728, -0.7319928, 0.018072538), (-0.99972904, -0.023198795, -0.0019306397), (-0.9985748, 0.053221535, 0.0039852047), (-0.72785676, -0.68555486, -0.015462895), (-0.68170726, -0.7316201, 0.0026856011), (-0.99972904, -0.023198795, -0.0019306397), (-0.72785676, -0.68555486, -0.015462895), (-0.99972904, -0.023198795, -0.0019306397), (-0.68170726, -0.7316201, 0.0026856011), (-0.6861376, -0.72746843, -0.0022096976), (-0.72785676, -0.68555486, -0.015462895), (0.069831215, -0.99751854, 0.008971016), (-0.68170726, -0.7316201, 0.0026856011), (-0.07149267, -0.99686193, -0.033985816), (0.021498652, -0.997929, -0.060626835), (0.011662736, -0.99576116, -0.09123387), (-0.043089066, -0.99399745, -0.100560635), (0.044720367, -0.9979734, -0.04526683), (-0.03995523, -0.9983093, -0.04221534), (-0.03995523, -0.9983093, -0.04221534), (0.021498652, -0.997929, -0.060626835), (-0.07149267, -0.99686193, -0.033985816), (0.0029454809, -0.999413, -0.034130864), (0.011662736, -0.99576116, -0.09123387), (0.060777366, -0.9926097, -0.10503406), (0.021498652, -0.997929, -0.060626835), (-0.03995523, -0.9983093, -0.04221534), (0.044720367, -0.9979734, -0.04526683), (0.044720367, -0.9979734, -0.04526683), (0.049902212, -0.99745476, -0.05093008), (0.021498652, -0.997929, -0.060626835), (0.021498652, -0.997929, -0.060626835), (0.0626269, -0.9960493, -0.062958814), (0.011662736, -0.99576116, -0.09123387), (-0.043089066, -0.99399745, -0.100560635), (-0.04998356, -0.9905925, -0.12738985), (0.044720367, -0.9979734, -0.04526683), (0.044720367, -0.9979734, -0.04526683), (-0.04998356, -0.9905925, -0.12738985), (-0.043206897, -0.9969744, -0.06461675), (0.0029712424, -0.9991711, -0.04059998), (0.011662736, -0.99576116, -0.09123387), (0.013932707, -0.99661475, -0.08102367), (0.049902212, -0.99745476, -0.05093008), (0.0626269, -0.9960493, -0.062958814), (0.021498652, -0.997929, -0.060626835), (0.0626269, -0.9960493, -0.062958814), (0.050198305, -0.9971307, -0.056662), (0.011662736, -0.99576116, -0.09123387), (0.0626269, -0.9960493, -0.062958814), (0.049902212, -0.99745476, -0.05093008), (0.050198305, -0.9971307, -0.056662), (0.049902212, -0.99745476, -0.05093008), (0.044720367, -0.9979734, -0.04526683), (-0.043206897, -0.9969744, -0.06461675), (0.050198305, -0.9971307, -0.056662), (0.013932707, -0.99661475, -0.08102367), (0.011662736, -0.99576116, -0.09123387), (-0.047540594, -0.9908583, -0.1262526), (0.049902212, -0.99745476, -0.05093008), (-0.043206897, -0.9969744, -0.06461675), (-0.08069763, -0.9925026, -0.09179581), (-0.043206897, -0.9969744, -0.06461675), (-0.04998356, -0.9905925, -0.12738985), (-0.047540594, -0.9908583, -0.1262526), (-0.018255893, -0.9934594, -0.11271697), (0.049902212, -0.99745476, -0.05093008), (0.013932707, -0.99661475, -0.08102367), (0.050198305, -0.9971307, -0.056662), (0.64736694, -0.7263118, -0.23105687), (-0.043206897, -0.9969744, -0.06461675), (-0.08069763, -0.9925026, -0.09179581), (-0.047540594, -0.9908583, -0.1262526), (0.049902212, -0.99745476, -0.05093008), (-0.018255893, -0.9934594, -0.11271697), (0.050198305, -0.9971307, -0.056662), (0.050198305, -0.9971307, -0.056662), (0.39416438, -0.87016445, -0.29571652), (0.64736694, -0.7263118, -0.23105687), (0.0193451, -0.9982399, -0.05606054), (-0.08069763, -0.9925026, -0.09179581), (0.022449607, -0.99827033, -0.05433426), (-0.018255893, -0.9934594, -0.11271697), (0.39416438, -0.87016445, -0.29571652), (0.050198305, -0.9971307, -0.056662), (0.39416438, -0.87016445, -0.29571652), (0.7843028, -0.120039694, -0.6086541), (0.64736694, -0.7263118, -0.23105687), (0.9253296, -0.36121523, -0.115276106), (0.64736694, -0.7263118, -0.23105687), (0.7843028, -0.120039694, -0.6086541), (-0.047540594, -0.9908583, -0.1262526), (0.23548552, -0.7134845, -0.65991396), (-0.018255893, -0.9934594, -0.11271697), (-0.047540594, -0.9908583, -0.1262526), (0.0193451, -0.9982399, -0.05606054), (0.23548552, -0.7134845, -0.65991396), (-0.047540594, -0.9908583, -0.1262526), (-0.08069763, -0.9925026, -0.09179581), (0.0193451, -0.9982399, -0.05606054), (0.23548552, -0.7134845, -0.65991396), (0.7843028, -0.120039694, -0.6086541), (0.39416438, -0.87016445, -0.29571652), (0.7843028, -0.120039694, -0.6086541), (0.67025, -0.5016687, -0.54689425), (0.9253296, -0.36121523, -0.115276106), (0.019822981, -0.9992542, -0.03313561), (-0.043089066, -0.99399745, -0.100560635), (-0.10482663, -0.9925358, -0.06232189), (-0.08601152, -0.99364233, -0.0726422), (-0.015038016, -0.99694526, -0.076641314), (-0.051741835, -0.99798846, -0.036630705), (0.019822981, -0.9992542, -0.03313561), (-0.10482663, -0.9925358, -0.06232189), (-0.051741835, -0.99798846, -0.036630705), (-0.051741835, -0.99798846, -0.036630705), (-0.029049203, -0.99785674, -0.05863538), (0.019822981, -0.9992542, -0.03313561), (0.019822981, -0.9992542, -0.03313561), (-0.04998356, -0.9905925, -0.12738985), (-0.043089066, -0.99399745, -0.100560635), (-0.029049203, -0.99785674, -0.05863538), (-0.051741835, -0.99798846, -0.036630705), (-0.015038016, -0.99694526, -0.076641314), (-0.032048482, -0.9930418, -0.11331736), (-0.04998356, -0.9905925, -0.12738985), (0.019822981, -0.9992542, -0.03313561), (0.019822981, -0.9992542, -0.03313561), (-0.029049203, -0.99785674, -0.05863538), (-0.032048482, -0.9930418, -0.11331736), (-0.029049203, -0.99785674, -0.05863538), (-0.015038016, -0.99694526, -0.076641314), (0.025538996, -0.9996692, 0.0030309928), (-0.015038016, -0.99694526, -0.076641314), (0.089686066, -0.9937504, 0.06645677), (0.025538996, -0.9996692, 0.0030309928), (0.025538996, -0.9996692, 0.0030309928), (0.089686066, -0.9937504, 0.06645677), (0.22281183, -0.96766144, 0.11826301), (-0.032048482, -0.9930418, -0.11331736), (-0.029049203, -0.99785674, -0.05863538), (-0.036700506, -0.997229, -0.06470916), (0.025538996, -0.9996692, 0.0030309928), (-0.036700506, -0.997229, -0.06470916), (-0.029049203, -0.99785674, -0.05863538), (-0.036700506, -0.997229, -0.06470916), (-0.08069763, -0.9925026, -0.09179581), (-0.032048482, -0.9930418, -0.11331736), (-0.08069763, -0.9925026, -0.09179581), (-0.04998356, -0.9905925, -0.12738985), (-0.032048482, -0.9930418, -0.11331736), (-0.036700506, -0.997229, -0.06470916), (0.022449607, -0.99827033, -0.05433426), (-0.08069763, -0.9925026, -0.09179581), (0.022449607, -0.99827033, -0.05433426), (-0.036700506, -0.997229, -0.06470916), (0.05367416, -0.9976052, -0.043621883), (0.025538996, -0.9996692, 0.0030309928), (0.044929586, -0.9988824, -0.014675094), (-0.036700506, -0.997229, -0.06470916), (0.017515555, -0.95681643, 0.2901648), (0.044929586, -0.9988824, -0.014675094), (0.025538996, -0.9996692, 0.0030309928), (0.017515555, -0.95681643, 0.2901648), (0.025538996, -0.9996692, 0.0030309928), (0.22281183, -0.96766144, 0.11826301), (0.044929586, -0.9988824, -0.014675094), (0.05367416, -0.9976052, -0.043621883), (-0.036700506, -0.997229, -0.06470916), (0.022449607, -0.99827033, -0.05433426), (0.05367416, -0.9976052, -0.043621883), (0.0193451, -0.9982399, -0.05606054), (0.017515555, -0.95681643, 0.2901648), (-0.30152342, -0.8165337, 0.49229696), (-0.3037557, -0.92887574, 0.2119491), (0.15675744, -0.9852236, 0.06900473), (0.0193451, -0.9982399, -0.05606054), (0.05367416, -0.9976052, -0.043621883), (0.051085673, -0.98072803, 0.18858117), (0.06904573, -0.99037474, 0.11996016), (0.057675716, -0.9809619, 0.18543784), (0.12312901, -0.98132676, 0.14777385), (0.089686066, -0.9937504, 0.06645677), (0.051144414, -0.98748463, 0.14919163), (0.057675716, -0.9809619, 0.18543784), (0.12312901, -0.98132676, 0.14777385), (0.051144414, -0.98748463, 0.14919163), (0.06904573, -0.99037474, 0.11996016), (0.12312901, -0.98132676, 0.14777385), (0.057675716, -0.9809619, 0.18543784), (0.22281183, -0.96766144, 0.11826301), (0.089686066, -0.9937504, 0.06645677), (0.12312901, -0.98132676, 0.14777385), (0.12312901, -0.98132676, 0.14777385), (0.2476284, -0.96570796, -0.07802803), (0.22281183, -0.96766144, 0.11826301), (0.06904573, -0.99037474, 0.11996016), (0.2476284, -0.96570796, -0.07802803), (0.12312901, -0.98132676, 0.14777385), (0.06904573, -0.99037474, 0.11996016), (0.09598864, -0.97869825, -0.1814831), (0.2476284, -0.96570796, -0.07802803), (0.010308434, -0.9762315, 0.21648474), (0.051085673, -0.98072803, 0.18858117), (-0.05690763, -0.96309084, 0.26309225), (0.010308434, -0.9762315, 0.21648474), (0.018911084, -0.992934, 0.11715193), (0.051085673, -0.98072803, 0.18858117), (0.09598864, -0.97869825, -0.1814831), (0.051085673, -0.98072803, 0.18858117), (0.018911084, -0.992934, 0.11715193), (0.051085673, -0.98072803, 0.18858117), (0.09598864, -0.97869825, -0.1814831), (0.06904573, -0.99037474, 0.11996016), (0.2476284, -0.96570796, -0.07802803), (0.29413337, -0.9557536, 0.0045212246), (0.22281183, -0.96766144, 0.11826301), (0.29413337, -0.9557536, 0.0045212246), (0.017515555, -0.95681643, 0.2901648), (0.22281183, -0.96766144, 0.11826301), (0.2476284, -0.96570796, -0.07802803), (0.09598864, -0.97869825, -0.1814831), (0.29413337, -0.9557536, 0.0045212246), (-0.09277876, -0.9797714, -0.17731331), (0.018911084, -0.992934, 0.11715193), (0.08855853, -0.9813362, 0.17069495), (0.018911084, -0.992934, 0.11715193), (-0.09277876, -0.9797714, -0.17731331), (0.09598864, -0.97869825, -0.1814831), (0.017515555, -0.95681643, 0.2901648), (0.29413337, -0.9557536, 0.0045212246), (-0.30152342, -0.8165337, 0.49229696), (0.09598864, -0.97869825, -0.1814831), (-0.09277876, -0.9797714, -0.17731331), (-0.3434555, -0.90917295, -0.23546316), (0.09598864, -0.97869825, -0.1814831), (-0.3434555, -0.90917295, -0.23546316), (0.29413337, -0.9557536, 0.0045212246), (-0.09277876, -0.9797714, -0.17731331), (-0.27661163, -0.9609477, 0.008097947), (-0.3434555, -0.90917295, -0.23546316), (0.29413337, -0.9557536, 0.0045212246), (-0.3434555, -0.90917295, -0.23546316), (-0.30152342, -0.8165337, 0.49229696), (-0.3434555, -0.90917295, -0.23546316), (-0.27661163, -0.9609477, 0.008097947), (-0.30152342, -0.8165337, 0.49229696), (0.051523454, -0.99797636, 0.037263412), (-0.0017501729, -0.6737659, -0.7389427), (0.026037866, -0.7767801, -0.6292333), (0.04590775, -0.97646505, 0.21073318), (0.008991631, -0.9797755, 0.19989794), (0.051085673, -0.98072803, 0.18858117), (0.051523454, -0.99797636, 0.037263412), (0.008991631, -0.9797755, 0.19989794), (0.04590775, -0.97646505, 0.21073318), (-0.0025231722, -0.016549429, -0.9998598), (0.026037866, -0.7767801, -0.6292333), (-0.0017501729, -0.6737659, -0.7389427), (0.051523454, -0.99797636, 0.037263412), (0.020522678, -0.9959898, 0.0870816), (0.008991631, -0.9797755, 0.19989794), (0.051523454, -0.99797636, 0.037263412), (0.026037866, -0.7767801, -0.6292333), (0.020522678, -0.9959898, 0.0870816), (0.008991631, -0.9797755, 0.19989794), (-0.05690763, -0.96309084, 0.26309225), (0.051085673, -0.98072803, 0.18858117), (-0.0025231722, -0.016549429, -0.9998598), (-0.002220057, 0.71630806, -0.69778055), (0.0025750115, -0.03247907, -0.99946916), (-0.0025231722, -0.016549429, -0.9998598), (0.0025750115, -0.03247907, -0.99946916), (0.026037866, -0.7767801, -0.6292333), (-0.002220057, 0.71630806, -0.69778055), (-0.0025231722, -0.016549429, -0.9998598), (0.0001036921, 0.73550385, -0.6775205), (-0.05690763, -0.96309084, 0.26309225), (0.008991631, -0.9797755, 0.19989794), (-0.031482797, -0.9715671, 0.23466194), (0.053076833, -0.70606625, -0.7061539), (0.026037866, -0.7767801, -0.6292333), (0.0025750115, -0.03247907, -0.99946916), (0.0001036921, 0.73550385, -0.6775205), (0.002007822, 0.99986106, -0.016547529), (-0.002220057, 0.71630806, -0.69778055), (-0.031482797, -0.9715671, 0.23466194), (0.008991631, -0.9797755, 0.19989794), (0.020522678, -0.9959898, 0.0870816), (0.053076833, -0.70606625, -0.7061539), (0.020522678, -0.9959898, 0.0870816), (0.026037866, -0.7767801, -0.6292333), (0.010308434, -0.9762315, 0.21648474), (-0.05690763, -0.96309084, 0.26309225), (-0.031482797, -0.9715671, 0.23466194), (-0.031482797, -0.9715671, 0.23466194), (-0.012993455, -0.9706041, 0.24033067), (0.010308434, -0.9762315, 0.21648474), (0.0025750115, -0.03247907, -0.99946916), (-0.0016354783, 0.016973121, -0.9998546), (0.053076833, -0.70606625, -0.7061539), (-0.031482797, -0.9715671, 0.23466194), (0.020522678, -0.9959898, 0.0870816), (-0.012993455, -0.9706041, 0.24033067), (0.053076833, -0.70606625, -0.7061539), (-0.0016354783, 0.016973121, -0.9998546), (-0.005340937, -0.79009986, -0.6129548), (-0.005340937, -0.79009986, -0.6129548), (0.020522678, -0.9959898, 0.0870816), (0.053076833, -0.70606625, -0.7061539), (-0.002220057, 0.71630806, -0.69778055), (-0.0016354783, 0.016973121, -0.9998546), (0.0025750115, -0.03247907, -0.99946916), (-0.012993455, -0.9706041, 0.24033067), (0.020522678, -0.9959898, 0.0870816), (-0.009857724, -0.9907179, 0.13557552), (0.020522678, -0.9959898, 0.0870816), (-0.005340937, -0.79009986, -0.6129548), (-0.009857724, -0.9907179, 0.13557552), (-0.002220057, 0.71630806, -0.69778055), (0.002007822, 0.99986106, -0.016547529), (0.012990807, 0.75968605, -0.65016025), (-0.0016354783, 0.016973121, -0.9998546), (-0.002220057, 0.71630806, -0.69778055), (0.012990807, 0.75968605, -0.65016025), (-0.01141339, -0.97751856, 0.21054038), (0.010308434, -0.9762315, 0.21648474), (-0.012993455, -0.9706041, 0.24033067), (0.0022801019, -0.7296189, -0.68385017), (-0.009857724, -0.9907179, 0.13557552), (-0.005340937, -0.79009986, -0.6129548), (-0.01141339, -0.97751856, 0.21054038), (0.05570937, -0.9813262, 0.1841065), (0.010308434, -0.9762315, 0.21648474), (0.06593165, -0.9873618, 0.14411688), (-0.01141339, -0.97751856, 0.21054038), (-0.009857724, -0.9907179, 0.13557552), (-0.0016354783, 0.016973121, -0.9998546), (0.0022801019, -0.7296189, -0.68385017), (-0.005340937, -0.79009986, -0.6129548), (0.04658361, -0.9977028, 0.04918281), (-0.009857724, -0.9907179, 0.13557552), (0.0022801019, -0.7296189, -0.68385017), (0.012990807, 0.75968605, -0.65016025), (0.0067729387, 0.4576592, -0.88910186), (-0.0016354783, 0.016973121, -0.9998546), (0.0067729387, 0.4576592, -0.88910186), (0.0056361086, -0.027679095, -0.999601), (-0.0016354783, 0.016973121, -0.9998546), (-0.0016354783, 0.016973121, -0.9998546), (0.020288384, -0.7647975, -0.64395124), (0.0022801019, -0.7296189, -0.68385017), (-0.009857724, -0.9907179, 0.13557552), (0.04658361, -0.9977028, 0.04918281), (0.06593165, -0.9873618, 0.14411688), (0.6455207, -0.05536598, -0.7617333), (0.7843028, -0.120039694, -0.6086541), (0.23548552, -0.7134845, -0.65991396), (0.7843028, -0.120039694, -0.6086541), (0.6455207, -0.05536598, -0.7617333), (0.67025, -0.5016687, -0.54689425), (0.6455207, -0.05536598, -0.7617333), (0.7655957, -0.37507364, -0.52266914), (0.67025, -0.5016687, -0.54689425), (-0.018255893, -0.9934594, -0.11271697), (0.23548552, -0.7134845, -0.65991396), (0.39416438, -0.87016445, -0.29571652), (0.0193451, -0.9982399, -0.05606054), (0.6749374, -0.7020666, -0.22707254), (0.23548552, -0.7134845, -0.65991396), (0.6254633, -0.5092988, -0.5911094), (0.6455207, -0.05536598, -0.7617333), (0.23548552, -0.7134845, -0.65991396), (0.6455207, -0.05536598, -0.7617333), (0.6254633, -0.5092988, -0.5911094), (0.7655957, -0.37507364, -0.52266914), (0.23548552, -0.7134845, -0.65991396), (0.6749374, -0.7020666, -0.22707254), (0.6254633, -0.5092988, -0.5911094), (0.15675744, -0.9852236, 0.06900473), (0.5471558, -0.7744841, -0.3174821), (0.0193451, -0.9982399, -0.05606054), (0.6254633, -0.5092988, -0.5911094), (0.6749374, -0.7020666, -0.22707254), (0.7655957, -0.37507364, -0.52266914), (0.9017816, -0.22525929, -0.36884704), (0.7655957, -0.37507364, -0.52266914), (0.6749374, -0.7020666, -0.22707254), (0.7655957, -0.37507364, -0.52266914), (0.9017816, -0.22525929, -0.36884704), (0.7171309, -0.5844707, -0.37962782), (0.5471558, -0.7744841, -0.3174821), (0.6749374, -0.7020666, -0.22707254), (0.0193451, -0.9982399, -0.05606054), (0.7446219, -0.31659535, -0.5876273), (0.9017816, -0.22525929, -0.36884704), (0.5471558, -0.7744841, -0.3174821), (0.6749374, -0.7020666, -0.22707254), (0.5471558, -0.7744841, -0.3174821), (0.9017816, -0.22525929, -0.36884704), (0.7446219, -0.31659535, -0.5876273), (0.7171309, -0.5844707, -0.37962782), (0.9017816, -0.22525929, -0.36884704), (0.7446219, -0.31659535, -0.5876273), (0.556621, -0.6508298, -0.516327), (0.7171309, -0.5844707, -0.37962782), (0.7446219, -0.31659535, -0.5876273), (0.5471558, -0.7744841, -0.3174821), (0.65925, -0.37459937, -0.65196985), (0.5471558, -0.7744841, -0.3174821), (0.596607, -0.7696869, -0.22724915), (0.65925, -0.37459937, -0.65196985), (0.65925, -0.37459937, -0.65196985), (0.46977577, -0.62945575, -0.6189476), (0.7446219, -0.31659535, -0.5876273), (0.7446219, -0.31659535, -0.5876273), (0.46977577, -0.62945575, -0.6189476), (0.556621, -0.6508298, -0.516327), (0.044929586, -0.9988824, -0.014675094), (0.13367654, -0.9878094, -0.07976962), (0.05367416, -0.9976052, -0.043621883), (0.017515555, -0.95681643, 0.2901648), (0.068296984, -0.99717975, -0.031114709), (0.044929586, -0.9988824, -0.014675094), (0.13367654, -0.9878094, -0.07976962), (0.15675744, -0.9852236, 0.06900473), (0.05367416, -0.9976052, -0.043621883), (-0.3037557, -0.92887574, 0.2119491), (0.068296984, -0.99717975, -0.031114709), (0.017515555, -0.95681643, 0.2901648), (-0.27661163, -0.9609477, 0.008097947), (0.068296984, -0.99717975, -0.031114709), (-0.3037557, -0.92887574, 0.2119491), (0.044929586, -0.9988824, -0.014675094), (0.068296984, -0.99717975, -0.031114709), (0.13367654, -0.9878094, -0.07976962), (0.596607, -0.7696869, -0.22724915), (0.5471558, -0.7744841, -0.3174821), (0.15675744, -0.9852236, 0.06900473), (0.15675744, -0.9852236, 0.06900473), (0.13367654, -0.9878094, -0.07976962), (0.09920583, -0.99497944, -0.013197006), (0.13367654, -0.9878094, -0.07976962), (0.068296984, -0.99717975, -0.031114709), (0.11672324, -0.96971506, -0.21454264), (0.09920583, -0.99497944, -0.013197006), (0.13367654, -0.9878094, -0.07976962), (0.11672324, -0.96971506, -0.21454264), (0.4575682, -0.85550433, -0.2423709), (0.09920583, -0.99497944, -0.013197006), (0.11672324, -0.96971506, -0.21454264), (0.11672324, -0.96971506, -0.21454264), (0.068296984, -0.99717975, -0.031114709), (0.31384978, -0.8015701, -0.5089044), (0.31384978, -0.8015701, -0.5089044), (0.4575682, -0.85550433, -0.2423709), (0.11672324, -0.96971506, -0.21454264), (0.15675744, -0.9852236, 0.06900473), (0.09920583, -0.99497944, -0.013197006), (0.596607, -0.7696869, -0.22724915), (0.068296984, -0.99717975, -0.031114709), (0.05066149, -0.99737227, 0.051789157), (-0.027075615, -0.999085, -0.03310773), (0.31384978, -0.8015701, -0.5089044), (0.068296984, -0.99717975, -0.031114709), (0.007124678, -0.99491566, -0.100459374), (-0.027075615, -0.999085, -0.03310773), (0.007124678, -0.99491566, -0.100459374), (0.068296984, -0.99717975, -0.031114709), (0.02145436, -0.99931186, 0.030255254), (-0.027075615, -0.999085, -0.03310773), (0.05066149, -0.99737227, 0.051789157), (0.596607, -0.7696869, -0.22724915), (0.7002778, -0.6585559, -0.275527), (0.65925, -0.37459937, -0.65196985), (0.09920583, -0.99497944, -0.013197006), (0.4575682, -0.85550433, -0.2423709), (0.596607, -0.7696869, -0.22724915), (0.596607, -0.7696869, -0.22724915), (0.7299301, -0.68309236, -0.02422636), (0.7002778, -0.6585559, -0.275527), (0.4575682, -0.85550433, -0.2423709), (0.31384978, -0.8015701, -0.5089044), (0.77294654, -0.5586964, -0.30068558), (0.31384978, -0.8015701, -0.5089044), (0.56486523, -0.21057472, -0.7978631), (0.77294654, -0.5586964, -0.30068558), (0.4575682, -0.85550433, -0.2423709), (0.77294654, -0.5586964, -0.30068558), (0.7299301, -0.68309236, -0.02422636), (0.7299301, -0.68309236, -0.02422636), (0.596607, -0.7696869, -0.22724915), (0.4575682, -0.85550433, -0.2423709), (0.65925, -0.37459937, -0.65196985), (0.7002778, -0.6585559, -0.275527), (0.46977577, -0.62945575, -0.6189476), (0.007124678, -0.99491566, -0.100459374), (-0.098306954, -0.43698192, -0.8940819), (0.31384978, -0.8015701, -0.5089044), (-0.098306954, -0.43698192, -0.8940819), (0.56486523, -0.21057472, -0.7978631), (0.31384978, -0.8015701, -0.5089044), (0.55641794, -0.77167445, -0.308087), (0.7299301, -0.68309236, -0.02422636), (0.77294654, -0.5586964, -0.30068558), (0.77294654, -0.5586964, -0.30068558), (0.294207, -0.38207397, -0.8760489), (0.55641794, -0.77167445, -0.308087), (0.56486523, -0.21057472, -0.7978631), (0.294207, -0.38207397, -0.8760489), (0.77294654, -0.5586964, -0.30068558), (-0.098306954, -0.43698192, -0.8940819), (0.294207, -0.38207397, -0.8760489), (0.56486523, -0.21057472, -0.7978631), (0.7299301, -0.68309236, -0.02422636), (0.55641794, -0.77167445, -0.308087), (0.7002778, -0.6585559, -0.275527), (0.0020404945, -0.9955643, 0.09406144), (-0.10751878, -0.9903838, -0.087062344), (-0.027075615, -0.999085, -0.03310773), (0.02145436, -0.99931186, 0.030255254), (0.0020404945, -0.9955643, 0.09406144), (-0.027075615, -0.999085, -0.03310773), (-0.027075615, -0.999085, -0.03310773), (-0.10751878, -0.9903838, -0.087062344), (0.007124678, -0.99491566, -0.100459374), (0.007124678, -0.99491566, -0.100459374), (-0.10751878, -0.9903838, -0.087062344), (-0.098306954, -0.43698192, -0.8940819), (-0.098306954, -0.43698192, -0.8940819), (-0.06376382, 0.49097311, -0.8688381), (0.294207, -0.38207397, -0.8760489), (-0.3037557, -0.92887574, 0.2119491), (-0.30152342, -0.8165337, 0.49229696), (-0.27661163, -0.9609477, 0.008097947), (-0.09277876, -0.9797714, -0.17731331), (0.05066149, -0.99737227, 0.051789157), (-0.27661163, -0.9609477, 0.008097947), (0.42919147, -0.8857591, -0.17670712), (0.08855853, -0.9813362, 0.17069495), (0.14708044, -0.9794225, 0.13819872), (0.05066149, -0.99737227, 0.051789157), (0.068296984, -0.99717975, -0.031114709), (-0.27661163, -0.9609477, 0.008097947), (0.09353771, -0.9821973, 0.16290857), (-0.09277876, -0.9797714, -0.17731331), (0.08855853, -0.9813362, 0.17069495), (0.7742265, -0.5076468, 0.37797892), (0.09353771, -0.9821973, 0.16290857), (0.08855853, -0.9813362, 0.17069495), (0.08855853, -0.9813362, 0.17069495), (0.42919147, -0.8857591, -0.17670712), (0.7742265, -0.5076468, 0.37797892), (0.69705576, 0.43315735, 0.57139134), (0.95093155, -0.299284, 0.07847415), (0.100797184, -0.19952025, 0.9746957), (0.7742265, -0.5076468, 0.37797892), (0.42919147, -0.8857591, -0.17670712), (0.95093155, -0.299284, 0.07847415), (0.69705576, 0.43315735, 0.57139134), (0.100797184, -0.19952025, 0.9746957), (-0.48754114, 0.5432975, 0.6834701), (0.7742265, -0.5076468, 0.37797892), (0.95093155, -0.299284, 0.07847415), (0.69705576, 0.43315735, 0.57139134), (0.11786388, -0.9444569, 0.30677253), (0.100797184, -0.19952025, 0.9746957), (0.95093155, -0.299284, 0.07847415), (0.5474258, -0.74750763, -0.3762409), (0.95093155, -0.299284, 0.07847415), (0.42919147, -0.8857591, -0.17670712), (0.5474258, -0.74750763, -0.3762409), (0.11786388, -0.9444569, 0.30677253), (0.95093155, -0.299284, 0.07847415), (-0.5523723, -0.68183446, 0.47956914), (0.09353771, -0.9821973, 0.16290857), (0.7742265, -0.5076468, 0.37797892), (0.69705576, 0.43315735, 0.57139134), (-0.5523723, -0.68183446, 0.47956914), (0.7742265, -0.5076468, 0.37797892), (0.5474258, -0.74750763, -0.3762409), (-0.11150659, -0.6805411, -0.7241755), (-0.74280286, -0.66746014, -0.052354246), (0.05066149, -0.99737227, 0.051789157), (-0.09277876, -0.9797714, -0.17731331), (0.09353771, -0.9821973, 0.16290857), (-0.48754114, 0.5432975, 0.6834701), (-0.5523723, -0.68183446, 0.47956914), (0.69705576, 0.43315735, 0.57139134), (-0.86461616, -0.35597315, 0.3545731), (-0.48754114, 0.5432975, 0.6834701), (0.100797184, -0.19952025, 0.9746957), (-0.86461616, -0.35597315, 0.3545731), (0.100797184, -0.19952025, 0.9746957), (0.11786388, -0.9444569, 0.30677253), (0.5474258, -0.74750763, -0.3762409), (-0.74280286, -0.66746014, -0.052354246), (0.11786388, -0.9444569, 0.30677253), (0.11115426, -0.9790461, 0.1706269), (0.09353771, -0.9821973, 0.16290857), (-0.5523723, -0.68183446, 0.47956914), (-0.86461616, -0.35597315, 0.3545731), (-0.5523723, -0.68183446, 0.47956914), (-0.48754114, 0.5432975, 0.6834701), (-0.86461616, -0.35597315, 0.3545731), (-0.74280286, -0.66746014, -0.052354246), (-0.5523723, -0.68183446, 0.47956914), (-0.5523723, -0.68183446, 0.47956914), (-0.74280286, -0.66746014, -0.052354246), (-0.2151987, -0.9745796, -0.062322624), (0.11786388, -0.9444569, 0.30677253), (-0.74280286, -0.66746014, -0.052354246), (-0.86461616, -0.35597315, 0.3545731), (0.02145436, -0.99931186, 0.030255254), (0.05066149, -0.99737227, 0.051789157), (0.09353771, -0.9821973, 0.16290857), (0.11115426, -0.9790461, 0.1706269), (0.02145436, -0.99931186, 0.030255254), (0.09353771, -0.9821973, 0.16290857), (-0.2151987, -0.9745796, -0.062322624), (0.11115426, -0.9790461, 0.1706269), (-0.5523723, -0.68183446, 0.47956914), (0.11115426, -0.9790461, 0.1706269), (0.084400944, -0.98353404, 0.15980357), (0.02145436, -0.99931186, 0.030255254), (-0.2151987, -0.9745796, -0.062322624), (0.02672923, -0.9875396, 0.15508425), (0.11115426, -0.9790461, 0.1706269), (0.084400944, -0.98353404, 0.15980357), (0.11115426, -0.9790461, 0.1706269), (0.02672923, -0.9875396, 0.15508425), (0.0020404945, -0.9955643, 0.09406144), (0.02145436, -0.99931186, 0.030255254), (0.084400944, -0.98353404, 0.15980357), (0.020288384, -0.7647975, -0.64395124), (0.04658361, -0.9977028, 0.04918281), (0.0022801019, -0.7296189, -0.68385017), (0.05570937, -0.9813262, 0.1841065), (0.06593165, -0.9873618, 0.14411688), (0.08855853, -0.9813362, 0.17069495), (-0.01141339, -0.97751856, 0.21054038), (0.06593165, -0.9873618, 0.14411688), (0.05570937, -0.9813262, 0.1841065), (-0.000601041, 0.7596958, -0.6502783), (0.002007822, 0.99986106, -0.016547529), (-0.0000142572135, 1, -0.0000016744169), (0.002007822, 0.99986106, -0.016547529), (-0.000601041, 0.7596958, -0.6502783), (0.012990807, 0.75968605, -0.65016025), (-0.0016354783, 0.016973121, -0.9998546), (0.0056361086, -0.027679095, -0.999601), (0.020288384, -0.7647975, -0.64395124), (0.06593165, -0.9873618, 0.14411688), (0.04658361, -0.9977028, 0.04918281), (0.020288384, -0.7647975, -0.64395124), (-0.000601041, 0.7596958, -0.6502783), (0.0067729387, 0.4576592, -0.88910186), (0.012990807, 0.75968605, -0.65016025), (0.06593165, -0.9873618, 0.14411688), (0.14708044, -0.9794225, 0.13819872), (0.08855853, -0.9813362, 0.17069495), (-0.2151987, -0.9745796, -0.062322624), (0.42919147, -0.8857591, -0.17670712), (0.14708044, -0.9794225, 0.13819872), (0.0056361086, -0.027679095, -0.999601), (0.017410452, -0.69322634, -0.72050965), (0.020288384, -0.7647975, -0.64395124), (-0.11150659, -0.6805411, -0.7241755), (0.5474258, -0.74750763, -0.3762409), (0.42919147, -0.8857591, -0.17670712), (0.06593165, -0.9873618, 0.14411688), (0.020288384, -0.7647975, -0.64395124), (0.080058, -0.9966734, -0.015260812), (0.0067729387, 0.4576592, -0.88910186), (-0.0013541295, 0.07497716, -0.9971843), (0.0056361086, -0.027679095, -0.999601), (-0.000601041, 0.7596958, -0.6502783), (-0.0013541295, 0.07497716, -0.9971843), (0.0067729387, 0.4576592, -0.88910186), (-0.2151987, -0.9745796, -0.062322624), (-0.11150659, -0.6805411, -0.7241755), (0.42919147, -0.8857591, -0.17670712), (-0.2151987, -0.9745796, -0.062322624), (0.14708044, -0.9794225, 0.13819872), (0.04095287, -0.99509585, 0.090039775), (0.14708044, -0.9794225, 0.13819872), (0.06593165, -0.9873618, 0.14411688), (0.080058, -0.9966734, -0.015260812), (0.017410452, -0.69322634, -0.72050965), (0.080058, -0.9966734, -0.015260812), (0.020288384, -0.7647975, -0.64395124), (-0.2151987, -0.9745796, -0.062322624), (-0.74280286, -0.66746014, -0.052354246), (-0.11150659, -0.6805411, -0.7241755), (0.080058, -0.9966734, -0.015260812), (0.04095287, -0.99509585, 0.090039775), (0.14708044, -0.9794225, 0.13819872), (0.02672923, -0.9875396, 0.15508425), (-0.2151987, -0.9745796, -0.062322624), (0.04095287, -0.99509585, 0.090039775), (0.04095287, -0.99509585, 0.090039775), (0.080058, -0.9966734, -0.015260812), (0.027523745, -0.7378007, -0.67445725), (0.017410452, -0.69322634, -0.72050965), (0.027523745, -0.7378007, -0.67445725), (0.080058, -0.9966734, -0.015260812), (0.0056361086, -0.027679095, -0.999601), (0.027523745, -0.7378007, -0.67445725), (0.017410452, -0.69322634, -0.72050965), (-0.001593696, 0.7545842, -0.6562013), (-0.000601041, 0.7596958, -0.6502783), (-0.0000142572135, 1, -0.0000016744169), (0.0056361086, -0.027679095, -0.999601), (-0.0013541295, 0.07497716, -0.9971843), (0.0023334136, -0.0389122, -0.9992399), (0.04095287, -0.99509585, 0.090039775), (-0.0446008, -0.98993665, 0.1342987), (0.02672923, -0.9875396, 0.15508425), (0.027523745, -0.7378007, -0.67445725), (0.015344675, -0.9971093, 0.07441453), (0.04095287, -0.99509585, 0.090039775), (0.04095287, -0.99509585, 0.090039775), (0.015344675, -0.9971093, 0.07441453), (-0.0446008, -0.98993665, 0.1342987), (0.0056361086, -0.027679095, -0.999601), (0.0023334136, -0.0389122, -0.9992399), (0.027523745, -0.7378007, -0.67445725), (0.0785346, -0.70578396, -0.70406055), (0.027523745, -0.7378007, -0.67445725), (0.0023334136, -0.0389122, -0.9992399), (0.02672923, -0.9875396, 0.15508425), (-0.0446008, -0.98993665, 0.1342987), (0.057845965, -0.9885459, 0.13939415), (0.07901824, -0.9968154, -0.0107317), (0.027523745, -0.7378007, -0.67445725), (0.0785346, -0.70578396, -0.70406055), (-0.6451352, -0.55412316, 0.52606857), (-0.8663097, -0.3336478, 0.37173468), (-0.6506714, -0.53332055, 0.54055154), (-0.10751878, -0.9903838, -0.087062344), (-0.30277, -0.32554138, -0.8957417), (-0.098306954, -0.43698192, -0.8940819), (-0.098306954, -0.43698192, -0.8940819), (-0.30277, -0.32554138, -0.8957417), (-0.06376382, 0.49097311, -0.8688381), (-0.27865326, 0.6823117, -0.67587197), (-0.06376382, 0.49097311, -0.8688381), (-0.30277, -0.32554138, -0.8957417), (-0.10751878, -0.9903838, -0.087062344), (0.050118424, -0.9979839, -0.03893783), (-0.30277, -0.32554138, -0.8957417), (0.0020404945, -0.9955643, 0.09406144), (0.050118424, -0.9979839, -0.03893783), (-0.10751878, -0.9903838, -0.087062344), (-0.06376382, 0.49097311, -0.8688381), (-0.27865326, 0.6823117, -0.67587197), (-0.15850987, 0.31741107, -0.93494636), (0.1122637, -0.98160803, 0.15441065), (0.050118424, -0.9979839, -0.03893783), (0.0020404945, -0.9955643, 0.09406144), (0.050118424, -0.9979839, -0.03893783), (0.16128005, -0.9633431, -0.2143801), (-0.30277, -0.32554138, -0.8957417), (-0.30277, -0.32554138, -0.8957417), (-0.0076308977, -0.10294547, -0.99465775), (-0.27865326, 0.6823117, -0.67587197), (0.16128005, -0.9633431, -0.2143801), (0.050118424, -0.9979839, -0.03893783), (0.1122637, -0.98160803, 0.15441065), (-0.30277, -0.32554138, -0.8957417), (0.16128005, -0.9633431, -0.2143801), (-0.0076308977, -0.10294547, -0.99465775), (0.16128005, -0.9633431, -0.2143801), (-0.09505298, -0.80197334, -0.5897489), (-0.0076308977, -0.10294547, -0.99465775), (0.084400944, -0.98353404, 0.15980357), (0.1122637, -0.98160803, 0.15441065), (0.0020404945, -0.9955643, 0.09406144), (0.084400944, -0.98353404, 0.15980357), (0.15427527, -0.9724516, 0.17474832), (0.1122637, -0.98160803, 0.15441065), (-0.0076308977, -0.10294547, -0.99465775), (-0.31873417, 0.3643145, -0.87503356), (-0.27865326, 0.6823117, -0.67587197), (0.1122637, -0.98160803, 0.15441065), (0.20155753, -0.9723043, 0.11831754), (0.16128005, -0.9633431, -0.2143801), (0.1122637, -0.98160803, 0.15441065), (0.15427527, -0.9724516, 0.17474832), (0.20155753, -0.9723043, 0.11831754), (-0.0076308977, -0.10294547, -0.99465775), (-0.09505298, -0.80197334, -0.5897489), (-0.28980988, -0.09491835, -0.9523659), (-0.28980988, -0.09491835, -0.9523659), (-0.31873417, 0.3643145, -0.87503356), (-0.0076308977, -0.10294547, -0.99465775), (0.16128005, -0.9633431, -0.2143801), (0.20155753, -0.9723043, 0.11831754), (0.15838322, -0.9556601, -0.24825096), (0.15427527, -0.9724516, 0.17474832), (0.25533184, -0.9625196, 0.09144276), (0.20155753, -0.9723043, 0.11831754), (0.16128005, -0.9633431, -0.2143801), (0.15838322, -0.9556601, -0.24825096), (-0.09505298, -0.80197334, -0.5897489), (0.25533184, -0.9625196, 0.09144276), (0.15838322, -0.9556601, -0.24825096), (0.20155753, -0.9723043, 0.11831754), (-0.058847114, -0.98689437, -0.15025513), (-0.09505298, -0.80197334, -0.5897489), (0.15838322, -0.9556601, -0.24825096), (-0.09505298, -0.80197334, -0.5897489), (-0.058847114, -0.98689437, -0.15025513), (-0.28980988, -0.09491835, -0.9523659), (-0.28980988, -0.09491835, -0.9523659), (-0.058847114, -0.98689437, -0.15025513), (-0.8015688, -0.3932373, -0.45039082), (-0.8015688, -0.3932373, -0.45039082), (-0.64769995, 0.29540434, -0.7022969), (-0.28980988, -0.09491835, -0.9523659), (0.15427527, -0.9724516, 0.17474832), (0.22996424, -0.88083565, 0.41381776), (0.25533184, -0.9625196, 0.09144276), (-0.8015688, -0.3932373, -0.45039082), (-0.9064028, -0.002831761, -0.4224048), (-0.64769995, 0.29540434, -0.7022969), (0.20336913, -0.97583985, 0.07985976), (0.15838322, -0.9556601, -0.24825096), (0.25533184, -0.9625196, 0.09144276), (0.15838322, -0.9556601, -0.24825096), (0.20336913, -0.97583985, 0.07985976), (-0.058847114, -0.98689437, -0.15025513), (-0.89251924, -0.32729024, -0.31030726), (-0.9064028, -0.002831761, -0.4224048), (-0.8015688, -0.3932373, -0.45039082), (0.78194994, -0.623252, -0.010541111), (0.084400944, -0.98353404, 0.15980357), (0.02672923, -0.9875396, 0.15508425), (0.084400944, -0.98353404, 0.15980357), (0.78194994, -0.623252, -0.010541111), (0.05982656, -0.9867067, 0.15109827), (0.084400944, -0.98353404, 0.15980357), (0.38924474, -0.8056553, 0.4465511), (0.15427527, -0.9724516, 0.17474832), (0.084400944, -0.98353404, 0.15980357), (0.05982656, -0.9867067, 0.15109827), (0.38924474, -0.8056553, 0.4465511), (0.057845965, -0.9885459, 0.13939415), (0.7504398, -0.4223323, -0.50840485), (0.78194994, -0.623252, -0.010541111), (0.7578966, -0.5519869, 0.34771138), (0.38924474, -0.8056553, 0.4465511), (0.05982656, -0.9867067, 0.15109827), (0.78194994, -0.623252, -0.010541111), (0.7578966, -0.5519869, 0.34771138), (0.05982656, -0.9867067, 0.15109827), (0.78194994, -0.623252, -0.010541111), (0.88438374, 0.31222257, -0.3469619), (0.7578966, -0.5519869, 0.34771138), (0.7636836, -0.31617594, 0.5628677), (0.7578966, -0.5519869, 0.34771138), (0.9806242, -0.037680514, 0.19224016), (0.7578966, -0.5519869, 0.34771138), (0.88438374, 0.31222257, -0.3469619), (0.9806242, -0.037680514, 0.19224016), (0.88438374, 0.31222257, -0.3469619), (0.78194994, -0.623252, -0.010541111), (0.7504398, -0.4223323, -0.50840485), (0.74048376, -0.48112202, -0.46926048), (0.7504398, -0.4223323, -0.50840485), (0.057845965, -0.9885459, 0.13939415), (0.88438374, 0.31222257, -0.3469619), (0.9870795, -0.15449777, -0.042481057), (0.9806242, -0.037680514, 0.19224016), (0.7636836, -0.31617594, 0.5628677), (0.38924474, -0.8056553, 0.4465511), (0.7578966, -0.5519869, 0.34771138), (0.88438374, 0.31222257, -0.3469619), (0.7504398, -0.4223323, -0.50840485), (0.65945953, 0.39094812, -0.6420847), (0.38924474, -0.8056553, 0.4465511), (0.7636836, -0.31617594, 0.5628677), (0.42310017, -0.54388237, 0.72469187), (0.42310017, -0.54388237, 0.72469187), (0.34789005, -0.78982955, 0.50511557), (0.38924474, -0.8056553, 0.4465511), (0.38924474, -0.8056553, 0.4465511), (0.34789005, -0.78982955, 0.50511557), (0.15427527, -0.9724516, 0.17474832), (0.34789005, -0.78982955, 0.50511557), (0.42310017, -0.54388237, 0.72469187), (0.22996424, -0.88083565, 0.41381776), (0.22996424, -0.88083565, 0.41381776), (0.15427527, -0.9724516, 0.17474832), (0.34789005, -0.78982955, 0.50511557), (-0.000601041, 0.7596958, -0.6502783), (-0.0012487439, 0.40687904, -0.91348124), (-0.0013541295, 0.07497716, -0.9971843), (0.0023334136, -0.0389122, -0.9992399), (-0.0013541295, 0.07497716, -0.9971843), (-0.0012487439, 0.40687904, -0.91348124), (0.018575326, -0.9949967, 0.09816534), (0.015344675, -0.9971093, 0.07441453), (0.07901824, -0.9968154, -0.0107317), (0.027523745, -0.7378007, -0.67445725), (0.07901824, -0.9968154, -0.0107317), (0.015344675, -0.9971093, 0.07441453), (-0.000601041, 0.7596958, -0.6502783), (-0.001593696, 0.7545842, -0.6562013), (-0.0012487439, 0.40687904, -0.91348124), (0.78194994, -0.623252, -0.010541111), (0.02672923, -0.9875396, 0.15508425), (0.057845965, -0.9885459, 0.13939415), (0.015344675, -0.9971093, 0.07441453), (0.018575326, -0.9949967, 0.09816534), (0.057845965, -0.9885459, 0.13939415), (0.039585847, -0.7904672, -0.61122394), (0.07901824, -0.9968154, -0.0107317), (0.0785346, -0.70578396, -0.70406055), (-0.0019148593, 0.054366585, -0.99851924), (-0.0012487439, 0.40687904, -0.91348124), (-0.001593696, 0.7545842, -0.6562013), (0.018575326, -0.9949967, 0.09816534), (0.74048376, -0.48112202, -0.46926048), (0.057845965, -0.9885459, 0.13939415), (0.018575326, -0.9949967, 0.09816534), (0.07901824, -0.9968154, -0.0107317), (0.033067197, -0.9958573, 0.08470485), (0.0785346, -0.70578396, -0.70406055), (0.0023334136, -0.0389122, -0.9992399), (0.039585847, -0.7904672, -0.61122394), (0.07901824, -0.9968154, -0.0107317), (0.039585847, -0.7904672, -0.61122394), (0.033067197, -0.9958573, 0.08470485), (0.7504398, -0.4223323, -0.50840485), (0.74048376, -0.48112202, -0.46926048), (0.65945953, 0.39094812, -0.6420847), (-0.0019148593, 0.054366585, -0.99851924), (-0.06279565, -0.58812904, -0.80632555), (0.0023334136, -0.0389122, -0.9992399), (0.033067197, -0.9958573, 0.08470485), (0.1506204, -0.7532326, -0.6402766), (0.74048376, -0.48112202, -0.46926048), (0.0023334136, -0.0389122, -0.9992399), (-0.06279565, -0.58812904, -0.80632555), (0.039585847, -0.7904672, -0.61122394), (0.74048376, -0.48112202, -0.46926048), (0.1506204, -0.7532326, -0.6402766), (0.65945953, 0.39094812, -0.6420847), (-0.008569849, -0.9999503, 0.005093642), (0.1506204, -0.7532326, -0.6402766), (0.033067197, -0.9958573, 0.08470485), (-0.0019148593, 0.054366585, -0.99851924), (-0.004204393, 0.056873593, -0.9983725), (-0.06279565, -0.58812904, -0.80632555), (0.039585847, -0.7904672, -0.61122394), (-0.008569849, -0.9999503, 0.005093642), (0.033067197, -0.9958573, 0.08470485), (0.039585847, -0.7904672, -0.61122394), (-0.039314423, -0.99158907, -0.12331095), (-0.008569849, -0.9999503, 0.005093642), (-0.06279565, -0.58812904, -0.80632555), (-0.039314423, -0.99158907, -0.12331095), (0.039585847, -0.7904672, -0.61122394), (0.1506204, -0.7532326, -0.6402766), (-0.008569849, -0.9999503, 0.005093642), (-0.28795013, -0.6587152, -0.69511086), (-0.001593696, 0.7545842, -0.6562013), (-0.004204393, 0.056873593, -0.9983725), (-0.0019148593, 0.054366585, -0.99851924), (-0.0000142572135, 1, -0.0000016744169), (-0.6609542, 0.75042546, 0.0011433165), (-0.016376944, 0.9998657, 0.00047813798), (-0.0000142572135, 1, -0.0000016744169), (-0.016376944, 0.9998657, 0.00047813798), (-0.009404889, 0.9999558, -0.00007845362), (-0.8663097, -0.3336478, 0.37173468), (-0.3045546, -0.90010905, 0.31152856), (-0.45272794, -0.8376679, 0.3055319), (-0.89251924, -0.32729024, -0.31030726), (-0.4106713, -0.8981936, -0.15683565), (-0.8375263, -0.506194, -0.20571207), (-0.3684179, -0.9110872, -0.18490128), (-0.4106713, -0.8981936, -0.15683565), (-0.89251924, -0.32729024, -0.31030726), (-0.84537417, -0.5237788, 0.104873404), (-0.3045546, -0.90010905, 0.31152856), (-0.8663097, -0.3336478, 0.37173468), (-0.8375263, -0.506194, -0.20571207), (-0.15486623, -0.98790723, -0.0074700327), (-0.84537417, -0.5237788, 0.104873404), (-0.15486623, -0.98790723, -0.0074700327), (-0.3045546, -0.90010905, 0.31152856), (-0.84537417, -0.5237788, 0.104873404), (-0.15486623, -0.98790723, -0.0074700327), (-0.8375263, -0.506194, -0.20571207), (-0.4106713, -0.8981936, -0.15683565), (-0.4106713, -0.8981936, -0.15683565), (-0.3684179, -0.9110872, -0.18490128), (0.26364127, -0.9643352, 0.023469025), (-0.15486623, -0.98790723, -0.0074700327), (0.14126463, -0.98996836, 0.0026508844), (-0.3045546, -0.90010905, 0.31152856), (0.12635845, -0.98989815, 0.06430511), (-0.15486623, -0.98790723, -0.0074700327), (-0.4106713, -0.8981936, -0.15683565), (-0.3045546, -0.90010905, 0.31152856), (0.14126463, -0.98996836, 0.0026508844), (0.22255053, -0.9746844, 0.021483652), (0.26364127, -0.9643352, 0.023469025), (0.12635845, -0.98989815, 0.06430511), (-0.4106713, -0.8981936, -0.15683565), (0.16675076, -0.98150736, 0.09400746), (0.22255053, -0.9746844, 0.021483652), (0.14126463, -0.98996836, 0.0026508844), (0.12635845, -0.98989815, 0.06430511), (0.14126463, -0.98996836, 0.0026508844), (-0.15486623, -0.98790723, -0.0074700327), (0.26364127, -0.9643352, 0.023469025), (0.04288771, -0.99654335, 0.07114818), (0.12635845, -0.98989815, 0.06430511), (0.010051615, -0.9998853, 0.011323695), (0.14126463, -0.98996836, 0.0026508844), (0.12635845, -0.98989815, 0.06430511), (-0.01493092, -0.9997149, -0.018632961), (0.04288771, -0.99654335, 0.07114818), (0.26364127, -0.9643352, 0.023469025), (-0.01493092, -0.9997149, -0.018632961), (0.26364127, -0.9643352, 0.023469025), (0.15747084, -0.98574114, -0.059306987), (0.010051615, -0.9998853, 0.011323695), (-0.021884387, -0.9997077, 0.010284997), (0.14126463, -0.98996836, 0.0026508844), (-0.016376944, 0.9998657, 0.00047813798), (-0.6609542, 0.75042546, 0.0011433165), (-0.68669766, 0.7269078, -0.0071623255), (-0.6993708, 0.7147587, 0.0007591166), (-0.016376944, 0.9998657, 0.00047813798), (-0.68669766, 0.7269078, -0.0071623255), (0.010051615, -0.9998853, 0.011323695), (-0.6861376, -0.72746843, -0.0022096976), (-0.021884387, -0.9997077, 0.010284997), (0.010051615, -0.9998853, 0.011323695), (-0.68869215, -0.72160286, 0.070656985), (-0.6861376, -0.72746843, -0.0022096976), (0.04288771, -0.99654335, 0.07114818), (-0.68869215, -0.72160286, 0.070656985), (0.12635845, -0.98989815, 0.06430511), (-0.016376944, 0.9998657, 0.00047813798), (-0.6993708, 0.7147587, 0.0007591166), (-0.7144926, 0.69963014, -0.0042276364), (-0.7920558, -0.60921824, 0.038738415), (-0.68869215, -0.72160286, 0.070656985), (-0.01493092, -0.9997149, -0.018632961), (-0.01493092, -0.9997149, -0.018632961), (-0.68869215, -0.72160286, 0.070656985), (0.04288771, -0.99654335, 0.07114818), (-0.9985748, 0.053221535, 0.0039852047), (-0.68669766, 0.7269078, -0.0071623255), (-0.6609542, 0.75042546, 0.0011433165), (-0.99972904, -0.023198795, -0.0019306397), (-0.68669766, 0.7269078, -0.0071623255), (-0.9985748, 0.053221535, 0.0039852047), (-0.99972904, -0.023198795, -0.0019306397), (-0.6993708, 0.7147587, 0.0007591166), (-0.68669766, 0.7269078, -0.0071623255), (-0.99972904, -0.023198795, -0.0019306397), (-0.7144926, 0.69963014, -0.0042276364), (-0.6993708, 0.7147587, 0.0007591166), (-0.99972904, -0.023198795, -0.0019306397), (-0.7920558, -0.60921824, 0.038738415), (-0.7144926, 0.69963014, -0.0042276364), (-0.68869215, -0.72160286, 0.070656985), (-0.7920558, -0.60921824, 0.038738415), (-0.99972904, -0.023198795, -0.0019306397), (-0.99972904, -0.023198795, -0.0019306397), (-0.6861376, -0.72746843, -0.0022096976), (-0.68869215, -0.72160286, 0.070656985), (-0.3684179, -0.9110872, -0.18490128), (-0.89251924, -0.32729024, -0.31030726), (-0.8015688, -0.3932373, -0.45039082), (-0.3684179, -0.9110872, -0.18490128), (-0.8015688, -0.3932373, -0.45039082), (-0.058847114, -0.98689437, -0.15025513), (-0.058847114, -0.98689437, -0.15025513), (0.20336913, -0.97583985, 0.07985976), (0.14323096, -0.9894874, 0.019990023), (-0.058847114, -0.98689437, -0.15025513), (0.14323096, -0.9894874, 0.019990023), (-0.3684179, -0.9110872, -0.18490128), (0.25533184, -0.9625196, 0.09144276), (0.22996424, -0.88083565, 0.41381776), (0.07848311, -0.99690276, 0.0050290492), (0.20336913, -0.97583985, 0.07985976), (0.25533184, -0.9625196, 0.09144276), (0.07848311, -0.99690276, 0.0050290492), (0.22996424, -0.88083565, 0.41381776), (-0.015100166, -0.99161136, 0.12836957), (0.07848311, -0.99690276, 0.0050290492), (0.26364127, -0.9643352, 0.023469025), (-0.3684179, -0.9110872, -0.18490128), (0.14323096, -0.9894874, 0.019990023), (0.26364127, -0.9643352, 0.023469025), (0.14323096, -0.9894874, 0.019990023), (0.15747084, -0.98574114, -0.059306987), (0.07848311, -0.99690276, 0.0050290492), (0.02905472, -0.99890804, -0.03658681), (0.20336913, -0.97583985, 0.07985976), (0.02905472, -0.99890804, -0.03658681), (0.14323096, -0.9894874, 0.019990023), (0.20336913, -0.97583985, 0.07985976), (-0.015100166, -0.99161136, 0.12836957), (0.02905472, -0.99890804, -0.03658681), (0.07848311, -0.99690276, 0.0050290492), (-0.016376944, 0.9998657, 0.00047813798), (-0.7144926, 0.69963014, -0.0042276364), (-0.009404889, 0.9999558, -0.00007845362), (0.02905472, -0.99890804, -0.03658681), (0.15747084, -0.98574114, -0.059306987), (0.14323096, -0.9894874, 0.019990023), (-0.7144926, 0.69963014, -0.0042276364), (-0.5954951, 0.8029143, -0.02672388), (-0.009404889, 0.9999558, -0.00007845362), (-0.01493092, -0.9997149, -0.018632961), (0.15747084, -0.98574114, -0.059306987), (-0.5178258, -0.85284907, -0.06711834), (0.15747084, -0.98574114, -0.059306987), (0.02905472, -0.99890804, -0.03658681), (-0.6404357, -0.76509047, -0.06692334), (-0.6929278, -0.7209957, 0.0040337434), (-0.73057234, -0.68211144, -0.03143327), (0.02905472, -0.99890804, -0.03658681), (-0.6404357, -0.76509047, -0.06692334), (-0.5178258, -0.85284907, -0.06711834), (0.15747084, -0.98574114, -0.059306987), (-0.009404889, 0.9999558, -0.00007845362), (-0.5954951, 0.8029143, -0.02672388), (-0.6693148, 0.74295795, 0.0055849026), (-0.6404357, -0.76509047, -0.06692334), (0.02905472, -0.99890804, -0.03658681), (-0.73057234, -0.68211144, -0.03143327), (-0.99921274, 0.039624352, -0.0019469974), (-0.6693148, 0.74295795, 0.0055849026), (-0.5954951, 0.8029143, -0.02672388), (-0.7144926, 0.69963014, -0.0042276364), (-0.99921274, 0.039624352, -0.0019469974), (-0.5954951, 0.8029143, -0.02672388), (-0.7920558, -0.60921824, 0.038738415), (-0.6404357, -0.76509047, -0.06692334), (-0.7144926, 0.69963014, -0.0042276364), (-0.6404357, -0.76509047, -0.06692334), (-0.99921274, 0.039624352, -0.0019469974), (-0.7144926, 0.69963014, -0.0042276364), (-0.99921274, 0.039624352, -0.0019469974), (-0.6404357, -0.76509047, -0.06692334), (-0.73057234, -0.68211144, -0.03143327), (-0.7920558, -0.60921824, 0.038738415), (-0.5178258, -0.85284907, -0.06711834), (-0.6404357, -0.76509047, -0.06692334), (-0.5178258, -0.85284907, -0.06711834), (-0.7920558, -0.60921824, 0.038738415), (-0.01493092, -0.9997149, -0.018632961), (-0.23392972, -0.7021419, 0.6725129), (-0.015100166, -0.99161136, 0.12836957), (-0.07261171, -0.36991975, 0.9262218), (-0.015100166, -0.99161136, 0.12836957), (0.22996424, -0.88083565, 0.41381776), (-0.07261171, -0.36991975, 0.9262218), (-0.6148405, 0.7886502, -0.0014049164), (-0.0000142572135, 1, -0.0000016744169), (-0.009404889, 0.9999558, -0.00007845362), (-0.015100166, -0.99161136, 0.12836957), (-0.23392972, -0.7021419, 0.6725129), (-0.3067273, -0.86474395, 0.3976635), (-0.69335604, 0.72054666, -0.008365381), (-0.6148405, 0.7886502, -0.0014049164), (-0.009404889, 0.9999558, -0.00007845362), (0.02905472, -0.99890804, -0.03658681), (-0.015100166, -0.99161136, 0.12836957), (-0.3067273, -0.86474395, 0.3976635), (-0.8127797, 0.03247567, -0.58166516), (-0.4664578, -0.6586701, -0.5903987), (-0.61049294, -0.70933014, -0.35234812), (-0.3067273, -0.86474395, 0.3976635), (-0.23392972, -0.7021419, 0.6725129), (-0.6147203, -0.45796537, 0.64217335), (-0.6693148, 0.74295795, 0.0055849026), (-0.69335604, 0.72054666, -0.008365381), (-0.009404889, 0.9999558, -0.00007845362), (-0.4579577, -0.8729953, 0.16779144), (-0.3067273, -0.86474395, 0.3976635), (-0.6147203, -0.45796537, 0.64217335), (-0.8127797, 0.03247567, -0.58166516), (-0.61049294, -0.70933014, -0.35234812), (-0.7913144, -0.5142076, -0.33077458), (-0.3067273, -0.86474395, 0.3976635), (-0.6929278, -0.7209957, 0.0040337434), (0.02905472, -0.99890804, -0.03658681), (-0.5914246, -0.8042183, 0.05873511), (-0.94653934, -0.30661616, -0.10024878), (-0.7913144, -0.5142076, -0.33077458), (-0.61049294, -0.70933014, -0.35234812), (0.01344128, -0.995, 0.09896581), (-0.070879705, -0.9863895, 0.1483643), (-0.4579577, -0.8729953, 0.16779144), (-0.7405515, -0.6128556, 0.27566588), (-0.5914246, -0.8042183, 0.05873511), (-0.94653934, -0.30661616, -0.10024878), (-0.5914246, -0.8042183, 0.05873511), (-0.790584, -0.56389564, 0.23874383), (-0.4579577, -0.8729953, 0.16779144), (-0.6929278, -0.7209957, 0.0040337434), (-0.3067273, -0.86474395, 0.3976635), (-0.7728363, -0.63448066, 0.012575011), (-0.6929278, -0.7209957, 0.0040337434), (-0.4579577, -0.8729953, 0.16779144), (-0.4579577, -0.8729953, 0.16779144), (-0.5914246, -0.8042183, 0.05873511), (-0.7728363, -0.63448066, 0.012575011), (-0.61049294, -0.70933014, -0.35234812), (-0.7728363, -0.63448066, 0.012575011), (-0.7913144, -0.5142076, -0.33077458), (-0.070879705, -0.9863895, 0.1483643), (-0.7728363, -0.63448066, 0.012575011), (-0.61049294, -0.70933014, -0.35234812), (-0.6148405, 0.7886502, -0.0014049164), (-0.99848783, 0.049735773, 0.02341807), (-0.66715753, 0.7434305, 0.04703035), (-0.99985135, -0.004560121, -0.016627163), (-0.6148405, 0.7886502, -0.0014049164), (-0.69335604, 0.72054666, -0.008365381), (-0.7913144, -0.5142076, -0.33077458), (-0.7728363, -0.63448066, 0.012575011), (-0.5914246, -0.8042183, 0.05873511), (-0.7728363, -0.63448066, 0.012575011), (-0.070879705, -0.9863895, 0.1483643), (-0.77752477, -0.62459886, 0.07301698), (-0.99985135, -0.004560121, -0.016627163), (-0.69335604, 0.72054666, -0.008365381), (-0.6693148, 0.74295795, 0.0055849026), (-0.99921274, 0.039624352, -0.0019469974), (-0.99985135, -0.004560121, -0.016627163), (-0.6693148, 0.74295795, 0.0055849026), (-0.99848783, 0.049735773, 0.02341807), (-0.6148405, 0.7886502, -0.0014049164), (-0.99985135, -0.004560121, -0.016627163), (-0.99921274, 0.039624352, -0.0019469974), (-0.73057234, -0.68211144, -0.03143327), (-0.6929278, -0.7209957, 0.0040337434), (-0.7728363, -0.63448066, 0.012575011), (-0.99848783, 0.049735773, 0.02341807), (-0.99985135, -0.004560121, -0.016627163), (-0.99985135, -0.004560121, -0.016627163), (-0.99921274, 0.039624352, -0.0019469974), (-0.6929278, -0.7209957, 0.0040337434), (-0.6929278, -0.7209957, 0.0040337434), (-0.7728363, -0.63448066, 0.012575011), (-0.99985135, -0.004560121, -0.016627163), (-0.77752477, -0.62459886, 0.07301698), (-0.99848783, 0.049735773, 0.02341807), (-0.7728363, -0.63448066, 0.012575011), (-0.039314423, -0.99158907, -0.12331095), (-0.04130077, -0.99858934, 0.03336931), (-0.008569849, -0.9999503, 0.005093642), (-0.004204393, 0.056873593, -0.9983725), (-0.00782103, -0.086506166, -0.9962206), (-0.06279565, -0.58812904, -0.80632555), (-0.008569849, -0.9999503, 0.005093642), (-0.04130077, -0.99858934, 0.03336931), (-0.28795013, -0.6587152, -0.69511086), (0.020403838, -0.7458522, -0.66579884), (-0.039314423, -0.99158907, -0.12331095), (-0.06279565, -0.58812904, -0.80632555), (0.020403838, -0.7458522, -0.66579884), (-0.06279565, -0.58812904, -0.80632555), (-0.00782103, -0.086506166, -0.9962206), (-0.04130077, -0.99858934, 0.03336931), (0.01344128, -0.995, 0.09896581), (-0.28795013, -0.6587152, -0.69511086), (-0.0000142572135, 1, -0.0000016744169), (-0.6148405, 0.7886502, -0.0014049164), (-0.001593696, 0.7545842, -0.6562013), (0.01344128, -0.995, 0.09896581), (-0.4664578, -0.6586701, -0.5903987), (-0.28795013, -0.6587152, -0.69511086), (-0.4773154, 0.6334837, -0.60898966), (-0.004204393, 0.056873593, -0.9983725), (-0.001593696, 0.7545842, -0.6562013), (-0.4664578, -0.6586701, -0.5903987), (0.01344128, -0.995, 0.09896581), (-0.61049294, -0.70933014, -0.35234812), (-0.04130077, -0.99858934, 0.03336931), (0.08457236, -0.99568677, 0.038149994), (0.01344128, -0.995, 0.09896581), (-0.039314423, -0.99158907, -0.12331095), (0.020403838, -0.7458522, -0.66579884), (-0.04130077, -0.99858934, 0.03336931), (-0.30463514, -0.39389214, -0.86720616), (0.020403838, -0.7458522, -0.66579884), (-0.00782103, -0.086506166, -0.9962206), (0.08457236, -0.99568677, 0.038149994), (-0.04130077, -0.99858934, 0.03336931), (0.020403838, -0.7458522, -0.66579884), (-0.001593696, 0.7545842, -0.6562013), (-0.6148405, 0.7886502, -0.0014049164), (-0.4773154, 0.6334837, -0.60898966), (-0.00782103, -0.086506166, -0.9962206), (-0.004204393, 0.056873593, -0.9983725), (-0.30463514, -0.39389214, -0.86720616), (0.08457236, -0.99568677, 0.038149994), (-0.07343831, -0.99438465, 0.076197274), (0.01344128, -0.995, 0.09896581), (0.01344128, -0.995, 0.09896581), (-0.07343831, -0.99438465, 0.076197274), (-0.070879705, -0.9863895, 0.1483643), (-0.30463514, -0.39389214, -0.86720616), (-0.613337, -0.70595133, -0.3541901), (0.020403838, -0.7458522, -0.66579884), (-0.07343831, -0.99438465, 0.076197274), (0.08457236, -0.99568677, 0.038149994), (0.020403838, -0.7458522, -0.66579884), (-0.004204393, 0.056873593, -0.9983725), (-0.4773154, 0.6334837, -0.60898966), (-0.30463514, -0.39389214, -0.86720616), (-0.6148405, 0.7886502, -0.0014049164), (-0.66715753, 0.7434305, 0.04703035), (-0.4773154, 0.6334837, -0.60898966), (0.020403838, -0.7458522, -0.66579884), (-0.613337, -0.70595133, -0.3541901), (-0.07343831, -0.99438465, 0.076197274), (-0.66715753, 0.7434305, 0.04703035), (-0.7582285, 0.65125054, -0.031018367), (-0.4773154, 0.6334837, -0.60898966), (-0.30463514, -0.39389214, -0.86720616), (-0.4773154, 0.6334837, -0.60898966), (-0.83387315, 0.0045056962, -0.5519378), (-0.77752477, -0.62459886, 0.07301698), (-0.070879705, -0.9863895, 0.1483643), (-0.07343831, -0.99438465, 0.076197274), (-0.07343831, -0.99438465, 0.076197274), (-0.613337, -0.70595133, -0.3541901), (-0.77752477, -0.62459886, 0.07301698), (-0.95174086, 0.30645272, 0.016615385), (-0.66715753, 0.7434305, 0.04703035), (-0.99848783, 0.049735773, 0.02341807), (-0.95174086, 0.30645272, 0.016615385), (-0.7582285, 0.65125054, -0.031018367), (-0.66715753, 0.7434305, 0.04703035), (-0.7582285, 0.65125054, -0.031018367), (-0.83387315, 0.0045056962, -0.5519378), (-0.4773154, 0.6334837, -0.60898966), (-0.95174086, 0.30645272, 0.016615385), (-0.83387315, 0.0045056962, -0.5519378), (-0.7582285, 0.65125054, -0.031018367), (-0.83387315, 0.0045056962, -0.5519378), (-0.95174086, 0.30645272, 0.016615385), (-0.99848783, 0.049735773, 0.02341807), (-0.83387315, 0.0045056962, -0.5519378), (-0.99848783, 0.049735773, 0.02341807), (-0.77752477, -0.62459886, 0.07301698), (-0.30463514, -0.39389214, -0.86720616), (-0.83387315, 0.0045056962, -0.5519378), (-0.613337, -0.70595133, -0.3541901), (-0.77752477, -0.62459886, 0.07301698), (-0.613337, -0.70595133, -0.3541901), (-0.83387315, 0.0045056962, -0.5519378), (0.07686678, -0.969867, -0.23119134), (-0.23068312, -0.9696068, 0.08153418), (-0.08443495, -0.9245723, -0.37153324), (0.06407496, -0.60931337, 0.7903365), (-0.23068312, -0.9696068, 0.08153418), (0.07686678, -0.969867, -0.23119134), (0.06407496, -0.60931337, 0.7903365), (0.07686678, -0.969867, -0.23119134), (0.1837987, -0.8918133, 0.41338506), (-0.035381615, -0.8716535, -0.4888439), (0.22369993, -0.8164556, -0.53231436), (0.07686678, -0.969867, -0.23119134), (0.22369993, -0.8164556, -0.53231436), (0.1837987, -0.8918133, 0.41338506), (0.07686678, -0.969867, -0.23119134), (0.1837987, -0.8918133, 0.41338506), (0.22369993, -0.8164556, -0.53231436), (-0.13725209, -0.9468532, -0.2909136), (-0.035381615, -0.8716535, -0.4888439), (-0.13725209, -0.9468532, -0.2909136), (0.22369993, -0.8164556, -0.53231436), (-0.15177526, -0.8524812, -0.50023985), (-0.13725209, -0.9468532, -0.2909136), (-0.035381615, -0.8716535, -0.4888439), (0.1837987, -0.8918133, 0.41338506), (-0.13725209, -0.9468532, -0.2909136), (-0.0646989, -0.5597188, 0.82615304), (-0.13725209, -0.9468532, -0.2909136), (-0.29809237, -0.8720692, 0.3881188), (-0.0646989, -0.5597188, 0.82615304), (-0.13725209, -0.9468532, -0.2909136), (-0.16219935, -0.9243946, -0.34523326), (-0.29809237, -0.8720692, 0.3881188), (-0.15177526, -0.8524812, -0.50023985), (-0.16219935, -0.9243946, -0.34523326), (-0.13725209, -0.9468532, -0.2909136), (-0.29809237, -0.8720692, 0.3881188), (-0.10616321, -0.8482346, 0.5188714), (-0.0646989, -0.5597188, 0.82615304), (-0.29809237, -0.8720692, 0.3881188), (-0.16219935, -0.9243946, -0.34523326), (-0.10616321, -0.8482346, 0.5188714), (0.5993833, -0.63927543, 0.48173288), (0.84672654, -0.2849616, 0.4492784), (0.25956282, -0.92031217, 0.29266474), (0.86167, -0.49788305, -0.098170124), (0.5727333, -0.72529835, -0.38199344), (0.25956282, -0.92031217, 0.29266474), (0.5993833, -0.63927543, 0.48173288), (0.25956282, -0.92031217, 0.29266474), (0.112452865, -0.7695863, 0.6285628), (0.5727333, -0.72529835, -0.38199344), (0.461184, -0.88625795, 0.043082327), (0.25956282, -0.92031217, 0.29266474), (0.5727333, -0.72529835, -0.38199344), (0.53145874, -0.6025785, -0.5953577), (0.461184, -0.88625795, 0.043082327), (0.461184, -0.88625795, 0.043082327), (0.53145874, -0.6025785, -0.5953577), (0.5547481, -0.8262533, -0.09777556), (0.461184, -0.88625795, 0.043082327), (0.112452865, -0.7695863, 0.6285628), (0.25956282, -0.92031217, 0.29266474), (0.12959222, -0.6808578, 0.7208595), (0.112452865, -0.7695863, 0.6285628), (0.461184, -0.88625795, 0.043082327), (0.12959222, -0.6808578, 0.7208595), (0.461184, -0.88625795, 0.043082327), (0.28254634, -0.8516714, 0.44138807), (0.461184, -0.88625795, 0.043082327), (0.5547481, -0.8262533, -0.09777556), (0.28254634, -0.8516714, 0.44138807), (0.28254634, -0.8516714, 0.44138807), (0.5547481, -0.8262533, -0.09777556), (0.225503, -0.97407365, 0.018132024), (-0.03263796, -0.73971784, 0.6721251), (-0.3007672, -0.48112908, 0.8234403), (0.12959222, -0.6808578, 0.7208595), (-0.32101348, -0.27205458, 0.9071586), (0.12959222, -0.6808578, 0.7208595), (-0.3007672, -0.48112908, 0.8234403), (0.28254634, -0.8516714, 0.44138807), (-0.03263796, -0.73971784, 0.6721251), (0.12959222, -0.6808578, 0.7208595), (-0.18175457, -0.7937798, 0.58041257), (-0.03263796, -0.73971784, 0.6721251), (0.28254634, -0.8516714, 0.44138807), (0.28254634, -0.8516714, 0.44138807), (0.225503, -0.97407365, 0.018132024), (-0.18175457, -0.7937798, 0.58041257), (-0.3007672, -0.48112908, 0.8234403), (-0.03263796, -0.73971784, 0.6721251), (-0.18175457, -0.7937798, 0.58041257), (0.225503, -0.97407365, 0.018132024), (-0.23490807, -0.9131536, 0.3331196), (-0.18175457, -0.7937798, 0.58041257), (0.225503, -0.97407365, 0.018132024), (-0.19444741, -0.732828, -0.6520378), (-0.23490807, -0.9131536, 0.3331196), (0.080161825, -0.69722146, -0.71235967), (-0.19444741, -0.732828, -0.6520378), (0.225503, -0.97407365, 0.018132024), (-0.18175457, -0.7937798, 0.58041257), (-0.39608124, -0.48219067, 0.78141654), (-0.3007672, -0.48112908, 0.8234403), (-0.23490807, -0.9131536, 0.3331196), (-0.39608124, -0.48219067, 0.78141654), (-0.18175457, -0.7937798, 0.58041257), (-0.39608124, -0.48219067, 0.78141654), (-0.5702109, -0.27485237, 0.77415484), (-0.3007672, -0.48112908, 0.8234403), (-0.75656986, -0.4235992, 0.4981625), (-0.60077333, -0.068970166, 0.7964385), (-0.39608124, -0.48219067, 0.78141654), (-0.19444741, -0.732828, -0.6520378), (-0.52945596, -0.43298528, -0.72952056), (-0.5975996, -0.7979579, 0.07834432), (0.3258341, -0.21132028, -0.9215075), (0.3482688, -0.51433, -0.7836922), (0.53145874, -0.6025785, -0.5953577), (0.53145874, -0.6025785, -0.5953577), (0.3482688, -0.51433, -0.7836922), (0.5547481, -0.8262533, -0.09777556), (0.3482688, -0.51433, -0.7836922), (-0.093091235, -0.26049858, -0.9609759), (0.080161825, -0.69722146, -0.71235967), (0.225503, -0.97407365, 0.018132024), (0.3482688, -0.51433, -0.7836922), (0.080161825, -0.69722146, -0.71235967), (0.3482688, -0.51433, -0.7836922), (0.225503, -0.97407365, 0.018132024), (0.5547481, -0.8262533, -0.09777556), (-0.112289906, -0.045689255, -0.9926245), (-0.21641701, -0.14987345, -0.9647288), (-0.093091235, -0.26049858, -0.9609759), (-0.093091235, -0.26049858, -0.9609759), (-0.21641701, -0.14987345, -0.9647288), (0.080161825, -0.69722146, -0.71235967), (-0.33357486, 0.12895276, -0.9338624), (-0.21641701, -0.14987345, -0.9647288), (-0.112289906, -0.045689255, -0.9926245), (-0.19444741, -0.732828, -0.6520378), (0.080161825, -0.69722146, -0.71235967), (-0.21641701, -0.14987345, -0.9647288), (-0.52945596, -0.43298528, -0.72952056), (-0.19444741, -0.732828, -0.6520378), (-0.21641701, -0.14987345, -0.9647288), (0.7111885, -0.6661231, -0.22470202), (0.5981811, -0.741645, 0.30354896), (0.9253296, -0.36121523, -0.115276106), (0.38859707, -0.671301, 0.6311477), (0.29348624, -0.46438625, 0.8355904), (0.75994325, -0.53555053, 0.3683366), (0.9594686, -0.25321534, 0.12370132), (0.9253296, -0.36121523, -0.115276106), (0.75994325, -0.53555053, 0.3683366), (0.75994325, -0.53555053, 0.3683366), (0.9253296, -0.36121523, -0.115276106), (0.5981811, -0.741645, 0.30354896), (-0.10616321, -0.8482346, 0.5188714), (0.018620312, -0.66368306, 0.7477822), (-0.00086551154, -0.051018976, 0.99869734), (-0.10616321, -0.8482346, 0.5188714), (-0.16219935, -0.9243946, -0.34523326), (-0.038219485, -0.999104, 0.018177781), (-0.06401103, -0.7586226, 0.64837825), (0.64236593, -0.67502993, 0.36290595), (0.08579715, -0.9950841, -0.04946295), (-0.06401103, -0.7586226, 0.64837825), (0.08579715, -0.9950841, -0.04946295), (-0.55999386, -0.8280863, 0.026074074), (0.018620312, -0.66368306, 0.7477822), (-0.038219485, -0.999104, 0.018177781), (0.008697831, -0.9838827, -0.17860329), (0.008697831, -0.9838827, -0.17860329), (0.09366387, -0.8009602, 0.5913457), (0.018620312, -0.66368306, 0.7477822), (0.09366387, -0.8009602, 0.5913457), (-0.00086551154, -0.051018976, 0.99869734), (0.018620312, -0.66368306, 0.7477822), (0.09366387, -0.8009602, 0.5913457), (0.06827945, -0.9510508, -0.301397), (0.30186325, -0.69379807, 0.6538524), (0.30186325, -0.69379807, 0.6538524), (-0.00086551154, -0.051018976, 0.99869734), (0.09366387, -0.8009602, 0.5913457), (0.95645815, -0.27741703, 0.09070649), (0.30186325, -0.69379807, 0.6538524), (0.63438493, -0.72923267, -0.25646746), (0.63438493, -0.72923267, -0.25646746), (0.9451846, -0.3125188, -0.09464622), (0.95645815, -0.27741703, 0.09070649), (0.65385216, -0.63884324, -0.40540916), (0.9451846, -0.3125188, -0.09464622), (0.63438493, -0.72923267, -0.25646746), (0.88667715, -0.312702, 0.34061894), (0.95645815, -0.27741703, 0.09070649), (0.9451846, -0.3125188, -0.09464622), (0.9451846, -0.3125188, -0.09464622), (0.65385216, -0.63884324, -0.40540916), (0.79314375, -0.4062289, -0.45376322), (0.30186325, -0.69379807, 0.6538524), (0.95645815, -0.27741703, 0.09070649), (0.7490587, -0.5211069, 0.40909487), (0.7490587, -0.5211069, 0.40909487), (0.95645815, -0.27741703, 0.09070649), (0.88667715, -0.312702, 0.34061894), (0.30186325, -0.69379807, 0.6538524), (0.15491231, -0.036757335, 0.9872441), (0.018069556, -0.037420284, 0.99913627), (0.65385216, -0.63884324, -0.40540916), (0.6068065, -0.58276784, -0.5405252), (0.79314375, -0.4062289, -0.45376322), (0.6068065, -0.58276784, -0.5405252), (0.6660744, -0.3795506, -0.6420951), (0.79314375, -0.4062289, -0.45376322), (0.5586387, -0.46721002, 0.6853011), (0.7490587, -0.5211069, 0.40909487), (0.88667715, -0.312702, 0.34061894), (0.88667715, -0.312702, 0.34061894), (0.62432516, -0.7326272, 0.27106363), (0.5586387, -0.46721002, 0.6853011), (0.9451846, -0.3125188, -0.09464622), (0.62432516, -0.7326272, 0.27106363), (0.88667715, -0.312702, 0.34061894), (0.9451846, -0.3125188, -0.09464622), (0.60213274, -0.7983605, 0.007519328), (0.62432516, -0.7326272, 0.27106363), (0.9451846, -0.3125188, -0.09464622), (0.79314375, -0.4062289, -0.45376322), (0.60213274, -0.7983605, 0.007519328), (0.30186325, -0.69379807, 0.6538524), (0.41567248, -0.25944704, 0.87172455), (0.15491231, -0.036757335, 0.9872441), (0.30186325, -0.69379807, 0.6538524), (0.7490587, -0.5211069, 0.40909487), (0.41567248, -0.25944704, 0.87172455), (0.6660744, -0.3795506, -0.6420951), (0.47492945, -0.5912555, -0.651812), (0.79314375, -0.4062289, -0.45376322), (0.79314375, -0.4062289, -0.45376322), (0.5625962, -0.7353218, -0.3778721), (0.60213274, -0.7983605, 0.007519328), (0.5625962, -0.7353218, -0.3778721), (0.79314375, -0.4062289, -0.45376322), (0.47492945, -0.5912555, -0.651812), (0.7490587, -0.5211069, 0.40909487), (0.5586387, -0.46721002, 0.6853011), (0.41567248, -0.25944704, 0.87172455), (0.41567248, -0.25944704, 0.87172455), (0.5586387, -0.46721002, 0.6853011), (0.2998312, -0.2740829, 0.9137722), (0.00931577, -0.70205605, 0.71206075), (0.2998312, -0.2740829, 0.9137722), (0.5586387, -0.46721002, 0.6853011), (0.60213274, -0.7983605, 0.007519328), (0.252904, -0.87039256, 0.4224407), (0.62432516, -0.7326272, 0.27106363), (0.19625549, -0.97401613, -0.1130328), (0.60213274, -0.7983605, 0.007519328), (0.5625962, -0.7353218, -0.3778721), (-0.60077333, -0.068970166, 0.7964385), (-0.781279, 0.24353164, 0.57471323), (-0.5702109, -0.27485237, 0.77415484), (-0.5702109, -0.27485237, 0.77415484), (-0.39608124, -0.48219067, 0.78141654), (-0.60077333, -0.068970166, 0.7964385), (-0.23490807, -0.9131536, 0.3331196), (-0.75656986, -0.4235992, 0.4981625), (-0.39608124, -0.48219067, 0.78141654), (-0.75656986, -0.4235992, 0.4981625), (-0.23490807, -0.9131536, 0.3331196), (-0.5975996, -0.7979579, 0.07834432), (-0.23490807, -0.9131536, 0.3331196), (-0.19444741, -0.732828, -0.6520378), (-0.5975996, -0.7979579, 0.07834432), (0.0015192687, -0.74060166, -0.67194265), (0.08579715, -0.9950841, -0.04946295), (0.7498979, -0.6019043, -0.2745257), (0.08579715, -0.9950841, -0.04946295), (0.0015192687, -0.74060166, -0.67194265), (-0.55999386, -0.8280863, 0.026074074), (-0.9366186, 0.117660046, 0.33000243), (-0.60077333, -0.068970166, 0.7964385), (-0.75656986, -0.4235992, 0.4981625), (-0.9366186, 0.117660046, 0.33000243), (-0.75656986, -0.4235992, 0.4981625), (-0.92433643, -0.24684857, -0.29097745), (-0.92433643, -0.24684857, -0.29097745), (-0.77039766, 0.09248881, -0.6308195), (-0.9366186, 0.117660046, 0.33000243), (-0.5975996, -0.7979579, 0.07834432), (-0.52945596, -0.43298528, -0.72952056), (-0.92433643, -0.24684857, -0.29097745), (-0.75656986, -0.4235992, 0.4981625), (-0.5975996, -0.7979579, 0.07834432), (-0.92433643, -0.24684857, -0.29097745), (0.44217613, -0.35337594, -0.82438207), (0.6660744, -0.3795506, -0.6420951), (0.5731755, -0.6553745, -0.49188837), (-0.52945596, -0.43298528, -0.72952056), (-0.33357486, 0.12895276, -0.9338624), (-0.77039766, 0.09248881, -0.6308195), (-0.21641701, -0.14987345, -0.9647288), (-0.33357486, 0.12895276, -0.9338624), (-0.52945596, -0.43298528, -0.72952056), (-0.77039766, 0.09248881, -0.6308195), (-0.92433643, -0.24684857, -0.29097745), (-0.52945596, -0.43298528, -0.72952056), (0.38859707, -0.671301, 0.6311477), (0.75994325, -0.53555053, 0.3683366), (0.5981811, -0.741645, 0.30354896), (0.5981811, -0.741645, 0.30354896), (0.7428039, -0.66859025, -0.035066623), (0.63363487, -0.69102204, 0.34784383), (0.38859707, -0.671301, 0.6311477), (0.5981811, -0.741645, 0.30354896), (0.26401138, -0.73433024, 0.62534565), (0.63363487, -0.69102204, 0.34784383), (0.32630372, -0.6868618, 0.6494203), (0.5981811, -0.741645, 0.30354896), (0.5981811, -0.741645, 0.30354896), (0.32630372, -0.6868618, 0.6494203), (0.26401138, -0.73433024, 0.62534565), (0.7111885, -0.6661231, -0.22470202), (0.40636516, -0.79164517, -0.45625135), (0.7428039, -0.66859025, -0.035066623), (0.46324995, -0.8755782, -0.13697553), (0.63363487, -0.69102204, 0.34784383), (0.7428039, -0.66859025, -0.035066623), (0.7428039, -0.66859025, -0.035066623), (0.40636516, -0.79164517, -0.45625135), (0.46324995, -0.8755782, -0.13697553), (0.38859707, -0.671301, 0.6311477), (0.26401138, -0.73433024, 0.62534565), (0.20620479, -0.4764333, 0.85468763), (0.46324995, -0.8755782, -0.13697553), (0.36027947, -0.8467292, 0.39146945), (0.63363487, -0.69102204, 0.34784383), (0.26401138, -0.73433024, 0.62534565), (0.3043009, -0.6295784, 0.71486497), (0.20620479, -0.4764333, 0.85468763), (0.63363487, -0.69102204, 0.34784383), (0.36027947, -0.8467292, 0.39146945), (0.32630372, -0.6868618, 0.6494203), (0.46324995, -0.8755782, -0.13697553), (0.20097823, -0.97452915, 0.09950196), (0.36027947, -0.8467292, 0.39146945), (0.32630372, -0.6868618, 0.6494203), (0.3043009, -0.6295784, 0.71486497), (0.26401138, -0.73433024, 0.62534565), (0.46324995, -0.8755782, -0.13697553), (0.22192526, -0.93354326, -0.2815068), (0.20097823, -0.97452915, 0.09950196), (0.36027947, -0.8467292, 0.39146945), (0.31662264, -0.77135134, 0.55205727), (0.32630372, -0.6868618, 0.6494203), (0.20097823, -0.97452915, 0.09950196), (0.31662264, -0.77135134, 0.55205727), (0.36027947, -0.8467292, 0.39146945), (0.37819725, -0.6731357, 0.635496), (0.3043009, -0.6295784, 0.71486497), (0.32630372, -0.6868618, 0.6494203), (0.37819725, -0.6731357, 0.635496), (0.29976025, -0.6473971, 0.7007288), (0.3043009, -0.6295784, 0.71486497), (0.37819725, -0.6731357, 0.635496), (0.32630372, -0.6868618, 0.6494203), (0.31662264, -0.77135134, 0.55205727), (0.3043009, -0.6295784, 0.71486497), (0.29976025, -0.6473971, 0.7007288), (0.31484205, -0.66987234, 0.67241764), (0.31662264, -0.77135134, 0.55205727), (0.20097823, -0.97452915, 0.09950196), (0.39991927, -0.91214144, 0.089790545), (0.319861, -0.29259, 0.9011549), (0.3043009, -0.6295784, 0.71486497), (0.31484205, -0.66987234, 0.67241764), (0.37819725, -0.6731357, 0.635496), (0.31662264, -0.77135134, 0.55205727), (0.39991927, -0.91214144, 0.089790545), (0.22192526, -0.93354326, -0.2815068), (0.39991927, -0.91214144, 0.089790545), (0.20097823, -0.97452915, 0.09950196), (0.31484205, -0.66987234, 0.67241764), (0.35386688, -0.21720791, 0.90972465), (0.319861, -0.29259, 0.9011549), (0.35386688, -0.21720791, 0.90972465), (0.31484205, -0.66987234, 0.67241764), (0.20115907, -0.5559806, 0.80648667), (0.29976025, -0.6473971, 0.7007288), (0.073552236, -0.8769753, 0.47487316), (0.28070107, -0.61048055, 0.74062157), (0.22192526, -0.93354326, -0.2815068), (-0.08944322, -0.9724137, -0.2154331), (0.39991927, -0.91214144, 0.089790545), (0.38743618, -0.89008594, 0.24008422), (0.37819725, -0.6731357, 0.635496), (0.39991927, -0.91214144, 0.089790545), (0.20115907, -0.5559806, 0.80648667), (0.31484205, -0.66987234, 0.67241764), (0.065760665, -0.63746285, 0.7676695), (0.29976025, -0.6473971, 0.7007288), (0.28070107, -0.61048055, 0.74062157), (0.31484205, -0.66987234, 0.67241764), (0.073552236, -0.8769753, 0.47487316), (0.29976025, -0.6473971, 0.7007288), (0.37819725, -0.6731357, 0.635496), (-0.08944322, -0.9724137, -0.2154331), (0.22192526, -0.93354326, -0.2815068), (0.03801204, -0.88370335, -0.46650124), (0.073552236, -0.8769753, 0.47487316), (0.37819725, -0.6731357, 0.635496), (0.38743618, -0.89008594, 0.24008422), (0.38743618, -0.89008594, 0.24008422), (0.39991927, -0.91214144, 0.089790545), (-0.08944322, -0.9724137, -0.2154331), (0.15491231, -0.036757335, 0.9872441), (0.41567248, -0.25944704, 0.87172455), (0.2998312, -0.2740829, 0.9137722), (0.62432516, -0.7326272, 0.27106363), (0.252904, -0.87039256, 0.4224407), (0.5586387, -0.46721002, 0.6853011), (0.5586387, -0.46721002, 0.6853011), (0.252904, -0.87039256, 0.4224407), (0.00931577, -0.70205605, 0.71206075), (0.47492945, -0.5912555, -0.651812), (0.31290984, -0.74135816, -0.5936965), (0.5625962, -0.7353218, -0.3778721), (0.252904, -0.87039256, 0.4224407), (0.60213274, -0.7983605, 0.007519328), (0.19625549, -0.97401613, -0.1130328), (0.00931577, -0.70205605, 0.71206075), (-0.22662576, -0.29971525, 0.9267209), (0.2998312, -0.2740829, 0.9137722), (-0.44710618, -0.43286324, 0.7827678), (-0.22662576, -0.29971525, 0.9267209), (0.00931577, -0.70205605, 0.71206075), (0.19625549, -0.97401613, -0.1130328), (-0.12024871, -0.9754321, 0.18458693), (0.252904, -0.87039256, 0.4224407), (0.5625962, -0.7353218, -0.3778721), (0.31290984, -0.74135816, -0.5936965), (0.19625549, -0.97401613, -0.1130328), (0.31290984, -0.74135816, -0.5936965), (0.022620885, -0.89873534, -0.43790758), (0.19625549, -0.97401613, -0.1130328), (0.15491231, -0.036757335, 0.9872441), (-0.22662576, -0.29971525, 0.9267209), (-0.10292945, 0.011433066, 0.9946229), (0.15491231, -0.036757335, 0.9872441), (0.2998312, -0.2740829, 0.9137722), (-0.22662576, -0.29971525, 0.9267209), (0.022620885, -0.89873534, -0.43790758), (-0.12024871, -0.9754321, 0.18458693), (0.19625549, -0.97401613, -0.1130328), (0.252904, -0.87039256, 0.4224407), (-0.12024871, -0.9754321, 0.18458693), (0.00931577, -0.70205605, 0.71206075), (0.022620885, -0.89873534, -0.43790758), (-0.28635663, -0.95763695, -0.03051784), (-0.12024871, -0.9754321, 0.18458693), (-0.10292945, 0.011433066, 0.9946229), (-0.22662576, -0.29971525, 0.9267209), (-0.44758287, -0.3109107, 0.8384534), (-0.22662576, -0.29971525, 0.9267209), (-0.44710618, -0.43286324, 0.7827678), (-0.44758287, -0.3109107, 0.8384534), (-0.47662348, -0.63864833, 0.60411793), (-0.44710618, -0.43286324, 0.7827678), (0.00931577, -0.70205605, 0.71206075), (-0.47662348, -0.63864833, 0.60411793), (0.00931577, -0.70205605, 0.71206075), (-0.12024871, -0.9754321, 0.18458693), (-0.44758287, -0.3109107, 0.8384534), (-0.44710618, -0.43286324, 0.7827678), (-0.59583265, -0.30493364, 0.7429663), (-0.59583265, -0.30493364, 0.7429663), (-0.44710618, -0.43286324, 0.7827678), (-0.47662348, -0.63864833, 0.60411793), (-0.12024871, -0.9754321, 0.18458693), (-0.28635663, -0.95763695, -0.03051784), (-0.6123149, -0.73296607, 0.2963634), (-0.62839365, -0.76734877, 0.12766062), (-0.6123149, -0.73296607, 0.2963634), (-0.28635663, -0.95763695, -0.03051784), (-0.59583265, -0.30493364, 0.7429663), (-0.47167295, -0.5127521, 0.71736324), (-0.44758287, -0.3109107, 0.8384534), (-0.6123149, -0.73296607, 0.2963634), (-0.47662348, -0.63864833, 0.60411793), (-0.12024871, -0.9754321, 0.18458693), (-0.62839365, -0.76734877, 0.12766062), (-0.28635663, -0.95763695, -0.03051784), (-0.4766132, -0.86587673, -0.15197842), (0.022620885, -0.89873534, -0.43790758), (-0.4766132, -0.86587673, -0.15197842), (-0.28635663, -0.95763695, -0.03051784), (-0.47167295, -0.5127521, 0.71736324), (-0.53555644, -0.7921072, 0.29282337), (-0.23297346, -0.6070231, 0.75976735), (-0.59583265, -0.30493364, 0.7429663), (-0.47662348, -0.63864833, 0.60411793), (-0.83768547, -0.23711628, 0.4919948), (-0.59583265, -0.30493364, 0.7429663), (-0.53555644, -0.7921072, 0.29282337), (-0.47167295, -0.5127521, 0.71736324), (-0.83768547, -0.23711628, 0.4919948), (-0.53555644, -0.7921072, 0.29282337), (-0.59583265, -0.30493364, 0.7429663), (-0.83768547, -0.23711628, 0.4919948), (-0.47662348, -0.63864833, 0.60411793), (-0.8402698, -0.4287935, 0.33178732), (-0.6123149, -0.73296607, 0.2963634), (-0.8402698, -0.4287935, 0.33178732), (-0.47662348, -0.63864833, 0.60411793), (-0.6123149, -0.73296607, 0.2963634), (-0.62839365, -0.76734877, 0.12766062), (-0.8402698, -0.4287935, 0.33178732), (-0.4766132, -0.86587673, -0.15197842), (-0.83429754, -0.5504531, 0.03080387), (-0.62839365, -0.76734877, 0.12766062), (-0.53555644, -0.7921072, 0.29282337), (-0.83768547, -0.23711628, 0.4919948), (-0.6323037, -0.72611904, 0.2700803), (-0.83429754, -0.5504531, 0.03080387), (-0.8402698, -0.4287935, 0.33178732), (-0.62839365, -0.76734877, 0.12766062), (-0.9405561, -0.32530507, 0.097625494), (-0.8402698, -0.4287935, 0.33178732), (-0.83429754, -0.5504531, 0.03080387), (-0.83768547, -0.23711628, 0.4919948), (-0.55667806, -0.8084107, 0.19126341), (-0.6323037, -0.72611904, 0.2700803), (-0.83768547, -0.23711628, 0.4919948), (-0.9405561, -0.32530507, 0.097625494), (-0.55667806, -0.8084107, 0.19126341), (-0.9405561, -0.32530507, 0.097625494), (-0.83768547, -0.23711628, 0.4919948), (-0.8402698, -0.4287935, 0.33178732), (-0.9405561, -0.32530507, 0.097625494), (-0.5572746, -0.823019, 0.10993079), (-0.55667806, -0.8084107, 0.19126341), (0.6660744, -0.3795506, -0.6420951), (0.44217613, -0.35337594, -0.82438207), (0.29963687, -0.60935616, -0.73410004), (0.6660744, -0.3795506, -0.6420951), (0.29963687, -0.60935616, -0.73410004), (0.47492945, -0.5912555, -0.651812), (0.31841773, -0.6174122, -0.7193138), (0.44217613, -0.35337594, -0.82438207), (0.5483069, -0.22417097, -0.8056717), (0.29963687, -0.60935616, -0.73410004), (0.42373154, -0.4812803, -0.7673466), (0.42328817, -0.57649344, -0.69891524), (0.42328817, -0.57649344, -0.69891524), (0.47492945, -0.5912555, -0.651812), (0.29963687, -0.60935616, -0.73410004), (0.47492945, -0.5912555, -0.651812), (0.42328817, -0.57649344, -0.69891524), (0.31290984, -0.74135816, -0.5936965), (0.44217613, -0.35337594, -0.82438207), (0.31841773, -0.6174122, -0.7193138), (0.29963687, -0.60935616, -0.73410004), (0.42373154, -0.4812803, -0.7673466), (0.29963687, -0.60935616, -0.73410004), (0.35728687, -0.52053285, -0.77549446), (0.29963687, -0.60935616, -0.73410004), (0.31841773, -0.6174122, -0.7193138), (0.35728687, -0.52053285, -0.77549446), (0.31290984, -0.74135816, -0.5936965), (0.42328817, -0.57649344, -0.69891524), (0.022620885, -0.89873534, -0.43790758), (0.32745367, -0.39741844, -0.8572238), (0.2851902, -0.6404638, -0.7130727), (0.31841773, -0.6174122, -0.7193138), (0.31841773, -0.6174122, -0.7193138), (0.2851902, -0.6404638, -0.7130727), (0.35728687, -0.52053285, -0.77549446), (0.42373154, -0.4812803, -0.7673466), (0.10984184, -0.66309434, -0.7404328), (0.23688148, -0.71980846, -0.65250516), (0.42328817, -0.57649344, -0.69891524), (0.42373154, -0.4812803, -0.7673466), (0.23688148, -0.71980846, -0.65250516), (0.022620885, -0.89873534, -0.43790758), (0.42328817, -0.57649344, -0.69891524), (0.23688148, -0.71980846, -0.65250516), (0.42373154, -0.4812803, -0.7673466), (0.35728687, -0.52053285, -0.77549446), (0.2851902, -0.6404638, -0.7130727), (0.10984184, -0.66309434, -0.7404328), (0.42373154, -0.4812803, -0.7673466), (0.2851902, -0.6404638, -0.7130727), (-0.20478979, -0.43805075, -0.8753129), (0.2851902, -0.6404638, -0.7130727), (0.32745367, -0.39741844, -0.8572238), (-0.14926434, -0.518151, -0.84216374), (0.2851902, -0.6404638, -0.7130727), (-0.20478979, -0.43805075, -0.8753129), (0.2851902, -0.6404638, -0.7130727), (-0.14926434, -0.518151, -0.84216374), (0.037413716, -0.45975727, -0.88725615), (0.2851902, -0.6404638, -0.7130727), (0.037413716, -0.45975727, -0.88725615), (0.10984184, -0.66309434, -0.7404328), (0.23688148, -0.71980846, -0.65250516), (0.10984184, -0.66309434, -0.7404328), (0.022620885, -0.89873534, -0.43790758), (0.022620885, -0.89873534, -0.43790758), (-0.5980313, -0.7198463, -0.3523918), (-0.4766132, -0.86587673, -0.15197842), (0.10984184, -0.66309434, -0.7404328), (-0.5980313, -0.7198463, -0.3523918), (0.022620885, -0.89873534, -0.43790758), (0.037413716, -0.45975727, -0.88725615), (-0.47644067, -0.5034025, -0.72082615), (0.10984184, -0.66309434, -0.7404328), (-0.47644067, -0.5034025, -0.72082615), (-0.5980313, -0.7198463, -0.3523918), (0.10984184, -0.66309434, -0.7404328), (-0.69737464, -0.3737506, -0.61153847), (-0.14926434, -0.518151, -0.84216374), (-0.20478979, -0.43805075, -0.8753129), (0.037413716, -0.45975727, -0.88725615), (-0.8070218, -0.42378524, -0.41124445), (-0.47644067, -0.5034025, -0.72082615), (-0.14926434, -0.518151, -0.84216374), (-0.8070218, -0.42378524, -0.41124445), (0.037413716, -0.45975727, -0.88725615), (-0.69737464, -0.3737506, -0.61153847), (-0.8070218, -0.42378524, -0.41124445), (-0.14926434, -0.518151, -0.84216374), (-0.47644067, -0.5034025, -0.72082615), (-0.8070218, -0.42378524, -0.41124445), (-0.5980313, -0.7198463, -0.3523918), (-0.83429754, -0.5504531, 0.03080387), (-0.4766132, -0.86587673, -0.15197842), (-0.5980313, -0.7198463, -0.3523918), (-0.83429754, -0.5504531, 0.03080387), (-0.8070218, -0.42378524, -0.41124445), (-0.9405561, -0.32530507, 0.097625494), (-0.5980313, -0.7198463, -0.3523918), (-0.8070218, -0.42378524, -0.41124445), (-0.83429754, -0.5504531, 0.03080387), (-0.9405561, -0.32530507, 0.097625494), (-0.8070218, -0.42378524, -0.41124445), (-0.5217581, -0.839571, -0.15129128), (-0.9405561, -0.32530507, 0.097625494), (-0.5217581, -0.839571, -0.15129128), (-0.5572746, -0.823019, 0.10993079), (0.28070107, -0.61048055, 0.74062157), (0.065760665, -0.63746285, 0.7676695), (0.31484205, -0.66987234, 0.67241764), (0.20115907, -0.5559806, 0.80648667), (0.065760665, -0.63746285, 0.7676695), (-0.5018569, -0.29897904, 0.8116349), (-0.5018569, -0.29897904, 0.8116349), (-0.20496258, 0.019262273, 0.97858024), (0.20115907, -0.5559806, 0.80648667), (0.03801204, -0.88370335, -0.46650124), (-0.24084142, -0.83663636, -0.4919706), (-0.08944322, -0.9724137, -0.2154331), (0.073552236, -0.8769753, 0.47487316), (0.38743618, -0.89008594, 0.24008422), (-0.08944322, -0.9724137, -0.2154331), (-0.69311714, 0.28334343, 0.66280097), (-0.20496258, 0.019262273, 0.97858024), (-0.5018569, -0.29897904, 0.8116349), (-0.25834292, -0.7137686, 0.650994), (0.28070107, -0.61048055, 0.74062157), (0.073552236, -0.8769753, 0.47487316), (0.03801204, -0.88370335, -0.46650124), (-0.47884202, -0.6038732, -0.6372185), (-0.24084142, -0.83663636, -0.4919706), (-0.22781129, -0.59379965, 0.77168894), (0.065760665, -0.63746285, 0.7676695), (0.28070107, -0.61048055, 0.74062157), (-0.22781129, -0.59379965, 0.77168894), (0.28070107, -0.61048055, 0.74062157), (-0.25834292, -0.7137686, 0.650994), (-0.69095045, -0.55188006, 0.46692172), (-0.22781129, -0.59379965, 0.77168894), (-0.25834292, -0.7137686, 0.650994), (-0.6949155, -0.6501809, -0.3071766), (-0.7395208, -0.48047364, -0.4714384), (-0.47884202, -0.6038732, -0.6372185), (-0.7395208, -0.48047364, -0.4714384), (-0.24084142, -0.83663636, -0.4919706), (-0.47884202, -0.6038732, -0.6372185), (-0.08944322, -0.9724137, -0.2154331), (-0.5462891, -0.83336234, 0.0841151), (0.073552236, -0.8769753, 0.47487316), (-0.25834292, -0.7137686, 0.650994), (0.073552236, -0.8769753, 0.47487316), (-0.5462891, -0.83336234, 0.0841151), (-0.5462891, -0.83336234, 0.0841151), (-0.08944322, -0.9724137, -0.2154331), (-0.24084142, -0.83663636, -0.4919706), (-0.5018569, -0.29897904, 0.8116349), (-0.8513532, -0.005735292, 0.5245616), (-0.69311714, 0.28334343, 0.66280097), (-0.5018569, -0.29897904, 0.8116349), (0.065760665, -0.63746285, 0.7676695), (-0.22781129, -0.59379965, 0.77168894), (-0.5018569, -0.29897904, 0.8116349), (-0.22781129, -0.59379965, 0.77168894), (-0.7175424, -0.37721905, 0.5855243), (-0.6949155, -0.6501809, -0.3071766), (-0.79640144, -0.5604471, -0.22725235), (-0.7395208, -0.48047364, -0.4714384), (-0.79640144, -0.5604471, -0.22725235), (-0.86093855, -0.2786992, -0.42557207), (-0.7395208, -0.48047364, -0.4714384), (-0.5462891, -0.83336234, 0.0841151), (-0.69095045, -0.55188006, 0.46692172), (-0.25834292, -0.7137686, 0.650994), (-0.5462891, -0.83336234, 0.0841151), (-0.83702284, -0.53876054, -0.095550485), (-0.69095045, -0.55188006, 0.46692172), (-0.5462891, -0.83336234, 0.0841151), (-0.24084142, -0.83663636, -0.4919706), (-0.7395208, -0.48047364, -0.4714384), (-0.83702284, -0.53876054, -0.095550485), (-0.5462891, -0.83336234, 0.0841151), (-0.7395208, -0.48047364, -0.4714384), (-0.8513532, -0.005735292, 0.5245616), (-0.5018569, -0.29897904, 0.8116349), (-0.7175424, -0.37721905, 0.5855243), (-0.9219697, -0.12732533, -0.36573225), (-0.86093855, -0.2786992, -0.42557207), (-0.79640144, -0.5604471, -0.22725235), (-0.84353286, -0.526919, 0.10396482), (-0.9219697, -0.12732533, -0.36573225), (-0.79640144, -0.5604471, -0.22725235), (-0.6949155, -0.6501809, -0.3071766), (-0.3726682, -0.8924131, 0.25439614), (-0.79640144, -0.5604471, -0.22725235), (-0.69095045, -0.55188006, 0.46692172), (-0.7175424, -0.37721905, 0.5855243), (-0.22781129, -0.59379965, 0.77168894), (-0.7395208, -0.48047364, -0.4714384), (-0.86093855, -0.2786992, -0.42557207), (-0.83702284, -0.53876054, -0.095550485), (-0.8513532, -0.005735292, 0.5245616), (-0.991001, 0.12050488, 0.058270276), (-0.8238224, 0.441885, 0.35504135), (-0.7175424, -0.37721905, 0.5855243), (-0.9203896, -0.2995395, 0.25131452), (-0.8513532, -0.005735292, 0.5245616), (-0.79640144, -0.5604471, -0.22725235), (-0.3726682, -0.8924131, 0.25439614), (-0.84353286, -0.526919, 0.10396482), (-0.69095045, -0.55188006, 0.46692172), (-0.9203896, -0.2995395, 0.25131452), (-0.7175424, -0.37721905, 0.5855243), (-0.9203896, -0.2995395, 0.25131452), (-0.69095045, -0.55188006, 0.46692172), (-0.94713837, -0.31649652, -0.05252612), (-0.94713837, -0.31649652, -0.05252612), (-0.86093855, -0.2786992, -0.42557207), (-0.9219697, -0.12732533, -0.36573225), (-0.83702284, -0.53876054, -0.095550485), (-0.94713837, -0.31649652, -0.05252612), (-0.69095045, -0.55188006, 0.46692172), (-0.94713837, -0.31649652, -0.05252612), (-0.83702284, -0.53876054, -0.095550485), (-0.86093855, -0.2786992, -0.42557207), (-0.76542515, 0.2953533, 0.57174367), (-0.8238224, 0.441885, 0.35504135), (-0.991001, 0.12050488, 0.058270276), (-0.76542515, 0.2953533, 0.57174367), (-0.991001, 0.12050488, 0.058270276), (-0.84966546, -0.27218157, 0.45164785), (-0.8513532, -0.005735292, 0.5245616), (-0.9203896, -0.2995395, 0.25131452), (-0.991001, 0.12050488, 0.058270276), (-0.991001, 0.12050488, 0.058270276), (-0.84353286, -0.526919, 0.10396482), (-0.84966546, -0.27218157, 0.45164785), (-0.43064237, -0.742092, 0.5136599), (-0.84353286, -0.526919, 0.10396482), (-0.32811037, -0.84563696, 0.42100096), (-0.84353286, -0.526919, 0.10396482), (-0.991001, 0.12050488, 0.058270276), (-0.9219697, -0.12732533, -0.36573225), (-0.32811037, -0.84563696, 0.42100096), (-0.84353286, -0.526919, 0.10396482), (-0.3726682, -0.8924131, 0.25439614), (-0.991001, 0.12050488, 0.058270276), (-0.94713837, -0.31649652, -0.05252612), (-0.9219697, -0.12732533, -0.36573225), (-0.94713837, -0.31649652, -0.05252612), (-0.991001, 0.12050488, 0.058270276), (-0.9203896, -0.2995395, 0.25131452), (-0.43064237, -0.742092, 0.5136599), (-0.84966546, -0.27218157, 0.45164785), (-0.84353286, -0.526919, 0.10396482), (-0.32811037, -0.84563696, 0.42100096), (-0.39527524, -0.7527809, 0.52638245), (-0.43064237, -0.742092, 0.5136599), (-0.000752865, -0.021363972, 0.9997715), (0.059075084, -0.783203, 0.6189532), (-0.22202949, -0.88733447, 0.40415403), (0.09594076, -0.963963, -0.24813482), (-0.22202949, -0.88733447, 0.40415403), (0.059075084, -0.783203, 0.6189532), (-0.10292283, -0.94680154, -0.30491576), (-0.22202949, -0.88733447, 0.40415403), (0.09594076, -0.963963, -0.24813482), (-0.066014186, -0.6549864, 0.7527516), (-0.22202949, -0.88733447, 0.40415403), (-0.10292283, -0.94680154, -0.30491576), (0.35028678, -0.93391067, 0.07148397), (0.5948786, -0.7070448, -0.38237038), (0.3712795, -0.8060138, 0.46096984), (0.0141700115, -0.88497436, -0.465424), (0.3712795, -0.8060138, 0.46096984), (0.5948786, -0.7070448, -0.38237038), (-0.16367453, -0.8756833, 0.45430097), (0.3712795, -0.8060138, 0.46096984), (-0.36007473, -0.8290727, 0.42776716), (0.3712795, -0.8060138, 0.46096984), (0.0141700115, -0.88497436, -0.465424), (-0.36007473, -0.8290727, 0.42776716), (0.0141700115, -0.88497436, -0.465424), (-0.5258452, -0.8145846, -0.24482363), (-0.36007473, -0.8290727, 0.42776716), (0.9253296, -0.36121523, -0.115276106), (0.67025, -0.5016687, -0.54689425), (0.7111885, -0.6661231, -0.22470202), (0.7111885, -0.6661231, -0.22470202), (0.67025, -0.5016687, -0.54689425), (0.40636516, -0.79164517, -0.45625135), (0.67025, -0.5016687, -0.54689425), (0.40301442, -0.6977705, -0.59219563), (0.40636516, -0.79164517, -0.45625135), (0.67025, -0.5016687, -0.54689425), (0.7655957, -0.37507364, -0.52266914), (0.40301442, -0.6977705, -0.59219563), (0.7655957, -0.37507364, -0.52266914), (0.7171309, -0.5844707, -0.37962782), (0.5568066, -0.7363943, -0.38430434), (0.5568066, -0.7363943, -0.38430434), (0.40301442, -0.6977705, -0.59219563), (0.7655957, -0.37507364, -0.52266914), (0.40301442, -0.6977705, -0.59219563), (0.26748908, -0.85461557, -0.44506368), (0.40636516, -0.79164517, -0.45625135), (0.26748908, -0.85461557, -0.44506368), (0.46324995, -0.8755782, -0.13697553), (0.40636516, -0.79164517, -0.45625135), (0.5568066, -0.7363943, -0.38430434), (0.26748908, -0.85461557, -0.44506368), (0.40301442, -0.6977705, -0.59219563), (0.556621, -0.6508298, -0.516327), (0.49756974, -0.7854491, -0.3680955), (0.7171309, -0.5844707, -0.37962782), (0.7171309, -0.5844707, -0.37962782), (0.49756974, -0.7854491, -0.3680955), (0.5568066, -0.7363943, -0.38430434), (0.5568066, -0.7363943, -0.38430434), (0.3498764, -0.8983041, -0.26577476), (0.26748908, -0.85461557, -0.44506368), (0.4448473, -0.7454157, -0.49645376), (0.49756974, -0.7854491, -0.3680955), (0.556621, -0.6508298, -0.516327), (0.5568066, -0.7363943, -0.38430434), (0.28816447, -0.95610857, -0.053081147), (0.3498764, -0.8983041, -0.26577476), (0.49756974, -0.7854491, -0.3680955), (0.28816447, -0.95610857, -0.053081147), (0.5568066, -0.7363943, -0.38430434), (0.26748908, -0.85461557, -0.44506368), (0.3498764, -0.8983041, -0.26577476), (0.22192526, -0.93354326, -0.2815068), (0.46977577, -0.62945575, -0.6189476), (0.4448473, -0.7454157, -0.49645376), (0.556621, -0.6508298, -0.516327), (0.46324995, -0.8755782, -0.13697553), (0.26748908, -0.85461557, -0.44506368), (0.22192526, -0.93354326, -0.2815068), (0.3498764, -0.8983041, -0.26577476), (0.102394685, -0.9946378, -0.014520184), (0.22192526, -0.93354326, -0.2815068), (0.46977577, -0.62945575, -0.6189476), (0.4922129, -0.78677356, -0.3724431), (0.4448473, -0.7454157, -0.49645376), (0.102394685, -0.9946378, -0.014520184), (0.3498764, -0.8983041, -0.26577476), (0.28816447, -0.95610857, -0.053081147), (0.102394685, -0.9946378, -0.014520184), (0.03801204, -0.88370335, -0.46650124), (0.22192526, -0.93354326, -0.2815068), (0.4922129, -0.78677356, -0.3724431), (0.49436486, -0.8490665, -0.18625142), (0.4448473, -0.7454157, -0.49645376), (0.49756974, -0.7854491, -0.3680955), (0.20688364, -0.88275456, -0.4218335), (0.28816447, -0.95610857, -0.053081147), (0.20688364, -0.88275456, -0.4218335), (0.49756974, -0.7854491, -0.3680955), (0.4448473, -0.7454157, -0.49645376), (0.102394685, -0.9946378, -0.014520184), (0.28816447, -0.95610857, -0.053081147), (-0.11453575, -0.99026376, 0.07911477), (0.49436486, -0.8490665, -0.18625142), (0.20688364, -0.88275456, -0.4218335), (0.4448473, -0.7454157, -0.49645376), (0.20688364, -0.88275456, -0.4218335), (0.017096577, -0.9949793, -0.0986094), (0.28816447, -0.95610857, -0.053081147), (0.20688364, -0.88275456, -0.4218335), (-0.008518872, -0.9708636, -0.23948193), (0.017096577, -0.9949793, -0.0986094), (0.28816447, -0.95610857, -0.053081147), (0.017096577, -0.9949793, -0.0986094), (-0.11453575, -0.99026376, 0.07911477), (0.7002778, -0.6585559, -0.275527), (0.4922129, -0.78677356, -0.3724431), (0.46977577, -0.62945575, -0.6189476), (0.55641794, -0.77167445, -0.308087), (0.4922129, -0.78677356, -0.3724431), (0.7002778, -0.6585559, -0.275527), (0.4922129, -0.78677356, -0.3724431), (0.55641794, -0.77167445, -0.308087), (0.48482826, -0.8745192, -0.012555401), (0.55641794, -0.77167445, -0.308087), (0.34074676, -0.8373312, -0.4275138), (0.55902493, -0.8202716, -0.121018715), (0.49436486, -0.8490665, -0.18625142), (0.4922129, -0.78677356, -0.3724431), (0.48482826, -0.8745192, -0.012555401), (0.55641794, -0.77167445, -0.308087), (0.55902493, -0.8202716, -0.121018715), (0.48482826, -0.8745192, -0.012555401), (0.294207, -0.38207397, -0.8760489), (0.34074676, -0.8373312, -0.4275138), (0.55641794, -0.77167445, -0.308087), (-0.11453575, -0.99026376, 0.07911477), (-0.28075606, -0.9530671, -0.1133098), (0.102394685, -0.9946378, -0.014520184), (0.03801204, -0.88370335, -0.46650124), (0.102394685, -0.9946378, -0.014520184), (-0.28075606, -0.9530671, -0.1133098), (0.20688364, -0.88275456, -0.4218335), (0.49436486, -0.8490665, -0.18625142), (0.34653214, -0.90859133, -0.2331896), (0.04459004, -0.970306, -0.23773524), (0.20688364, -0.88275456, -0.4218335), (0.34653214, -0.90859133, -0.2331896), (-0.11453575, -0.99026376, 0.07911477), (-0.29354817, -0.9338859, 0.2041726), (-0.28075606, -0.9530671, -0.1133098), (-0.28075606, -0.9530671, -0.1133098), (-0.47884202, -0.6038732, -0.6372185), (0.03801204, -0.88370335, -0.46650124), (0.017096577, -0.9949793, -0.0986094), (-0.008518872, -0.9708636, -0.23948193), (-0.11453575, -0.99026376, 0.07911477), (0.60042685, -0.78662705, 0.1438944), (0.34653214, -0.90859133, -0.2331896), (0.49436486, -0.8490665, -0.18625142), (-0.47884202, -0.6038732, -0.6372185), (-0.28075606, -0.9530671, -0.1133098), (-0.6949155, -0.6501809, -0.3071766), (-0.28075606, -0.9530671, -0.1133098), (-0.29354817, -0.9338859, 0.2041726), (-0.6949155, -0.6501809, -0.3071766), (-0.008518872, -0.9708636, -0.23948193), (0.20688364, -0.88275456, -0.4218335), (0.04459004, -0.970306, -0.23773524), (0.39095184, -0.8862447, 0.24844913), (0.34653214, -0.90859133, -0.2331896), (0.60042685, -0.78662705, 0.1438944), (0.34653214, -0.90859133, -0.2331896), (0.40360183, -0.91108394, -0.08385446), (0.04459004, -0.970306, -0.23773524), (0.40360183, -0.91108394, -0.08385446), (0.34653214, -0.90859133, -0.2331896), (0.39095184, -0.8862447, 0.24844913), (0.39095184, -0.8862447, 0.24844913), (0.0075489357, -0.98510253, 0.17180243), (0.40360183, -0.91108394, -0.08385446), (-0.008518872, -0.9708636, -0.23948193), (-0.12987834, -0.981243, 0.14245623), (-0.11453575, -0.99026376, 0.07911477), (-0.6949155, -0.6501809, -0.3071766), (-0.29354817, -0.9338859, 0.2041726), (-0.27516595, -0.91642493, 0.2906014), (-0.14675348, -0.909755, 0.38834167), (-0.27516595, -0.91642493, 0.2906014), (-0.29354817, -0.9338859, 0.2041726), (-0.14675348, -0.909755, 0.38834167), (-0.29354817, -0.9338859, 0.2041726), (-0.12987834, -0.981243, 0.14245623), (-0.11453575, -0.99026376, 0.07911477), (-0.12987834, -0.981243, 0.14245623), (-0.29354817, -0.9338859, 0.2041726), (0.0075489357, -0.98510253, 0.17180243), (0.04459004, -0.970306, -0.23773524), (0.40360183, -0.91108394, -0.08385446), (-0.6949155, -0.6501809, -0.3071766), (-0.27516595, -0.91642493, 0.2906014), (-0.3726682, -0.8924131, 0.25439614), (-0.031337906, -0.9989678, -0.032880023), (-0.008518872, -0.9708636, -0.23948193), (0.04459004, -0.970306, -0.23773524), (-0.14675348, -0.909755, 0.38834167), (-0.32811037, -0.84563696, 0.42100096), (-0.27516595, -0.91642493, 0.2906014), (-0.12987834, -0.981243, 0.14245623), (-0.008518872, -0.9708636, -0.23948193), (-0.20319471, -0.97818774, 0.04313447), (0.04459004, -0.970306, -0.23773524), (0.0075489357, -0.98510253, 0.17180243), (-0.031337906, -0.9989678, -0.032880023), (0.39095184, -0.8862447, 0.24844913), (-0.031337906, -0.9989678, -0.032880023), (0.0075489357, -0.98510253, 0.17180243), (-0.031337906, -0.9989678, -0.032880023), (0.39095184, -0.8862447, 0.24844913), (-0.023740469, -0.94937384, 0.31324998), (0.12142584, -0.9528611, 0.27804935), (-0.023740469, -0.94937384, 0.31324998), (0.39095184, -0.8862447, 0.24844913), (-0.32811037, -0.84563696, 0.42100096), (-0.3726682, -0.8924131, 0.25439614), (-0.27516595, -0.91642493, 0.2906014), (-0.20319471, -0.97818774, 0.04313447), (-0.14675348, -0.909755, 0.38834167), (-0.12987834, -0.981243, 0.14245623), (-0.20319471, -0.97818774, 0.04313447), (-0.30978632, -0.88379335, 0.35063022), (-0.14675348, -0.909755, 0.38834167), (-0.008518872, -0.9708636, -0.23948193), (-0.031337906, -0.9989678, -0.032880023), (-0.20319471, -0.97818774, 0.04313447), (-0.023740469, -0.94937384, 0.31324998), (-0.3264676, -0.91481334, 0.23777182), (-0.031337906, -0.9989678, -0.032880023), (-0.023740469, -0.94937384, 0.31324998), (0.12142584, -0.9528611, 0.27804935), (-0.18164335, -0.9830022, 0.02668985), (-0.6451352, -0.55412316, 0.52606857), (-0.39527524, -0.7527809, 0.52638245), (-0.32811037, -0.84563696, 0.42100096), (-0.20319471, -0.97818774, 0.04313447), (-0.031337906, -0.9989678, -0.032880023), (-0.3264676, -0.91481334, 0.23777182), (-0.18164335, -0.9830022, 0.02668985), (-0.3264676, -0.91481334, 0.23777182), (-0.023740469, -0.94937384, 0.31324998), (-0.39527524, -0.7527809, 0.52638245), (-0.6451352, -0.55412316, 0.52606857), (-0.6506714, -0.53332055, 0.54055154), (-0.32811037, -0.84563696, 0.42100096), (-0.30978632, -0.88379335, 0.35063022), (-0.6451352, -0.55412316, 0.52606857), (-0.20319471, -0.97818774, 0.04313447), (-0.5817899, -0.76053876, 0.2882727), (-0.30978632, -0.88379335, 0.35063022), (-0.6847507, -0.7201286, 0.11194368), (-0.5817899, -0.76053876, 0.2882727), (-0.20319471, -0.97818774, 0.04313447), (-0.6847507, -0.7201286, 0.11194368), (-0.20319471, -0.97818774, 0.04313447), (-0.3264676, -0.91481334, 0.23777182), (-0.3264676, -0.91481334, 0.23777182), (-0.18164335, -0.9830022, 0.02668985), (-0.68988645, -0.7189367, 0.084774815), (-0.30978632, -0.88379335, 0.35063022), (-0.5817899, -0.76053876, 0.2882727), (-0.6451352, -0.55412316, 0.52606857), (-0.6847507, -0.7201286, 0.11194368), (-0.83391523, -0.53113204, -0.14994748), (-0.84120524, -0.5383694, -0.05032131), (-0.92196465, -0.37209904, -0.10734808), (-0.83391523, -0.53113204, -0.14994748), (-0.6847507, -0.7201286, 0.11194368), (-0.84120524, -0.5383694, -0.05032131), (-0.5817899, -0.76053876, 0.2882727), (-0.6847507, -0.7201286, 0.11194368), (-0.68988645, -0.7189367, 0.084774815), (-0.6847507, -0.7201286, 0.11194368), (-0.3264676, -0.91481334, 0.23777182), (-0.68988645, -0.7189367, 0.084774815), (-0.92196465, -0.37209904, -0.10734808), (-0.6847507, -0.7201286, 0.11194368), (-0.92196465, -0.37209904, -0.10734808), (-0.68988645, -0.7189367, 0.084774815), (-0.9095652, -0.33323777, -0.24828154), (-0.06376382, 0.49097311, -0.8688381), (-0.15850987, 0.31741107, -0.93494636), (0.294207, -0.38207397, -0.8760489), (0.55902493, -0.8202716, -0.121018715), (0.34074676, -0.8373312, -0.4275138), (0.4569267, -0.7176602, -0.52553004), (0.55902493, -0.8202716, -0.121018715), (0.49436486, -0.8490665, -0.18625142), (0.48482826, -0.8745192, -0.012555401), (0.294207, -0.38207397, -0.8760489), (-0.016385518, -0.46840107, -0.883364), (0.34074676, -0.8373312, -0.4275138), (0.55902493, -0.8202716, -0.121018715), (0.4569267, -0.7176602, -0.52553004), (0.407853, -0.86615324, -0.2888503), (-0.016385518, -0.46840107, -0.883364), (0.294207, -0.38207397, -0.8760489), (-0.15850987, 0.31741107, -0.93494636), (-0.016385518, -0.46840107, -0.883364), (0.4569267, -0.7176602, -0.52553004), (0.34074676, -0.8373312, -0.4275138), (0.60042685, -0.78662705, 0.1438944), (0.49436486, -0.8490665, -0.18625142), (0.407853, -0.86615324, -0.2888503), (0.407853, -0.86615324, -0.2888503), (0.49436486, -0.8490665, -0.18625142), (0.55902493, -0.8202716, -0.121018715), (-0.2843198, 0.17646919, -0.94234854), (-0.016385518, -0.46840107, -0.883364), (-0.15850987, 0.31741107, -0.93494636), (0.39095184, -0.8862447, 0.24844913), (0.60042685, -0.78662705, 0.1438944), (0.407853, -0.86615324, -0.2888503), (-0.016385518, -0.46840107, -0.883364), (-0.010093779, -0.56956, -0.8218879), (0.4569267, -0.7176602, -0.52553004), (-0.2843198, 0.17646919, -0.94234854), (-0.010093779, -0.56956, -0.8218879), (-0.016385518, -0.46840107, -0.883364), (0.407853, -0.86615324, -0.2888503), (0.4569267, -0.7176602, -0.52553004), (-0.010093779, -0.56956, -0.8218879), (0.39095184, -0.8862447, 0.24844913), (0.407853, -0.86615324, -0.2888503), (0.12142584, -0.9528611, 0.27804935), (-0.27865326, 0.6823117, -0.67587197), (-0.2843198, 0.17646919, -0.94234854), (-0.15850987, 0.31741107, -0.93494636), (0.407853, -0.86615324, -0.2888503), (-0.010093779, -0.56956, -0.8218879), (-0.16291226, -0.8092465, -0.56442887), (-0.2843198, 0.17646919, -0.94234854), (-0.20129016, -0.2492591, -0.9472867), (-0.010093779, -0.56956, -0.8218879), (0.407853, -0.86615324, -0.2888503), (-0.03205904, -0.96292585, -0.26785415), (0.12142584, -0.9528611, 0.27804935), (-0.27865326, 0.6823117, -0.67587197), (-0.31873417, 0.3643145, -0.87503356), (-0.2843198, 0.17646919, -0.94234854), (-0.16291226, -0.8092465, -0.56442887), (-0.03205904, -0.96292585, -0.26785415), (0.407853, -0.86615324, -0.2888503), (-0.20129016, -0.2492591, -0.9472867), (-0.2843198, 0.17646919, -0.94234854), (-0.31873417, 0.3643145, -0.87503356), (-0.20932743, -0.58975804, -0.77997917), (-0.16291226, -0.8092465, -0.56442887), (-0.010093779, -0.56956, -0.8218879), (0.12142584, -0.9528611, 0.27804935), (-0.03205904, -0.96292585, -0.26785415), (-0.18164335, -0.9830022, 0.02668985), (-0.20129016, -0.2492591, -0.9472867), (-0.20932743, -0.58975804, -0.77997917), (-0.010093779, -0.56956, -0.8218879), (-0.5988514, -0.18860175, -0.7783357), (-0.20129016, -0.2492591, -0.9472867), (-0.31873417, 0.3643145, -0.87503356), (-0.20932743, -0.58975804, -0.77997917), (-0.20129016, -0.2492591, -0.9472867), (-0.5988514, -0.18860175, -0.7783357), (-0.18164335, -0.9830022, 0.02668985), (-0.6072027, -0.6597534, -0.44275314), (-0.68988645, -0.7189367, 0.084774815), (-0.18164335, -0.9830022, 0.02668985), (-0.03205904, -0.96292585, -0.26785415), (-0.16291226, -0.8092465, -0.56442887), (-0.16291226, -0.8092465, -0.56442887), (-0.6072027, -0.6597534, -0.44275314), (-0.18164335, -0.9830022, 0.02668985), (-0.64769995, 0.29540434, -0.7022969), (-0.31873417, 0.3643145, -0.87503356), (-0.28980988, -0.09491835, -0.9523659), (-0.20932743, -0.58975804, -0.77997917), (-0.6072027, -0.6597534, -0.44275314), (-0.16291226, -0.8092465, -0.56442887), (-0.64769995, 0.29540434, -0.7022969), (-0.5988514, -0.18860175, -0.7783357), (-0.31873417, 0.3643145, -0.87503356), (-0.20932743, -0.58975804, -0.77997917), (-0.5988514, -0.18860175, -0.7783357), (-0.6072027, -0.6597534, -0.44275314), (-0.64769995, 0.29540434, -0.7022969), (-0.89838773, -0.14863206, -0.41328937), (-0.5988514, -0.18860175, -0.7783357), (-0.6072027, -0.6597534, -0.44275314), (-0.5988514, -0.18860175, -0.7783357), (-0.89838773, -0.14863206, -0.41328937), (-0.9095652, -0.33323777, -0.24828154), (-0.68988645, -0.7189367, 0.084774815), (-0.6072027, -0.6597534, -0.44275314), (-0.64769995, 0.29540434, -0.7022969), (-0.9064028, -0.002831761, -0.4224048), (-0.89838773, -0.14863206, -0.41328937), (-0.92196465, -0.37209904, -0.10734808), (-0.89838773, -0.14863206, -0.41328937), (-0.9064028, -0.002831761, -0.4224048), (-0.92196465, -0.37209904, -0.10734808), (-0.9095652, -0.33323777, -0.24828154), (-0.89838773, -0.14863206, -0.41328937), (-0.89838773, -0.14863206, -0.41328937), (-0.9095652, -0.33323777, -0.24828154), (-0.6072027, -0.6597534, -0.44275314), (-0.9064028, -0.002831761, -0.4224048), (-0.89251924, -0.32729024, -0.31030726), (-0.92196465, -0.37209904, -0.10734808), (0.90144813, -0.15522014, -0.40410152), (0.9870795, -0.15449777, -0.042481057), (0.88438374, 0.31222257, -0.3469619), (0.90144813, -0.15522014, -0.40410152), (0.84142935, -0.48596522, -0.2362932), (0.9870795, -0.15449777, -0.042481057), (0.9870795, -0.15449777, -0.042481057), (0.84142935, -0.48596522, -0.2362932), (0.81170905, -0.5388359, 0.22535376), (0.81170905, -0.5388359, 0.22535376), (0.6473302, -0.70591307, 0.28748992), (0.7636836, -0.31617594, 0.5628677), (0.6473302, -0.70591307, 0.28748992), (0.81170905, -0.5388359, 0.22535376), (0.84142935, -0.48596522, -0.2362932), (0.84142935, -0.48596522, -0.2362932), (0.67124915, -0.7400426, -0.04197008), (0.6473302, -0.70591307, 0.28748992), (0.7636836, -0.31617594, 0.5628677), (0.3359296, -0.6591473, 0.67281204), (0.42310017, -0.54388237, 0.72469187), (0.3359296, -0.6591473, 0.67281204), (0.7636836, -0.31617594, 0.5628677), (0.6473302, -0.70591307, 0.28748992), (0.44130406, -0.7296952, 0.52229846), (0.6473302, -0.70591307, 0.28748992), (0.67124915, -0.7400426, -0.04197008), (0.6473302, -0.70591307, 0.28748992), (0.44130406, -0.7296952, 0.52229846), (0.3359296, -0.6591473, 0.67281204), (0.5327327, -0.7352798, -0.4189981), (0.36908323, -0.9269119, 0.06791126), (0.67124915, -0.7400426, -0.04197008), (0.36908323, -0.9269119, 0.06791126), (0.44130406, -0.7296952, 0.52229846), (0.67124915, -0.7400426, -0.04197008), (0.3359296, -0.6591473, 0.67281204), (0.22996424, -0.88083565, 0.41381776), (0.42310017, -0.54388237, 0.72469187), (0.3359296, -0.6591473, 0.67281204), (0.20631671, -0.6960534, 0.6877085), (0.22996424, -0.88083565, 0.41381776), (0.44130406, -0.7296952, 0.52229846), (0.26743373, -0.6854473, 0.67723054), (0.3359296, -0.6591473, 0.67281204), (0.36908323, -0.9269119, 0.06791126), (0.253445, -0.8038613, -0.5381195), (-0.19043908, -0.98112136, -0.03367047), (0.44130406, -0.7296952, 0.52229846), (0.36908323, -0.9269119, 0.06791126), (-0.15045372, -0.82196075, 0.5493126), (0.20631671, -0.6960534, 0.6877085), (-0.06402551, -0.45406538, 0.88866484), (0.22996424, -0.88083565, 0.41381776), (0.26743373, -0.6854473, 0.67723054), (0.20631671, -0.6960534, 0.6877085), (0.3359296, -0.6591473, 0.67281204), (-0.15045372, -0.82196075, 0.5493126), (0.26743373, -0.6854473, 0.67723054), (0.44130406, -0.7296952, 0.52229846), (-0.15045372, -0.82196075, 0.5493126), (-0.22705592, -0.77739257, 0.5866058), (0.26743373, -0.6854473, 0.67723054), (0.36908323, -0.9269119, 0.06791126), (-0.19043908, -0.98112136, -0.03367047), (-0.15045372, -0.82196075, 0.5493126), (0.65945953, 0.39094812, -0.6420847), (0.90144813, -0.15522014, -0.40410152), (0.88438374, 0.31222257, -0.3469619), (0.90144813, -0.15522014, -0.40410152), (0.6863592, -0.53084856, -0.49710256), (0.84142935, -0.48596522, -0.2362932), (0.84142935, -0.48596522, -0.2362932), (0.6863592, -0.53084856, -0.49710256), (0.67124915, -0.7400426, -0.04197008), (0.65945953, 0.39094812, -0.6420847), (0.46669424, -0.10925717, -0.87764424), (0.90144813, -0.15522014, -0.40410152), (0.90144813, -0.15522014, -0.40410152), (0.46669424, -0.10925717, -0.87764424), (0.6863592, -0.53084856, -0.49710256), (0.65945953, 0.39094812, -0.6420847), (0.1506204, -0.7532326, -0.6402766), (0.46669424, -0.10925717, -0.87764424), (0.6863592, -0.53084856, -0.49710256), (0.22969013, -0.5037034, -0.8327817), (0.5327327, -0.7352798, -0.4189981), (0.22969013, -0.5037034, -0.8327817), (0.6863592, -0.53084856, -0.49710256), (0.46669424, -0.10925717, -0.87764424), (0.67124915, -0.7400426, -0.04197008), (0.6863592, -0.53084856, -0.49710256), (0.5327327, -0.7352798, -0.4189981), (0.46669424, -0.10925717, -0.87764424), (0.1506204, -0.7532326, -0.6402766), (-0.1927229, 0.018778386, -0.9810735), (-0.1927229, 0.018778386, -0.9810735), (0.22969013, -0.5037034, -0.8327817), (0.46669424, -0.10925717, -0.87764424), (-0.1927229, 0.018778386, -0.9810735), (0.1506204, -0.7532326, -0.6402766), (-0.28795013, -0.6587152, -0.69511086), (0.22969013, -0.5037034, -0.8327817), (-0.1927229, 0.018778386, -0.9810735), (-0.11403821, -0.3353548, -0.93516445), (0.5327327, -0.7352798, -0.4189981), (0.22969013, -0.5037034, -0.8327817), (0.253445, -0.8038613, -0.5381195), (0.253445, -0.8038613, -0.5381195), (0.36908323, -0.9269119, 0.06791126), (0.5327327, -0.7352798, -0.4189981), (-0.1927229, 0.018778386, -0.9810735), (-0.28795013, -0.6587152, -0.69511086), (-0.47151867, 0.14279585, -0.8702181), (0.22969013, -0.5037034, -0.8327817), (-0.11403821, -0.3353548, -0.93516445), (0.253445, -0.8038613, -0.5381195), (-0.11403821, -0.3353548, -0.93516445), (-0.102311574, -0.5870644, -0.80304915), (0.253445, -0.8038613, -0.5381195), (-0.11403821, -0.3353548, -0.93516445), (-0.1927229, 0.018778386, -0.9810735), (-0.47151867, 0.14279585, -0.8702181), (-0.11403821, -0.3353548, -0.93516445), (-0.47151867, 0.14279585, -0.8702181), (-0.50123376, -0.20322599, -0.8411088), (-0.84537417, -0.5237788, 0.104873404), (-0.83391523, -0.53113204, -0.14994748), (-0.8375263, -0.506194, -0.20571207), (-0.6451352, -0.55412316, 0.52606857), (-0.5817899, -0.76053876, 0.2882727), (-0.8663097, -0.3336478, 0.37173468), (-0.8663097, -0.3336478, 0.37173468), (-0.5817899, -0.76053876, 0.2882727), (-0.84120524, -0.5383694, -0.05032131), (-0.84120524, -0.5383694, -0.05032131), (-0.83391523, -0.53113204, -0.14994748), (-0.84537417, -0.5237788, 0.104873404), (-0.8375263, -0.506194, -0.20571207), (-0.92196465, -0.37209904, -0.10734808), (-0.89251924, -0.32729024, -0.31030726), (-0.92196465, -0.37209904, -0.10734808), (-0.8375263, -0.506194, -0.20571207), (-0.83391523, -0.53113204, -0.14994748), (-0.84537417, -0.5237788, 0.104873404), (-0.8663097, -0.3336478, 0.37173468), (-0.84120524, -0.5383694, -0.05032131), (0.22996424, -0.88083565, 0.41381776), (-0.06402551, -0.45406538, 0.88866484), (-0.07261171, -0.36991975, 0.9262218), (0.26743373, -0.6854473, 0.67723054), (-0.22705592, -0.77739257, 0.5866058), (0.20631671, -0.6960534, 0.6877085), (-0.07261171, -0.36991975, 0.9262218), (-0.06402551, -0.45406538, 0.88866484), (-0.23392972, -0.7021419, 0.6725129), (-0.15045372, -0.82196075, 0.5493126), (-0.66110677, -0.67015374, 0.33738944), (-0.22705592, -0.77739257, 0.5866058), (-0.7276441, -0.6467025, 0.22871375), (-0.15045372, -0.82196075, 0.5493126), (-0.19043908, -0.98112136, -0.03367047), (-0.3817435, -0.564226, 0.7320662), (-0.06402551, -0.45406538, 0.88866484), (0.20631671, -0.6960534, 0.6877085), (0.20631671, -0.6960534, 0.6877085), (-0.22705592, -0.77739257, 0.5866058), (-0.3817435, -0.564226, 0.7320662), (-0.3817435, -0.564226, 0.7320662), (-0.22705592, -0.77739257, 0.5866058), (-0.66110677, -0.67015374, 0.33738944), (-0.66110677, -0.67015374, 0.33738944), (-0.15045372, -0.82196075, 0.5493126), (-0.7276441, -0.6467025, 0.22871375), (-0.546279, -0.7822836, -0.29935208), (-0.7276441, -0.6467025, 0.22871375), (-0.19043908, -0.98112136, -0.03367047), (-0.3817435, -0.564226, 0.7320662), (-0.23392972, -0.7021419, 0.6725129), (-0.06402551, -0.45406538, 0.88866484), (-0.66110677, -0.67015374, 0.33738944), (-0.6147203, -0.45796537, 0.64217335), (-0.3817435, -0.564226, 0.7320662), (-0.23392972, -0.7021419, 0.6725129), (-0.3817435, -0.564226, 0.7320662), (-0.6147203, -0.45796537, 0.64217335), (-0.66110677, -0.67015374, 0.33738944), (-0.7405515, -0.6128556, 0.27566588), (-0.6147203, -0.45796537, 0.64217335), (-0.9065942, -0.34578252, -0.24191195), (-0.7276441, -0.6467025, 0.22871375), (-0.77221453, -0.4897652, -0.40474015), (-0.4579577, -0.8729953, 0.16779144), (-0.6147203, -0.45796537, 0.64217335), (-0.7405515, -0.6128556, 0.27566588), (-0.66110677, -0.67015374, 0.33738944), (-0.7276441, -0.6467025, 0.22871375), (-0.790584, -0.56389564, 0.23874383), (-0.790584, -0.56389564, 0.23874383), (-0.7276441, -0.6467025, 0.22871375), (-0.9065942, -0.34578252, -0.24191195), (-0.790584, -0.56389564, 0.23874383), (-0.5914246, -0.8042183, 0.05873511), (-0.7405515, -0.6128556, 0.27566588), (-0.8127797, 0.03247567, -0.58166516), (-0.7913144, -0.5142076, -0.33077458), (-0.94653934, -0.30661616, -0.10024878), (-0.790584, -0.56389564, 0.23874383), (-0.9065942, -0.34578252, -0.24191195), (-0.94653934, -0.30661616, -0.10024878), (-0.9065942, -0.34578252, -0.24191195), (-0.8127797, 0.03247567, -0.58166516), (-0.94653934, -0.30661616, -0.10024878), (-0.11403821, -0.3353548, -0.93516445), (-0.50123376, -0.20322599, -0.8411088), (-0.102311574, -0.5870644, -0.80304915), (-0.102311574, -0.5870644, -0.80304915), (-0.19043908, -0.98112136, -0.03367047), (0.253445, -0.8038613, -0.5381195), (-0.47151867, 0.14279585, -0.8702181), (-0.28795013, -0.6587152, -0.69511086), (-0.4664578, -0.6586701, -0.5903987), (-0.50123376, -0.20322599, -0.8411088), (-0.546279, -0.7822836, -0.29935208), (-0.102311574, -0.5870644, -0.80304915), (-0.546279, -0.7822836, -0.29935208), (-0.50123376, -0.20322599, -0.8411088), (-0.77221453, -0.4897652, -0.40474015), (-0.546279, -0.7822836, -0.29935208), (-0.19043908, -0.98112136, -0.03367047), (-0.102311574, -0.5870644, -0.80304915), (-0.47151867, 0.14279585, -0.8702181), (-0.4664578, -0.6586701, -0.5903987), (-0.8127797, 0.03247567, -0.58166516), (-0.7276441, -0.6467025, 0.22871375), (-0.546279, -0.7822836, -0.29935208), (-0.77221453, -0.4897652, -0.40474015), (-0.50123376, -0.20322599, -0.8411088), (-0.47151867, 0.14279585, -0.8702181), (-0.8127797, 0.03247567, -0.58166516), (-0.8127797, 0.03247567, -0.58166516), (-0.9065942, -0.34578252, -0.24191195), (-0.50123376, -0.20322599, -0.8411088), (-0.77221453, -0.4897652, -0.40474015), (-0.50123376, -0.20322599, -0.8411088), (-0.9065942, -0.34578252, -0.24191195), (0.054747887, -0.99849707, -0.0025077628), (0.01066418, -0.99975514, -0.019386364), (0.12043753, -0.9917024, -0.04495869), (0.99948496, -0.032005016, -0.0023349803), (0.7012705, 0.712895, -0.0006749987), (0.99999243, -0.002470627, 0.0030279856), (0.67841446, 0.734676, -0.0022189445), (0.99999243, -0.002470627, 0.0030279856), (0.7012705, 0.712895, -0.0006749987), (0.042264275, -0.9990814, 0.0070841173), (0.06459165, -0.99505156, -0.07550091), (-0.0037450832, -0.99914366, 0.041203994), (0.23064314, -0.9726153, 0.028691405), (-0.0037450832, -0.99914366, 0.041203994), (0.06459165, -0.99505156, -0.07550091), (-0.0446008, -0.98993665, 0.1342987), (0.015344675, -0.9971093, 0.07441453), (0.057845965, -0.9885459, 0.13939415), (-0.012993455, -0.9706041, 0.24033067), (-0.009857724, -0.9907179, 0.13557552), (-0.01141339, -0.97751856, 0.21054038), (-0.0019148593, 0.054366585, -0.99851924), (0.0023334136, -0.0389122, -0.9992399), (-0.0012487439, 0.40687904, -0.91348124), (-0.13099334, -0.9869108, 0.0940627), (-0.3775076, -0.6751637, -0.63375235), (-0.012400168, -0.60419816, -0.7967377), (0.7111885, -0.6661231, -0.22470202), (0.7428039, -0.66859025, -0.035066623), (0.5981811, -0.741645, 0.30354896), (-0.01377356, -0.99861944, 0.050691936), (-0.032703917, -0.99472386, 0.09723577), (-0.027852284, -0.9983684, 0.04984852), (-0.06844445, -0.9974723, 0.019084714), (-0.09944258, -0.99462074, 0.028995356), (-0.09133176, -0.9957754, -0.009480696), (-0.7405515, -0.6128556, 0.27566588), (-0.66110677, -0.67015374, 0.33738944), (-0.790584, -0.56389564, 0.23874383), (0.290531, -0.9560847, 0.038649254), (0.14830133, -0.988911, 0.007855424), (0.20007116, -0.9725614, -0.11872595), (-0.039675992, -0.8862583, 0.46148902), (0.13639548, -0.51947975, 0.8435266), (-0.35470706, -0.045205448, 0.93388397), (0.036698133, -0.77758414, 0.627707), (-0.2102701, -0.9060433, 0.36724925), (-0.2665397, -0.6901301, 0.67281276), (-0.027852284, -0.9983684, 0.04984852), (-0.0007072148, -0.999855, 0.017017176), (0.032588314, -0.99598855, 0.08333617), (0.36667138, -0.5974416, 0.7131729), (-0.23068312, -0.9696068, 0.08153418), (0.06407496, -0.60931337, 0.7903365), (0.010051615, -0.9998853, 0.011323695), (0.12635845, -0.98989815, 0.06430511), (-0.68869215, -0.72160286, 0.070656985), (-0.030827474, -0.98516464, 0.16882011), (-0.046700496, -0.9987863, 0.015649008), (-0.08348248, -0.99509525, 0.053065658), (-0.32811037, -0.84563696, 0.42100096), (-0.14675348, -0.909755, 0.38834167), (-0.30978632, -0.88379335, 0.35063022), (0.05570937, -0.9813262, 0.1841065), (0.08855853, -0.9813362, 0.17069495), (0.010308434, -0.9762315, 0.21648474), (0.018911084, -0.992934, 0.11715193), (0.010308434, -0.9762315, 0.21648474), (0.08855853, -0.9813362, 0.17069495), (0.4657571, -0.8847855, 0.015004066), (0.43025324, -0.88800794, -0.16224661), (0.14830133, -0.988911, 0.007855424), (0.1004168, -0.9947226, -0.021061912), (0.6888162, -0.72493243, 0.0023337938), (0.7622995, -0.6466964, 0.026141701), (0.9999247, 0.009449749, 0.007825676), (0.7622995, -0.6466964, 0.026141701), (0.6888162, -0.72493243, 0.0023337938), (0.24330285, -0.37565297, -0.894253), (0.10910781, -0.81548536, -0.5684007), (0.38249785, -0.39920932, -0.8332631), (0.12959222, -0.6808578, 0.7208595), (0.5278066, -0.5120425, 0.677667), (0.112452865, -0.7695863, 0.6285628), (0.5993833, -0.63927543, 0.48173288), (0.112452865, -0.7695863, 0.6285628), (0.5278066, -0.5120425, 0.677667), (0.7636836, -0.31617594, 0.5628677), (0.9806242, -0.037680514, 0.19224016), (0.81170905, -0.5388359, 0.22535376), (0.9870795, -0.15449777, -0.042481057), (0.81170905, -0.5388359, 0.22535376), (0.9806242, -0.037680514, 0.19224016), (0.038754936, -0.99514633, -0.0904531), (0.026043274, -0.99900717, -0.0361455), (-0.54183334, -0.8219662, 0.17546608), (0.74048376, -0.48112202, -0.46926048), (0.018575326, -0.9949967, 0.09816534), (0.033067197, -0.9958573, 0.08470485)] (
            interpolation = "faceVarying"
        )
        uniform token orientation = "leftHanded"
        point3f[] points = [(-6.011752, -0.7112164, -5.714935), (-6.0297914, -0.376114, -5.094247), (-6.0080647, -0.7078329, -5.156089), (-6.0286627, -0.32112807, -5.801113), (-5.991348, -0.69098043, -6.011614), (-6.0079346, -0.037245177, -5.6136317), (-5.995111, -0.005179256, -6.0119066), (-5.977947, -0.092632435, -5.098635), (-6.0029607, -0.1279886, -4.695462), (-6.008648, -0.71081597, -4.6362944), (-5.7334275, -0.027601626, -5.5269737), (-5.5648108, -0.08275326, -4.895787), (-5.422586, -0.63601184, -6.005411), (-5.3263984, -0.04680081, -5.3307714), (-5.403385, -0.71149397, -5.9773803), (-4.9154425, -0.71207726, -5.9792423), (-5.405663, -0.21064138, -6.023216), (-5.633228, 0.02182973, -5.777636), (-4.7077885, -0.1893247, -6.027835), (-5.351502, -0.017763764, -5.998589), (-5.1131163, -0.018395055, -5.465227), (-5.0293283, 0.01609621, -6.0024204), (-4.1726956, -0.5174721, -6.0283337), (-5.696817, -0.7126059, -3.335659), (-6.028601, -0.4508557, -3.3647974), (-6.0108757, -0.70776623, -4.156098), (-6.0260243, -0.35684374, -4.4095917), (-5.9993844, -0.141773, -3.9220798), (-6.000805, -0.143198, -3.3578973), (-6.005402, -0.70738786, -3.4860594), (-5.876713, -0.11905388, -3.166654), (-5.832882, -0.10112738, -4.343481), (-5.5831256, -0.10271529, -4.610045), (-5.569364, 0.20282257, -4.5328927), (-6.012779, -0.705413, -2.6821752), (-6.0297656, -0.40533048, -2.5251186), (-6.0106606, -0.7054635, -2.0227895), (-6.0259643, -0.5239586, -1.7038457), (-6.003766, -0.70608914, -1.22662), (-5.996375, -0.15292369, -2.5108426), (-6.0054064, -0.15649927, -1.9969541), (-5.777678, -0.11064162, -2.1954181), (-5.7764573, -0.14481904, -1.8346205), (-5.802971, -0.7127585, -0.82471627), (-5.686341, -0.12916267, -2.81222), (-5.4682803, -0.14617538, -2.4793823), (-5.7779927, 0.018237336, -3.0399158), (-5.376102, -0.16690163, -1.8341358), (-5.5613813, -0.15805733, -1.3965687), (-5.3250036, -0.16912143, -2.1195953), (-0.06641962, -0.71250165, 0.49522734), (-5.2394314, 0.025785921, -2.3061838), (-4.928623, -0.19533315, -1.9470065), (-5.118327, -0.109712385, -1.551772), (-4.773923, -0.13702078, -1.9704608), (-4.8894324, 0.00886838, -2.2238362), (-4.704964, -0.20414168, -1.6047065), (-6.012234, -0.70461136, -0.54576415), (-6.025947, -0.42433748, -0.91546035), (-6.0052714, -0.70988494, 0.7440402), (-6.02914, -0.43451887, 0.5398319), (-6.012439, -0.15034081, -0.13747847), (-6.0068192, -0.17060769, -1.4070344), (-5.9962773, -0.17418891, -0.95635116), (-5.998306, -0.11772819, -0.18877517), (-5.764956, -0.15089472, -0.517105), (-5.347716, -0.13353586, -0.98865294), (-5.3304744, -0.17864181, -0.5618066), (-5.493278, -0.18274327, 0.1275129), (-4.915804, -0.25218296, -0.7306218), (-5.2704873, -0.18535659, -0.05749475), (-5.0130215, -0.17612064, -0.23317194), (-4.4840827, -0.30121335, -0.7373548), (-4.772906, -0.15813287, 0.012156225), (-4.530756, -0.19751455, -1.3911607), (-4.175436, -0.037555967, -6.014106), (-4.1381454, -0.7108613, -6.0127125), (-3.7753103, -0.03355003, -6.0183024), (-4.2721725, 0.0008643066, -5.6495614), (-3.3437858, -0.7112027, -6.005533), (-3.7549782, 0.018805169, -5.738185), (-2.8252854, -0.705996, -6.015547), (-3.3559608, -0.0015896927, -5.3332434), (-3.1071463, -0.097060345, -4.9246597), (-4.511152, -0.24453448, -1.7689501), (-4.6421814, 0.07637143, -2.1062357), (-4.071387, -0.2832133, -1.7639239), (-4.3238115, -0.05259736, -2.0349324), (-4.0322967, -0.08469257, -1.9490492), (-4.094644, 0.4649492, -1.9525564), (-3.5651283, -0.34496155, -1.9579372), (-3.247052, -0.36852038, -1.5056002), (-3.6169055, -0.024638472, -1.8615831), (-3.1730509, -0.18165535, -1.8284895), (-4.212088, -0.28294238, -0.39165965), (-4.3249083, -0.25000226, -1.2079874), (-4.4941483, -0.2199972, 0.21460408), (-3.9850178, -0.27771288, -0.9031599), (-3.8634694, -0.2787838, -1.5931644), (-3.7800899, -0.21539508, -1.283219), (-3.9153967, -0.31343296, 0.2381027), (-3.7513664, -0.27530622, -0.52357936), (-4.0026345, -0.31692693, -0.10175954), (-3.3344603, -0.30399835, -0.8556454), (-3.2630122, -0.29463962, -0.4308882), (-3.488808, -0.21524106, -1.1612246), (-3.4658499, -0.32884917, -0.059346963), (-3.108292, -0.3555584, -1.1043373), (-3.0157568, -0.24905208, 0.10506037), (-3.2946415, 0.09076672, -6.004674), (-3.2320085, -0.10303478, -5.079394), (-3.0264554, -0.058652733, -5.6377344), (-1.9849123, -0.7116351, -6.01344), (-2.696937, -0.090144955, -4.9751167), (-3.1615307, 0.10948291, -5.9794664), (-2.8223567, -0.04867699, -6.007448), (-2.788016, -0.082957394, -4.853909), (-2.4617786, -0.0056007016, -5.483641), (-2.4027567, -0.19841981, -6.021806), (-2.474835, 0.0040531415, -5.9597507), (-2.4374766, -0.13025461, -5.02157), (-2.1312444, -0.114716865, -5.284493), (-2.066886, -0.17393842, -4.9432583), (-2.0643096, 0.15366353, -6.0250936), (-1.8763602, -0.08028734, -5.3408227), (-1.8534055, -0.19476734, -4.8043704), (-1.5166051, -0.7108349, -6.0119243), (-1.5845186, -0.063245095, -5.4027815), (-1.3579822, -0.16246438, -4.9476533), (-1.9728353, 0.093648605, -4.7337737), (-1.8015599, -0.048086334, -4.5278697), (-1.7170383, -0.23340118, -4.5183954), (-3.0802, -0.37337676, -1.9130255), (-2.8663876, 0.049404565, -2.0144324), (-2.8491235, -0.400662, -2.1159904), (-2.7180688, -0.35477793, -2.2504315), (-2.567262, -0.40986928, -2.0278406), (-2.516655, -0.32012448, -2.263596), (-2.304937, -0.39783993, -1.6212921), (-2.063153, -0.3942255, -2.2350993), (-2.124574, -0.37428638, -1.9582374), (-1.9017329, -0.4094062, -1.7634848), (-2.1320832, 0.08255434, -2.4502149), (-1.9071858, -0.18698525, -2.311898), (-1.6683229, -0.42249006, -2.5619602), (-1.8969194, -0.40213895, -2.4785233), (-1.7502537, -0.37411812, -2.1567922), (-1.831329, -0.40098968, -2.7117672), (-1.7280385, -0.161684, -2.5715954), (-1.4394985, -0.2778509, -2.2013369), (-1.4907773, -0.3554273, -1.7991184), (-1.5576129, -0.37744954, -3.1781268), (-1.3572465, -0.35078546, -2.5492368), (-1.5339141, -0.16813472, -3.1216648), (-1.6514884, -0.008824695, -2.8793068), (-1.6247764, -0.026249887, -3.252622), (-2.9840052, -0.34445542, -0.60780025), (-2.7336802, -0.35666627, -1.0087302), (-2.6357806, -0.30975395, -0.23611945), (-2.5307798, -0.2694533, 0.20655203), (-2.0988357, -0.34614718, -1.023655), (-2.2402117, -0.2636417, -0.5185917), (-2.2318938, -0.30312213, -0.11276804), (-1.8877876, -0.37189773, -0.29686472), (-2.1402094, -0.29213125, -0.07601097), (-1.6302404, -0.38222015, -0.6597218), (-1.9398816, -0.031693656, -0.034117308), (-1.5059326, -0.44324976, -1.313717), (-1.8016721, -0.29023126, -0.016811691), (-1.607614, -0.34268335, -0.16906428), (-1.0517421, -0.7060018, -6.0103507), (-1.0252687, -0.21572419, -5.0050907), (-0.9079635, -0.012474948, -6.0119915), (-1.1911768, 0.071986444, -5.353871), (-0.7313111, -0.1578998, -5.209498), (-0.4145802, -0.38089925, -6.0257754), (-0.38765228, -0.70915556, -6.009359), (-0.53365755, -0.06433422, -5.3862305), (-0.5220724, -0.25324646, -4.839014), (-0.18955025, -0.17936388, -5.1707506), (0.19864586, -0.017328784, -5.5098076), (0.26041085, -0.21646194, -5.159573), (-0.4300067, 0.20202892, -6.01571), (0.11459443, -0.70638406, -6.013581), (-1.4393108, -0.26033905, -4.1507425), (-1.4979066, -0.09109668, -4.120583), (-1.4716942, -0.08049471, -3.467208), (-1.2302922, -0.3374289, -3.4188044), (-1.4973643, -0.27736455, -3.7134638), (-1.4246483, -0.051178697, -3.8752737), (-1.4609755, -0.31124493, -3.4900424), (-1.1645347, -0.23320541, -4.730056), (-0.9967751, -0.2787252, -3.5760818), (-0.780717, -0.23009773, -4.3701673), (-0.72687644, -0.2383952, -3.8786385), (-0.70561296, -0.19284208, -3.4209235), (-0.4373648, -0.20621806, -4.081198), (-0.44230917, -0.29086825, -3.2819054), (-0.39421356, -0.29342467, -3.573373), (-0.118151285, -0.29937285, -4.6123633), (-0.19886868, -0.2757211, -3.8923526), (0.011117774, -0.32631943, -3.3711653), (0.0833192, -0.33493245, -3.5644934), (0.24488443, -0.34141842, -4.0134673), (-1.2416626, -0.35206628, -2.100434), (-1.1852659, -0.42236313, -1.5426321), (-1.2629893, -0.31189278, -2.4801052), (-1.0367695, -0.2934953, -2.777787), (-0.7425477, -0.32347125, -3.0564299), (-0.9801984, -0.3620599, -1.9706562), (-0.63770616, -0.32469895, -1.914357), (-0.509877, -0.31497207, -2.3733773), (-0.29188287, -0.343747, -2.9776196), (-0.41495004, -0.25203428, -1.9857615), (0.121687695, -0.3995224, -2.665375), (-0.1497621, -0.30226293, -1.7296653), (-0.19101341, -0.30077043, -2.1559563), (0.05800904, -0.30124536, -2.0900466), (-1.5059782, -0.31169924, -0.034594294), (-0.9419676, -0.40126768, -0.4704368), (-0.930253, -0.38917312, -1.1341273), (-0.88747144, -0.37988, -1.4669847), (-0.31230935, -0.41876483, -0.063128464), (-0.4736694, -0.39069188, -0.6471325), (-0.30961025, -0.32179284, -1.3127896), (-0.25731277, -0.31451038, -0.91297454), (-0.13804217, -0.33508098, -0.63537437), (0.237209, -0.3415721, -0.28141364), (-6.029534, -0.39568165, 1.2764144), (-6.0120726, -0.12460372, 0.5857882), (-5.8255587, -0.05495722, 0.3832119), (-5.7847424, -0.11210628, 0.94318354), (-5.98916, -0.11073465, 1.3661854), (-6.009508, -0.7073336, 2.0842488), (-5.5886354, -0.71251047, 2.081695), (-5.413017, -0.20281942, 0.6845585), (-5.436501, -0.18099119, 1.3728212), (-5.1553526, -0.21889924, 1.0548568), (-4.8815804, -0.21846682, 0.5445558), (-5.178263, -0.18330716, 1.6026239), (-4.8167844, -0.26925108, 1.4335654), (-6.00885, -0.7106819, 2.9770608), (-6.0275164, -0.463665, 2.6306746), (-6.003554, -0.1727712, 1.9036044), (-5.9926786, -0.2153116, 2.6490297), (-5.6375375, -0.1814361, 2.093423), (-6.0067286, -0.25932258, 3.2127206), (-5.6457853, -0.15400422, 2.6492143), (-5.483184, -0.26047817, 3.3357656), (-4.9934587, -0.2495125, 2.9244015), (-5.4054418, -0.20831388, 2.9058154), (-5.0968094, -0.2333794, 1.9439005), (-4.8646784, -0.25585082, 2.531538), (-5.1302648, -0.09461068, 3.0754998), (-5.1224847, -0.090902925, 2.8537111), (-4.5395026, -0.33705783, 1.9485954), (-4.6170697, -0.29703438, 2.832082), (-5.9959764, -0.7121837, 4.41827), (-6.0266523, -0.48369467, 3.69171), (-6.0113378, -0.70413303, 5.0719876), (-6.029859, -0.48414138, 4.440949), (-5.9996896, -0.28100732, 3.7784812), (-6.0088162, -0.30257732, 4.5722966), (-6.0276914, -0.4718614, 5.0603604), (-5.785162, -0.25748733, 4.343287), (-5.994936, -0.27547774, 4.891079), (-5.6784215, -0.24146941, 4.009057), (-5.767282, -0.11506994, 4.035273), (-5.4795446, -0.26026767, 4.6714673), (-5.9871006, 0.112722024, 3.890693), (-5.757138, 0.0031300513, 4.35599), (-5.6269755, -0.08511076, 3.5874424), (-5.277344, -0.2450567, 3.4311545), (-5.019243, -0.2539216, 4.8888087), (-5.0775995, -0.2680835, 3.3449705), (-6.0107307, -0.70821184, 5.794928), (-6.025352, -0.48259997, 5.7212796), (-6.000042, -0.22112812, 5.457214), (-5.9521904, -0.70618844, 6.000748), (-5.658716, -0.24526322, 6.004496), (-5.993538, -0.5307729, 6.0182347), (-5.9813137, -0.28985855, 5.988289), (-5.99668, -0.24759, 5.7052274), (-5.515994, -0.23557714, 5.26129), (-5.4203, -0.70927566, 6.010333), (-5.246781, -0.48250294, 6.0275226), (-5.160234, -0.28406388, 5.560424), (-5.075758, -0.29579267, 5.9975667), (-5.4333086, -0.1163672, 4.795716), (-5.0057564, -0.27021393, 5.1949153), (-4.7540684, -0.7068865, 6.0030417), (-4.9678607, -0.16199595, 5.070865), (-4.924785, -0.24675399, 5.6487103), (-4.840272, -0.050500825, 5.432437), (-4.5847507, -0.21746165, 5.996644), (-4.74981, -0.21980937, 5.8574038), (-4.549291, -0.23338275, 0.97012854), (-4.4567575, -0.23916702, 1.4218271), (-4.3156104, -0.19382009, 0.46468666), (-4.149821, -0.24963598, 0.8109884), (-4.026348, -0.19007447, 1.239341), (-4.090596, -0.33651498, 1.7024015), (-3.7122712, -0.2745081, 1.2307156), (-3.8488493, -0.29672626, 0.75883883), (-3.6664178, -0.37614495, 1.5762842), (-3.3548613, -0.36735854, 1.4875026), (-3.41137, -0.29335073, 0.37895098), (-3.5042455, -0.254874, 0.93666), (-3.0993192, -0.28537953, 1.1400083), (-3.0336485, -0.301083, 0.46118447), (-4.4616694, -0.33460093, 2.3765593), (-4.267433, -0.38255194, 2.8690867), (-4.749416, 0.09380159, 2.6586828), (-4.1528816, -0.34416065, 2.1514304), (-4.083246, -0.35518104, 2.880126), (-3.7289667, -0.3371564, 2.681129), (-3.798502, -0.27545288, 2.3726819), (-3.6883144, 0.008421965, 2.791045), (-3.7063344, -0.2939007, 2.04806), (-3.3982284, -0.3528767, 2.169749), (-3.6976192, -0.37707153, 2.888401), (-3.5594718, -0.18356349, 2.8775206), (-3.361292, -0.423631, 3.1713545), (-3.124199, -0.36327428, 1.8391458), (-3.4706323, -0.059107453, 2.9202182), (-3.297498, 0.07169343, 3.6207418), (-3.18452, -0.40922794, 3.3011975), (-3.158229, -0.18347238, 3.4742298), (-3.9651556, -0.7121002, 6.0032806), (-4.5015607, -0.45586327, 6.027992), (-4.696142, -0.03704168, 5.977087), (-4.337088, -0.282116, 6.0188365), (-4.2156596, -0.0066642165, 6.1407704), (-3.9738145, -0.37636974, 6.0078526), (-3.9288151, -0.17000985, 5.9514885), (-3.2156591, -0.7082257, 6.0067105), (-3.5830002, -0.33195168, 6.0224576), (-3.6026373, -0.142096, 6.0862107), (-3.1884983, -0.43670654, 6.024585), (-3.339005, -0.0793645, 6.1100254), (-2.7729247, -0.34109697, 1.4008151), (-2.7249477, -0.27149856, 1.0116019), (-2.58148, -0.25267842, 0.6757219), (-2.4705465, -0.2714518, 0.8925575), (-2.085334, -0.34282964, 1.5014168), (-2.4353456, -0.20057242, 0.41723984), (-2.3920105, -0.29359758, 0.08030748), (-2.3984277, 0.021851787, 0.1176102), (-2.4289007, 0.15160951, 0.83354366), (-2.19857, -0.30416274, 1.166551), (-2.2923498, 0.024359006, 0.44633144), (-2.1984384, -0.03911143, 1.065306), (-2.0015807, -0.27318388, 1.0076327), (-1.7377099, -0.3084087, 1.0380781), (-1.9315643, 0.18698527, 0.94531655), (-1.5974504, -0.31516194, 0.8916278), (-2.9943266, -0.45119676, 2.5216372), (-2.470924, -0.3982345, 2.1418476), (-2.6167164, -0.44560772, 2.775495), (-2.0302448, -0.45744106, 3.0530865), (-2.066503, -0.43752185, 2.5830295), (-1.923545, -0.3746241, 1.9217966), (-1.9766706, -0.3516599, 2.1815042), (-1.5703192, -0.43556622, 2.0397897), (-1.6414725, -0.45134473, 2.6168377), (-2.6881204, -0.42184526, 3.3351877), (-2.98493, -0.035001744, 4.0019956), (-2.9731011, -0.42142177, 3.7657106), (-2.7260947, -0.43035793, 4.19142), (-2.766215, -0.06818808, 4.218969), (-2.4752395, -0.4351396, 4.0896354), (-2.2681832, -0.46034428, 3.8884428), (-2.28892, -0.23131646, 4.06479), (-2.383522, 0.0853826, 4.119234), (-2.1647043, -0.43378535, 4.1523724), (-1.8382609, -0.5025591, 3.6196606), (-1.8066666, -0.07970916, 4.461914), (-2.05054, -0.45899957, 4.251414), (-1.9567227, -0.22373162, 4.3171477), (-1.5552217, -0.3712218, 4.7055883), (-1.2896757, -0.4911115, 3.0609298), (-1.3035872, -0.57026577, 3.9250267), (-1.5908117, -0.08412627, 4.8584585), (-2.02411, -0.7107771, 6.003257), (-2.881905, -0.26301056, 6.002075), (-2.8330255, -0.03811787, 6.0070825), (-1.9999543, -0.49931505, 6.0255756), (-2.6445093, 0.04416303, 5.8972087), (-2.6228392, -0.22111315, 5.8504443), (-2.4287252, -0.29271445, 6.011139), (-2.1163974, -0.2495222, 5.999976), (-2.3234196, -0.19328007, 5.9551663), (-2.31807, 0.08155293, 5.8523655), (-1.8304007, -0.22984788, 5.807224), (-1.7005473, -0.26673424, 5.9920464), (-1.6022232, -0.3100145, 4.965735), (-1.5345666, -0.28001866, 5.249235), (-1.625641, -0.08501173, 5.4614573), (-1.5413438, -0.3270882, 0.43323615), (-0.9969194, -0.37576354, 0.95296305), (-1.5266776, -0.101751514, 0.40063146), (-1.5105754, 0.1741412, 0.6380626), (-1.5868741, 0.037347406, 0.8755851), (-1.3114094, -0.383271, 1.5737361), (-1.0747726, -0.36827987, 0.2787926), (-0.78477603, -0.3581397, 0.20560643), (-1.0262762, -0.31091884, 1.7979175), (-0.45951012, -0.42173526, 1.2701664), (-0.8707564, -0.39340353, 1.4676026), (-0.1903802, -0.41909313, 0.7606417), (-0.43718767, -0.4287795, 1.666517), (0.0076776273, -0.51289815, 1.6148362), (0.14352344, -0.4598779, 1.1109929), (-1.308905, -0.42747504, 2.556304), (-1.213749, -0.40862682, 2.2536488), (-0.6343277, -0.51843244, 2.8037302), (-0.8264522, -0.4355583, 2.2674277), (-0.68707365, -0.41330782, 1.7763709), (-0.9710438, -0.5611287, 3.421879), (-0.63142127, -0.49993926, 2.1435063), (-0.40786847, -0.48636454, 2.5311222), (-0.299428, -0.53491724, 2.03718), (-0.13057846, -0.49740285, 2.612544), (0.17632934, -0.54881614, 2.0879285), (0.053609353, -0.6045499, 3.0587506), (-1.1490937, -0.41379574, 4.559931), (-0.8871179, -0.53700846, 4.125758), (-0.8039513, -0.38050854, 4.8101726), (-0.8090244, -0.56009847, 3.6304102), (-0.10939434, -0.5124, 4.300748), (-0.42640153, -0.6202424, 3.6038618), (-0.19850719, -0.5885116, 3.9616911), (-0.2748186, -0.4121782, 4.849654), (0.1209073, -0.5944725, 3.552184), (0.4918894, -0.46193984, 4.0609083), (-1.3823557, -0.25233015, 5.5772343), (-1.544071, -0.16188993, 5.0627146), (-0.9857717, -0.70923084, 6.0075655), (-1.2520555, -0.2530258, 5.997621), (-1.1188934, -0.38769236, 6.023439), (-1.074899, -0.31176046, 5.4040546), (-0.69492435, -0.46826106, 6.028338), (-0.6806579, -0.27615935, 5.5102663), (-0.84811234, -0.19301969, 5.966631), (-0.5568273, -0.21177652, 5.9947777), (-0.57456833, -0.29614168, 5.2209387), (0.9375686, -0.71266025, 5.7427173), (-0.20321938, -0.30303913, 5.224367), (-0.036798947, -0.7091332, 6.0066643), (-0.06244675, -0.22345005, 5.725553), (-0.12963758, -0.25347218, 6.0083528), (0.1776225, -0.46709558, 6.0263267), (0.35558096, -0.4189559, 4.581193), (-5.979477, 0.20307678, -5.966529), (-5.4047327, 0.24652481, -5.0419073), (-5.216945, 0.29537213, -5.3635087), (-5.1029277, 0.5438761, -5.0002213), (-5.1907496, 0.7217696, -4.854013), (-4.9728937, 0.46177426, -5.3963556), (-4.6385684, 0.1503069, -5.6466794), (-4.978781, 0.76520884, -4.8822064), (-4.748644, 0.40815315, -5.4506693), (-4.578637, 0.8288326, -5.3364277), (-4.654027, 0.9224354, -5.1980815), (-5.0088735, 0.87008154, -4.4924774), (-5.674786, 0.21283203, -4.391922), (-5.8526287, -0.025322994, -3.7988627), (-5.7417254, 0.15139504, -4.1197143), (-5.8670087, 0.42079726, -3.991739), (-5.8767924, 0.4371369, -3.691502), (-5.6962166, 0.38310486, -4.3448477), (-5.8298373, 0.5697473, -4.040525), (-5.8420224, 0.6391657, -3.4366782), (-5.7453384, 0.7682475, -3.5922747), (-5.7857165, 0.12691174, -3.7498558), (-5.750777, 0.24216828, -3.321049), (-5.687983, 0.7243562, -4.0596356), (-5.5989294, 0.6606281, -4.2924953), (-5.5180945, 0.640009, -4.5379915), (-5.501799, 0.7702308, -3.8969758), (-5.4095473, 0.86290896, -3.474745), (-5.3771, 0.7562513, -4.375757), (-5.5021043, 0.9085424, -3.2039287), (-5.4713855, 0.31981364, -4.7173615), (-5.4906654, 0.4893108, -4.656438), (-5.3672295, 0.7219023, -4.6252923), (-5.2353544, 1.1109233, -4.3077645), (-5.2343297, 1.2408942, -3.8767805), (-5.23422, 1.1527154, -3.615855), (-5.185274, 0.9499719, -3.2542624), (-5.1425357, 1.2505354, -4.2630954), (-4.9669437, 1.2768674, -4.354815), (-4.8923974, 1.3000993, -4.095754), (-4.7450204, 1.0747597, -4.479341), (-4.8505597, 1.1197219, -3.6026077), (-4.709771, 0.88795793, -4.572782), (-5.732431, 0.2149951, -2.9998398), (-5.754225, 0.53355104, -2.9085603), (-5.683298, 0.7706162, -3.1958444), (-5.5180845, 0.15290684, -2.7701175), (-5.5522804, 0.707206, -2.791696), (-5.4299192, 0.33353055, -2.6828775), (-5.43494, 0.6148644, -2.6204212), (-5.2387967, 0.8817157, -3.0689402), (-5.381611, 0.8672205, -2.9583898), (-5.280255, 0.47962674, -2.4293923), (-5.1512036, 0.89678186, -2.7704139), (-5.120091, 0.7499017, -2.4873168), (-5.009786, 0.21939065, -2.3958762), (-5.239923, 0.21979675, -2.4453995), (-4.892534, 0.6361856, -2.244277), (-4.8846526, 0.7578717, -2.402489), (-4.8877788, 0.85556453, -2.835069), (-4.7160807, 1.0069361, -3.254129), (-4.658935, 0.8743311, -2.6933112), (-4.8547277, 0.870064, -3.0693645), (-4.684343, 0.124274656, -5.997935), (-4.5931416, 0.33924162, -5.604837), (-4.389932, 0.25397182, -5.979177), (-4.270111, 0.8578413, -5.3572183), (-4.3505096, 0.95028174, -5.2545624), (-4.075441, 0.94373775, -5.2758474), (-4.3553243, 0.047391135, -5.647382), (-4.3142123, 0.4996138, -5.5079837), (-3.9306788, 0.70088714, -5.3713107), (-3.931964, 0.33072618, -5.4613414), (-3.9876232, 0.02347083, -5.602398), (-3.489881, 0.08231355, -5.409329), (-3.6823387, 0.9222496, -5.1845875), (-3.522289, 0.47581595, -5.2599573), (-3.4433515, 0.91554266, -4.718085), (-3.3918054, 0.71408904, -4.8600802), (-3.370187, 0.05802348, -5.604159), (-3.211139, 0.23486067, -4.882875), (-3.0405338, 0.76104623, -4.820588), (-4.648083, 1.3009745, -4.313867), (-4.4358344, 1.3063147, -4.0997386), (-4.481792, 1.1039373, -3.6065772), (-4.1138644, 1.1226581, -4.1298985), (-4.15808, 1.2216684, -4.0324025), (-4.2925286, 1.2252012, -3.1834686), (-4.143352, 0.9186598, -4.244369), (-4.018905, 1.3593645, -3.549276), (-3.9170504, 1.2613946, -4.1615276), (-3.718595, 0.89127886, -4.5260034), (-3.8214104, 1.3439714, -4.0268316), (-3.8762333, 1.4278619, -3.3156426), (-3.6886704, 1.1706737, -4.3255663), (-3.5596912, 1.3022811, -4.0885243), (-3.5467217, 1.4334283, -3.693202), (-3.434319, 1.4496045, -3.1448045), (-3.4937224, 0.94393724, -4.3585167), (-3.4618638, 1.3920888, -3.7408662), (-3.3608043, 0.94424784, -3.854823), (-3.3655417, 1.40624, -3.3977015), (-3.1328008, 0.924529, -4.7660046), (-3.0786047, 1.0107611, -4.661663), (-2.9261348, 0.9945483, -4.161508), (-3.2490013, 0.9515525, -3.5379744), (-3.1659636, 1.2318888, -2.9901202), (-3.1079924, 0.9268377, -3.1756525), (-4.5795336, 0.2852555, -2.0799778), (-4.4849353, 0.70457536, -2.2271194), (-4.603797, 0.95477635, -2.9700267), (-4.418057, 0.5260354, -2.0462222), (-4.2040925, 0.88352627, -2.552803), (-4.330587, 1.1635416, -2.9532287), (-4.039144, 0.624329, -2.0509825), (-3.892068, 1.3193624, -2.6380625), (-3.9065802, 0.88552684, -2.2818975), (-3.9648724, 0.73160964, -2.1695254), (-4.032087, 0.985414, -2.533557), (-3.9454541, 1.4252943, -2.8219633), (-3.755855, 1.1477709, -2.3400881), (-3.8914187, 1.4564005, -2.9735675), (-3.687754, 1.4094076, -2.8670847), (-3.5785375, 0.5382795, -1.8229557), (-3.406882, 0.70876753, -1.8871131), (-3.636488, 0.87375474, -2.2510552), (-3.5599215, 1.1830289, -2.523665), (-3.4571211, 0.8983031, -2.3001869), (-3.0585887, 0.30935198, -1.8769693), (-3.4155607, 0.92178166, -2.5223646), (-3.292992, 1.1573468, -2.6277413), (-3.4846318, 1.1961263, -2.7261436), (-3.0384424, 0.82177347, -2.153171), (-3.279567, 1.2485795, -2.8165455), (-2.6351695, 0.215591, -4.7797904), (-2.6273687, 0.08334161, -4.942806), (-2.1843994, 0.17689052, -5.643782), (-2.412238, 0.09194006, -4.918396), (-2.0597813, 0.2402088, -5.810874), (-1.8893378, 0.16492403, -5.61733), (-1.7955217, 0.3674713, -6.006542), (-1.5978574, 0.39182648, -5.7696877), (-1.2599429, 0.18895309, -6.0019073), (-2.6850805, 0.96297973, -4.6150246), (-2.695449, 0.9800839, -4.3383555), (-2.7318718, 0.96887195, -3.767819), (-2.3665004, 0.58443266, -4.637413), (-2.471547, 0.9892146, -3.7989213), (-2.4651115, 0.9114167, -3.224177), (-2.3777668, 0.21693426, -4.6631846), (-2.3481615, 0.8241743, -4.450998), (-2.5047333, 0.9879152, -4.4486284), (-2.155963, 0.7984393, -3.4616559), (-2.2686303, 0.88669664, -4.0430455), (-2.0575457, 0.19760779, -4.515041), (-2.1524699, 0.32229382, -4.329703), (-2.0934544, 0.6820048, -3.8230882), (-2.1279411, 0.7275726, -3.347076), (-2.0679862, 0.36091042, -4.175085), (-2.0656216, 0.34102756, -3.3160245), (-2.0121984, 0.43425068, -3.919933), (-1.9980744, 0.3891949, -3.6690366), (-2.1274014, 0.42960823, -3.0094786), (-1.7820747, 0.06201526, -4.3464847), (-3.1985264, 0.8536121, -2.4866934), (-3.086708, 1.1039392, -2.717247), (-3.065429, 0.71504354, -2.0164309), (-2.9472713, 0.8827243, -2.6663516), (-2.4344704, 0.8224706, -2.7786326), (-2.7943695, 0.8393389, -2.500951), (-2.6382394, 0.7469948, -2.392508), (-2.6238444, 0.5106189, -2.260661), (-2.61376, 0.6441146, -2.32665), (-2.6238356, 0.10015403, -2.3112526), (-2.3552706, 0.18000077, -2.4621954), (-2.1959975, 0.63652575, -2.9257839), (-2.2125316, 0.30052274, -2.7397487), (-1.850812, -0.060102984, -2.499048), (-2.0006888, 0.28900883, -3.054418), (-2.1094947, 0.5261944, 0.027264345), (-1.8087307, 0.21926896, -0.06542612), (-1.5928257, 0.028196957, -0.1072141), (-1.641945, 0.37307373, -0.115144305), (-1.5660453, 0.5180286, -0.05241569), (-1.2863545, 0.18601155, -5.5947585), (-0.7160521, 0.098533794, -5.6086226), (-0.9767123, 0.18143234, -5.7835197), (-0.6579065, 0.07674758, -5.9611726), (-0.5733545, -0.081198044, -6.007538), (-0.3640563, 0.17463459, -5.647223), (-0.38425747, 0.26761308, -5.9679546), (0.0149488505, 0.11522708, -5.9891086), (-1.5183848, 0.19091122, 0.035938967), (-6.1462317, 0.5880289, 3.2371671), (-5.805794, 0.33868882, 3.0673494), (-5.9559937, 0.6037598, 2.9917867), (-5.7351847, 0.92602, 3.1202736), (-5.510667, 0.9000057, 2.9069915), (-5.908631, 0.91876286, 3.328964), (-5.533519, 0.46780166, 2.8965464), (-5.446377, 0.67478234, 2.811865), (-5.3253174, 0.98204106, 3.0126798), (-5.5972633, 0.061261665, 3.1921203), (-5.5802693, 0.29106477, 3.000838), (-5.29573, 0.3076771, 2.6156285), (-5.3316474, 0.543589, 2.7458837), (-5.154577, 0.76505923, 2.9196627), (-5.0044274, 0.23623964, 2.5595639), (-5.11575, 0.39002478, 2.5320208), (-5.11463, 0.65079623, 2.616674), (-5.0328765, 0.957052, 3.1770563), (-4.9319563, 0.75376034, 3.0572817), (-4.793214, 0.64357054, 2.5429075), (-4.6361647, 0.7481992, 2.5921998), (-4.4858346, 0.89543927, 2.7912693), (-6.238607, 0.5943239, 3.7258754), (-6.168138, 0.39219594, 3.650048), (-6.0712457, 0.26640463, 3.5069892), (-6.0117426, 0.2252574, 3.9959476), (-6.1390514, 0.77597564, 3.806912), (-6.0916066, 0.84634686, 3.690062), (-5.962138, 0.3323643, 3.2319148), (-5.9263053, 0.69602305, 4.0576754), (-5.7941628, 1.0219022, 3.414074), (-5.6147413, 0.9374718, 3.823097), (-5.8016376, 0.7789534, 4.119697), (-5.800363, 0.22064202, 4.294387), (-5.658617, 0.39193377, 4.3900657), (-5.4559064, 1.0682269, 3.5082393), (-5.566005, 0.22247857, 4.594968), (-5.4877787, 0.5111166, 4.6351285), (-5.431121, 0.7208477, 4.308374), (-5.660718, 0.8520944, 4.1321273), (-5.4550676, 0.14440079, 4.697248), (-5.4449344, 0.8987257, 3.9049819), (-5.264506, 1.0254371, 3.533958), (-5.283288, 0.8705299, 4.4606366), (-5.3107085, 1.0201287, 4.0672646), (-5.282606, 1.0682023, 3.869825), (-5.150574, 0.16163044, 4.8556285), (-5.11291, 0.9621795, 4.800741), (-4.996363, 1.0920353, 3.4852803), (-5.1220303, 1.041927, 4.410044), (-4.9325185, 0.90639776, 3.3865683), (-4.9259067, 1.0699433, 4.767902), (-4.691589, 1.095303, 3.8093927), (-5.2861094, 0.5769412, 4.9635177), (-5.3203626, 0.33732817, 4.955712), (-5.1691203, 0.36135918, 5.1823764), (-4.8672695, 0.18291463, 5.045612), (-5.01825, 0.3479305, 5.317267), (-5.041749, 0.51164615, 5.2454815), (-4.730015, 0.2949033, 5.4205804), (-4.731487, 0.517424, 5.473579), (-4.432933, 0.21948998, 2.7100806), (-4.7303834, 0.6459721, 3.2916234), (-4.4634213, 0.6979799, 2.5365853), (-4.129814, 0.39998135, 2.6385884), (-4.3365083, 0.71665406, 2.5634174), (-4.1741414, 0.758443, 3.0634394), (-3.9527233, 0.46295813, 2.8003666), (-3.904824, 0.25160185, 2.719855), (-3.634473, 0.18471128, 2.8666492), (-3.918359, 0.5476157, 3.2561324), (-3.4661596, 0.09293757, 3.11336), (-4.6871734, 1.0748115, 3.4423692), (-4.589686, 1.1259205, 4.5681033), (-4.6897373, 1.146557, 4.1474843), (-4.2897983, 1.12696, 3.484214), (-4.5299487, 1.0629035, 4.9882474), (-4.254269, 0.63997257, 3.3084056), (-3.9040098, 1.2462147, 3.9953132), (-4.1562853, 1.2419881, 4.5852985), (-4.2931747, 0.95073265, 3.381139), (-4.074767, 1.197265, 3.7989726), (-3.892971, 0.55344296, 3.4607713), (-3.994089, 1.0438412, 3.545484), (-3.9975562, 1.1537185, 3.650435), (-3.987049, 1.2477287, 4.4440064), (-4.006517, 1.3257852, 4.687418), (-3.8779461, 1.2642189, 4.681727), (-3.6814775, 0.90878654, 3.6849954), (-3.6720898, 0.4626494, 3.6216645), (-3.6873913, 0.67694944, 3.620154), (-3.6613393, 1.2114491, 4.2615995), (-3.742947, 1.109226, 4.6163406), (-3.5076904, 0.24110372, 3.5351374), (-3.5895553, 1.0590893, 4.5523195), (-3.3383033, 0.6223541, 3.7522275), (-3.4327154, 0.818728, 3.71558), (-3.4981785, 1.1203144, 4.260905), (-3.291046, 0.41107425, 3.613987), (-3.4333649, 1.0504947, 4.9847856), (-3.1813478, 0.81071573, 3.913026), (-3.0855398, 0.9590342, 4.182387), (-3.0966275, 1.017871, 4.464513), (-3.132241, 0.38686582, 3.76494), (-2.9864924, 1.008344, 4.776022), (-4.735234, 0.05125115, 5.7664943), (-4.7158046, 0.930641, 5.097855), (-4.5613966, 0.3977862, 6.0269837), (-4.542468, 0.5024721, 5.6930685), (-4.5662503, 0.24024744, 6.1542253), (-4.4626064, 0.7956901, 5.4696317), (-4.444294, 0.460634, 6.065004), (-4.376775, 0.6929929, 5.7336297), (-4.2178, 0.8389849, 5.7707233), (-4.154035, 1.2381829, 4.9674044), (-4.306573, 1.1452034, 5.204888), (-4.0564675, 0.23209067, 6.0457973), (-4.212695, 0.9687038, 5.5002494), (-4.110414, 0.6472379, 5.8715153), (-4.010477, 1.2955313, 5.2883244), (-4.027312, 1.3734664, 4.944087), (-3.9756896, 1.1997434, 5.607506), (-3.9141357, 0.111705616, 6.0616474), (-3.9526532, 0.5727861, 5.97588), (-3.6776567, 0.83747464, 5.8654566), (-3.8677778, 1.3084351, 5.079803), (-3.8778365, 0.33113798, 6.0787225), (-3.7297804, 1.2241037, 5.4122105), (-3.7152722, 1.1428334, 5.6114054), (-3.382111, 1.0765775, 5.56652), (-3.3250241, 0.55407697, 5.9507303), (-3.261204, 0.8278955, 5.77889), (-2.9815927, 1.0656995, 5.579146), (-3.1453822, 0.16526379, 6.068963), (-2.8988, 0.9314737, 5.701862), (-3.1290734, 1.0189873, 5.261994), (-2.4596014, 0.2832825, 0.67058814), (-2.3368838, 0.2513954, 0.5325672), (-2.2460976, 0.09268272, 0.07193565), (-2.3523972, 0.347759, -0.059133444), (-2.3455336, 0.1472501, 0.3111182), (-2.2193887, 0.37046847, 0.86528623), (-2.2862265, 0.6028987, 0.045778338), (-2.2614992, 0.4828049, 0.6809287), (-2.1171944, 0.26728815, 0.4189199), (-2.2418637, 0.4770655, 0.5093205), (-2.2269657, 0.6570681, 0.5694009), (-2.1012766, 0.2754226, 0.94711876), (-2.035769, 0.7797387, 0.109095104), (-2.0758452, 0.39288425, 0.5580727), (-2.1316702, 0.6865046, 0.75042015), (-1.9335055, 0.7301636, 0.6771717), (-1.8680264, 0.5817497, 0.8503792), (-1.9230804, 0.26767212, 0.52498275), (-1.9542298, 0.63025606, 0.22066608), (-1.987608, 0.31375253, 0.04484595), (-1.7994833, 0.44450995, 0.873452), (-1.7934436, 0.6934015, 0.59561265), (-1.9552011, 0.37951636, 0.38798413), (-1.7796663, 0.46584448, 0.5931486), (-1.807392, 0.48407674, 0.1680256), (-1.7063626, 0.19084126, 0.9923729), (-1.8092731, 0.33346638, 0.40524366), (-1.6588571, 0.40626773, 0.8140937), (-1.7473043, 0.58509994, 0.28255627), (-1.6927106, 0.7258684, 0.055087063), (-1.7249975, 0.7447102, 0.79690003), (-1.6790776, 0.48206803, 0.38210085), (-1.7202436, 0.3370877, 0.53288263), (-1.6324039, 0.6477916, 0.2807952), (-1.5863265, 0.719599, -0.04059942), (-3.0286572, 0.0588756, 3.9514668), (-2.9601908, 0.64981925, 3.916547), (-2.782118, 0.766056, 4.16801), (-2.7583005, 0.25032508, 4.169647), (-2.769186, 0.9213461, 4.4567285), (-2.6678562, 0.44446808, 4.2230363), (-2.5159528, 0.98273647, 5.1806536), (-2.5227025, 0.5870843, 4.4176235), (-2.5838885, 0.3215195, 4.1241827), (-2.3764994, 0.7243756, 4.7233577), (-2.4905918, 0.8844793, 4.691993), (-2.3168375, 0.36182103, 4.2447796), (-2.0960433, 0.10581565, 4.3477297), (-2.086823, 0.56309897, 4.8244286), (-2.0046816, 0.35490665, 4.5898266), (-1.846019, 0.16352656, 4.5969014), (-2.8540792, 0.5631085, 5.912298), (-2.7083585, 0.33191237, 5.867887), (-2.449979, 0.7620826, 5.447085), (-2.4731848, 0.56389743, 5.614111), (-2.2128642, 0.5813904, 5.4984317), (-2.2744033, 0.7310715, 5.06804), (-2.4512312, 0.31859133, 5.798901), (-2.274591, 0.57803386, 5.6536846), (-2.260885, 0.45359734, 5.842608), (-2.2634249, 0.7012315, 5.249881), (-2.026374, 0.6149547, 5.0669675), (-2.0053003, 0.25576022, 5.87134), (-1.7919666, 0.2393944, 5.6310906), (-1.7811226, 0.4540403, 5.290747), (-1.7703471, 0.42201635, 5.1336274), (-1.6178048, 0.11892688, 5.3438473), (-1.5027776, 0.3269808, 0.50981015), (-1.5547657, 0.35958293, 0.3223591), (-1.532335, 0.5468129, 0.19985528), (-1.5177473, 0.4910903, 0.4780924), (0.59617543, -0.70665175, -6.0232854), (0.32022968, 0.043592017, -6.0117397), (0.60452753, -0.3221229, -4.9002175), (0.34770602, 0.045963682, -5.820422), (0.7789334, -0.06780632, -5.474489), (1.0279229, -0.71112305, -6.001217), (0.98546684, -0.26810932, -5.1381645), (0.5143302, 0.061441097, -5.7748594), (1.0215657, 0.13324484, -6.020176), (1.8134844, -0.53252316, -6.0243526), (1.1225048, -0.07193479, -5.5471454), (0.9724964, 0.20832051, -5.804099), (1.4132507, -0.10651513, -5.4857078), (1.4149383, -0.025646698, -5.815559), (1.9735489, -0.6985415, -5.9885864), (1.960738, -0.71455437, -5.746906), (1.4833828, -0.29566368, -4.6362457), (1.5373316, -0.2412808, -4.966982), (1.5957217, 0.014441223, -5.9998116), (2.0644987, -0.19974637, -6.0248957), (0.44091597, -0.38053402, -4.370053), (0.12404361, -0.04608538, -3.428146), (0.30878434, -0.34964558, -4.579008), (0.19108006, -0.104250394, -3.9298694), (0.36200517, 0.21488963, -3.72248), (0.26475602, 0.020886892, -3.9079995), (0.35667247, -0.20254852, -4.136183), (0.5362636, -0.24764605, -4.294446), (0.9707105, -0.39497843, -4.6400814), (0.79776335, -0.42122498, -4.209018), (0.7342113, -0.16052774, -4.0936756), (1.0824431, -0.12174461, -4.058781), (0.6834338, 0.06451509, -3.9687626), (1.3622371, -0.36717147, -4.296198), (0.9920251, -0.42642438, -4.1702394), (1.3658955, -0.41255656, -3.8405898), (1.4696255, -0.17467505, -3.8300703), (1.4711477, -0.41684997, -3.9294972), (1.6779808, -0.35250688, -4.4928455), (1.4303234, -0.03933007, -3.818249), (1.5532669, -0.07104161, -4.7159677), (1.7067317, -0.22221188, -3.5571756), (0.12289746, -0.34027985, -3.1170511), (0.46909544, -0.37211514, -2.1779227), (0.15450886, -0.3736819, -1.5077792), (0.68268716, -0.398503, -1.6243379), (0.2473283, 0.08143243, -3.3350148), (0.5980218, -0.40400955, -2.9117455), (0.27883965, -0.17354174, -3.0998213), (0.43535975, 0.012672239, -3.139869), (0.52704895, -0.1842785, -2.9349928), (1.000184, -0.35732424, -2.000954), (1.0366676, -0.45389417, -2.973371), (1.1872641, -0.4130245, -2.3472505), (0.92460716, -0.040149126, -2.9256682), (1.613961, -0.44208834, -2.6128318), (1.5188614, -0.15547974, -3.095542), (1.390456, -0.44673395, -3.1191251), (1.5453093, -0.3633557, -1.8741096), (0.31282285, -0.32883272, -0.9754956), (0.7708285, -0.35722145, -1.2903273), (0.47698158, -0.30424076, -0.4947553), (0.81405056, -0.34187868, -0.80094546), (0.8989555, -0.366056, -0.28017116), (1.246249, -0.36287037, -1.1872754), (1.4024104, -0.2833638, -0.71072084), (1.3580081, -0.342703, -0.32395855), (1.698224, -0.35286984, -1.1588851), (1.398655, -0.09475604, -0.48968366), (1.4173279, -0.0069703823, -0.15297243), (1.4108436, -0.33127207, -0.00839595), (1.5367175, -0.30380186, -0.9667804), (1.7840327, -0.20169932, -1.1200439), (1.7213062, -0.16368037, -5.109576), (1.8381382, 0.008559854, -5.869935), (1.6189358, -0.03425517, -4.924363), (1.7525061, -0.14120442, -5.3181553), (1.9794048, -0.027884105, -6.006847), (1.9853238, 0.0026640848, -5.728065), (1.7788236, -0.021445379, -5.0396605), (2.0080433, -0.24859896, -5.029506), (2.0435617, -0.16491812, -4.9500437), (1.9297389, -0.045818206, -4.8546095), (2.0626712, -0.34778744, -4.7166166), (2.085754, -0.21763094, -5.2074428), (2.3377793, -0.07755843, -5.534901), (2.5215786, -0.2403195, -4.8243237), (2.7161624, -0.091894224, -5.3581934), (2.6990302, -0.70850307, -5.983082), (3.0090733, -0.52600944, -6.0215487), (2.800644, -0.12391183, -5.111685), (2.987587, -0.14408834, -6.027186), (3.006987, -0.17072484, -4.783879), (3.4290485, -0.7121007, -6.0088835), (1.7172072, -0.4315215, -3.285429), (1.8532006, -0.37153026, -4.5317903), (1.6421394, -0.41046634, -3.6184952), (1.9970205, -0.44881892, -3.1384966), (1.8288422, -0.23676978, -3.310035), (1.7823843, -0.041302927, -4.575037), (1.8431329, -0.005333813, -3.2099564), (2.5848036, -0.36546558, -3.5041442), (1.9918022, -0.17424579, -4.539182), (2.4857976, -0.40842432, -3.0167663), (2.556584, -0.34583724, -4.1992593), (2.823704, -0.2626093, -4.599911), (3.602916, -0.28042635, -3.6856666), (3.1975293, -0.23946796, -4.5431466), (3.4586601, -0.33344254, -3.0642614), (3.135394, 0.4513521, -4.616438), (2.380224, -0.44235474, -2.3289475), (2.2002292, -0.41470268, -2.002808), (2.074285, -0.40185097, -1.629807), (2.8316214, -0.3841812, -2.633641), (2.8129356, -0.44311816, -1.8350203), (3.259152, -0.41291535, -1.9002124), (3.483993, -0.39112648, -2.2901905), (1.6464179, 0.078156546, -0.8330844), (2.1146548, -0.09794432, -1.1091386), (2.2402947, -0.36211693, -1.1876158), (2.3577683, -0.1647048, -1.2073393), (2.496937, -0.36253598, -1.3904634), (2.6233017, -0.23356159, -1.4118111), (2.9299364, -0.12989175, -1.503737), (3.0500076, -0.42652315, -1.4730943), (3.337567, -0.11807912, -1.6199139), (3.2885706, -0.40020943, -1.491439), (3.2750006, 0.058636103, -6.02469), (3.6556687, -0.45719454, -6.0314054), (3.6868892, -0.07841302, -6.126841), (4.3806515, -0.7032156, -6.007789), (3.958282, -0.28058958, -6.0353384), (3.8124297, 0.1451006, -5.9883566), (4.114404, -0.032091446, -5.99741), (4.6632094, -0.7129685, -5.7724323), (4.5518265, -0.3604686, -6.030488), (4.124237, -0.031371024, -5.8734193), (4.3601856, -0.09133602, -5.472035), (4.5128207, -0.028384501, -5.9927683), (4.753567, -0.06143422, -5.7161937), (4.59367, -0.1376912, -5.1164827), (5.1464787, -0.64286774, -6.025219), (4.667256, -0.1199976, -5.45211), (4.7056994, -0.14462678, -4.8583837), (3.4633138, -0.24459302, -4.1225085), (3.47481, 0.1663173, -4.1898837), (3.4877324, -0.067240365, -4.1397386), (3.6556437, 0.08141783, -4.1216307), (3.738958, -0.020707741, -3.9107523), (4.0051723, -0.22186168, -3.9033165), (3.7278192, -0.23714867, -3.9222383), (4.3137164, -0.24627541, -3.173213), (4.5253325, -0.15970059, -4.126402), (4.675193, -0.22616333, -3.237203), (4.7450094, -0.19744575, -3.7681723), (4.5893044, 0.0028255784, -4.267839), (4.7078023, -0.17627712, -4.4082804), (5.190027, -0.18878026, -3.886409), (5.051144, -0.17144825, -4.6051316), (3.994058, -0.3374855, -2.4606743), (3.9840133, -0.39383614, -1.6877651), (4.3970175, -0.31035602, -2.529611), (4.448455, -0.36876938, -1.942583), (4.779735, -0.24943568, -2.3115523), (4.8047156, -0.30672276, -1.445159), (4.8514175, -0.20028476, -2.8410904), (3.5717826, -0.37978113, -1.0345067), (3.4209728, -0.39353797, -1.4079735), (3.4616656, -0.16163446, -1.4901836), (3.581052, -0.28668612, -1.2013364), (3.618269, -0.2823249, -0.8243219), (3.8167372, -0.062168848, -1.1092288), (3.8982096, -0.264644, -0.81739956), (3.8752682, -0.36675435, -1.1682109), (3.8323944, -0.10831016, -0.81665677), (4.267018, -0.38572082, -1.2470623), (4.2092047, -0.3021854, -0.8462462), (4.090924, 0.028931597, -0.44779617), (4.1077895, -0.17029761, -0.76135695), (4.4424396, -0.2921639, -0.73223), (4.525885, -0.28992555, -0.5228575), (4.488512, -0.10709164, -0.43093476), (4.5152106, 0.012573711, -0.11088851), (4.6828294, -0.3315374, -0.13951859), (4.896646, -0.314829, -0.49607822), (4.994853, -0.26717722, -1.1103737), (5.137506, -0.12150802, -5.237998), (5.1904883, -0.011543956, -5.6967735), (5.162743, -0.71062475, -5.987147), (5.222563, 0.15544087, -5.996516), (5.4773197, -0.05617665, -6.0123596), (5.9991984, -0.7038207, -5.9971952), (6.0074277, -0.7123536, -4.4683146), (5.768791, -0.09024592, -4.916938), (5.4216366, -0.088876866, -5.5270405), (5.7693186, -0.055602394, -5.516148), (6.005777, -0.5278735, -6.019931), (5.82145, -0.25457194, -6.03001), (5.7097964, 0.011700975, -5.9956255), (6.003686, -0.70973235, -4.929589), (6.000212, -0.030992398, -5.986036), (5.9834847, -0.075092435, -5.1701536), (6.004817, -0.18913804, -4.8702726), (6.0249667, -0.5444354, -5.0590644), (6.027486, -0.26657096, -5.5644445), (6.021812, -0.35250342, -4.6175075), (5.79268, -0.15566398, -3.5903816), (6.006121, -0.7100103, -3.268273), (5.799094, -0.176352, -4.639943), (5.5131855, -0.17863287, -3.110815), (5.995873, -0.19976845, -4.289062), (6.006143, -0.18927744, -3.055492), (6.0053725, -0.19808029, -3.6572328), (6.0303097, -0.44902304, -3.9617243), (6.030125, -0.42174312, -2.9583435), (6.000771, -0.7117783, -1.6738653), (5.155741, -0.20004235, -2.664307), (5.2898574, -0.1849944, -2.3779075), (5.3656344, -0.18516488, -1.8627064), (5.3545103, -0.16750935, -2.8927565), (5.3426504, 0.051940285, -2.7866714), (5.4935274, -0.1445563, -2.2597077), (5.287648, -0.018493572, -2.516402), (5.5742583, -0.15130782, -2.8722165), (5.516867, 0.020213125, -2.4540634), (5.7932253, -0.15070277, -1.972289), (5.809802, -0.12490678, -2.6303952), (5.7093873, -0.14684299, -2.3665032), (5.692391, 0.0104090385, -2.5271854), (5.988823, -0.16152757, -2.5840237), (5.9975986, -0.14601538, -2.1124976), (5.9964232, -0.17641062, -1.4100366), (6.0057335, -0.70754427, -2.323362), (6.025766, -0.5286422, -2.4415355), (6.030963, -0.44952503, -1.8124416), (6.0015244, -0.711814, -0.21939936), (5.2553988, -0.26336548, -0.6047486), (4.929804, -0.288364, 0.1520383), (5.273688, -0.21707834, -0.2262104), (5.1295333, -0.21025215, -0.03886425), (5.3086796, -0.24167563, -1.1625484), (5.532487, -0.14721082, -1.5741588), (5.761832, -0.12641974, -0.9754423), (5.6992564, -0.16679397, -1.3398762), (5.7103887, -0.14191197, -0.5294871), (5.819252, -0.1340458, 0.07771505), (5.4485574, -0.16476618, 0.2565302), (6.013969, -0.16487019, -0.7573351), (6.0051665, -0.1747675, -0.26453415), (6.02457, -0.5319904, 0.061947208), (6.032397, -0.4362189, -1.3497761), (6.006562, -0.14681925, 0.27991796), (6.027726, -0.3707602, 0.6997184), (0.38824084, -0.47623807, 0.7260578), (0.4488501, -0.45679736, 1.3201448), (0.3211855, -0.4190366, 0.27062815), (0.6546829, -0.41399378, 0.5004087), (0.78834337, -0.43063363, 0.90140563), (0.87978894, -0.45842788, 1.4460967), (1.0441731, -0.40219712, 0.3150662), (1.2017761, -0.45498526, 1.0600355), (1.1245755, -0.49143267, 1.5571107), (1.2651998, -0.3914024, 0.74350315), (1.189881, -0.51672363, 1.8250501), (1.501382, -0.3867713, 0.3460328), (1.6576891, -0.51846796, 1.3864942), (1.5781143, -0.27293625, 0.39198035), (0.18015474, -0.534946, 2.492755), (0.510894, -0.53373593, 2.4367073), (0.75936526, -0.4767106, 1.8042113), (0.72464675, -0.56885976, 2.784104), (0.6781665, -0.5105077, 2.0479956), (0.8761451, -0.57335836, 2.3351681), (1.014386, -0.51222736, 3.3150373), (1.5505651, -0.5498574, 2.546573), (1.4321655, -0.5075447, 3.0839221), (1.4740063, -0.50176877, 2.0578687), (1.6256169, -0.52334017, 3.1957374), (0.4670652, -0.53606766, 3.6429863), (0.5072304, -0.35390365, 4.818239), (1.0342426, -0.50971246, 3.453931), (1.1532623, -0.50971127, 3.5800607), (1.0980037, -0.4492898, 4.3026886), (0.9354647, -0.36769557, 4.8653383), (1.2334682, -0.3520377, 3.3799505), (1.5714741, -0.50887793, 3.5969446), (1.8084508, -0.38602144, 4.529554), (1.5606083, -0.32260248, 4.910375), (1.5462674, -0.3525346, 3.4311428), (1.5206794, -0.39589, 3.2147696), (0.32992873, -0.24427877, 5.1842837), (0.40165022, -0.18353304, 5.9899063), (0.6626607, -0.19092838, 5.6241894), (0.7743061, -0.4435217, 6.0302715), (0.62906486, -0.2646932, 5.30533), (0.82458144, -0.7016064, 6.0107794), (0.7762124, -0.20312223, 5.997359), (0.99811536, -0.23047306, 5.240322), (1.4007645, -0.4601914, 6.028764), (1.120428, -0.1456239, 5.9985495), (1.2849717, -0.30509022, 5.132886), (1.3171259, -0.21237011, 5.5868073), (1.4251955, -0.18497393, 6.0053067), (1.5390137, -0.70939267, 5.992671), (1.6621227, -0.1642255, 5.836982), (1.8306576, -0.21866263, 5.3904967), (1.8058344, -0.41154292, 0.55145717), (1.6546247, 0.21822204, 0.3543431), (1.7058767, -0.10472405, 0.53426665), (1.9462959, 0.021675669, 0.68195015), (1.9749769, -0.44603744, 1.0063629), (1.930022, -0.4039391, 0.5765513), (2.1580627, -0.47887084, 1.4553527), (2.0187216, -0.14827365, 1.1313466), (2.142171, -0.21197413, 1.388156), (2.3671176, -0.2707835, 1.6098005), (2.5868614, 0.06685207, 1.5399374), (1.9288051, -0.48302692, 1.8405967), (1.8266586, -0.49895853, 2.1637228), (2.0639665, -0.5297594, 2.7675526), (2.1683233, -0.5199341, 3.3460615), (2.1968725, -0.45430562, 2.3722918), (2.3645244, -0.41694304, 1.6779372), (2.2378807, -0.35588643, 2.0542974), (2.5032344, -0.45101172, 2.374912), (2.4142303, -0.37903252, 2.1816583), (2.6369033, -0.4967007, 3.262125), (2.6203208, -0.45147064, 2.9602165), (2.5515203, -0.18062419, 1.7537166), (2.621733, -0.47744063, 2.56426), (2.558711, -0.16901493, 2.0151029), (2.5575006, -0.20711039, 2.3175333), (2.5975966, -0.24735427, 2.440227), (2.8388407, 0.07106468, 2.349396), (3.048077, 0.039732754, 2.5961761), (3.075533, -0.533096, 2.5896597), (2.7886593, -0.43117687, 2.4092977), (3.1104052, -0.53911215, 2.9900253), (3.0681305, -0.16050659, 2.5443118), (1.7114308, -0.5175797, 3.4053483), (2.3389585, -0.41945058, 4.0489526), (2.032842, -0.14597262, 4.523802), (2.1235, -0.3513098, 4.4714355), (2.133569, -0.25402945, 4.873289), (2.215624, -0.03405463, 4.4585576), (2.0857937, -0.29629147, 4.304731), (2.2125032, -0.21175645, 4.2164745), (2.4052925, -0.3206691, 4.4540734), (2.3386276, -0.29713973, 4.2827168), (2.130951, -0.07820455, 4.753885), (2.4444377, -0.078575596, 4.6727834), (2.73653, -0.35579866, 4.1182876), (2.4473834, -0.14951827, 4.4353724), (2.4533699, -0.21693173, 4.862842), (3.2857864, -0.34023482, 3.788995), (2.9680817, -0.22240666, 4.783686), (3.569267, -0.30265182, 4.011556), (1.9023596, -0.70112234, 6.0080304), (2.164468, -0.40256545, 6.0253553), (2.0713642, -0.1494079, 5.9995313), (2.5938578, -0.7113962, 6.0055604), (2.0764062, -0.23320608, 5.117767), (2.4614823, -0.14181909, 5.65755), (2.323018, -0.09283329, 4.8653145), (2.7445133, -0.58352166, 6.0253825), (2.6545427, -0.10636112, 5.278939), (2.8868964, -0.13685295, 6.0026608), (2.4938076, -0.1723373, 6.0042777), (3.398542, -0.30915612, 6.023921), (3.145347, -0.14442973, 5.3952484), (4.5072837, -0.7116833, 6.0014596), (3.4151187, -0.70932704, 6.005973), (3.0226455, -0.19155721, 5.0870543), (3.5383506, -0.16808817, 4.9754415), (3.5296726, -0.10334038, 5.9087753), (3.5535896, -0.10826268, 6.001963), (5.70157, -0.7127099, 2.903147), (5.6914625, -0.7126692, 1.2127395), (4.9264784, -0.013658965, 0.29476956), (3.229693, -0.4794991, 2.1192312), (3.4614756, -0.5371693, 2.5077372), (3.66734, -0.0766068, 2.3865461), (3.858259, -0.50615996, 2.428586), (3.837101, -0.29522416, 2.074958), (3.378076, 0.01965424, 2.6007152), (3.8804255, -0.4433398, 2.9165127), (4.3881288, -0.24634953, 2.28719), (4.145952, -0.35553566, 3.2372415), (4.252023, -0.43415946, 2.7180939), (4.3369846, -0.13892439, 2.0906801), (4.2056737, 0.13356295, 2.382437), (4.596803, -0.30818534, 2.828401), (4.4789867, -0.39784113, 2.4138987), (4.501794, 0.10947399, 2.2148175), (4.6946163, -0.308002, 2.1149657), (4.67541, -0.2114389, 1.882913), (4.896591, -0.22846429, 2.2318106), (4.5893135, -0.27032477, 3.290617), (4.82155, -0.0704014, 1.4905417), (3.7474973, -0.21934025, 4.4679093), (3.882835, -0.3184012, 3.6999466), (3.6763897, 0.087216996, 4.4069343), (3.7937448, -0.2819848, 3.8959548), (3.8793733, -0.19291441, 4.6301436), (3.701056, -0.022388391, 4.0877237), (3.7043097, -0.088376224, 4.56619), (3.7589438, -0.043053303, 3.904035), (4.0670958, -0.11594789, 3.6740687), (4.1558733, -0.2942133, 3.5021), (4.8062, -0.13835023, 3.3469775), (4.0756173, -0.542472, 6.026096), (3.730993, -0.09079005, 5.307613), (3.9924314, -0.09229512, 5.61523), (4.122402, -0.1587847, 4.9677277), (4.1175423, 0.016055876, 5.1720424), (4.0197315, -0.034204237, 6.001814), (4.6619706, -0.12916328, 6.0118055), (4.365113, -0.09073217, 5.2786074), (4.6447706, -0.0730483, 5.5685267), (4.887229, -0.0936067, 5.8174486), (5.186762, -0.52660584, 6.0259986), (4.721702, -0.07476409, 5.160963), (4.790575, 0.12789117, 0.22252196), (4.978732, -0.31937486, 1.2319369), (4.9887795, -0.08433572, 0.6267894), (4.984106, -0.09875371, 0.97959447), (5.178409, -0.21675746, 0.7158783), (5.5880666, -0.13642798, 0.9642033), (5.2586913, -0.19083254, 1.4673883), (5.710029, -0.06974717, 1.2391294), (5.720024, -0.15135388, 0.57939607), (5.5385537, -0.1870114, 2.0262508), (6.0070424, -0.7106777, 0.63373756), (6.001766, -0.14571778, 1.0530901), (5.8458476, -0.08577503, 1.6086512), (6.018813, -0.70908594, 1.8691758), (6.006973, -0.6987309, 1.0866529), (6.0164433, -0.12413648, 1.661731), (4.8792896, -0.30216438, 1.5972565), (5.1427045, -0.22973983, 1.9756273), (5.1218905, -0.20529169, 2.6938815), (5.1007366, -0.22300208, 3.2510636), (5.608316, -0.19674318, 2.7792573), (6.0031414, -0.21853663, 3.3626754), (5.998039, -0.08257901, 2.0183747), (6.000503, -0.7073883, 2.29251), (6.010323, -0.22885816, 2.9742064), (6.0017614, -0.13860676, 2.4736362), (5.9989285, -0.70651966, 3.36092), (6.0283184, -0.51617014, 3.100857), (5.1717954, -0.19716251, 3.4076486), (5.968636, -0.7120292, 4.403995), (5.6266127, -0.20333406, 3.5702317), (5.6170425, -0.15137072, 4.5817266), (6.012085, -0.7117541, 3.834784), (5.585343, 0.2420929, 4.714898), (5.712503, -0.15360603, 4.3928003), (5.7757387, -0.18877986, 3.7649477), (5.855467, -0.19376257, 4.061688), (5.824058, -0.12015915, 4.8738523), (5.581561, 0.25939053, 4.2592745), (5.688522, 0.10340938, 4.3835363), (5.9988027, -0.24597745, 4.138502), (5.99633, -0.707404, 4.9661617), (6.028822, -0.4732064, 3.9133809), (6.0282865, -0.46644035, 4.6803308), (5.307481, -0.07468945, 5.3516564), (5.2876515, -0.27976063, 6.0207014), (5.420354, -0.14194104, 4.9754367), (5.5160947, -0.08568629, 5.305015), (5.9617505, -0.7109505, 5.997564), (5.248936, -0.13215135, 4.884604), (5.4551754, -0.13293368, 5.9924207), (5.7963333, -0.035825368, 5.23151), (5.948089, -0.14219671, 6.0111313), (5.98983, -0.09829446, 5.952074), (6.008867, -0.119063124, 5.144489), (6.0158744, -0.7018843, 5.668608), (6.0208616, -0.67710847, 5.1402617), (6.025301, -0.39688218, 5.978533), (0.6563165, 0.23394716, -5.99011), (1.2289108, 0.13790582, -5.9902387), (0.5384586, 0.24155927, -3.4750726), (0.46927267, 0.049444683, -3.9433024), (0.98056954, 0.40822455, -3.6858563), (0.69944614, 0.39823273, -3.3306928), (1.0622947, 0.35106304, -3.821733), (1.0255156, 0.5643541, -3.385498), (1.1466764, 0.21437354, -3.8983295), (1.207967, 0.44049066, -3.6310706), (1.449903, 0.3134139, -3.6025991), (1.5160575, 0.54548776, -3.4288776), (1.7538466, 0.039940894, -3.5848227), (1.5282739, 0.48551998, -3.1570482), (0.75584257, 0.22525373, -2.9737375), (0.9699854, 0.21267189, -2.9649303), (1.0619838, 0.41805407, -3.062605), (1.4395313, 0.28293553, -3.088236), (1.4899564, 0.074120425, -0.6967851), (1.6435086, 0.309357, 0.1857525), (1.6687672, 0.2753165, -0.48396903), (2.3669388, 0.0473918, -5.9974155), (2.777864, 0.12966569, -5.991576), (2.750488, 0.014838094, -5.5338597), (2.765599, 0.5136783, -5.2856946), (2.80342, 0.5027914, -5.540598), (2.9332507, 0.2530572, -5.7975636), (2.887475, 0.6104801, -5.0156803), (3.1058524, 0.705305, -5.841704), (3.0454693, 0.8454485, -5.5714264), (3.052354, 0.8947172, -5.2989964), (3.1356184, 0.29800686, -5.955008), (3.2531247, 0.7034329, -4.8347077), (3.0930655, 0.8869783, -5.092139), (3.2845616, 0.9124388, -5.727151), (3.3246489, 1.0075119, -5.1653757), (1.7193145, 0.037917044, -4.8093224), (1.829951, 0.3216837, -3.4671125), (1.7098211, 0.38851133, -3.1614113), (1.7358837, 0.47390047, -3.3640015), (1.8765996, -0.0132823605, -3.4524088), (1.8549435, 0.2421318, -3.2892492), (1.9824709, 0.16988727, -0.7964776), (1.8243659, 0.49692062, -0.35545906), (1.7604793, 0.41651866, -0.15341431), (2.040516, 0.6624548, -0.33254245), (1.9677943, 0.66116774, -0.14226358), (2.235999, 0.40424275, -0.6676352), (2.4286613, 0.15533741, -1.0348052), (2.4308245, 0.7388929, -0.32242298), (2.6306467, 0.70019954, -0.5275351), (2.6555107, 0.7305413, -0.09362591), (2.9544115, 0.4299944, -0.94456303), (2.9488037, 0.69095504, -0.71964496), (3.012456, 0.22160679, -1.1901842), (2.9587228, 0.9220906, -0.40219086), (3.2151477, 0.010199984, -1.5474861), (3.4557953, 1.0845844, -0.40115973), (3.24014, 0.8288799, 0.059159104), (3.2423272, 1.0503411, -0.5628128), (3.460045, 0.23151927, -1.3632159), (3.443012, 1.0653799, -0.6901353), (3.3433921, 0.57162756, -1.0271358), (3.2970562, 0.49666253, -6.0198317), (3.487081, 0.9171065, -4.8017154), (3.5789948, 0.38263217, -6.099631), (3.3698971, 0.85668176, -5.8298287), (3.5927522, 1.0103363, -5.4678597), (3.675057, 0.53766364, -5.9011703), (3.9534938, 0.8208826, -5.6796575), (3.7116778, 0.91771674, -4.7276983), (3.815874, 0.9437051, -5.1481395), (3.980977, 0.105231754, -5.944653), (4.051867, 0.42678833, -5.741916), (4.072255, 0.8101605, -5.507624), (4.2153845, 0.7639418, -5.1932454), (4.2231355, 0.78208995, -4.7822514), (4.3503036, 0.3675671, -5.4417844), (4.343423, 0.54967463, -5.32051), (4.4571996, 0.5534441, -4.762019), (4.625598, 0.18008575, -4.730761), (3.4532163, 0.44182405, -4.3983345), (3.5242128, 0.7299311, -4.6786695), (3.731131, 0.23039645, -4.2435727), (3.8471377, 0.11288667, -4.062902), (3.7688844, 0.77449846, -4.50897), (3.7255564, 0.4783319, -4.36902), (3.9220037, 0.6060467, -4.282581), (4.039564, 0.02790124, -3.93587), (4.009547, 0.17139284, -4.058239), (3.9579124, 0.3785481, -4.133097), (4.378004, 0.62134504, -4.5504475), (4.320023, 0.48963642, -4.349755), (4.595271, 0.2187118, -4.4319153), (3.4789376, 0.996196, -0.19040571), (3.6381834, 0.19840871, -1.3661287), (3.589397, 0.9424602, -0.8134851), (3.6458147, 0.5338915, -1.1331023), (3.5529668, 0.61091256, -0.042760238), (3.4040997, 0.8016005, 0.05862692), (3.6493342, 0.9003638, -0.25460026), (3.8333235, 0.12807964, -1.1558033), (3.65216, 0.53589237, -0.19514428), (3.7636368, 0.7253819, -0.89204323), (3.624744, 1.0449121, -0.57934314), (3.7358377, 0.9042406, -0.5065045), (3.7821531, 0.72117203, -0.41309062), (3.7851253, 0.4733729, -1.0572495), (3.911336, 0.46022034, -0.0341695), (3.931736, 0.48818824, -0.7979734), (3.886271, 0.2634813, -0.37027907), (3.9289355, 0.36794302, -0.47142187), (3.9404595, 0.009054607, -0.6630789), (3.9744768, 0.14486165, -0.7243841), (4.162624, 0.40462306, 0.05318393), (3.9370189, 0.51382357, -0.64780027), (4.262833, 0.07757334, -0.28030664), (5.5931754, 0.03939368, -2.7429533), (1.9498004, 0.20952596, 0.47846577), (1.9225045, 0.47502637, 0.19202067), (2.208041, 0.5260933, 0.25842467), (2.1640272, 0.28445756, 0.64664245), (2.057275, 0.014508846, 1.0385792), (2.3341281, 0.024636213, 1.3462435), (2.6341834, 0.46456078, 0.91511106), (2.4334686, 0.5445379, 0.37007356), (2.7462957, 0.34743544, 1.3388618), (2.8680062, 0.75433236, 0.59223425), (3.0183625, 0.70925033, 0.34460363), (2.9264767, 0.13786307, 1.6490023), (3.0811362, 0.5844558, 1.208086), (3.2815495, 0.34784535, 1.626199), (3.3850935, 0.75818723, 0.5729552), (3.1413205, 0.7687979, 0.65431225), (3.6831172, 0.66408986, 0.89405376), (3.135089, 0.27005768, 1.8166221), (3.1275337, 0.2572363, 2.0063972), (3.2851448, 0.19604652, 2.4282558), (3.335163, 0.67203677, 0.2566519), (3.453793, 0.49176025, 1.4237101), (3.5923274, 0.6156347, 1.0511196), (3.540734, 0.6270107, 0.28293872), (3.843656, 0.48370162, 0.2840304), (3.7841756, 0.64361894, 1.3722916), (3.651547, 0.6076391, 1.2398875), (3.8594007, 0.6942532, 0.6981297), (4.002221, 0.551194, 0.47275713), (3.7173843, 0.6895615, 1.5937434), (4.056895, 0.60333896, 1.2044971), (4.1698284, 0.6957378, 0.84947664), (4.175464, 0.61895007, 1.342359), (3.9616566, 0.80263793, 1.6778425), (4.3541794, 0.50659245, 0.3987463), (4.4375644, 0.5788952, 1.2446983), (4.7388816, 0.3293021, 0.47168484), (4.5839987, 0.45525637, 1.1567547), (4.62511, 0.64959115, 1.5787332), (4.640295, 0.5691433, 1.700888), (4.7397366, 0.24194738, 1.3808122), (4.900758, 0.24236989, 0.71483386), (4.771997, 0.21932448, 1.0962355), (3.4841604, 0.48899323, 1.6385092), (3.4880955, 0.16717121, 2.5855849), (3.3686042, 0.3500495, 2.2599678), (3.586327, 0.7472479, 2.0222437), (3.8781073, 0.32391155, 2.4095225), (3.7865508, 0.119127505, 2.5108278), (4.0351377, 0.7966097, 1.9169977), (4.1067142, 0.27619916, 2.4141505), (4.244238, 0.46811104, 2.2957315), (4.158053, 0.7090819, 2.0747287), (4.1902366, 0.81639534, 1.7565926), (4.479338, 0.62354964, 2.002117), (4.4425697, 0.30887353, 2.3117375), (4.5417285, 0.257769, 2.1450586), (4.6718564, -0.09336926, 1.9211496), (3.7417576, 0.105227605, 4.649206), (3.8404837, 0.36749905, 4.604061), (3.765881, 0.30350608, 4.3048973), (3.9325933, 0.5352165, 4.3996854), (4.186492, 0.7953054, 4.6862187), (4.4202347, 0.29093528, 3.892144), (4.4047675, 0.86061674, 4.4733853), (4.954598, 0.4265335, 3.7613692), (4.82207, 0.7545962, 4.1639047), (4.8622804, 1.0927097, 4.4767222), (4.6769824, 1.163011, 4.6741), (5.1621413, 0.16392446, 3.4545445), (5.0130453, 0.7662332, 4.1232), (4.85211, 1.1964663, 4.6889853), (4.2015853, 0.3666388, 5.3669896), (4.2001057, 0.5186995, 5.2424364), (4.385648, 0.85493386, 4.996286), (4.3832297, 0.6027019, 5.3088336), (4.412948, 0.38418204, 5.3461957), (4.603578, 0.9851275, 4.9654994), (4.670913, 0.6951279, 5.279032), (4.785597, 0.82469, 5.1986604), (5.287339, 0.22465917, 3.5121975), (5.1820383, 0.9712513, 4.883806), (5.285984, 0.53940916, 4.1239686), (5.370706, 0.7351384, 4.697617), (5.450022, 0.10058397, 3.5733778), (5.5394382, 0.17565188, 3.9861624), (5.5743885, 0.45479122, 4.6975574), (5.1755066, 0.7121263, 5.0791254), (5.119719, 0.28844312, 5.0602064), (5.353174, 0.80022013, 4.904327)] (
            interpolation = "vertex"
        )
        uniform token subdivisionScheme = "none"
    }
}

