#usda 1.0
(
    defaultPrim = "Locomotion_Terrain_Small"
    endTimeCode = 1
    framesPerSecond = 24
    metersPerUnit = 1
    startTimeCode = 1
    timeCodesPerSecond = 24
    upAxis = "Y"
)

def Xform "Locomotion_Terrain_Small" (
    kind = "component"
)
{
    def Mesh "mesh" (
        prepend apiSchemas = ["MaterialBindingAPI"]
    )
    {
        bool _newton__collision_approximation = 1
        string _newton__collision_approximationMethod = "vhacd"
        int _newton__collision_group = -1
        bool _newton__collision_isVisible = 1
        float _newton__contact_ka = 0
        float _newton__contact_kd = 1000
        float _newton__contact_ke = 100000
        float _newton__contact_kf = 1000
        float _newton__contact_thickness = 0.00001
        float _newton__material_density = 1000
        float _newton__material_dynamicFriction = 0.5
        float _newton__material_restitution = 0
        float _newton__material_staticFriction = 0.5
        string _tex_bc_texture_name = "terrain_texture/BC.JPG"
        string _tex_mt_texture_name = ""
        string _tex_n_texture_name = "terrain_texture/N.JPG"
        float3[] extent = [(-3.0037136, -0.75635487, -3.0060725), (3.002784, 0.0028076333, 3.0052881)]
        int[] faceVertexCounts = [3, 3, 3, 3, 3, 3, 3, 3, 3, 3, 3, 3, 3, 3, 3, 3, 3, 3, 3, 3, 3, 3, 3, 3, 3, 3, 3, 3, 3, 3, 3, 3, 3, 3, 3, 3, 3, 3, 3, 3, 3, 3, 3, 3, 3, 3, 3, 3, 3, 3, 3, 3, 3, 3, 3, 3, 3, 3, 3, 3, 3, 3, 3, 3, 3, 3, 3, 3, 3, 3, 3, 3, 3, 3, 3, 3, 3, 3, 3, 3, 3, 3, 3, 3, 3, 3, 3, 3, 3, 3, 3, 3, 3, 3, 3, 3, 3, 3, 3, 3, 3, 3, 3, 3, 3, 3, 3, 3, 3, 3, 3, 3, 3, 3, 3, 3, 3, 3, 3, 3, 3, 3, 3, 3, 3, 3, 3, 3, 3, 3, 3, 3, 3, 3, 3, 3, 3, 3, 3, 3, 3, 3, 3, 3, 3, 3, 3, 3, 3, 3, 3, 3, 3, 3, 3, 3, 3, 3, 3, 3, 3, 3, 3, 3, 3, 3, 3, 3, 3, 3, 3, 3, 3, 3, 3, 3, 3, 3, 3, 3, 3, 3, 3, 3, 3, 3, 3, 3, 3, 3, 3, 3, 3, 3, 3, 3, 3, 3, 3, 3, 3, 3, 3, 3, 3, 3, 3, 3, 3, 3, 3, 3, 3, 3, 3, 3, 3, 3, 3, 3, 3, 3, 3, 3, 3, 3, 3, 3, 3, 3, 3, 3, 3, 3, 3, 3, 3, 3, 3, 3, 3, 3, 3, 3, 3, 3, 3, 3, 3, 3, 3, 3, 3, 3, 3, 3, 3, 3, 3, 3, 3, 3, 3, 3, 3, 3, 3, 3, 3, 3, 3, 3, 3, 3, 3, 3, 3, 3, 3, 3, 3, 3, 3, 3, 3, 3, 3, 3, 3, 3, 3, 3, 3, 3, 3, 3, 3, 3, 3, 3, 3, 3, 3, 3, 3, 3, 3, 3, 3, 3, 3, 3, 3, 3, 3, 3, 3, 3, 3, 3, 3, 3, 3, 3, 3, 3, 3, 3, 3, 3, 3, 3, 3, 3, 3, 3, 3, 3, 3, 3, 3, 3, 3, 3, 3, 3, 3, 3, 3, 3, 3, 3, 3, 3, 3, 3, 3, 3, 3, 3, 3, 3, 3, 3, 3, 3, 3, 3, 3, 3, 3, 3, 3, 3, 3, 3, 3, 3, 3, 3, 3, 3, 3, 3, 3, 3, 3, 3, 3, 3, 3, 3, 3, 3, 3, 3, 3, 3, 3, 3, 3, 3, 3, 3, 3, 3, 3, 3, 3, 3, 3, 3, 3, 3, 3, 3, 3, 3, 3, 3, 3, 3, 3, 3, 3, 3, 3, 3, 3, 3, 3, 3, 3, 3, 3, 3, 3, 3, 3, 3, 3, 3, 3, 3, 3, 3, 3, 3, 3, 3, 3, 3, 3, 3, 3, 3, 3, 3, 3, 3, 3, 3, 3, 3, 3, 3, 3, 3, 3, 3, 3, 3, 3, 3, 3, 3, 3, 3, 3, 3, 3, 3, 3, 3, 3, 3, 3, 3, 3, 3, 3, 3, 3, 3, 3, 3, 3, 3, 3, 3, 3, 3, 3, 3, 3, 3, 3, 3, 3, 3, 3, 3, 3, 3, 3, 3, 3, 3, 3, 3, 3, 3, 3, 3, 3, 3, 3, 3, 3, 3, 3, 3, 3, 3, 3, 3, 3, 3, 3, 3, 3, 3, 3, 3, 3, 3, 3, 3, 3, 3, 3, 3, 3, 3, 3, 3, 3, 3, 3, 3, 3, 3, 3, 3, 3, 3, 3, 3, 3, 3, 3, 3, 3, 3, 3, 3, 3, 3, 3, 3, 3, 3, 3, 3, 3, 3, 3, 3, 3, 3, 3, 3, 3, 3, 3, 3, 3, 3, 3, 3, 3, 3, 3, 3, 3, 3, 3, 3, 3, 3, 3, 3, 3, 3, 3, 3, 3, 3, 3, 3, 3, 3, 3, 3, 3, 3, 3, 3, 3, 3, 3, 3, 3, 3, 3, 3, 3, 3, 3, 3, 3, 3, 3, 3, 3, 3, 3, 3, 3, 3, 3, 3, 3, 3, 3, 3, 3, 3, 3, 3, 3, 3, 3, 3, 3, 3, 3, 3, 3, 3, 3, 3, 3, 3, 3, 3, 3, 3, 3, 3, 3, 3, 3, 3, 3, 3, 3, 3, 3, 3, 3, 3, 3, 3, 3, 3, 3, 3, 3, 3, 3, 3, 3, 3, 3, 3, 3, 3, 3, 3, 3, 3, 3, 3, 3, 3, 3, 3, 3, 3, 3, 3, 3, 3, 3, 3, 3, 3, 3, 3, 3, 3, 3, 3, 3, 3, 3, 3, 3, 3, 3, 3, 3, 3, 3, 3, 3, 3, 3, 3, 3, 3, 3, 3, 3, 3, 3, 3, 3, 3, 3, 3, 3, 3, 3, 3, 3, 3, 3, 3, 3, 3, 3, 3, 3, 3, 3, 3, 3, 3, 3, 3, 3, 3, 3, 3, 3, 3, 3, 3, 3, 3, 3, 3, 3, 3, 3, 3, 3, 3, 3, 3, 3, 3, 3, 3, 3, 3, 3, 3, 3, 3, 3, 3, 3, 3, 3, 3, 3, 3, 3, 3, 3, 3, 3, 3, 3, 3, 3, 3, 3, 3, 3, 3, 3, 3, 3, 3, 3, 3, 3, 3, 3, 3, 3, 3, 3, 3, 3, 3, 3, 3, 3, 3, 3, 3, 3, 3, 3, 3, 3, 3, 3, 3, 3, 3, 3, 3, 3, 3, 3, 3, 3, 3, 3, 3, 3, 3, 3, 3, 3, 3, 3, 3, 3, 3, 3, 3, 3, 3, 3, 3, 3, 3, 3, 3, 3, 3, 3, 3, 3, 3, 3, 3, 3, 3, 3, 3, 3, 3, 3, 3, 3, 3, 3, 3, 3, 3, 3, 3, 3, 3, 3, 3, 3, 3, 3, 3, 3, 3, 3, 3, 3, 3, 3, 3, 3, 3, 3, 3, 3, 3, 3, 3, 3, 3, 3, 3, 3, 3, 3, 3, 3, 3, 3, 3, 3, 3, 3, 3, 3, 3, 3, 3, 3, 3, 3, 3, 3, 3, 3, 3, 3, 3, 3, 3, 3, 3, 3, 3, 3, 3, 3, 3, 3, 3, 3, 3, 3, 3, 3, 3, 3, 3, 3, 3, 3, 3, 3, 3, 3, 3, 3, 3, 3, 3, 3, 3, 3, 3, 3, 3, 3, 3, 3, 3, 3, 3, 3, 3, 3, 3, 3, 3, 3, 3, 3, 3, 3, 3, 3, 3, 3, 3, 3, 3, 3, 3, 3, 3, 3, 3, 3, 3, 3, 3, 3, 3, 3, 3, 3, 3, 3, 3, 3, 3, 3, 3, 3, 3, 3, 3, 3, 3, 3, 3, 3, 3, 3, 3, 3, 3, 3, 3, 3, 3, 3, 3, 3, 3, 3, 3, 3, 3, 3, 3, 3, 3, 3, 3, 3, 3, 3, 3, 3, 3, 3, 3, 3, 3, 3, 3, 3, 3, 3, 3, 3, 3, 3, 3, 3, 3, 3, 3, 3, 3, 3, 3, 3, 3, 3, 3, 3, 3, 3, 3, 3, 3, 3, 3, 3, 3, 3, 3, 3, 3, 3, 3, 3, 3, 3, 3, 3, 3, 3, 3, 3, 3, 3, 3, 3, 3, 3, 3, 3, 3, 3, 3, 3, 3, 3, 3, 3, 3, 3, 3, 3, 3, 3, 3, 3, 3, 3, 3, 3, 3, 3, 3, 3, 3, 3, 3, 3, 3, 3, 3, 3, 3, 3, 3, 3, 3, 3, 3, 3, 3, 3, 3, 3, 3, 3, 3, 3, 3, 3, 3, 3, 3, 3, 3, 3, 3, 3, 3, 3, 3, 3, 3, 3, 3, 3, 3, 3, 3, 3, 3, 3, 3, 3, 3, 3, 3, 3, 3, 3, 3, 3, 3, 3, 3, 3, 3, 3, 3, 3, 3, 3, 3, 3, 3, 3, 3, 3, 3, 3, 3, 3, 3, 3, 3, 3, 3, 3, 3, 3, 3, 3, 3, 3, 3, 3, 3, 3, 3, 3, 3, 3, 3, 3, 3, 3, 3, 3, 3, 3, 3, 3, 3, 3, 3, 3, 3, 3, 3, 3, 3, 3, 3, 3, 3, 3, 3, 3, 3, 3, 3, 3, 3, 3, 3, 3, 3, 3, 3, 3, 3, 3, 3, 3, 3, 3, 3, 3, 3, 3, 3, 3, 3, 3, 3, 3, 3, 3, 3, 3, 3, 3, 3, 3, 3, 3, 3, 3, 3, 3, 3, 3, 3, 3, 3, 3, 3, 3, 3, 3, 3, 3, 3, 3, 3, 3, 3, 3, 3, 3, 3, 3, 3, 3, 3, 3, 3, 3, 3, 3, 3, 3, 3, 3, 3, 3, 3, 3, 3, 3, 3, 3, 3, 3, 3, 3, 3, 3, 3, 3, 3, 3, 3, 3, 3, 3, 3, 3, 3, 3, 3, 3, 3, 3, 3, 3, 3, 3, 3, 3, 3, 3, 3, 3, 3, 3, 3]
        int[] faceVertexIndices = [709, 1, 36, 3, 22, 700, 31, 3, 2, 4, 22, 5, 5, 35, 6, 6, 18, 7, 7, 18, 690, 25, 8, 33, 23, 9, 25, 10, 19, 11, 10, 9, 23, 11, 27, 12, 12, 20, 13, 13, 20, 37, 16, 17, 15, 21, 17, 16, 21, 686, 17, 35, 5, 22, 18, 6, 35, 33, 690, 18, 8, 690, 33, 8, 25, 9, 19, 10, 23, 37, 14, 13, 24, 686, 21, 29, 31, 2, 700, 22, 4, 22, 3, 31, 14, 16, 15, 29, 2, 709, 37, 34, 14, 16, 14, 34, 26, 28, 0, 709, 36, 29, 27, 11, 19, 27, 20, 12, 21, 16, 34, 28, 1, 0, 20, 27, 32, 31, 29, 30, 35, 22, 41, 18, 38, 33, 19, 23, 49, 21, 34, 44, 33, 39, 25, 40, 31, 30, 37, 712, 34, 22, 31, 40, 32, 43, 20, 37, 20, 43, 21, 44, 24, 36, 30, 29, 41, 22, 40, 26, 50, 28, 36, 45, 30, 53, 35, 41, 38, 18, 35, 39, 23, 25, 23, 39, 49, 712, 37, 43, 36, 28, 45, 40, 30, 65, 53, 38, 35, 33, 38, 42, 39, 42, 46, 44, 79, 47, 65, 30, 48, 42, 39, 33, 39, 51, 49, 49, 707, 19, 707, 54, 32, 47, 24, 44, 45, 28, 50, 58, 40, 65, 40, 58, 41, 62, 41, 58, 53, 41, 62, 38, 53, 56, 46, 51, 39, 712, 43, 64, 45, 50, 55, 38, 63, 42, 66, 46, 42, 52, 49, 51, 49, 52, 707, 32, 59, 43, 63, 38, 56, 54, 707, 71, 59, 32, 54, 64, 43, 59, 30, 45, 48, 72, 59, 54, 59, 72, 76, 48, 45, 57, 46, 66, 75, 71, 707, 52, 712, 64, 73, 57, 45, 55, 62, 69, 53, 64, 59, 76, 60, 79, 44, 80, 57, 682, 56, 53, 69, 71, 72, 54, 73, 60, 712, 79, 61, 47, 57, 55, 682, 69, 63, 56, 51, 70, 52, 83, 48, 57, 65, 48, 83, 58, 68, 62, 63, 66, 42, 70, 51, 75, 78, 79, 60, 80, 682, 82, 83, 57, 67, 65, 68, 58, 69, 62, 87, 73, 64, 76, 66, 63, 84, 75, 51, 46, 74, 61, 79, 67, 57, 80, 63, 69, 93, 52, 81, 71, 81, 52, 70, 81, 72, 71, 78, 60, 77, 65, 83, 68, 87, 62, 68, 91, 76, 72, 78, 74, 79, 80, 102, 67, 89, 84, 93, 84, 63, 93, 75, 66, 84, 77, 60, 73, 83, 67, 96, 96, 68, 83, 70, 75, 97, 81, 70, 90, 73, 76, 85, 74, 78, 86, 80, 82, 92, 100, 67, 102, 98, 68, 96, 87, 88, 69, 84, 97, 75, 91, 72, 81, 85, 76, 94, 85, 77, 73, 77, 95, 78, 102, 80, 92, 96, 67, 100, 88, 93, 69, 89, 97, 84, 91, 94, 76, 107, 89, 93, 105, 97, 89, 90, 70, 97, 90, 103, 81, 91, 81, 103, 706, 87, 98, 90, 101, 103, 78, 95, 86, 102, 92, 113, 98, 87, 68, 706, 88, 87, 86, 95, 99, 88, 107, 93, 90, 97, 115, 94, 91, 111, 107, 88, 114, 85, 94, 112, 77, 108, 95, 110, 98, 104, 91, 103, 111, 112, 94, 111, 77, 85, 108, 109, 95, 108, 100, 102, 106, 104, 98, 96, 706, 98, 110, 105, 119, 97, 112, 127, 129, 100, 106, 96, 104, 96, 106, 126, 111, 103, 85, 112, 108, 102, 113, 123, 110, 117, 706, 107, 105, 89, 115, 97, 119, 103, 101, 126, 109, 108, 124, 109, 99, 95, 106, 102, 123, 106, 123, 133, 110, 104, 134, 107, 118, 105, 130, 109, 124, 116, 99, 109, 123, 113, 120, 117, 110, 134, 140, 105, 118, 135, 115, 119, 90, 115, 101, 126, 127, 111, 127, 112, 111, 116, 109, 130, 107, 114, 118, 119, 105, 140, 101, 125, 126, 108, 112, 129, 130, 121, 116, 133, 122, 106, 118, 114, 137, 101, 115, 135, 144, 127, 126, 108, 129, 124, 104, 106, 122, 137, 114, 117, 128, 129, 127, 120, 132, 123, 134, 104, 149, 132, 133, 123, 122, 149, 104, 125, 101, 151, 142, 128, 144, 127, 144, 128, 131, 124, 129, 130, 124, 145, 118, 147, 140, 143, 136, 130, 135, 119, 140, 126, 125, 156, 128, 131, 129, 145, 124, 131, 130, 136, 121, 133, 132, 159, 141, 117, 134, 151, 156, 125, 143, 130, 145, 136, 143, 138, 117, 141, 137, 135, 151, 101, 122, 133, 148, 149, 139, 134, 147, 137, 160, 137, 147, 118, 161, 140, 147, 144, 126, 156, 148, 133, 159, 139, 149, 152, 149, 122, 152, 141, 134, 146, 150, 137, 141, 155, 140, 161, 155, 163, 151, 158, 144, 156, 142, 144, 158, 148, 152, 122, 139, 146, 134, 160, 161, 147, 146, 139, 173, 150, 141, 146, 128, 142, 164, 131, 128, 164, 154, 131, 164, 154, 145, 131, 150, 160, 137, 156, 151, 153, 148, 166, 152, 180, 146, 173, 176, 155, 161, 143, 145, 154, 139, 152, 171, 150, 146, 180, 153, 151, 163, 157, 156, 153, 154, 164, 174, 159, 170, 166, 176, 167, 155, 163, 155, 167, 157, 158, 156, 142, 182, 164, 154, 168, 143, 138, 143, 165, 166, 171, 152, 160, 172, 162, 160, 162, 161, 161, 162, 176, 158, 157, 182, 168, 154, 174, 143, 168, 165, 169, 165, 168, 173, 139, 171, 160, 150, 172, 166, 148, 159, 163, 177, 153, 153, 177, 157, 182, 142, 158, 166, 170, 175, 172, 150, 180, 192, 162, 172, 157, 189, 182, 175, 170, 191, 179, 173, 171, 192, 172, 198, 163, 184, 177, 168, 174, 183, 171, 166, 175, 185, 173, 179, 180, 173, 185, 188, 172, 180, 186, 182, 189, 164, 182, 190, 183, 169, 168, 171, 175, 178, 185, 179, 200, 181, 162, 192, 162, 181, 176, 184, 163, 167, 177, 184, 202, 190, 182, 186, 174, 164, 190, 193, 175, 191, 180, 185, 188, 198, 172, 188, 181, 187, 176, 177, 189, 157, 187, 167, 176, 184, 167, 187, 194, 175, 193, 179, 171, 178, 189, 177, 202, 190, 186, 210, 178, 175, 194, 200, 188, 185, 187, 181, 207, 193, 191, 211, 202, 184, 201, 196, 174, 190, 178, 195, 179, 195, 217, 179, 198, 188, 197, 205, 181, 192, 201, 184, 187, 199, 189, 202, 190, 210, 196, 192, 198, 205, 199, 203, 189, 183, 196, 222, 212, 193, 211, 207, 181, 205, 212, 213, 193, 204, 200, 217, 188, 200, 204, 210, 186, 203, 222, 196, 223, 196, 183, 174, 222, 206, 183, 213, 194, 193, 201, 187, 207, 203, 186, 189, 217, 200, 179, 201, 208, 221, 206, 169, 183, 213, 214, 195, 197, 188, 204, 199, 209, 203, 220, 204, 217, 204, 227, 197, 227, 204, 220, 207, 208, 201, 202, 209, 199, 210, 203, 225, 210, 223, 196, 206, 222, 664, 231, 664, 222, 195, 214, 217, 197, 205, 198, 211, 219, 216, 213, 212, 232, 209, 202, 221, 223, 210, 225, 216, 212, 211, 228, 197, 227, 205, 197, 228, 229, 207, 205, 202, 201, 221, 214, 213, 232, 234, 217, 214, 229, 205, 228, 224, 209, 218, 203, 224, 225, 216, 232, 212, 220, 217, 234, 209, 224, 203, 208, 705, 221, 218, 209, 221, 208, 207, 229, 239, 208, 229, 240, 224, 218, 231, 215, 664, 216, 219, 237, 227, 220, 226, 230, 223, 225, 231, 236, 215, 234, 226, 220, 228, 235, 229, 245, 225, 224, 230, 225, 245, 231, 222, 223, 232, 216, 244, 234, 214, 233, 226, 238, 227, 227, 238, 228, 705, 208, 239, 240, 245, 224, 223, 230, 243, 226, 234, 241, 249, 228, 238, 231, 223, 243, 231, 243, 246, 246, 236, 231, 214, 232, 233, 241, 234, 233, 235, 228, 249, 229, 235, 239, 240, 218, 247, 216, 237, 244, 257, 232, 244, 258, 226, 241, 245, 265, 230, 243, 230, 265, 241, 233, 252, 246, 253, 236, 232, 257, 233, 705, 239, 242, 245, 240, 260, 252, 233, 257, 248, 241, 252, 258, 238, 226, 254, 235, 249, 251, 256, 244, 258, 241, 248, 239, 235, 254, 255, 705, 242, 255, 247, 705, 243, 250, 246, 250, 253, 246, 244, 237, 251, 254, 242, 239, 242, 254, 267, 265, 250, 243, 257, 244, 256, 268, 252, 257, 271, 252, 268, 265, 245, 260, 256, 251, 269, 258, 266, 238, 263, 249, 238, 254, 249, 263, 267, 255, 242, 240, 247, 261, 252, 271, 248, 238, 266, 263, 259, 247, 255, 261, 247, 259, 265, 260, 280, 588, 253, 262, 282, 258, 248, 266, 258, 282, 253, 250, 262, 264, 261, 259, 261, 275, 240, 260, 240, 275, 260, 279, 280, 248, 271, 282, 259, 255, 267, 261, 264, 275, 283, 256, 269, 268, 257, 256, 266, 276, 263, 254, 263, 272, 267, 254, 273, 280, 286, 265, 265, 286, 250, 268, 256, 283, 303, 266, 282, 266, 303, 276, 273, 254, 272, 274, 267, 273, 699, 293, 283, 276, 272, 263, 274, 290, 267, 275, 279, 260, 262, 250, 277, 274, 273, 289, 259, 267, 290, 288, 275, 264, 279, 275, 288, 286, 277, 250, 277, 286, 306, 292, 270, 277, 283, 269, 699, 278, 271, 268, 282, 271, 281, 303, 282, 298, 284, 272, 276, 264, 259, 290, 292, 277, 304, 270, 262, 277, 271, 278, 294, 272, 289, 273, 289, 299, 274, 290, 285, 264, 280, 279, 296, 280, 291, 286, 289, 272, 284, 274, 299, 290, 264, 285, 288, 301, 283, 293, 283, 278, 268, 276, 303, 284, 296, 279, 288, 291, 280, 296, 281, 271, 294, 302, 303, 298, 285, 290, 300, 296, 288, 287, 699, 678, 293, 301, 278, 283, 281, 305, 298, 298, 282, 281, 284, 303, 302, 289, 284, 295, 300, 290, 299, 291, 306, 286, 301, 293, 675, 301, 294, 278, 294, 301, 312, 306, 304, 277, 297, 294, 312, 297, 281, 294, 296, 287, 318, 675, 293, 678, 299, 289, 307, 308, 291, 296, 675, 312, 301, 305, 281, 297, 302, 295, 284, 317, 285, 316, 285, 287, 288, 318, 308, 296, 302, 305, 703, 696, 302, 703, 295, 302, 696, 307, 289, 295, 316, 285, 300, 287, 285, 317, 305, 302, 298, 317, 318, 287, 292, 304, 688, 305, 297, 313, 291, 308, 319, 311, 312, 675, 299, 307, 315, 312, 710, 297, 295, 696, 314, 315, 307, 689, 300, 299, 315, 315, 316, 300, 306, 698, 304, 310, 675, 678, 710, 313, 297, 703, 305, 313, 689, 295, 314, 295, 689, 307, 318, 702, 308, 319, 306, 291, 319, 308, 702, 319, 698, 306, 697, 688, 304, 309, 292, 688, 140, 155, 135, 151, 135, 155, 178, 194, 195, 213, 195, 194, 321, 353, 322, 321, 322, 323, 325, 328, 327, 330, 329, 327, 331, 693, 329, 333, 336, 334, 663, 336, 335, 338, 337, 336, 339, 338, 665, 665, 340, 354, 341, 340, 708, 342, 343, 341, 342, 344, 343, 345, 344, 15, 350, 345, 346, 347, 348, 350, 326, 324, 323, 330, 331, 329, 332, 329, 693, 339, 337, 338, 350, 346, 347, 361, 350, 348, 324, 326, 325, 324, 321, 323, 333, 332, 693, 341, 708, 342, 349, 320, 353, 327, 328, 330, 343, 344, 345, 345, 352, 343, 351, 349, 353, 334, 332, 333, 354, 339, 665, 354, 340, 341, 343, 366, 341, 350, 352, 345, 337, 355, 336, 341, 356, 354, 325, 357, 324, 370, 358, 329, 332, 334, 359, 339, 371, 337, 350, 360, 352, 334, 336, 355, 362, 371, 339, 339, 354, 362, 363, 362, 354, 324, 357, 364, 366, 356, 341, 343, 352, 367, 388, 367, 352, 368, 360, 361, 353, 320, 322, 364, 357, 365, 327, 357, 325, 343, 367, 366, 360, 388, 352, 350, 361, 360, 321, 324, 364, 358, 357, 327, 356, 363, 354, 351, 353, 376, 321, 364, 369, 332, 370, 329, 355, 337, 371, 371, 372, 355, 367, 373, 366, 321, 369, 353, 334, 374, 359, 355, 372, 374, 365, 377, 364, 374, 334, 355, 371, 362, 383, 383, 362, 363, 369, 376, 353, 378, 365, 357, 357, 358, 378, 379, 378, 358, 370, 379, 358, 332, 380, 370, 372, 371, 394, 387, 373, 367, 369, 381, 376, 332, 359, 380, 359, 374, 382, 397, 374, 372, 383, 394, 371, 356, 366, 384, 375, 376, 381, 382, 380, 359, 363, 385, 383, 384, 363, 356, 373, 384, 366, 364, 377, 369, 398, 363, 384, 384, 386, 398, 377, 381, 369, 387, 367, 388, 360, 368, 390, 390, 389, 360, 379, 370, 392, 373, 386, 384, 388, 404, 387, 388, 360, 389, 391, 683, 381, 380, 392, 370, 385, 363, 398, 683, 375, 381, 392, 380, 393, 382, 407, 393, 395, 381, 377, 395, 377, 396, 365, 396, 377, 378, 379, 402, 380, 382, 393, 397, 407, 382, 382, 374, 397, 394, 400, 372, 404, 388, 389, 389, 424, 404, 395, 391, 381, 365, 378, 402, 393, 399, 392, 397, 372, 400, 387, 386, 373, 410, 389, 390, 391, 401, 683, 416, 400, 394, 403, 416, 394, 383, 385, 403, 403, 394, 383, 365, 402, 396, 405, 402, 379, 399, 379, 392, 389, 410, 691, 395, 414, 391, 404, 408, 409, 424, 408, 404, 396, 411, 395, 411, 396, 402, 399, 405, 379, 403, 412, 416, 386, 413, 398, 387, 409, 386, 691, 694, 424, 424, 389, 691, 391, 414, 425, 415, 414, 395, 399, 393, 423, 407, 397, 400, 406, 385, 398, 409, 413, 386, 409, 387, 404, 411, 415, 395, 407, 417, 418, 417, 407, 400, 406, 398, 413, 418, 393, 407, 419, 417, 400, 412, 403, 420, 403, 385, 420, 406, 420, 385, 405, 421, 411, 422, 421, 405, 422, 405, 399, 409, 428, 413, 411, 402, 405, 399, 423, 422, 416, 419, 400, 401, 391, 425, 421, 435, 411, 423, 393, 418, 412, 426, 416, 413, 434, 406, 418, 427, 423, 440, 420, 406, 424, 694, 444, 414, 430, 425, 431, 435, 421, 406, 434, 440, 428, 434, 413, 408, 432, 409, 429, 432, 408, 424, 429, 408, 415, 433, 414, 422, 431, 421, 419, 416, 426, 420, 440, 412, 415, 411, 435, 422, 423, 436, 419, 437, 417, 455, 440, 434, 409, 432, 428, 414, 438, 430, 435, 433, 415, 418, 417, 437, 426, 439, 419, 438, 445, 430, 433, 438, 414, 436, 431, 422, 444, 429, 424, 433, 453, 438, 427, 436, 423, 418, 437, 442, 437, 419, 439, 441, 435, 431, 447, 442, 437, 462, 439, 426, 429, 444, 456, 456, 443, 429, 438, 448, 445, 418, 442, 427, 439, 447, 437, 462, 447, 439, 426, 412, 449, 412, 440, 449, 432, 458, 428, 453, 433, 450, 433, 435, 450, 442, 446, 427, 449, 462, 426, 451, 455, 434, 432, 459, 458, 432, 429, 459, 441, 450, 435, 452, 441, 431, 436, 452, 431, 446, 436, 427, 457, 434, 428, 458, 457, 428, 448, 438, 453, 454, 467, 450, 461, 446, 442, 455, 449, 440, 459, 429, 443, 450, 441, 454, 457, 451, 434, 443, 460, 459, 442, 447, 461, 449, 474, 462, 443, 456, 668, 455, 463, 449, 464, 666, 448, 465, 452, 436, 474, 449, 463, 459, 466, 458, 452, 470, 441, 436, 446, 465, 472, 446, 461, 469, 461, 447, 448, 453, 464, 467, 453, 450, 454, 441, 470, 451, 463, 455, 460, 466, 459, 668, 486, 443, 467, 464, 453, 470, 471, 454, 465, 482, 452, 472, 465, 446, 473, 462, 474, 480, 463, 451, 457, 480, 451, 467, 454, 471, 470, 452, 482, 468, 461, 469, 460, 443, 475, 482, 499, 470, 495, 482, 465, 465, 472, 495, 480, 457, 476, 476, 457, 458, 466, 476, 458, 477, 478, 466, 477, 466, 460, 443, 486, 475, 468, 479, 472, 472, 461, 468, 463, 484, 474, 478, 476, 466, 467, 471, 491, 483, 469, 473, 475, 477, 460, 464, 487, 666, 481, 484, 463, 477, 485, 478, 475, 486, 497, 483, 473, 488, 474, 488, 473, 481, 463, 480, 478, 489, 476, 477, 475, 490, 491, 487, 464, 479, 495, 472, 468, 492, 493, 468, 469, 492, 469, 483, 492, 484, 488, 474, 490, 485, 477, 497, 506, 475, 499, 471, 470, 479, 502, 495, 491, 464, 467, 493, 502, 479, 493, 479, 468, 484, 481, 500, 480, 476, 489, 518, 494, 487, 487, 491, 518, 491, 512, 518, 480, 489, 496, 471, 498, 491, 496, 481, 480, 490, 475, 506, 482, 501, 499, 481, 496, 503, 508, 496, 489, 478, 504, 489, 491, 498, 512, 501, 505, 519, 509, 493, 492, 492, 483, 509, 500, 510, 488, 500, 488, 484, 504, 508, 489, 506, 528, 516, 495, 507, 501, 500, 481, 503, 503, 514, 500, 501, 482, 495, 502, 507, 495, 510, 483, 488, 514, 503, 511, 499, 498, 471, 513, 509, 483, 500, 514, 510, 504, 515, 508, 516, 485, 490, 505, 501, 507, 493, 517, 502, 510, 513, 483, 498, 519, 523, 514, 520, 510, 516, 490, 506, 498, 499, 519, 519, 499, 501, 507, 502, 521, 517, 493, 509, 520, 514, 545, 503, 496, 525, 522, 523, 540, 521, 502, 517, 517, 524, 521, 511, 503, 525, 485, 527, 504, 509, 513, 531, 531, 517, 509, 485, 516, 527, 522, 518, 512, 523, 512, 498, 534, 526, 505, 507, 534, 505, 511, 545, 514, 535, 525, 508, 515, 535, 508, 504, 478, 485, 527, 516, 532, 523, 519, 530, 513, 510, 529, 520, 529, 510, 545, 548, 520, 525, 496, 508, 519, 505, 530, 711, 529, 548, 532, 516, 528, 540, 523, 530, 521, 534, 507, 511, 525, 542, 532, 528, 538, 530, 505, 526, 534, 521, 549, 521, 524, 549, 529, 520, 548, 545, 511, 542, 515, 536, 535, 504, 527, 543, 537, 532, 533, 538, 533, 532, 518, 522, 494, 524, 517, 531, 556, 531, 711, 535, 542, 525, 539, 494, 522, 522, 553, 539, 543, 536, 515, 544, 549, 524, 531, 544, 524, 556, 541, 531, 515, 504, 543, 547, 530, 526, 541, 544, 531, 548, 556, 711, 535, 536, 558, 553, 522, 540, 546, 540, 530, 547, 546, 530, 534, 547, 526, 542, 535, 558, 550, 551, 543, 544, 541, 562, 548, 545, 552, 527, 550, 543, 553, 554, 539, 546, 555, 540, 569, 556, 548, 552, 545, 557, 557, 545, 542, 527, 532, 550, 537, 533, 564, 553, 565, 554, 549, 559, 534, 551, 536, 543, 547, 534, 559, 560, 558, 536, 551, 560, 536, 537, 550, 532, 574, 565, 553, 555, 553, 540, 547, 561, 546, 559, 549, 562, 549, 544, 562, 548, 552, 569, 550, 563, 551, 559, 571, 547, 587, 562, 541, 569, 572, 556, 537, 563, 550, 537, 578, 563, 564, 692, 578, 578, 537, 564, 546, 561, 555, 571, 561, 547, 562, 568, 559, 556, 572, 541, 558, 557, 542, 574, 566, 565, 553, 555, 574, 567, 574, 555, 560, 551, 576, 563, 576, 551, 568, 571, 559, 555, 561, 567, 557, 582, 552, 570, 557, 558, 560, 583, 558, 692, 588, 578, 572, 587, 541, 575, 569, 552, 552, 582, 575, 563, 577, 573, 582, 557, 570, 583, 570, 558, 563, 578, 577, 569, 579, 572, 573, 576, 563, 580, 567, 561, 581, 587, 572, 576, 583, 560, 574, 589, 566, 586, 568, 562, 579, 569, 575, 577, 603, 573, 561, 571, 580, 562, 587, 586, 588, 681, 591, 589, 584, 566, 590, 571, 568, 585, 590, 568, 586, 585, 568, 578, 591, 577, 581, 572, 579, 582, 570, 592, 592, 583, 593, 591, 578, 588, 567, 589, 574, 567, 580, 594, 571, 595, 580, 586, 596, 585, 579, 575, 597, 575, 582, 597, 582, 592, 602, 704, 583, 576, 576, 573, 704, 603, 577, 591, 598, 599, 584, 598, 584, 589, 594, 589, 567, 586, 587, 600, 581, 600, 587, 579, 601, 581, 704, 593, 583, 704, 573, 603, 598, 589, 594, 594, 615, 598, 595, 571, 590, 610, 590, 585, 585, 596, 610, 601, 600, 581, 604, 601, 579, 579, 597, 604, 602, 597, 582, 580, 608, 594, 580, 595, 608, 590, 609, 595, 600, 596, 586, 604, 597, 605, 604, 626, 601, 611, 602, 592, 593, 611, 592, 607, 603, 591, 591, 681, 617, 619, 599, 598, 595, 609, 608, 610, 609, 590, 602, 605, 597, 607, 606, 603, 617, 607, 591, 600, 601, 612, 603, 614, 704, 615, 619, 598, 616, 610, 596, 612, 596, 600, 604, 605, 626, 602, 611, 628, 615, 594, 608, 612, 601, 626, 602, 628, 605, 613, 611, 593, 603, 606, 614, 613, 630, 611, 607, 617, 634, 610, 620, 609, 621, 616, 596, 621, 596, 612, 618, 626, 605, 615, 622, 619, 608, 629, 615, 624, 629, 608, 624, 608, 609, 613, 646, 630, 625, 606, 607, 622, 635, 619, 610, 616, 631, 647, 613, 614, 606, 623, 614, 622, 615, 629, 620, 624, 609, 626, 627, 612, 628, 611, 630, 646, 613, 647, 627, 621, 612, 628, 618, 605, 634, 625, 607, 620, 610, 631, 645, 630, 646, 679, 619, 635, 620, 632, 624, 631, 633, 620, 614, 623, 648, 606, 651, 650, 626, 639, 627, 625, 651, 606, 635, 677, 679, 674, 676, 622, 622, 629, 636, 629, 624, 644, 672, 644, 624, 637, 633, 631, 631, 616, 637, 616, 621, 695, 639, 638, 627, 626, 618, 640, 640, 618, 641, 641, 618, 628, 630, 642, 628, 625, 634, 652, 676, 635, 622, 674, 622, 636, 643, 636, 629, 643, 629, 644, 624, 632, 672, 633, 632, 620, 695, 637, 616, 638, 695, 621, 621, 627, 638, 640, 639, 626, 641, 628, 642, 645, 642, 630, 647, 614, 648, 649, 648, 623, 650, 649, 623, 650, 623, 606, 652, 651, 625, 583, 592, 570, 469, 447, 473, 462, 473, 447, 522, 512, 523, 358, 327, 329, 671, 322, 320, 673, 326, 323, 700, 325, 326, 700, 328, 325, 5, 330, 328, 8, 663, 335, 663, 338, 336, 662, 665, 338, 669, 340, 665, 669, 12, 708, 13, 342, 708, 13, 344, 342, 15, 346, 345, 17, 347, 346, 670, 361, 348, 670, 368, 361, 61, 410, 390, 667, 456, 444, 121, 668, 456, 138, 486, 668, 138, 497, 486, 655, 506, 497, 655, 528, 506, 660, 538, 528, 664, 533, 538, 684, 634, 617, 687, 651, 652, 697, 650, 651, 702, 647, 648, 318, 645, 646, 642, 645, 317, 654, 641, 642, 659, 640, 641, 656, 639, 640, 658, 638, 639, 703, 633, 637, 701, 632, 633, 311, 674, 636, 676, 674, 311, 678, 679, 677, 679, 599, 619, 269, 584, 599, 680, 566, 584, 219, 539, 554, 657, 494, 539, 653, 487, 494, 661, 666, 487, 113, 430, 445, 113, 425, 430, 113, 92, 425, 82, 683, 401, 685, 376, 375, 685, 351, 376, 0, 320, 349, 120, 445, 448, 159, 666, 661, 219, 657, 539, 269, 680, 584, 310, 677, 635, 311, 636, 643, 710, 644, 672, 314, 638, 658, 315, 656, 659, 316, 659, 654, 318, 317, 645, 309, 652, 634, 292, 634, 684, 684, 617, 681, 253, 588, 692, 236, 692, 564, 206, 664, 538, 169, 206, 660, 169, 660, 655, 136, 138, 668, 116, 121, 667, 116, 667, 99, 99, 667, 694, 47, 368, 24, 24, 368, 670, 11, 669, 665, 10, 11, 662, 9, 10, 662, 7, 690, 333, 6, 693, 331, 6, 331, 5, 700, 326, 673, 1, 322, 671, 191, 170, 653, 655, 165, 169, 316, 315, 659, 317, 316, 654, 219, 211, 657, 653, 657, 191, 211, 191, 657, 659, 641, 654, 656, 689, 658, 165, 655, 497, 656, 640, 659, 690, 8, 335, 660, 528, 655, 170, 159, 661, 661, 653, 170, 657, 653, 494, 653, 661, 487, 656, 315, 689, 538, 660, 206, 690, 335, 333, 448, 132, 120, 138, 165, 497, 658, 639, 656, 663, 8, 9, 9, 338, 663, 9, 662, 338, 665, 662, 11, 333, 335, 336, 121, 136, 668, 11, 12, 669, 12, 13, 708, 697, 651, 687, 304, 698, 697, 648, 649, 319, 698, 319, 649, 47, 61, 390, 672, 632, 701, 0, 1, 671, 313, 710, 672, 311, 675, 676, 675, 310, 676, 310, 678, 677, 678, 699, 679, 699, 269, 599, 680, 251, 237, 269, 251, 680, 565, 680, 237, 673, 709, 2, 14, 15, 344, 17, 346, 15, 262, 270, 681, 82, 682, 683, 270, 292, 684, 685, 55, 50, 50, 26, 685, 26, 0, 349, 292, 309, 634, 348, 347, 686, 17, 686, 347, 309, 688, 687, 686, 24, 670, 2, 3, 700, 236, 253, 692, 658, 689, 314, 319, 702, 648, 74, 86, 691, 691, 410, 74, 237, 219, 554, 314, 696, 695, 86, 99, 694, 696, 703, 637, 92, 82, 401, 635, 676, 310, 685, 26, 351, 673, 2, 700, 61, 74, 410, 682, 375, 683, 682, 55, 375, 697, 698, 650, 649, 650, 698, 312, 311, 643, 679, 699, 599, 320, 0, 671, 13, 14, 344, 709, 673, 323, 686, 670, 348, 309, 687, 652, 55, 685, 375, 588, 262, 681, 681, 270, 684, 47, 390, 368, 26, 349, 351, 687, 688, 697, 701, 313, 672, 703, 313, 701, 666, 132, 448, 654, 642, 317, 121, 456, 667, 331, 330, 5, 7, 693, 6, 691, 86, 694, 120, 113, 445, 646, 647, 702, 237, 554, 565, 5, 328, 4, 700, 4, 328, 695, 696, 637, 425, 92, 401, 638, 314, 695, 159, 132, 666, 667, 444, 694, 664, 215, 533, 701, 633, 703, 702, 318, 646, 693, 7, 333, 215, 236, 564, 564, 533, 215, 593, 704, 613, 614, 613, 704, 221, 705, 218, 247, 218, 705, 88, 706, 114, 117, 114, 706, 28, 36, 1, 19, 707, 27, 32, 27, 707, 565, 566, 680, 340, 669, 708, 1, 709, 322, 323, 322, 709, 644, 710, 643, 312, 643, 710, 529, 711, 513, 531, 513, 711, 34, 712, 44, 60, 44, 712]
        rel material:binding = </Locomotion_Terrain_Small/Looks/OmniPBR> (
            bindMaterialAs = "strongerThanDescendants"
        )
        bool NewtonCollisionAPI = 1
        normal3f[] normals = [(-0.0103357285, -0.99573314, 0.09169997), (0.0011416868, -0.9993037, 0.03729232), (0.0008917332, -0.99926144, 0.038416054), (-0.38276583, -0.08847704, 0.9195989), (-0.59635705, -0.015545197, 0.8025689), (-0.106013864, -0.030474953, 0.9938975), (0.043875698, -0.99482477, 0.09164427), (0.03108937, -0.9992456, 0.023277737), (0.043492697, -0.9962803, 0.07439005), (0.18943983, -0.9818865, 0.0033856935), (0.08709573, -0.97960454, 0.18107809), (0.074069604, -0.96771723, 0.24090907), (0.074069604, -0.96771723, 0.24090907), (0.123843595, -0.9531828, 0.27587208), (0.090832286, -0.95332205, 0.28796974), (0.090832286, -0.95332205, 0.28796974), (0.037965577, -0.9416972, 0.33431265), (0.0037125305, -0.87322193, 0.48730862), (0.0037125305, -0.87322193, 0.48730862), (0.037965577, -0.9416972, 0.33431265), (0.02742412, -0.93534625, 0.3526689), (-0.02379436, -0.9578677, 0.2862224), (-0.042847108, -0.9686498, 0.24470718), (-0.019750018, -0.9625298, 0.27045608), (0.0009968289, -0.96266747, 0.27068508), (0.033876657, -0.96816164, 0.24802297), (-0.02379436, -0.9578677, 0.2862224), (-0.06868982, -0.9676053, 0.24294376), (-0.0939007, -0.96383584, 0.24940549), (-0.09399802, -0.951659, 0.29242012), (-0.06868982, -0.9676053, 0.24294376), (0.033876657, -0.96816164, 0.24802297), (0.0009968289, -0.96266747, 0.27068508), (-0.09399802, -0.951659, 0.29242012), (-0.06637173, -0.9646187, 0.25515786), (-0.050676625, -0.9765175, 0.20939334), (-0.050676625, -0.9765175, 0.20939334), (-0.083267756, -0.9763058, 0.19973344), (-0.019990945, -0.9883643, 0.15078618), (-0.019990945, -0.9883643, 0.15078618), (-0.083267756, -0.9763058, 0.19973344), (-0.041400217, -0.99433833, 0.09786353), (0.021384437, -0.07139853, 0.99721855), (0.0028862401, -0.021442015, 0.99976593), (0.008286832, 0.008161039, 0.9999323), (-0.031216118, -0.9944588, 0.10038524), (-0.1040172, -0.9478043, 0.30140918), (-0.030378893, -0.9959088, 0.08510392), (-0.031216118, -0.9944588, 0.10038524), (-0.030987028, -0.987355, 0.1554669), (-0.1040172, -0.9478043, 0.30140918), (0.123843595, -0.9531828, 0.27587208), (0.074069604, -0.96771723, 0.24090907), (0.08709573, -0.97960454, 0.18107809), (0.037965577, -0.9416972, 0.33431265), (0.090832286, -0.95332205, 0.28796974), (0.123843595, -0.9531828, 0.27587208), (-0.019750018, -0.9625298, 0.27045608), (0.02742412, -0.93534625, 0.3526689), (0.037965577, -0.9416972, 0.33431265), (-0.042847108, -0.9686498, 0.24470718), (0.02742412, -0.93534625, 0.3526689), (-0.019750018, -0.9625298, 0.27045608), (-0.042847108, -0.9686498, 0.24470718), (-0.02379436, -0.9578677, 0.2862224), (0.033876657, -0.96816164, 0.24802297), (-0.0939007, -0.96383584, 0.24940549), (-0.06868982, -0.9676053, 0.24294376), (0.0009968289, -0.96266747, 0.27068508), (-0.041400217, -0.99433833, 0.09786353), (0.025090305, -0.9979717, 0.058507066), (-0.019990945, -0.9883643, 0.15078618), (-0.062312048, -0.997661, -0.028102705), (-0.030987028, -0.987355, 0.1554669), (-0.031216118, -0.9944588, 0.10038524), (0.022471394, -0.9967182, 0.0777673), (0.043875698, -0.99482477, 0.09164427), (0.043492697, -0.9962803, 0.07439005), (0.3897842, -0.9185598, -0.0656972), (0.08709573, -0.97960454, 0.18107809), (0.18943983, -0.9818865, 0.0033856935), (0.08709573, -0.97960454, 0.18107809), (0.03108937, -0.9992456, 0.023277737), (0.043875698, -0.99482477, 0.09164427), (-0.0076809656, -0.018758042, 0.99979454), (0.021384437, -0.07139853, 0.99721855), (0.008286832, 0.008161039, 0.9999323), (0.022471394, -0.9967182, 0.0777673), (0.043492697, -0.9962803, 0.07439005), (-0.0103357285, -0.99573314, 0.09169997), (-0.041400217, -0.99433833, 0.09786353), (-0.0037495373, -0.9998155, 0.018842533), (0.025090305, -0.9979717, 0.058507066), (-0.030378893, -0.9959088, 0.08510392), (0.025090305, -0.9979717, 0.058507066), (-0.0037495373, -0.9998155, 0.018842533), (0.22600071, -0.9717526, 0.06797399), (0.08510733, -0.99617547, 0.019779818), (0.1227689, -0.9924071, 0.0074858107), (-0.0103357285, -0.99573314, 0.09169997), (0.0008917332, -0.99926144, 0.038416054), (0.022471394, -0.9967182, 0.0777673), (-0.06637173, -0.9646187, 0.25515786), (-0.09399802, -0.951659, 0.29242012), (-0.0939007, -0.96383584, 0.24940549), (-0.06637173, -0.9646187, 0.25515786), (-0.083267756, -0.9763058, 0.19973344), (-0.050676625, -0.9765175, 0.20939334), (-0.031216118, -0.9944588, 0.10038524), (-0.030378893, -0.9959088, 0.08510392), (-0.0037495373, -0.9998155, 0.018842533), (0.08510733, -0.99617547, 0.019779818), (0.0011416868, -0.9993037, 0.03729232), (0.1227689, -0.9924071, 0.0074858107), (-0.083267756, -0.9763058, 0.19973344), (-0.06637173, -0.9646187, 0.25515786), (-0.09277036, -0.97449964, 0.20431362), (0.043875698, -0.99482477, 0.09164427), (0.022471394, -0.9967182, 0.0777673), (0.079297416, -0.9906047, 0.11141943), (0.123843595, -0.9531828, 0.27587208), (0.08709573, -0.97960454, 0.18107809), (0.14363576, -0.9576979, 0.24936602), (0.037965577, -0.9416972, 0.33431265), (0.02703698, -0.98126984, 0.19073153), (-0.019750018, -0.9625298, 0.27045608), (-0.0939007, -0.96383584, 0.24940549), (0.0009968289, -0.96266747, 0.27068508), (-0.06408768, -0.9886578, 0.13582575), (-0.031216118, -0.9944588, 0.10038524), (-0.0037495373, -0.9998155, 0.018842533), (-0.04931243, -0.99878275, -0.0011124539), (-0.019750018, -0.9625298, 0.27045608), (-0.021941546, -0.9784675, 0.20523125), (-0.02379436, -0.9578677, 0.2862224), (0.13953494, -0.9632536, 0.22950512), (0.043875698, -0.99482477, 0.09164427), (0.079297416, -0.9906047, 0.11141943), (-0.041400217, -0.99433833, 0.09786353), (-0.10068872, -0.9915849, 0.081370085), (-0.0037495373, -0.9998155, 0.018842533), (0.08709573, -0.97960454, 0.18107809), (0.043875698, -0.99482477, 0.09164427), (0.13953494, -0.9632536, 0.22950512), (-0.09277036, -0.97449964, 0.20431362), (-0.14751908, -0.97564626, 0.16233383), (-0.083267756, -0.9763058, 0.19973344), (-0.041400217, -0.99433833, 0.09786353), (-0.083267756, -0.9763058, 0.19973344), (-0.14751908, -0.97564626, 0.16233383), (-0.031216118, -0.9944588, 0.10038524), (-0.04931243, -0.99878275, -0.0011124539), (-0.062312048, -0.997661, -0.028102705), (0.0008917332, -0.99926144, 0.038416054), (0.079297416, -0.9906047, 0.11141943), (0.022471394, -0.9967182, 0.0777673), (0.14363576, -0.9576979, 0.24936602), (0.08709573, -0.97960454, 0.18107809), (0.13953494, -0.9632536, 0.22950512), (0.22600071, -0.9717526, 0.06797399), (0.063336216, -0.9978311, 0.017936114), (0.08510733, -0.99617547, 0.019779818), (0.0008917332, -0.99926144, 0.038416054), (0.04588387, -0.99871355, 0.021583475), (0.079297416, -0.9906047, 0.11141943), (0.08801085, -0.98336107, 0.15891834), (0.123843595, -0.9531828, 0.27587208), (0.14363576, -0.9576979, 0.24936602), (0.02703698, -0.98126984, 0.19073153), (0.037965577, -0.9416972, 0.33431265), (0.123843595, -0.9531828, 0.27587208), (-0.021941546, -0.9784675, 0.20523125), (0.0009968289, -0.96266747, 0.27068508), (-0.02379436, -0.9578677, 0.2862224), (0.0009968289, -0.96266747, 0.27068508), (-0.021941546, -0.9784675, 0.20523125), (-0.06408768, -0.9886578, 0.13582575), (-0.10068872, -0.9915849, 0.081370085), (-0.041400217, -0.99433833, 0.09786353), (-0.14751908, -0.97564626, 0.16233383), (0.0008917332, -0.99926144, 0.038416054), (0.08510733, -0.99617547, 0.019779818), (0.04588387, -0.99871355, 0.021583475), (0.13953494, -0.9632536, 0.22950512), (0.079297416, -0.9906047, 0.11141943), (0.18166648, -0.9676179, 0.17525102), (0.08801085, -0.98336107, 0.15891834), (0.02703698, -0.98126984, 0.19073153), (0.123843595, -0.9531828, 0.27587208), (-0.019750018, -0.9625298, 0.27045608), (0.02703698, -0.98126984, 0.19073153), (0.008551347, -0.9930756, 0.11716497), (-0.021941546, -0.9784675, 0.20523125), (0.008551347, -0.9930756, 0.11716497), (-0.034686685, -0.9982627, 0.047627993), (-0.04931243, -0.99878275, -0.0011124539), (-0.23384093, -0.9716499, 0.03485575), (-0.23451854, -0.9719236, -0.019120634), (0.18166648, -0.9676179, 0.17525102), (0.079297416, -0.9906047, 0.11141943), (0.15438093, -0.980616, 0.12066045), (0.008551347, -0.9930756, 0.11716497), (-0.021941546, -0.9784675, 0.20523125), (-0.019750018, -0.9625298, 0.27045608), (-0.021941546, -0.9784675, 0.20523125), (-0.07398647, -0.99691784, 0.026093062), (-0.06408768, -0.9886578, 0.13582575), (-0.06408768, -0.9886578, 0.13582575), (-0.070024006, -0.99103117, 0.11381475), (-0.0939007, -0.96383584, 0.24940549), (-0.070024006, -0.99103117, 0.11381475), (-0.02103939, -0.99938047, 0.028212126), (-0.09277036, -0.97449964, 0.20431362), (-0.23451854, -0.9719236, -0.019120634), (-0.062312048, -0.997661, -0.028102705), (-0.04931243, -0.99878275, -0.0011124539), (0.04588387, -0.99871355, 0.021583475), (0.08510733, -0.99617547, 0.019779818), (0.063336216, -0.9978311, 0.017936114), (0.15267652, -0.97041714, 0.18703075), (0.13953494, -0.9632536, 0.22950512), (0.18166648, -0.9676179, 0.17525102), (0.13953494, -0.9632536, 0.22950512), (0.15267652, -0.97041714, 0.18703075), (0.14363576, -0.9576979, 0.24936602), (0.07867473, -0.99450845, 0.069016576), (0.14363576, -0.9576979, 0.24936602), (0.15267652, -0.97041714, 0.18703075), (0.08801085, -0.98336107, 0.15891834), (0.14363576, -0.9576979, 0.24936602), (0.07867473, -0.99450845, 0.069016576), (0.02703698, -0.98126984, 0.19073153), (0.08801085, -0.98336107, 0.15891834), (0.004171147, -0.9991872, 0.040095255), (-0.034686685, -0.9982627, 0.047627993), (-0.07398647, -0.99691784, 0.026093062), (-0.021941546, -0.9784675, 0.20523125), (-0.10068872, -0.9915849, 0.081370085), (-0.14751908, -0.97564626, 0.16233383), (-0.16421129, -0.98183095, 0.09509233), (0.04588387, -0.99871355, 0.021583475), (0.063336216, -0.9978311, 0.017936114), (0.061066978, -0.9970091, -0.047366638), (0.02703698, -0.98126984, 0.19073153), (-0.0028424927, -0.99998194, -0.0052913716), (0.008551347, -0.9930756, 0.11716497), (0.013273591, -0.99989843, -0.0051784506), (-0.034686685, -0.9982627, 0.047627993), (0.008551347, -0.9930756, 0.11716497), (-0.09040634, -0.9958796, -0.0071056033), (-0.06408768, -0.9886578, 0.13582575), (-0.07398647, -0.99691784, 0.026093062), (-0.06408768, -0.9886578, 0.13582575), (-0.09040634, -0.9958796, -0.0071056033), (-0.070024006, -0.99103117, 0.11381475), (-0.09277036, -0.97449964, 0.20431362), (-0.10335416, -0.99239814, 0.06681167), (-0.14751908, -0.97564626, 0.16233383), (-0.0028424927, -0.99998194, -0.0052913716), (0.02703698, -0.98126984, 0.19073153), (0.004171147, -0.9991872, 0.040095255), (-0.02103939, -0.99938047, 0.028212126), (-0.070024006, -0.99103117, 0.11381475), (-0.039520446, -0.9989155, -0.024613272), (-0.10335416, -0.99239814, 0.06681167), (-0.09277036, -0.97449964, 0.20431362), (-0.02103939, -0.99938047, 0.028212126), (-0.16421129, -0.98183095, 0.09509233), (-0.14751908, -0.97564626, 0.16233383), (-0.10335416, -0.99239814, 0.06681167), (0.079297416, -0.9906047, 0.11141943), (0.04588387, -0.99871355, 0.021583475), (0.15438093, -0.980616, 0.12066045), (-0.021398535, -0.999098, -0.036677837), (-0.10335416, -0.99239814, 0.06681167), (-0.02103939, -0.99938047, 0.028212126), (-0.10335416, -0.99239814, 0.06681167), (-0.021398535, -0.999098, -0.036677837), (-0.08132857, -0.9966196, -0.011617394), (0.15438093, -0.980616, 0.12066045), (0.04588387, -0.99871355, 0.021583475), (0.13573481, -0.98917115, 0.05582528), (-0.034686685, -0.9982627, 0.047627993), (0.013273591, -0.99989843, -0.0051784506), (-0.029438851, -0.9990903, -0.030851992), (-0.039520446, -0.9989155, -0.024613272), (-0.070024006, -0.99103117, 0.11381475), (-0.09040634, -0.9958796, -0.0071056033), (-0.10068872, -0.9915849, 0.081370085), (-0.16421129, -0.98183095, 0.09509233), (-0.13458136, -0.98911136, 0.05955423), (0.13573481, -0.98917115, 0.05582528), (0.04588387, -0.99871355, 0.021583475), (0.061066978, -0.9970091, -0.047366638), (0.07867473, -0.99450845, 0.069016576), (0.0177903, -0.9996582, -0.019155402), (0.08801085, -0.98336107, 0.15891834), (-0.16421129, -0.98183095, 0.09509233), (-0.10335416, -0.99239814, 0.06681167), (-0.08132857, -0.9966196, -0.011617394), (-0.08799746, -0.99445516, 0.057580095), (-0.23384093, -0.9716499, 0.03485575), (-0.04931243, -0.99878275, -0.0011124539), (0.15835132, -0.9850919, 0.067221805), (0.13573481, -0.98917115, 0.05582528), (0.14253974, -0.98957527, -0.020577123), (0.004171147, -0.9991872, 0.040095255), (0.08801085, -0.98336107, 0.15891834), (0.0177903, -0.9996582, -0.019155402), (-0.039520446, -0.9989155, -0.024613272), (-0.021398535, -0.999098, -0.036677837), (-0.02103939, -0.99938047, 0.028212126), (-0.13458136, -0.98911136, 0.05955423), (-0.08799746, -0.99445516, 0.057580095), (-0.10068872, -0.9915849, 0.081370085), (-0.23384093, -0.9716499, 0.03485575), (-0.53079265, -0.8427394, 0.08971823), (-0.23451854, -0.9719236, -0.019120634), (0.13573481, -0.98917115, 0.05582528), (0.061066978, -0.9970091, -0.047366638), (0.14253974, -0.98957527, -0.020577123), (0.0177903, -0.9996582, -0.019155402), (-0.0028424927, -0.99998194, -0.0052913716), (0.004171147, -0.9991872, 0.040095255), (-0.07398647, -0.99691784, 0.026093062), (-0.08760566, -0.9957037, -0.029988887), (-0.09040634, -0.9958796, -0.0071056033), (0.20481855, -0.9701305, 0.12998547), (0.15438093, -0.980616, 0.12066045), (0.13573481, -0.98917115, 0.05582528), (0.18166648, -0.9676179, 0.17525102), (0.15438093, -0.980616, 0.12066045), (0.20481855, -0.9701305, 0.12998547), (0.15267652, -0.97041714, 0.18703075), (0.11718387, -0.9907019, 0.06912032), (0.07867473, -0.99450845, 0.069016576), (-0.0028424927, -0.99998194, -0.0052913716), (0.013273591, -0.99989843, -0.0051784506), (0.008551347, -0.9930756, 0.11716497), (-0.08760566, -0.9957037, -0.029988887), (-0.07398647, -0.99691784, 0.026093062), (-0.029438851, -0.9990903, -0.030851992), (-0.09937426, -0.9949258, 0.015728338), (-0.23384093, -0.9716499, 0.03485575), (-0.08799746, -0.99445516, 0.057580095), (0.15835132, -0.9850919, 0.067221805), (0.14253974, -0.98957527, -0.020577123), (0.19688416, -0.9792223, 0.04858395), (0.20481855, -0.9701305, 0.12998547), (0.13573481, -0.98917115, 0.05582528), (0.21469359, -0.97088563, 0.10624354), (0.18166648, -0.9676179, 0.17525102), (0.11718387, -0.9907019, 0.06912032), (0.15267652, -0.97041714, 0.18703075), (0.0177903, -0.9996582, -0.019155402), (0.07867473, -0.99450845, 0.069016576), (0.039290287, -0.9988418, -0.027771762), (-0.13458136, -0.98911136, 0.05955423), (-0.16421129, -0.98183095, 0.09509233), (-0.08132857, -0.9966196, -0.011617394), (0.013273591, -0.99989843, -0.0051784506), (-0.0028424927, -0.99998194, -0.0052913716), (0.018444028, -0.99689865, -0.07650439), (-0.029438851, -0.9990903, -0.030851992), (-0.07398647, -0.99691784, 0.026093062), (-0.034686685, -0.9982627, 0.047627993), (-0.19253479, -0.98072016, 0.033442464), (-0.53079265, -0.8427394, 0.08971823), (-0.23384093, -0.9716499, 0.03485575), (0.21469359, -0.97088563, 0.10624354), (0.13573481, -0.98917115, 0.05582528), (0.15835132, -0.9850919, 0.067221805), (-0.0028424927, -0.99998194, -0.0052913716), (0.0177903, -0.9996582, -0.019155402), (-0.021667445, -0.9982032, -0.055864505), (-0.09040634, -0.9958796, -0.0071056033), (-0.07009283, -0.9971968, -0.026181899), (-0.039520446, -0.9989155, -0.024613272), (-0.07009283, -0.9971968, -0.026181899), (-0.09040634, -0.9958796, -0.0071056033), (-0.08760566, -0.9957037, -0.029988887), (-0.07009283, -0.9971968, -0.026181899), (-0.021398535, -0.999098, -0.036677837), (-0.039520446, -0.9989155, -0.024613272), (-0.09937426, -0.9949258, 0.015728338), (-0.08799746, -0.99445516, 0.057580095), (-0.12918979, -0.99132264, 0.024277031), (0.18166648, -0.9676179, 0.17525102), (0.20481855, -0.9701305, 0.12998547), (0.11718387, -0.9907019, 0.06912032), (0.039290287, -0.9988418, -0.027771762), (0.07867473, -0.99450845, 0.069016576), (0.11718387, -0.9907019, 0.06912032), (-0.023513515, -0.9995501, -0.01862377), (-0.08132857, -0.9966196, -0.011617394), (-0.021398535, -0.999098, -0.036677837), (-0.09937426, -0.9949258, 0.015728338), (-0.19253479, -0.98072016, 0.033442464), (-0.23384093, -0.9716499, 0.03485575), (0.15835132, -0.9850919, 0.067221805), (0.1969811, -0.97726893, 0.07838278), (0.21469359, -0.97088563, 0.10624354), (0.0073353336, -0.99860334, -0.0523236), (0.018444028, -0.99689865, -0.07650439), (-0.021667445, -0.9982032, -0.055864505), (0.018444028, -0.99689865, -0.07650439), (-0.0028424927, -0.99998194, -0.0052913716), (-0.021667445, -0.9982032, -0.055864505), (-0.029438851, -0.9990903, -0.030851992), (0.013273591, -0.99989843, -0.0051784506), (0.018444028, -0.99689865, -0.07650439), (-0.12918979, -0.99132264, 0.024277031), (-0.08799746, -0.99445516, 0.057580095), (-0.13458136, -0.98911136, 0.05955423), (0.20481855, -0.9701305, 0.12998547), (0.21469359, -0.97088563, 0.10624354), (0.14534196, -0.98759216, 0.05947677), (0.14534196, -0.98759216, 0.05947677), (0.11718387, -0.9907019, 0.06912032), (0.20481855, -0.9701305, 0.12998547), (-0.08760566, -0.9957037, -0.029988887), (-0.029438851, -0.9990903, -0.030851992), (-0.017250737, -0.9977307, -0.0650836), (-0.07009283, -0.9971968, -0.026181899), (-0.08760566, -0.9957037, -0.029988887), (-0.07587182, -0.9956718, -0.05367645), (-0.13458136, -0.98911136, 0.05955423), (-0.08132857, -0.9966196, -0.011617394), (-0.103760175, -0.9945407, -0.011078389), (-0.19253479, -0.98072016, 0.033442464), (-0.09937426, -0.9949258, 0.015728338), (-0.1121772, -0.9936614, 0.007297504), (0.15835132, -0.9850919, 0.067221805), (0.19688416, -0.9792223, 0.04858395), (0.15864863, -0.98536915, 0.062275514), (0.25504252, -0.9599437, 0.116022766), (0.21469359, -0.97088563, 0.10624354), (0.1969811, -0.97726893, 0.07838278), (0.028026707, -0.99941134, -0.01978356), (0.11718387, -0.9907019, 0.06912032), (0.14534196, -0.98759216, 0.05947677), (0.039290287, -0.9988418, -0.027771762), (-0.00057437096, -0.99877656, -0.049446568), (0.0177903, -0.9996582, -0.019155402), (0.018444028, -0.99689865, -0.07650439), (-0.017250737, -0.9977307, -0.0650836), (-0.029438851, -0.9990903, -0.030851992), (-0.023513515, -0.9995501, -0.01862377), (-0.021398535, -0.999098, -0.036677837), (-0.07009283, -0.9971968, -0.026181899), (-0.103760175, -0.9945407, -0.011078389), (-0.08132857, -0.9966196, -0.011617394), (-0.062325913, -0.9978266, -0.021389019), (-0.103760175, -0.9945407, -0.011078389), (-0.12918979, -0.99132264, 0.024277031), (-0.13458136, -0.98911136, 0.05955423), (-0.12918979, -0.99132264, 0.024277031), (-0.12274807, -0.9921128, 0.025396686), (-0.09937426, -0.9949258, 0.015728338), (0.1969811, -0.97726893, 0.07838278), (0.15835132, -0.9850919, 0.067221805), (0.15864863, -0.98536915, 0.062275514), (0.14534196, -0.98759216, 0.05947677), (0.21469359, -0.97088563, 0.10624354), (0.25504252, -0.9599437, 0.116022766), (-0.00057437096, -0.99877656, -0.049446568), (-0.021667445, -0.9982032, -0.055864505), (0.0177903, -0.9996582, -0.019155402), (0.0073353336, -0.99860334, -0.0523236), (-0.017250737, -0.9977307, -0.0650836), (0.018444028, -0.99689865, -0.07650439), (-0.023513515, -0.9995501, -0.01862377), (-0.062325913, -0.9978266, -0.021389019), (-0.08132857, -0.9966196, -0.011617394), (-0.025624413, -0.99937296, -0.024437286), (0.0073353336, -0.99860334, -0.0523236), (-0.021667445, -0.9982032, -0.055864505), (-0.010752506, -0.9993267, -0.035080977), (-0.017250737, -0.9977307, -0.0650836), (0.0073353336, -0.99860334, -0.0523236), (-0.07587182, -0.9956718, -0.05367645), (-0.08760566, -0.9957037, -0.029988887), (-0.017250737, -0.9977307, -0.0650836), (-0.07587182, -0.9956718, -0.05367645), (-0.040509176, -0.9987841, -0.028095629), (-0.07009283, -0.9971968, -0.026181899), (-0.023513515, -0.9995501, -0.01862377), (-0.07009283, -0.9971968, -0.026181899), (-0.040509176, -0.9987841, -0.028095629), (0.016770687, -0.99874926, -0.047102712), (0.039290287, -0.9988418, -0.027771762), (0.028026707, -0.99941134, -0.01978356), (-0.07587182, -0.9956718, -0.05367645), (-0.034960378, -0.9988703, -0.03218587), (-0.040509176, -0.9987841, -0.028095629), (-0.09937426, -0.9949258, 0.015728338), (-0.12274807, -0.9921128, 0.025396686), (-0.1121772, -0.9936614, 0.007297504), (0.1969811, -0.97726893, 0.07838278), (0.15864863, -0.98536915, 0.062275514), (0.14517544, -0.9868265, 0.07139726), (0.028026707, -0.99941134, -0.01978356), (0.039290287, -0.9988418, -0.027771762), (0.11718387, -0.9907019, 0.06912032), (0.016770687, -0.99874926, -0.047102712), (-0.00057437096, -0.99877656, -0.049446568), (0.039290287, -0.9988418, -0.027771762), (-0.1121772, -0.9936614, 0.007297504), (-0.12274807, -0.9921128, 0.025396686), (-0.11916989, -0.99038476, 0.070259966), (-0.00057437096, -0.99877656, -0.049446568), (-0.025624413, -0.99937296, -0.024437286), (-0.021667445, -0.9982032, -0.055864505), (-0.07587182, -0.9956718, -0.05367645), (-0.017250737, -0.9977307, -0.0650836), (-0.05421129, -0.9954972, -0.0777587), (-0.062325913, -0.9978266, -0.021389019), (-0.023513515, -0.9995501, -0.01862377), (-0.031013863, -0.99911326, -0.028474553), (-0.025624413, -0.99937296, -0.024437286), (-0.00057437096, -0.99877656, -0.049446568), (0.00749957, -0.9992063, -0.039119985), (-0.103760175, -0.9945407, -0.011078389), (-0.062325913, -0.9978266, -0.021389019), (-0.0802618, -0.9966177, -0.017640961), (-0.12918979, -0.99132264, 0.024277031), (-0.0918915, -0.995569, 0.019960143), (-0.12274807, -0.9921128, 0.025396686), (0.0031732467, -0.99975216, -0.022036374), (0.028026707, -0.99941134, -0.01978356), (0.04062608, -0.99917346, 0.0014357726), (-0.023513515, -0.9995501, -0.01862377), (-0.040509176, -0.9987841, -0.028095629), (-0.031013863, -0.99911326, -0.028474553), (-0.0802618, -0.9966177, -0.017640961), (-0.062325913, -0.9978266, -0.021389019), (-0.031013863, -0.99911326, -0.028474553), (-0.12918979, -0.99132264, 0.024277031), (-0.103760175, -0.9945407, -0.011078389), (-0.0918915, -0.995569, 0.019960143), (-0.104759485, -0.9931042, 0.052626505), (-0.12274807, -0.9921128, 0.025396686), (-0.0918915, -0.995569, 0.019960143), (0.25504252, -0.9599437, 0.116022766), (0.1969811, -0.97726893, 0.07838278), (0.18790954, -0.9809803, 0.048659828), (0.04062608, -0.99917346, 0.0014357726), (0.028026707, -0.99941134, -0.01978356), (0.14534196, -0.98759216, 0.05947677), (0.016770687, -0.99874926, -0.047102712), (0.028026707, -0.99941134, -0.01978356), (0.0031732467, -0.99975216, -0.022036374), (-0.010752506, -0.9993267, -0.035080977), (-0.04253073, -0.9961654, -0.07645677), (-0.017250737, -0.9977307, -0.0650836), (-0.0802618, -0.9966177, -0.017640961), (-0.034272134, -0.9993434, -0.011756568), (-0.06048603, -0.9976643, 0.031739265), (0.25504252, -0.9599437, 0.116022766), (0.18790954, -0.9809803, 0.048659828), (0.14534196, -0.98759216, 0.05947677), (0.04062608, -0.99917346, 0.0014357726), (0.14534196, -0.98759216, 0.05947677), (0.18790954, -0.9809803, 0.048659828), (-0.03752953, -0.99928004, -0.0055606863), (-0.031013863, -0.99911326, -0.028474553), (-0.040509176, -0.9987841, -0.028095629), (-0.103760175, -0.9945407, -0.011078389), (-0.0802618, -0.9966177, -0.017640961), (-0.0918915, -0.995569, 0.019960143), (0.1969811, -0.97726893, 0.07838278), (0.14517544, -0.9868265, 0.07139726), (0.20026046, -0.97853065, 0.048719775), (0.0031732467, -0.99975216, -0.022036374), (0.0055777417, -0.99986637, -0.015360471), (0.016770687, -0.99874926, -0.047102712), (-0.025624413, -0.99937296, -0.024437286), (-0.010752506, -0.9993267, -0.035080977), (0.0073353336, -0.99860334, -0.0523236), (-0.05421129, -0.9954972, -0.0777587), (-0.017250737, -0.9977307, -0.0650836), (-0.04253073, -0.9961654, -0.07645677), (-0.040509176, -0.9987841, -0.028095629), (-0.034960378, -0.9988703, -0.03218587), (-0.03752953, -0.99928004, -0.0055606863), (-0.104759485, -0.9931042, 0.052626505), (-0.0918915, -0.995569, 0.019960143), (-0.08778018, -0.99542475, 0.03773838), (-0.104759485, -0.9931042, 0.052626505), (-0.11916989, -0.99038476, 0.070259966), (-0.12274807, -0.9921128, 0.025396686), (0.18790954, -0.9809803, 0.048659828), (0.1969811, -0.97726893, 0.07838278), (0.20026046, -0.97853065, 0.048719775), (0.18790954, -0.9809803, 0.048659828), (0.20026046, -0.97853065, 0.048719775), (0.24549809, -0.96824837, 0.047177274), (0.0031732467, -0.99975216, -0.022036374), (0.04062608, -0.99917346, 0.0014357726), (-0.007169277, -0.99989676, -0.012452362), (-0.025624413, -0.99937296, -0.024437286), (-0.018707193, -0.9992183, -0.034827344), (-0.010752506, -0.9993267, -0.035080977), (-0.13356225, -0.9906983, 0.02604048), (-0.104759485, -0.9931042, 0.052626505), (-0.08778018, -0.99542475, 0.03773838), (-0.13971075, -0.99019074, -0.0017959957), (-0.11916989, -0.99038476, 0.070259966), (-0.104759485, -0.9931042, 0.052626505), (0.20026046, -0.97853065, 0.048719775), (0.14517544, -0.9868265, 0.07139726), (0.12232316, -0.9922725, -0.020790828), (0.0055777417, -0.99986637, -0.015360471), (0.0031732467, -0.99975216, -0.022036374), (-0.007169277, -0.99989676, -0.012452362), (-0.04334703, -0.9980228, -0.045513533), (-0.010752506, -0.9993267, -0.035080977), (-0.018707193, -0.9992183, -0.034827344), (-0.03661939, -0.9985815, -0.038652923), (-0.05421129, -0.9954972, -0.0777587), (-0.04253073, -0.9961654, -0.07645677), (-0.07587182, -0.9956718, -0.05367645), (-0.05421129, -0.9954972, -0.0777587), (-0.034960378, -0.9988703, -0.03218587), (-0.03752953, -0.99928004, -0.0055606863), (-0.034272134, -0.9993434, -0.011756568), (-0.031013863, -0.99911326, -0.028474553), (-0.034272134, -0.9993434, -0.011756568), (-0.0802618, -0.9966177, -0.017640961), (-0.031013863, -0.99911326, -0.028474553), (-0.13971075, -0.99019074, -0.0017959957), (-0.104759485, -0.9931042, 0.052626505), (-0.13356225, -0.9906983, 0.02604048), (-0.025624413, -0.99937296, -0.024437286), (0.00749957, -0.9992063, -0.039119985), (-0.018707193, -0.9992183, -0.034827344), (-0.04253073, -0.9961654, -0.07645677), (-0.010752506, -0.9993267, -0.035080977), (-0.04334703, -0.9980228, -0.045513533), (-0.034960378, -0.9988703, -0.03218587), (-0.016895074, -0.99968076, 0.018788055), (-0.03752953, -0.99928004, -0.0055606863), (-0.0918915, -0.995569, 0.019960143), (-0.0802618, -0.9966177, -0.017640961), (-0.06048603, -0.9976643, 0.031739265), (-0.13356225, -0.9906983, 0.02604048), (-0.2697592, -0.9614644, -0.053066336), (-0.13971075, -0.99019074, -0.0017959957), (0.24549809, -0.96824837, 0.047177274), (0.11096203, -0.9933895, 0.029407574), (0.18790954, -0.9809803, 0.048659828), (-0.018707193, -0.9992183, -0.034827344), (0.00749957, -0.9992063, -0.039119985), (-0.002763305, -0.99965566, -0.02609632), (-0.034960378, -0.9988703, -0.03218587), (-0.05421129, -0.9954972, -0.0777587), (-0.03661939, -0.9985815, -0.038652923), (-0.026130011, -0.9991637, 0.031452127), (-0.034272134, -0.9993434, -0.011756568), (-0.03752953, -0.99928004, -0.0055606863), (-0.0918915, -0.995569, 0.019960143), (-0.06048603, -0.9976643, 0.031739265), (-0.08778018, -0.99542475, 0.03773838), (0.04062608, -0.99917346, 0.0014357726), (0.18790954, -0.9809803, 0.048659828), (0.11096203, -0.9933895, 0.029407574), (-0.002763305, -0.99965566, -0.02609632), (0.00749957, -0.9992063, -0.039119985), (0.0055777417, -0.99986637, -0.015360471), (-0.027431961, -0.9987787, 0.04109054), (-0.06048603, -0.9976643, 0.031739265), (-0.034272134, -0.9993434, -0.011756568), (0.12232316, -0.9922725, -0.020790828), (0.23081227, -0.9729941, 0.0028736072), (0.20026046, -0.97853065, 0.048719775), (-0.007169277, -0.99989676, -0.012452362), (0.04062608, -0.99917346, 0.0014357726), (0.01807906, -0.9998313, 0.0032449204), (0.23081227, -0.9729941, 0.0028736072), (0.24549809, -0.96824837, 0.047177274), (0.20026046, -0.97853065, 0.048719775), (0.11096203, -0.9933895, 0.029407574), (0.01807906, -0.9998313, 0.0032449204), (0.04062608, -0.99917346, 0.0014357726), (-0.016895074, -0.99968076, 0.018788055), (-0.034960378, -0.9988703, -0.03218587), (0.008603208, -0.99955386, 0.028602619), (-0.015043959, -0.9976524, 0.066807844), (-0.027431961, -0.9987787, 0.04109054), (-0.026130011, -0.9991637, 0.031452127), (-0.034272134, -0.9993434, -0.011756568), (-0.026130011, -0.9991637, 0.031452127), (-0.027431961, -0.9987787, 0.04109054), (-0.06826677, -0.9966961, 0.044005457), (-0.08778018, -0.99542475, 0.03773838), (-0.06048603, -0.9976643, 0.031739265), (-0.13356225, -0.9906983, 0.02604048), (-0.08778018, -0.99542475, 0.03773838), (-0.116440214, -0.992775, 0.028972747), (-0.018707193, -0.9992183, -0.034827344), (-0.035815053, -0.9985418, -0.04039299), (-0.04334703, -0.9980228, -0.045513533), (-0.23043746, -0.973084, -0.0024828243), (-0.19762181, -0.9802043, 0.012049226), (-0.13356225, -0.9906983, 0.02604048), (-0.03661939, -0.9985815, -0.038652923), (-0.04253073, -0.9961654, -0.07645677), (-0.04334703, -0.9980228, -0.045513533), (-0.03752953, -0.99928004, -0.0055606863), (-0.016895074, -0.99968076, 0.018788055), (-0.04162952, -0.99798846, 0.047811575), (-0.027431961, -0.9987787, 0.04109054), (-0.06826677, -0.9966961, 0.044005457), (-0.06048603, -0.9976643, 0.031739265), (-0.116440214, -0.992775, 0.028972747), (-0.08778018, -0.99542475, 0.03773838), (-0.06826677, -0.9966961, 0.044005457), (-0.13356225, -0.9906983, 0.02604048), (-0.19762181, -0.9802043, 0.012049226), (-0.2697592, -0.9614644, -0.053066336), (0.24549809, -0.96824837, 0.047177274), (0.23081227, -0.9729941, 0.0028736072), (0.274172, -0.9608382, 0.04024629), (0.0073759304, -0.99979734, -0.018733386), (0.0055777417, -0.99986637, -0.015360471), (-0.007169277, -0.99989676, -0.012452362), (0.008603208, -0.99955386, 0.028602619), (-0.04162952, -0.99798846, 0.047811575), (-0.016895074, -0.99968076, 0.018788055), (-0.23043746, -0.973084, -0.0024828243), (-0.13356225, -0.9906983, 0.02604048), (-0.116440214, -0.992775, 0.028972747), (-0.19762181, -0.9802043, 0.012049226), (-0.23043746, -0.973084, -0.0024828243), (-0.45929366, -0.88734275, -0.04089385), (0.0055777417, -0.99986637, -0.015360471), (0.0073759304, -0.99979734, -0.018733386), (-0.002763305, -0.99965566, -0.02609632), (-0.03661939, -0.9985815, -0.038652923), (0.008603208, -0.99955386, 0.028602619), (-0.034960378, -0.9988703, -0.03218587), (0.11096203, -0.9933895, 0.029407574), (0.24549809, -0.96824837, 0.047177274), (0.19449872, -0.9806378, 0.022797994), (0.01807906, -0.9998313, 0.0032449204), (0.0032635636, -0.9994474, -0.033077355), (-0.007169277, -0.99989676, -0.012452362), (-0.035815053, -0.9985418, -0.04039299), (-0.002763305, -0.99965566, -0.02609632), (-0.030896505, -0.99760485, -0.061886407), (-0.002763305, -0.99965566, -0.02609632), (-0.035815053, -0.9985418, -0.04039299), (-0.018707193, -0.9992183, -0.034827344), (-0.03279231, -0.9974747, -0.06299851), (-0.04334703, -0.9980228, -0.045513533), (-0.035815053, -0.9985418, -0.04039299), (-0.026130011, -0.9991637, 0.031452127), (-0.03752953, -0.99928004, -0.0055606863), (-0.04162952, -0.99798846, 0.047811575), (0.19449872, -0.9806378, 0.022797994), (0.24549809, -0.96824837, 0.047177274), (0.274172, -0.9608382, 0.04024629), (0.0032635636, -0.9994474, -0.033077355), (0.01807906, -0.9998313, 0.0032449204), (0.061973233, -0.99721706, -0.04144231), (0.01807906, -0.9998313, 0.0032449204), (0.11096203, -0.9933895, 0.029407574), (0.061973233, -0.99721706, -0.04144231), (0.0073759304, -0.99979734, -0.018733386), (-0.007169277, -0.99989676, -0.012452362), (-0.008511809, -0.99959916, -0.026998078), (-0.0029243298, -0.99882394, -0.04839717), (-0.002763305, -0.99965566, -0.02609632), (0.0073759304, -0.99979734, -0.018733386), (0.009016072, -0.9999487, -0.004621462), (-0.04334703, -0.9980228, -0.045513533), (-0.03279231, -0.9974747, -0.06299851), (0.009016072, -0.9999487, -0.004621462), (0.026205607, -0.9985311, 0.047422793), (0.008603208, -0.99955386, 0.028602619), (-0.037843917, -0.9962611, 0.07766349), (-0.026130011, -0.9991637, 0.031452127), (-0.04162952, -0.99798846, 0.047811575), (-0.015043959, -0.9976524, 0.066807844), (-0.026130011, -0.9991637, 0.031452127), (-0.037843917, -0.9962611, 0.07766349), (0.19449872, -0.9806378, 0.022797994), (0.061973233, -0.99721706, -0.04144231), (0.11096203, -0.9933895, 0.029407574), (0.0032635636, -0.9994474, -0.033077355), (-0.008511809, -0.99959916, -0.026998078), (-0.007169277, -0.99989676, -0.012452362), (-0.030896505, -0.99760485, -0.061886407), (-0.03279231, -0.9974747, -0.06299851), (-0.035815053, -0.9985418, -0.04039299), (-0.008511809, -0.99959916, -0.026998078), (0.0032635636, -0.9994474, -0.033077355), (0.0046703294, -0.9994392, -0.0331558), (-0.0029243298, -0.99882394, -0.04839717), (0.0073759304, -0.99979734, -0.018733386), (-0.008511809, -0.99959916, -0.026998078), (-0.027431961, -0.9987787, 0.04109054), (-0.015043959, -0.9976524, 0.066807844), (-0.048731074, -0.99631864, 0.070529334), (-0.06826677, -0.9966961, 0.044005457), (-0.027431961, -0.9987787, 0.04109054), (-0.048731074, -0.99631864, 0.070529334), (-0.12422047, -0.9909421, 0.051019933), (-0.06826677, -0.9966961, 0.044005457), (-0.048731074, -0.99631864, 0.070529334), (-0.12422047, -0.9909421, 0.051019933), (-0.116440214, -0.992775, 0.028972747), (-0.06826677, -0.9966961, 0.044005457), (-0.0029243298, -0.99882394, -0.04839717), (-0.030896505, -0.99760485, -0.061886407), (-0.002763305, -0.99965566, -0.02609632), (-0.04162952, -0.99798846, 0.047811575), (0.008603208, -0.99955386, 0.028602619), (-0.007916412, -0.9986153, 0.052007888), (0.19449872, -0.9806378, 0.022797994), (0.1707623, -0.9849219, -0.027730945), (0.061973233, -0.99721706, -0.04144231), (-0.023138192, -0.9991979, -0.03268315), (-0.008511809, -0.99959916, -0.026998078), (0.0046703294, -0.9994392, -0.0331558), (0.040145736, -0.9987491, -0.029812481), (0.009016072, -0.9999487, -0.004621462), (-0.03279231, -0.9974747, -0.06299851), (-0.23043746, -0.973084, -0.0024828243), (-0.116440214, -0.992775, 0.028972747), (-0.12422047, -0.9909421, 0.051019933), (0.0032635636, -0.9994474, -0.033077355), (0.061973233, -0.99721706, -0.04144231), (0.0570587, -0.9965801, -0.05976905), (-0.0029243298, -0.99882394, -0.04839717), (-0.008511809, -0.99959916, -0.026998078), (-0.023138192, -0.9991979, -0.03268315), (-0.007916412, -0.9986153, 0.052007888), (0.008603208, -0.99955386, 0.028602619), (0.026205607, -0.9985311, 0.047422793), (-0.03280833, -0.99793196, 0.055275906), (-0.04162952, -0.99798846, 0.047811575), (-0.007916412, -0.9986153, 0.052007888), (-0.12422047, -0.9909421, 0.051019933), (-0.048731074, -0.99631864, 0.070529334), (-0.13045996, -0.99003744, 0.05297201), (0.274172, -0.9608382, 0.04024629), (0.21439773, -0.97673184, 0.0053473306), (0.1707623, -0.9849219, -0.027730945), (0.040145736, -0.9987491, -0.029812481), (0.0866075, -0.99621516, 0.0073848213), (0.009016072, -0.9999487, -0.004621462), (0.026205607, -0.9985311, 0.047422793), (0.009016072, -0.9999487, -0.004621462), (0.0866075, -0.99621516, 0.0073848213), (-0.03280833, -0.99793196, 0.055275906), (-0.037843917, -0.9962611, 0.07766349), (-0.04162952, -0.99798846, 0.047811575), (-0.015043959, -0.9976524, 0.066807844), (-0.02276525, -0.99755114, 0.066132106), (-0.048731074, -0.99631864, 0.070529334), (-0.12422047, -0.9909421, 0.051019933), (-0.16906855, -0.9848341, 0.038958948), (-0.23043746, -0.973084, -0.0024828243), (-0.45929366, -0.88734275, -0.04089385), (-0.23043746, -0.973084, -0.0024828243), (-0.21032056, -0.9753455, 0.06683212), (0.1707623, -0.9849219, -0.027730945), (0.0570587, -0.9965801, -0.05976905), (0.061973233, -0.99721706, -0.04144231), (-0.030896505, -0.99760485, -0.061886407), (-0.03589821, -0.9970335, -0.06808479), (-0.026136056, -0.9971117, -0.07131093), (-0.030896505, -0.99760485, -0.061886407), (-0.026136056, -0.9971117, -0.07131093), (-0.03279231, -0.9974747, -0.06299851), (-0.03279231, -0.9974747, -0.06299851), (-0.026136056, -0.9971117, -0.07131093), (0.040145736, -0.9987491, -0.029812481), (-0.037843917, -0.9962611, 0.07766349), (-0.03280833, -0.99793196, 0.055275906), (-0.02276525, -0.99755114, 0.066132106), (-0.16906855, -0.9848341, 0.038958948), (-0.12422047, -0.9909421, 0.051019933), (-0.13045996, -0.99003744, 0.05297201), (-0.23043746, -0.973084, -0.0024828243), (-0.16906855, -0.9848341, 0.038958948), (-0.21032056, -0.9753455, 0.06683212), (-0.14524767, -0.9891806, 0.020607796), (-0.21032056, -0.9753455, 0.06683212), (-0.16906855, -0.9848341, 0.038958948), (0.0046703294, -0.9994392, -0.0331558), (0.0032635636, -0.9994474, -0.033077355), (0.0570587, -0.9965801, -0.05976905), (-0.030896505, -0.99760485, -0.061886407), (-0.0029243298, -0.99882394, -0.04839717), (-0.03589821, -0.9970335, -0.06808479), (0.1707623, -0.9849219, -0.027730945), (0.19449872, -0.9806378, 0.022797994), (0.274172, -0.9608382, 0.04024629), (0.026205607, -0.9985311, 0.047422793), (-0.010406083, -0.99942285, 0.032339167), (-0.007916412, -0.9986153, 0.052007888), (-0.007916412, -0.9986153, 0.052007888), (-0.010406083, -0.99942285, 0.032339167), (-0.03280833, -0.99793196, 0.055275906), (-0.02276525, -0.99755114, 0.066132106), (-0.015043959, -0.9976524, 0.066807844), (-0.037843917, -0.9962611, 0.07766349), (0.1707623, -0.9849219, -0.027730945), (0.21439773, -0.97673184, 0.0053473306), (0.14069857, -0.98991865, -0.016276414), (-0.03589821, -0.9970335, -0.06808479), (-0.0029243298, -0.99882394, -0.04839717), (-0.023138192, -0.9991979, -0.03268315), (-0.017746331, -0.99964744, -0.019749057), (-0.026136056, -0.9971117, -0.07131093), (-0.03589821, -0.9970335, -0.06808479), (-0.03280833, -0.99793196, 0.055275906), (-0.01391827, -0.9996662, 0.021765592), (-0.02276525, -0.99755114, 0.066132106), (0.14069857, -0.98991865, -0.016276414), (0.21439773, -0.97673184, 0.0053473306), (0.17105462, -0.98520136, -0.010893468), (0.030718738, -0.99945366, -0.012192427), (0.0046703294, -0.9994392, -0.0331558), (0.0570587, -0.9965801, -0.05976905), (-0.017746331, -0.99964744, -0.019749057), (-0.03589821, -0.9970335, -0.06808479), (-0.034515932, -0.9991946, -0.020461507), (0.026205607, -0.9985311, 0.047422793), (0.046509113, -0.9989171, 0.0013018292), (-0.010406083, -0.99942285, 0.032339167), (-0.16906855, -0.9848341, 0.038958948), (-0.13045996, -0.99003744, 0.05297201), (-0.17536782, -0.98449945, 0.0026261478), (0.0570587, -0.9965801, -0.05976905), (0.1707623, -0.9849219, -0.027730945), (0.14069857, -0.98991865, -0.016276414), (-0.011976441, -0.9993831, -0.033013757), (0.0046703294, -0.9994392, -0.0331558), (0.030718738, -0.99945366, -0.012192427), (-0.023138192, -0.9991979, -0.03268315), (0.0046703294, -0.9994392, -0.0331558), (-0.011976441, -0.9993831, -0.033013757), (-0.041273523, -0.998319, -0.04069154), (-0.03589821, -0.9970335, -0.06808479), (-0.023138192, -0.9991979, -0.03268315), (-0.008292021, -0.9997141, 0.022428222), (-0.02276525, -0.99755114, 0.066132106), (-0.01391827, -0.9996662, 0.021765592), (-0.048731074, -0.99631864, 0.070529334), (-0.02276525, -0.99755114, 0.066132106), (-0.037359446, -0.9983643, 0.04327759), (-0.17536782, -0.98449945, 0.0026261478), (-0.14524767, -0.9891806, 0.020607796), (-0.16906855, -0.9848341, 0.038958948), (0.0570587, -0.9965801, -0.05976905), (0.14069857, -0.98991865, -0.016276414), (0.0451617, -0.9986877, 0.024154834), (-0.011976441, -0.9993831, -0.033013757), (0.030718738, -0.99945366, -0.012192427), (-0.023838323, -0.99933004, -0.02776903), (0.036938697, -0.99913526, 0.019086983), (-0.026136056, -0.9971117, -0.07131093), (-0.017746331, -0.99964744, -0.019749057), (-0.026136056, -0.9971117, -0.07131093), (0.036938697, -0.99913526, 0.019086983), (0.040145736, -0.9987491, -0.029812481), (0.046509113, -0.9989171, 0.0013018292), (0.026205607, -0.9985311, 0.047422793), (0.0866075, -0.99621516, 0.0073848213), (-0.010406083, -0.99942285, 0.032339167), (0.046509113, -0.9989171, 0.0013018292), (0.0077032177, -0.99961287, -0.026738042), (-0.037359446, -0.9983643, 0.04327759), (-0.02276525, -0.99755114, 0.066132106), (-0.008292021, -0.9997141, 0.022428222), (-0.13045996, -0.99003744, 0.05297201), (-0.048731074, -0.99631864, 0.070529334), (-0.037359446, -0.9983643, 0.04327759), (0.19689004, -0.9803977, -0.0073982836), (0.14069857, -0.98991865, -0.016276414), (0.17105462, -0.98520136, -0.010893468), (-0.023138192, -0.9991979, -0.03268315), (-0.011976441, -0.9993831, -0.033013757), (-0.041273523, -0.998319, -0.04069154), (-0.034515932, -0.9991946, -0.020461507), (-0.03589821, -0.9970335, -0.06808479), (-0.041273523, -0.998319, -0.04069154), (0.036938697, -0.99913526, 0.019086983), (0.082070485, -0.99657935, 0.009694147), (0.040145736, -0.9987491, -0.029812481), (-0.010406083, -0.99942285, 0.032339167), (-0.01391827, -0.9996662, 0.021765592), (-0.03280833, -0.99793196, 0.055275906), (0.082070485, -0.99657935, 0.009694147), (0.0866075, -0.99621516, 0.0073848213), (0.040145736, -0.9987491, -0.029812481), (0.046509113, -0.9989171, 0.0013018292), (0.0866075, -0.99621516, 0.0073848213), (0.082070485, -0.99657935, 0.009694147), (0.11552602, -0.9922115, 0.0465859), (0.14069857, -0.98991865, -0.016276414), (0.19689004, -0.9803977, -0.0073982836), (0.030718738, -0.99945366, -0.012192427), (0.0570587, -0.9965801, -0.05976905), (0.0451617, -0.9986877, 0.024154834), (-0.01391827, -0.9996662, 0.021765592), (-0.010406083, -0.99942285, 0.032339167), (0.0077032177, -0.99961287, -0.026738042), (-0.037359446, -0.9983643, 0.04327759), (-0.008292021, -0.9997141, 0.022428222), (-0.033903617, -0.99928904, 0.016491693), (0.0451617, -0.9986877, 0.024154834), (0.14069857, -0.98991865, -0.016276414), (0.11552602, -0.9922115, 0.0465859), (-0.023838323, -0.99933004, -0.02776903), (-0.041273523, -0.998319, -0.04069154), (-0.011976441, -0.9993831, -0.033013757), (0.082070485, -0.99657935, 0.009694147), (0.036938697, -0.99913526, 0.019086983), (0.047205813, -0.9986154, 0.023212574), (0.19689004, -0.9803977, -0.0073982836), (0.17105462, -0.98520136, -0.010893468), (0.1958943, -0.9779256, -0.07271138), (0.0077032177, -0.99961287, -0.026738042), (0.046509113, -0.9989171, 0.0013018292), (0.039433643, -0.9991397, -0.012834717), (-0.13301985, -0.99109507, 0.00602417), (-0.13045996, -0.99003744, 0.05297201), (-0.037359446, -0.9983643, 0.04327759), (0.0451617, -0.9986877, 0.024154834), (0.009819238, -0.99975973, 0.01959825), (0.030718738, -0.99945366, -0.012192427), (0.009819238, -0.99975973, 0.01959825), (-0.016857225, -0.9996244, -0.021606691), (0.030718738, -0.99945366, -0.012192427), (-0.034515932, -0.9991946, -0.020461507), (-0.041273523, -0.998319, -0.04069154), (-0.010379965, -0.9998916, -0.010442387), (0.023438362, -0.9994724, 0.022485204), (0.036938697, -0.99913526, 0.019086983), (-0.017746331, -0.99964744, -0.019749057), (0.039433643, -0.9991397, -0.012834717), (0.046509113, -0.9989171, 0.0013018292), (0.082070485, -0.99657935, 0.009694147), (0.00050407357, -0.9991495, -0.04123161), (-0.01391827, -0.9996662, 0.021765592), (0.0077032177, -0.99961287, -0.026738042), (-0.037359446, -0.9983643, 0.04327759), (-0.033903617, -0.99928904, 0.016491693), (-0.13301985, -0.99109507, 0.00602417), (-0.017746331, -0.99964744, -0.019749057), (-0.034515932, -0.9991946, -0.020461507), (0.023438362, -0.9994724, 0.022485204), (0.00050407357, -0.9991495, -0.04123161), (0.009601183, -0.9998842, 0.011807385), (-0.01391827, -0.9996662, 0.021765592), (-0.17536782, -0.98449945, 0.0026261478), (-0.13301985, -0.99109507, 0.00602417), (-0.20740752, -0.97722447, -0.044882685), (0.20463546, -0.9753912, -0.08207494), (0.19689004, -0.9803977, -0.0073982836), (0.1958943, -0.9779256, -0.07271138), (0.047205813, -0.9986154, 0.023212574), (0.036938697, -0.99913526, 0.019086983), (0.023438362, -0.9994724, 0.022485204), (0.20463546, -0.9753912, -0.08207494), (0.11015098, -0.9927965, -0.047137115), (0.19689004, -0.9803977, -0.0073982836), (-0.044570617, -0.99849576, -0.03193057), (-0.023838323, -0.99933004, -0.02776903), (-0.016857225, -0.9996244, -0.021606691), (-0.041273523, -0.998319, -0.04069154), (-0.023838323, -0.99933004, -0.02776903), (-0.044570617, -0.99849576, -0.03193057), (-0.033903617, -0.99928904, 0.016491693), (-0.008292021, -0.9997141, 0.022428222), (0.009601183, -0.9998842, 0.011807385), (-0.20740752, -0.97722447, -0.044882685), (-0.13301985, -0.99109507, 0.00602417), (-0.163298, -0.98645437, -0.015539286), (-0.13301985, -0.99109507, 0.00602417), (-0.17536782, -0.98449945, 0.0026261478), (-0.13045996, -0.99003744, 0.05297201), (-0.20740752, -0.97722447, -0.044882685), (-0.17703517, -0.9822606, -0.061828263), (-0.17536782, -0.98449945, 0.0026261478), (0.11015098, -0.9927965, -0.047137115), (0.11552602, -0.9922115, 0.0465859), (0.19689004, -0.9803977, -0.0073982836), (0.039433643, -0.9991397, -0.012834717), (0.082070485, -0.99657935, 0.009694147), (0.047205813, -0.9986154, 0.023212574), (0.009601183, -0.9998842, 0.011807385), (-0.008292021, -0.9997141, 0.022428222), (-0.01391827, -0.9996662, 0.021765592), (-0.016857225, -0.9996244, -0.021606691), (-0.023838323, -0.99933004, -0.02776903), (0.030718738, -0.99945366, -0.012192427), (0.039433643, -0.9991397, -0.012834717), (0.026107322, -0.9996559, -0.0025641648), (0.011213823, -0.99992096, -0.0056789005), (-0.17703517, -0.9822606, -0.061828263), (-0.14524767, -0.9891806, 0.020607796), (-0.17536782, -0.98449945, 0.0026261478), (0.11015098, -0.9927965, -0.047137115), (0.03616126, -0.9974507, -0.061518025), (0.009819238, -0.99975973, 0.01959825), (-0.010379965, -0.9998916, -0.010442387), (-0.041273523, -0.998319, -0.04069154), (-0.044570617, -0.99849576, -0.03193057), (0.00050407357, -0.9991495, -0.04123161), (0.025647767, -0.99967057, -0.0009800296), (0.009601183, -0.9998842, 0.011807385), (-0.044501387, -0.9989932, 0.0056658494), (-0.044570617, -0.99849576, -0.03193057), (-0.016857225, -0.9996244, -0.021606691), (-0.044570617, -0.99849576, -0.03193057), (-0.015773129, -0.9996557, 0.020967579), (-0.010379965, -0.9998916, -0.010442387), (-0.015773129, -0.9996557, 0.020967579), (-0.044570617, -0.99849576, -0.03193057), (-0.044501387, -0.9989932, 0.0056658494), (0.047205813, -0.9986154, 0.023212574), (0.026107322, -0.9996559, -0.0025641648), (0.039433643, -0.9991397, -0.012834717), (0.0077032177, -0.99961287, -0.026738042), (0.025647767, -0.99967057, -0.0009800296), (0.00050407357, -0.9991495, -0.04123161), (-0.033903617, -0.99928904, 0.016491693), (0.009601183, -0.9998842, 0.011807385), (-0.028727693, -0.99958694, -0.0009376048), (-0.033903617, -0.99928904, 0.016491693), (-0.163298, -0.98645437, -0.015539286), (-0.13301985, -0.99109507, 0.00602417), (-0.17703517, -0.9822606, -0.061828263), (-0.20740752, -0.97722447, -0.044882685), (-0.19250159, -0.97836244, -0.07582838), (-0.2134469, -0.9760944, -0.040989313), (-0.19250159, -0.97836244, -0.07582838), (-0.20740752, -0.97722447, -0.044882685), (0.009819238, -0.99975973, 0.01959825), (0.03616126, -0.9974507, -0.061518025), (-0.016857225, -0.9996244, -0.021606691), (-0.010379965, -0.9998916, -0.010442387), (0.023438362, -0.9994724, 0.022485204), (-0.034515932, -0.9991946, -0.020461507), (0.1958943, -0.9779256, -0.07271138), (0.26225886, -0.95635253, -0.12888066), (0.21954598, -0.9713149, -0.091361456), (0.11015098, -0.9927965, -0.047137115), (0.20463546, -0.9753912, -0.08207494), (0.14401235, -0.98518306, -0.09313834), (0.025647767, -0.99967057, -0.0009800296), (0.0077032177, -0.99961287, -0.026738042), (0.011213823, -0.99992096, -0.0056789005), (-0.163298, -0.98645437, -0.015539286), (-0.033903617, -0.99928904, 0.016491693), (-0.028727693, -0.99958694, -0.0009376048), (0.21954598, -0.9713149, -0.091361456), (0.20463546, -0.9753912, -0.08207494), (0.1958943, -0.9779256, -0.07271138), (0.013488786, -0.9997711, 0.016610121), (-0.010379965, -0.9998916, -0.010442387), (-0.015773129, -0.9996557, 0.020967579), (0.023438362, -0.9994724, 0.022485204), (-0.010379965, -0.9998916, -0.010442387), (0.013488786, -0.9997711, 0.016610121), (0.040143464, -0.99919015, 0.0027492382), (0.047205813, -0.9986154, 0.023212574), (0.023438362, -0.9994724, 0.022485204), (0.0077032177, -0.99961287, -0.026738042), (0.039433643, -0.9991397, -0.012834717), (0.011213823, -0.99992096, -0.0056789005), (0.03616126, -0.9974507, -0.061518025), (0.11015098, -0.9927965, -0.047137115), (0.14401235, -0.98518306, -0.09313834), (0.00866812, -0.9999161, -0.009620334), (-0.016857225, -0.9996244, -0.021606691), (0.03616126, -0.9974507, -0.061518025), (0.040143464, -0.99919015, 0.0027492382), (0.023438362, -0.9994724, 0.022485204), (0.013488786, -0.9997711, 0.016610121), (0.015482821, -0.99987996, -0.00077525526), (0.025647767, -0.99967057, -0.0009800296), (0.028615057, -0.99958926, 0.001593344), (0.009601183, -0.9998842, 0.011807385), (0.015482821, -0.99987996, -0.00077525526), (-0.028727693, -0.99958694, -0.0009376048), (0.21954598, -0.9713149, -0.091361456), (0.14401235, -0.98518306, -0.09313834), (0.20463546, -0.9753912, -0.08207494), (-0.044501387, -0.9989932, 0.0056658494), (-0.016857225, -0.9996244, -0.021606691), (0.00866812, -0.9999161, -0.009620334), (0.025647767, -0.99967057, -0.0009800296), (0.015482821, -0.99987996, -0.00077525526), (0.009601183, -0.9998842, 0.011807385), (0.026107322, -0.9996559, -0.0025641648), (0.018056726, -0.99982285, -0.005316583), (0.011213823, -0.99992096, -0.0056789005), (0.028615057, -0.99958926, 0.001593344), (0.025647767, -0.99967057, -0.0009800296), (0.011213823, -0.99992096, -0.0056789005), (0.026107322, -0.9996559, -0.0025641648), (0.047205813, -0.9986154, 0.023212574), (0.040143464, -0.99919015, 0.0027492382), (0.03798435, -0.9992755, -0.0023738302), (0.026107322, -0.9996559, -0.0025641648), (0.040143464, -0.99919015, 0.0027492382), (-0.010065864, -0.9977078, -0.06691705), (0.015482821, -0.99987996, -0.00077525526), (0.028615057, -0.99958926, 0.001593344), (-0.2134469, -0.9760944, -0.040989313), (-0.1711442, -0.9852435, -0.002201004), (-0.19250159, -0.97836244, -0.07582838), (0.21954598, -0.9713149, -0.091361456), (0.26225886, -0.95635253, -0.12888066), (0.18531543, -0.98266476, 0.0053034974), (-0.015773129, -0.9996557, 0.020967579), (-0.044501387, -0.9989932, 0.0056658494), (-0.024702035, -0.9993239, 0.027230686), (-0.099366374, -0.99288946, -0.06555032), (-0.163298, -0.98645437, -0.015539286), (-0.028727693, -0.99958694, -0.0009376048), (-0.2134469, -0.9760944, -0.040989313), (-0.13392752, -0.99094266, -0.009789242), (-0.1711442, -0.9852435, -0.002201004), (0.00866812, -0.9999161, -0.009620334), (-0.024702035, -0.9993239, 0.027230686), (-0.044501387, -0.9989932, 0.0056658494), (0.013488786, -0.9997711, 0.016610121), (0.024486464, -0.99970007, -0.00040237582), (0.040143464, -0.99919015, 0.0027492382), (-0.024977542, -0.9959098, -0.086831264), (-0.028727693, -0.99958694, -0.0009376048), (0.015482821, -0.99987996, -0.00077525526), (-0.099366374, -0.99288946, -0.06555032), (-0.028727693, -0.99958694, -0.0009376048), (-0.024977542, -0.9959098, -0.086831264), (-0.2134469, -0.9760944, -0.040989313), (-0.20740752, -0.97722447, -0.044882685), (-0.163298, -0.98645437, -0.015539286), (0.14401235, -0.98518306, -0.09313834), (0.21954598, -0.9713149, -0.091361456), (0.15683882, -0.9869364, -0.03685257), (0.00866812, -0.9999161, -0.009620334), (0.03616126, -0.9974507, -0.061518025), (0.08829503, -0.99522585, -0.041587476), (-0.024702035, -0.9993239, 0.027230686), (-0.004740092, -0.9999294, 0.010891278), (-0.015773129, -0.9996557, 0.020967579), (-0.015773129, -0.9996557, 0.020967579), (-0.004740092, -0.9999294, 0.010891278), (0.013488786, -0.9997711, 0.016610121), (0.018056726, -0.99982285, -0.005316583), (0.026107322, -0.9996559, -0.0025641648), (0.03798435, -0.9992755, -0.0023738302), (-0.010065864, -0.9977078, -0.06691705), (-0.024977542, -0.9959098, -0.086831264), (0.015482821, -0.99987996, -0.00077525526), (-0.163298, -0.98645437, -0.015539286), (-0.099366374, -0.99288946, -0.06555032), (-0.21891676, -0.9735723, -0.065056555), (-0.024702035, -0.9993239, 0.027230686), (0.00866812, -0.9999161, -0.009620334), (0.037119135, -0.9990571, -0.022519901), (-0.005588767, -0.99983937, 0.017028494), (0.013488786, -0.9997711, 0.016610121), (-0.004740092, -0.9999294, 0.010891278), (-0.2134469, -0.9760944, -0.040989313), (-0.163298, -0.98645437, -0.015539286), (-0.21891676, -0.9735723, -0.065056555), (-0.2134469, -0.9760944, -0.040989313), (-0.21891676, -0.9735723, -0.065056555), (-0.17523813, -0.98421544, -0.024732227), (-0.17523813, -0.98421544, -0.024732227), (-0.13392752, -0.99094266, -0.009789242), (-0.2134469, -0.9760944, -0.040989313), (0.03616126, -0.9974507, -0.061518025), (0.14401235, -0.98518306, -0.09313834), (0.08829503, -0.99522585, -0.041587476), (0.037119135, -0.9990571, -0.022519901), (0.00866812, -0.9999161, -0.009620334), (0.08829503, -0.99522585, -0.041587476), (0.024486464, -0.99970007, -0.00040237582), (0.013488786, -0.9997711, 0.016610121), (-0.005588767, -0.99983937, 0.017028494), (0.040143464, -0.99919015, 0.0027492382), (0.024486464, -0.99970007, -0.00040237582), (0.03798435, -0.9992755, -0.0023738302), (-0.010065864, -0.9977078, -0.06691705), (0.028615057, -0.99958926, 0.001593344), (0.011735158, -0.99953043, -0.028304933), (0.21954598, -0.9713149, -0.091361456), (0.18531543, -0.98266476, 0.0053034974), (0.15683882, -0.9869364, -0.03685257), (0.13969444, -0.9877399, -0.069680564), (0.14401235, -0.98518306, -0.09313834), (0.15683882, -0.9869364, -0.03685257), (-0.012427137, -0.99982715, -0.013833181), (-0.024702035, -0.9993239, 0.027230686), (0.037119135, -0.9990571, -0.022519901), (-0.024977542, -0.9959098, -0.086831264), (-0.10174289, -0.98904175, -0.1069806), (-0.099366374, -0.99288946, -0.06555032), (-0.21891676, -0.9735723, -0.065056555), (-0.099366374, -0.99288946, -0.06555032), (-0.10174289, -0.98904175, -0.1069806), (0.037119135, -0.9990571, -0.022519901), (0.08829503, -0.99522585, -0.041587476), (0.11209029, -0.99162674, -0.064127296), (-0.17523813, -0.98421544, -0.024732227), (-0.12996404, -0.99144566, -0.012036396), (-0.13392752, -0.99094266, -0.009789242), (0.14401235, -0.98518306, -0.09313834), (0.13969444, -0.9877399, -0.069680564), (0.08829503, -0.99522585, -0.041587476), (0.018056726, -0.99982285, -0.005316583), (0.03798435, -0.9992755, -0.0023738302), (0.03237503, -0.999417, -0.010834486), (-0.024977542, -0.9959098, -0.086831264), (-0.010065864, -0.9977078, -0.06691705), (-0.0363208, -0.9954135, -0.0885036), (0.11209029, -0.99162674, -0.064127296), (0.08829503, -0.99522585, -0.041587476), (0.13969444, -0.9877399, -0.069680564), (0.072332524, -0.9964434, -0.043228157), (0.037119135, -0.9990571, -0.022519901), (0.11209029, -0.99162674, -0.064127296), (-0.012427137, -0.99982715, -0.013833181), (-0.004740092, -0.9999294, 0.010891278), (-0.024702035, -0.9993239, 0.027230686), (0.016563693, -0.99985564, 0.0037850463), (0.024486464, -0.99970007, -0.00040237582), (-0.005588767, -0.99983937, 0.017028494), (0.10028362, -0.9947516, -0.020305684), (0.107624054, -0.9931009, -0.046557732), (0.15683882, -0.9869364, -0.03685257), (-0.012427137, -0.99982715, -0.013833181), (0.037119135, -0.9990571, -0.022519901), (0.072332524, -0.9964434, -0.043228157), (0.03798435, -0.9992755, -0.0023738302), (0.024486464, -0.99970007, -0.00040237582), (0.016563693, -0.99985564, 0.0037850463), (0.0073487475, -0.99960935, -0.02696346), (0.018056726, -0.99982285, -0.005316583), (0.03237503, -0.999417, -0.010834486), (0.0073487475, -0.99960935, -0.02696346), (0.011735158, -0.99953043, -0.028304933), (0.018056726, -0.99982285, -0.005316583), (-0.21891676, -0.9735723, -0.065056555), (-0.15388234, -0.9862726, -0.059888482), (-0.17523813, -0.98421544, -0.024732227), (-0.15388234, -0.9862726, -0.059888482), (-0.12996404, -0.99144566, -0.012036396), (-0.17523813, -0.98421544, -0.024732227), (0.15683882, -0.9869364, -0.03685257), (0.18531543, -0.98266476, 0.0053034974), (0.10028362, -0.9947516, -0.020305684), (0.016563693, -0.99985564, 0.0037850463), (0.03237503, -0.999417, -0.010834486), (0.03798435, -0.9992755, -0.0023738302), (0.03237503, -0.999417, -0.010834486), (0.016563693, -0.99985564, 0.0037850463), (0.0029262837, -0.99980044, -0.019764472), (-0.10174289, -0.98904175, -0.1069806), (-0.15388234, -0.9862726, -0.059888482), (-0.21891676, -0.9735723, -0.065056555), (0.13969444, -0.9877399, -0.069680564), (0.15683882, -0.9869364, -0.03685257), (0.107624054, -0.9931009, -0.046557732), (0.12527856, -0.98885804, -0.080404565), (0.11209029, -0.99162674, -0.064127296), (0.13969444, -0.9877399, -0.069680564), (0.1258432, -0.98584396, -0.11079328), (0.11209029, -0.99162674, -0.064127296), (0.12527856, -0.98885804, -0.080404565), (-0.10174289, -0.98904175, -0.1069806), (-0.024977542, -0.9959098, -0.086831264), (-0.0363208, -0.9954135, -0.0885036), (0.107624054, -0.9931009, -0.046557732), (0.10028362, -0.9947516, -0.020305684), (0.08580617, -0.9960952, -0.020776147), (-0.012427137, -0.99982715, -0.013833181), (-0.0021296027, -0.99999243, 0.003250171), (-0.004740092, -0.9999294, 0.010891278), (0.0071190908, -0.9999737, 0.0013844263), (-0.005588767, -0.99983937, 0.017028494), (-0.004740092, -0.9999294, 0.010891278), (0.016563693, -0.99985564, 0.0037850463), (-0.005588767, -0.99983937, 0.017028494), (0.0071190908, -0.9999737, 0.0013844263), (0.0029262837, -0.99980044, -0.019764472), (0.0073487475, -0.99960935, -0.02696346), (0.03237503, -0.999417, -0.010834486), (-0.010065864, -0.9977078, -0.06691705), (0.011735158, -0.99953043, -0.028304933), (-0.0017382272, -0.998528, -0.054210942), (0.11209029, -0.99162674, -0.064127296), (0.1258432, -0.98584396, -0.11079328), (0.072332524, -0.9964434, -0.043228157), (-0.004740092, -0.9999294, 0.010891278), (-0.0021296027, -0.99999243, 0.003250171), (0.0071190908, -0.9999737, 0.0013844263), (-0.000011042403, -0.99883276, -0.048301917), (0.011735158, -0.99953043, -0.028304933), (0.0073487475, -0.99960935, -0.02696346), (-0.0017382272, -0.998528, -0.054210942), (0.011735158, -0.99953043, -0.028304933), (-0.000011042403, -0.99883276, -0.048301917), (-0.10174289, -0.98904175, -0.1069806), (-0.0363208, -0.9954135, -0.0885036), (-0.06332382, -0.9900052, -0.12601422), (-0.99991214, -0.012995751, -0.0026200172), (-0.9998757, -0.015455062, -0.003111541), (-0.9999396, -0.008003726, 0.007533496), (0.055048414, -0.99686277, -0.05686989), (-0.012427137, -0.99982715, -0.013833181), (0.072332524, -0.9964434, -0.043228157), (-0.0021296027, -0.99999243, 0.003250171), (-0.012427137, -0.99982715, -0.013833181), (0.055048414, -0.99686277, -0.05686989), (-0.12996404, -0.99144566, -0.012036396), (-0.15388234, -0.9862726, -0.059888482), (-0.11824658, -0.99258196, -0.028261354), (-0.01579657, -0.99591523, -0.08890048), (-0.0017382272, -0.998528, -0.054210942), (-0.000011042403, -0.99883276, -0.048301917), (-0.0017382272, -0.998528, -0.054210942), (-0.04616139, -0.9958907, -0.07791551), (-0.010065864, -0.9977078, -0.06691705), (-0.0363208, -0.9954135, -0.0885036), (-0.010065864, -0.9977078, -0.06691705), (-0.04616139, -0.9958907, -0.07791551), (-0.0363208, -0.9954135, -0.0885036), (-0.052988548, -0.9930319, -0.10526086), (-0.06332382, -0.9900052, -0.12601422), (0.072332524, -0.9964434, -0.043228157), (0.1258432, -0.98584396, -0.11079328), (0.055048414, -0.99686277, -0.05686989), (-0.000011042403, -0.99883276, -0.048301917), (0.0073487475, -0.99960935, -0.02696346), (0.0029262837, -0.99980044, -0.019764472), (-0.0017382272, -0.998528, -0.054210942), (-0.01579657, -0.99591523, -0.08890048), (-0.04616139, -0.9958907, -0.07791551), (0.06632804, -0.9975766, -0.021014135), (0.107624054, -0.9931009, -0.046557732), (0.08580617, -0.9960952, -0.020776147), (0.12527856, -0.98885804, -0.080404565), (0.13969444, -0.9877399, -0.069680564), (0.107624054, -0.9931009, -0.046557732), (-0.0021296027, -0.99999243, 0.003250171), (0.011216485, -0.9999176, -0.006248608), (0.0071190908, -0.9999737, 0.0013844263), (0.016563693, -0.99985564, 0.0037850463), (0.0071190908, -0.9999737, 0.0013844263), (0.0048211724, -0.9999309, -0.0107196355), (0.0029262837, -0.99980044, -0.019764472), (0.016563693, -0.99985564, 0.0037850463), (0.020505046, -0.99978966, 0.0005272992), (-0.06332382, -0.9900052, -0.12601422), (-0.11127002, -0.98709697, -0.11514586), (-0.10174289, -0.98904175, -0.1069806), (-0.10174289, -0.98904175, -0.1069806), (-0.11127002, -0.98709697, -0.11514586), (-0.15388234, -0.9862726, -0.059888482), (0.12527856, -0.98885804, -0.080404565), (0.107624054, -0.9931009, -0.046557732), (0.06632804, -0.9975766, -0.021014135), (0.0027116237, -0.9993421, -0.036164764), (-0.0021296027, -0.99999243, 0.003250171), (0.055048414, -0.99686277, -0.05686989), (-0.0021296027, -0.99999243, 0.003250171), (0.0027116237, -0.9993421, -0.036164764), (0.011216485, -0.9999176, -0.006248608), (0.020505046, -0.99978966, 0.0005272992), (0.016563693, -0.99985564, 0.0037850463), (0.0048211724, -0.9999309, -0.0107196355), (-0.019026825, -0.997519, -0.067777365), (0.0029262837, -0.99980044, -0.019764472), (0.020505046, -0.99978966, 0.0005272992), (0.07926687, -0.9968129, 0.008986975), (0.04436968, -0.99891824, -0.013920203), (0.06632804, -0.9975766, -0.021014135), (0.011216485, -0.9999176, -0.006248608), (0.0048211724, -0.9999309, -0.0107196355), (0.0071190908, -0.9999737, 0.0013844263), (-0.019026825, -0.997519, -0.067777365), (-0.026253503, -0.99553347, -0.090685174), (0.0029262837, -0.99980044, -0.019764472), (-0.04616139, -0.9958907, -0.07791551), (-0.052988548, -0.9930319, -0.10526086), (-0.0363208, -0.9954135, -0.0885036), (-0.11824658, -0.99258196, -0.028261354), (-0.15388234, -0.9862726, -0.059888482), (-0.07494825, -0.99669, -0.03149236), (-0.019026825, -0.997519, -0.067777365), (0.020505046, -0.99978966, 0.0005272992), (0.0032714852, -0.9913649, -0.13109106), (-0.000011042403, -0.99883276, -0.048301917), (0.0029262837, -0.99980044, -0.019764472), (-0.026253503, -0.99553347, -0.090685174), (-0.0550864, -0.9876052, -0.14697444), (-0.04616139, -0.9958907, -0.07791551), (-0.01579657, -0.99591523, -0.08890048), (-0.052988548, -0.9930319, -0.10526086), (-0.04616139, -0.9958907, -0.07791551), (-0.0550864, -0.9876052, -0.14697444), (-0.11127002, -0.98709697, -0.11514586), (-0.07494825, -0.99669, -0.03149236), (-0.15388234, -0.9862726, -0.059888482), (-0.07494825, -0.99669, -0.03149236), (-0.11127002, -0.98709697, -0.11514586), (-0.03700103, -0.9970404, -0.06739008), (-0.058478046, -0.9981009, -0.01936296), (-0.07521837, -0.99704283, 0.015741955), (-0.07494825, -0.99669, -0.03149236), (0.06632804, -0.9975766, -0.021014135), (0.08580617, -0.9960952, -0.020776147), (0.07926687, -0.9968129, 0.008986975), (0.0787344, -0.9931443, -0.086401045), (0.1258432, -0.98584396, -0.11079328), (0.12527856, -0.98885804, -0.080404565), (0.055048414, -0.99686277, -0.05686989), (0.1258432, -0.98584396, -0.11079328), (0.10982947, -0.9778257, -0.17831022), (0.0027116237, -0.9993421, -0.036164764), (0.055048414, -0.99686277, -0.05686989), (0.088396676, -0.98000866, -0.17823847), (0.0017311671, -0.99641, -0.08464131), (0.0048211724, -0.9999309, -0.0107196355), (0.011216485, -0.9999176, -0.006248608), (-0.01579657, -0.99591523, -0.08890048), (-0.000011042403, -0.99883276, -0.048301917), (-0.026253503, -0.99553347, -0.090685174), (-0.058478046, -0.9981009, -0.01936296), (-0.07494825, -0.99669, -0.03149236), (-0.0047168504, -0.9980506, -0.06223153), (-0.07521837, -0.99704283, 0.015741955), (-0.11824658, -0.99258196, -0.028261354), (-0.07494825, -0.99669, -0.03149236), (0.1258432, -0.98584396, -0.11079328), (0.0787344, -0.9931443, -0.086401045), (0.07053523, -0.9921042, -0.10370143), (0.0048211724, -0.9999309, -0.0107196355), (0.0032714852, -0.9913649, -0.13109106), (0.020505046, -0.99978966, 0.0005272992), (0.0032714852, -0.9913649, -0.13109106), (-0.0006299289, -0.98521066, -0.17134629), (-0.019026825, -0.997519, -0.067777365), (-0.026253503, -0.99553347, -0.090685174), (-0.05795192, -0.9827549, -0.17559668), (-0.01579657, -0.99591523, -0.08890048), (-0.06332382, -0.9900052, -0.12601422), (-0.052988548, -0.9930319, -0.10526086), (-0.05036074, -0.984108, -0.17027994), (-0.06332382, -0.9900052, -0.12601422), (-0.055328876, -0.99052036, -0.12572995), (-0.11127002, -0.98709697, -0.11514586), (0.0032714852, -0.9913649, -0.13109106), (0.0048211724, -0.9999309, -0.0107196355), (0.0017311671, -0.99641, -0.08464131), (-0.019026825, -0.997519, -0.067777365), (-0.0006299289, -0.98521066, -0.17134629), (-0.026253503, -0.99553347, -0.090685174), (-0.01579657, -0.99591523, -0.08890048), (-0.05795192, -0.9827549, -0.17559668), (-0.0550864, -0.9876052, -0.14697444), (0.012562114, -0.99928015, -0.03579938), (0.06632804, -0.9975766, -0.021014135), (0.04436968, -0.99891824, -0.013920203), (0.06632804, -0.9975766, -0.021014135), (0.0787344, -0.9931443, -0.086401045), (0.12527856, -0.98885804, -0.080404565), (0.011216485, -0.9999176, -0.006248608), (0.0027116237, -0.9993421, -0.036164764), (0.0017311671, -0.99641, -0.08464131), (-0.05036074, -0.984108, -0.17027994), (-0.052988548, -0.9930319, -0.10526086), (-0.0550864, -0.9876052, -0.14697444), (-0.055328876, -0.99052036, -0.12572995), (-0.06332382, -0.9900052, -0.12601422), (-0.05036074, -0.984108, -0.17027994), (0.10982947, -0.9778257, -0.17831022), (0.1258432, -0.98584396, -0.11079328), (0.07053523, -0.9921042, -0.10370143), (0.046685643, -0.9726193, -0.22766691), (0.0027116237, -0.9993421, -0.036164764), (0.088396676, -0.98000866, -0.17823847), (-0.05795192, -0.9827549, -0.17559668), (-0.026253503, -0.99553347, -0.090685174), (-0.030408558, -0.98608345, -0.16344658), (-0.05036074, -0.984108, -0.17027994), (-0.0550864, -0.9876052, -0.14697444), (-0.050824553, -0.9775413, -0.20452377), (0.07926687, -0.9968129, 0.008986975), (0.06638951, -0.9975572, -0.02172836), (0.04436968, -0.99891824, -0.013920203), (0.012562114, -0.99928015, -0.03579938), (0.0787344, -0.9931443, -0.086401045), (0.06632804, -0.9975766, -0.021014135), (0.10982947, -0.9778257, -0.17831022), (0.07688819, -0.97086656, -0.22695015), (0.088396676, -0.98000866, -0.17823847), (0.088396676, -0.98000866, -0.17823847), (0.055048414, -0.99686277, -0.05686989), (0.10982947, -0.9778257, -0.17831022), (0.0017311671, -0.99641, -0.08464131), (0.0027116237, -0.9993421, -0.036164764), (0.046685643, -0.9726193, -0.22766691), (0.0032714852, -0.9913649, -0.13109106), (0.0017311671, -0.99641, -0.08464131), (0.0065962076, -0.96982896, -0.2436972), (-0.030408558, -0.98608345, -0.16344658), (-0.026253503, -0.99553347, -0.090685174), (-0.0006299289, -0.98521066, -0.17134629), (-0.055328876, -0.99052036, -0.12572995), (-0.03700103, -0.9970404, -0.06739008), (-0.11127002, -0.98709697, -0.11514586), (0.012562114, -0.99928015, -0.03579938), (0.04436968, -0.99891824, -0.013920203), (0.020022389, -0.9993299, -0.03063982), (0.012562114, -0.99928015, -0.03579938), (0.07053523, -0.9921042, -0.10370143), (0.0787344, -0.9931443, -0.086401045), (0.07053523, -0.9921042, -0.10370143), (0.012562114, -0.99928015, -0.03579938), (-0.0056710285, -0.9972736, -0.07357401), (-0.03700103, -0.9970404, -0.06739008), (-0.0047168504, -0.9980506, -0.06223153), (-0.07494825, -0.99669, -0.03149236), (0.04518423, -0.98859483, -0.14366147), (0.07053523, -0.9921042, -0.10370143), (-0.0056710285, -0.9972736, -0.07357401), (0.04518423, -0.98859483, -0.14366147), (0.10982947, -0.9778257, -0.17831022), (0.07053523, -0.9921042, -0.10370143), (-0.05036074, -0.984108, -0.17027994), (-0.050824553, -0.9775413, -0.20452377), (-0.037412222, -0.9784755, -0.2029432), (0.020022389, -0.9993299, -0.03063982), (0.04436968, -0.99891824, -0.013920203), (0.06638951, -0.9975572, -0.02172836), (-0.0006299289, -0.98521066, -0.17134629), (0.0032714852, -0.9913649, -0.13109106), (0.0103215715, -0.9727472, -0.23163806), (0.0028028907, -0.98221993, -0.18771286), (-0.055328876, -0.99052036, -0.12572995), (-0.05036074, -0.984108, -0.17027994), (0.020022389, -0.9993299, -0.03063982), (-0.0056710285, -0.9972736, -0.07357401), (0.012562114, -0.99928015, -0.03579938), (0.07688819, -0.97086656, -0.22695015), (0.10982947, -0.9778257, -0.17831022), (0.04518423, -0.98859483, -0.14366147), (0.046685643, -0.9726193, -0.22766691), (0.0065962076, -0.96982896, -0.2436972), (0.0017311671, -0.99641, -0.08464131), (-0.0639399, -0.974583, -0.2147084), (-0.05795192, -0.9827549, -0.17559668), (-0.06463418, -0.97701323, -0.20314439), (-0.05795192, -0.9827549, -0.17559668), (-0.050824553, -0.9775413, -0.20452377), (-0.0550864, -0.9876052, -0.14697444), (-0.037412222, -0.9784755, -0.2029432), (0.0028028907, -0.98221993, -0.18771286), (-0.05036074, -0.984108, -0.17027994), (0.046685643, -0.9726193, -0.22766691), (0.07688819, -0.97086656, -0.22695015), (0.04532942, -0.958621, -0.2810532), (0.043698438, -0.9386788, -0.3420125), (0.046685643, -0.9726193, -0.22766691), (0.04532942, -0.958621, -0.2810532), (0.0065962076, -0.96982896, -0.2436972), (0.046685643, -0.9726193, -0.22766691), (0.043698438, -0.9386788, -0.3420125), (0.0103215715, -0.9727472, -0.23163806), (0.0032714852, -0.9913649, -0.13109106), (0.0065962076, -0.96982896, -0.2436972), (-0.06463418, -0.97701323, -0.20314439), (-0.05795192, -0.9827549, -0.17559668), (-0.030408558, -0.98608345, -0.16344658), (-0.050824553, -0.9775413, -0.20452377), (-0.05795192, -0.9827549, -0.17559668), (-0.0639399, -0.974583, -0.2147084), (0.07688819, -0.97086656, -0.22695015), (0.046685643, -0.9726193, -0.22766691), (0.088396676, -0.98000866, -0.17823847), (-0.0639399, -0.974583, -0.2147084), (-0.037412222, -0.9784755, -0.2029432), (-0.050824553, -0.9775413, -0.20452377), (-0.058478046, -0.9981009, -0.01936296), (-0.0047168504, -0.9980506, -0.06223153), (-0.029820682, -0.994711, -0.09828962), (0.07688819, -0.97086656, -0.22695015), (0.04518423, -0.98859483, -0.14366147), (0.025979532, -0.9871388, -0.1577403), (-0.055328876, -0.99052036, -0.12572995), (0.0028028907, -0.98221993, -0.18771286), (0.01884815, -0.99234784, -0.12202656), (0.0008193945, -0.016375942, -0.9998656), (0.006343719, -0.04089667, -0.99914324), (-0.0077394266, -0.047769014, -0.99882853), (-0.0006299289, -0.98521066, -0.17134629), (0.0103215715, -0.9727472, -0.23163806), (0.019929888, -0.98094696, -0.1932509), (-0.0056710285, -0.9972736, -0.07357401), (-0.0046494445, -0.9854227, -0.17006029), (0.04518423, -0.98859483, -0.14366147), (0.0065962076, -0.96982896, -0.2436972), (0.043698438, -0.9386788, -0.3420125), (0.039743755, -0.95529336, -0.29297635), (0.019929888, -0.98094696, -0.1932509), (0.0103215715, -0.9727472, -0.23163806), (-0.00041502787, -0.9727835, -0.2317158), (-0.030408558, -0.98608345, -0.16344658), (-0.0006299289, -0.98521066, -0.17134629), (0.019929888, -0.98094696, -0.1932509), (0.019929888, -0.98094696, -0.1932509), (-0.06463418, -0.97701323, -0.20314439), (-0.030408558, -0.98608345, -0.16344658), (-0.03700103, -0.9970404, -0.06739008), (-0.030599529, -0.9956314, -0.088214986), (-0.0047168504, -0.9980506, -0.06223153), (0.052236564, -0.998344, -0.024094153), (0.020022389, -0.9993299, -0.03063982), (0.06638951, -0.9975572, -0.02172836), (-0.0046494445, -0.9854227, -0.17006029), (0.025979532, -0.9871388, -0.1577403), (0.04518423, -0.98859483, -0.14366147), (0.04532942, -0.958621, -0.2810532), (0.07688819, -0.97086656, -0.22695015), (0.025979532, -0.9871388, -0.1577403), (-0.00041502787, -0.9727835, -0.2317158), (0.0065962076, -0.96982896, -0.2436972), (0.039743755, -0.95529336, -0.29297635), (0.0065962076, -0.96982896, -0.2436972), (-0.00041502787, -0.9727835, -0.2317158), (0.0103215715, -0.9727472, -0.23163806), (-0.037412222, -0.9784755, -0.2029432), (0.033067957, -0.9499659, -0.31059846), (0.0028028907, -0.98221993, -0.18771286), (0.01884815, -0.99234784, -0.12202656), (-0.03700103, -0.9970404, -0.06739008), (-0.055328876, -0.99052036, -0.12572995), (0.01884815, -0.99234784, -0.12202656), (0.0028028907, -0.98221993, -0.18771286), (0.033067957, -0.9499659, -0.31059846), (0.01884815, -0.99234784, -0.12202656), (-0.030599529, -0.9956314, -0.088214986), (-0.03700103, -0.9970404, -0.06739008), (-0.0010215865, -0.986151, -0.16584726), (-0.029820682, -0.994711, -0.09828962), (-0.0047168504, -0.9980506, -0.06223153), (-0.119747184, -0.9873496, -0.103929706), (-0.058478046, -0.9981009, -0.01936296), (-0.029820682, -0.994711, -0.09828962), (-0.04334703, -0.9980228, -0.045513533), (0.009016072, -0.9999487, -0.004621462), (-0.03661939, -0.9985815, -0.038652923), (0.008603208, -0.99955386, 0.028602619), (-0.03661939, -0.9985815, -0.038652923), (0.009016072, -0.9999487, -0.004621462), (0.0451617, -0.9986877, 0.024154834), (0.11552602, -0.9922115, 0.0465859), (0.009819238, -0.99975973, 0.01959825), (0.11015098, -0.9927965, -0.047137115), (0.009819238, -0.99975973, 0.01959825), (0.11552602, -0.9922115, 0.0465859), (-0.022089683, 0.99964917, -0.014613327), (0.027275791, 0.99901426, 0.035020787), (0.017823473, 0.9973888, 0.069985196), (-0.022089683, 0.99964917, -0.014613327), (0.017823473, 0.9973888, 0.069985196), (-0.0057191714, 0.9992939, 0.03713208), (-0.01632154, 0.99490935, -0.09944272), (-0.064998664, 0.9970603, -0.040570054), (-0.040407225, 0.98051643, -0.1922361), (-0.13079834, 0.99140865, 0.00080800283), (-0.12524526, 0.98072433, -0.14997779), (-0.040407225, 0.98051643, -0.1922361), (-0.111348316, 0.9839257, 0.1396136), (-0.05319177, 0.9957869, -0.07469262), (-0.12524526, 0.98072433, -0.14997779), (0.058696795, 0.9803848, -0.18814954), (0.013985867, 0.9727667, -0.2313643), (0.032259014, 0.97496474, -0.22000699), (0.013409949, 0.053893458, 0.99845666), (0.018509617, 0.14161344, 0.98974895), (0.010463518, 0.048381466, 0.9987742), (0.005172176, 0.9936447, -0.112442866), (0.01273064, 0.98005545, -0.1983161), (0.013985867, 0.9727667, -0.2313643), (0.053963616, 0.9822393, -0.17970535), (0.005172176, 0.9936447, -0.112442866), (0.068990044, 0.99075276, -0.11683015), (0.068990044, 0.99075276, -0.11683015), (0.020387286, 0.99891424, -0.041889757), (0.08484851, 0.9788471, -0.18616958), (0.05625236, 0.9961591, -0.06710155), (0.020387286, 0.99891424, -0.041889757), (-0.022179939, 0.9763671, 0.21497764), (0.031760316, 0.99740285, 0.06464331), (0.031240366, 0.99939996, -0.014954397), (0.05625236, 0.9961591, -0.06710155), (0.031760316, 0.99740285, 0.06464331), (0.0034631572, 0.9923568, 0.12335309), (0.031240366, 0.99939996, -0.014954397), (-0.03380071, 0.24244314, 0.9695766), (-0.011209175, 0.018936725, 0.9997579), (0.008286832, 0.008161039, 0.9999323), (-0.0045470353, 0.98883086, 0.14897291), (-0.03380071, 0.24244314, 0.9695766), (-0.12582417, 0.8634759, 0.48844415), (0.09147278, 0.94299793, 0.31998056), (-0.0071665784, 0.988729, 0.14954418), (-0.0045470353, 0.98883086, 0.14897291), (0.025238864, 0.9971242, 0.07145901), (-0.07088286, 0.99466354, -0.07496684), (-0.0057191714, 0.9992939, 0.03713208), (-0.13079834, 0.99140865, 0.00080800283), (-0.111348316, 0.9839257, 0.1396136), (-0.12524526, 0.98072433, -0.14997779), (-0.050918024, 0.97816664, -0.20148782), (-0.12524526, 0.98072433, -0.14997779), (-0.05319177, 0.9957869, -0.07469262), (0.053963616, 0.9822393, -0.17970535), (0.01273064, 0.98005545, -0.1983161), (0.005172176, 0.9936447, -0.112442866), (-0.0045470353, 0.98883086, 0.14897291), (-0.12582417, 0.8634759, 0.48844415), (0.09147278, 0.94299793, 0.31998056), (-0.09644495, 0.99518096, -0.017696844), (-0.0045470353, 0.98883086, 0.14897291), (-0.0071665784, 0.988729, 0.14954418), (-0.07088286, 0.99466354, -0.07496684), (0.025238864, 0.9971242, 0.07145901), (-0.01632154, 0.99490935, -0.09944272), (-0.07088286, 0.99466354, -0.07496684), (-0.022089683, 0.99964917, -0.014613327), (-0.0057191714, 0.9992939, 0.03713208), (0.058696795, 0.9803848, -0.18814954), (-0.050918024, 0.97816664, -0.20148782), (-0.05319177, 0.9957869, -0.07469262), (0.05625236, 0.9961591, -0.06710155), (-0.022179939, 0.9763671, 0.21497764), (0.031760316, 0.99740285, 0.06464331), (0.097949564, 0.995063, 0.015981445), (0.03611212, 0.998548, 0.03997219), (0.027275791, 0.99901426, 0.035020787), (-0.040407225, 0.98051643, -0.1922361), (-0.064998664, 0.9970603, -0.040570054), (-0.13079834, 0.99140865, 0.00080800283), (0.031240366, 0.99939996, -0.014954397), (0.0034631572, 0.9923568, 0.12335309), (0.035818417, 0.9986579, 0.037408754), (0.035818417, 0.9986579, 0.037408754), (0.02268893, 0.9996391, -0.014385892), (0.031240366, 0.99939996, -0.014954397), (0.08666173, 0.9945738, 0.057557732), (0.097949564, 0.995063, 0.015981445), (0.027275791, 0.99901426, 0.035020787), (0.032259014, 0.97496474, -0.22000699), (-0.050918024, 0.97816664, -0.20148782), (0.058696795, 0.9803848, -0.18814954), (0.08484851, 0.9788471, -0.18616958), (0.053963616, 0.9822393, -0.17970535), (0.068990044, 0.99075276, -0.11683015), (0.08484851, 0.9788471, -0.18616958), (0.020387286, 0.99891424, -0.041889757), (0.05625236, 0.9961591, -0.06710155), (0.031240366, 0.99939996, -0.014954397), (0.11152854, 0.9816577, -0.15462723), (0.05625236, 0.9961591, -0.06710155), (-0.0045470353, 0.98883086, 0.14897291), (0.02268893, 0.9996391, -0.014385892), (0.035818417, 0.9986579, 0.037408754), (0.01273064, 0.98005545, -0.1983161), (0.01125702, 0.9748026, -0.22278498), (0.013985867, 0.9727667, -0.2313643), (0.05625236, 0.9961591, -0.06710155), (0.08641553, 0.97480726, -0.20562875), (0.08484851, 0.9788471, -0.18616958), (-0.01632154, 0.99490935, -0.09944272), (-0.1109941, 0.9683565, -0.22353084), (-0.07088286, 0.99466354, -0.07496684), (-0.056259125, 0.98017806, -0.18996274), (-0.07187618, 0.96273595, -0.26071692), (-0.12524526, 0.98072433, -0.14997779), (-0.050918024, 0.97816664, -0.20148782), (0.032259014, 0.97496474, -0.22000699), (0.0090567265, 0.98941493, -0.14483145), (0.053963616, 0.9822393, -0.17970535), (0.05032943, 0.98469853, -0.16684043), (0.01273064, 0.98005545, -0.1983161), (-0.0045470353, 0.98883086, 0.14897291), (-0.07965137, 0.99673057, -0.013559222), (0.02268893, 0.9996391, -0.014385892), (0.032259014, 0.97496474, -0.22000699), (0.013985867, 0.9727667, -0.2313643), (0.01125702, 0.9748026, -0.22278498), (0.0711601, 0.98014385, -0.18507922), (0.05032943, 0.98469853, -0.16684043), (0.053963616, 0.9822393, -0.17970535), (0.053963616, 0.9822393, -0.17970535), (0.08484851, 0.9788471, -0.18616958), (0.0711601, 0.98014385, -0.18507922), (0.06701508, 0.99344563, -0.09259977), (0.0711601, 0.98014385, -0.18507922), (0.08484851, 0.9788471, -0.18616958), (-0.07088286, 0.99466354, -0.07496684), (-0.1109941, 0.9683565, -0.22353084), (-0.15601103, 0.9779024, -0.13916706), (0.11152854, 0.9816577, -0.15462723), (0.08641553, 0.97480726, -0.20562875), (0.05625236, 0.9961591, -0.06710155), (0.031240366, 0.99939996, -0.014954397), (0.02268893, 0.9996391, -0.014385892), (0.1010505, 0.9909396, -0.088472225), (0.06699204, 0.9953583, -0.069094926), (0.1010505, 0.9909396, -0.088472225), (0.02268893, 0.9996391, -0.014385892), (-0.24909446, 0.9671961, -0.049836982), (-0.07965137, 0.99673057, -0.013559222), (-0.09644495, 0.99518096, -0.017696844), (0.027275791, 0.99901426, 0.035020787), (0.03611212, 0.998548, 0.03997219), (0.017823473, 0.9973888, 0.069985196), (-0.15601103, 0.9779024, -0.13916706), (-0.1109941, 0.9683565, -0.22353084), (-0.20174737, 0.9680038, -0.14922002), (-0.040407225, 0.98051643, -0.1922361), (-0.1109941, 0.9683565, -0.22353084), (-0.01632154, 0.99490935, -0.09944272), (0.031240366, 0.99939996, -0.014954397), (0.1010505, 0.9909396, -0.088472225), (0.11152854, 0.9816577, -0.15462723), (-0.07965137, 0.99673057, -0.013559222), (0.06699204, 0.9953583, -0.069094926), (0.02268893, 0.9996391, -0.014385892), (-0.0045470353, 0.98883086, 0.14897291), (-0.09644495, 0.99518096, -0.017696844), (-0.07965137, 0.99673057, -0.013559222), (-0.022089683, 0.99964917, -0.014613327), (-0.07088286, 0.99466354, -0.07496684), (-0.15601103, 0.9779024, -0.13916706), (-0.07187618, 0.96273595, -0.26071692), (-0.1109941, 0.9683565, -0.22353084), (-0.040407225, 0.98051643, -0.1922361), (0.08641553, 0.97480726, -0.20562875), (0.06701508, 0.99344563, -0.09259977), (0.08484851, 0.9788471, -0.18616958), (0.08666173, 0.9945738, 0.057557732), (0.027275791, 0.99901426, 0.035020787), (0.028336259, 0.9995462, -0.010220491), (-0.022089683, 0.99964917, -0.014613327), (-0.15601103, 0.9779024, -0.13916706), (-0.078467436, 0.9958458, -0.046195123), (-0.050918024, 0.97816664, -0.20148782), (-0.056259125, 0.98017806, -0.18996274), (-0.12524526, 0.98072433, -0.14997779), (0.01125702, 0.9748026, -0.22278498), (0.01273064, 0.98005545, -0.1983161), (0.05032943, 0.98469853, -0.16684043), (0.05032943, 0.98469853, -0.16684043), (-0.0008728444, 0.9967079, -0.08107128), (0.01125702, 0.9748026, -0.22278498), (0.1010505, 0.9909396, -0.088472225), (0.14613423, 0.9836943, -0.10483405), (0.11152854, 0.9816577, -0.15462723), (-0.022089683, 0.99964917, -0.014613327), (-0.078467436, 0.9958458, -0.046195123), (0.027275791, 0.99901426, 0.035020787), (0.032259014, 0.97496474, -0.22000699), (0.0139632905, 0.9933406, -0.11436606), (0.0090567265, 0.98941493, -0.14483145), (0.01125702, 0.9748026, -0.22278498), (-0.0008728444, 0.9967079, -0.08107128), (0.0139632905, 0.9933406, -0.11436606), (-0.20174737, 0.9680038, -0.14922002), (-0.2131891, 0.97071934, -0.11069991), (-0.15601103, 0.9779024, -0.13916706), (0.0139632905, 0.9933406, -0.11436606), (0.032259014, 0.97496474, -0.22000699), (0.01125702, 0.9748026, -0.22278498), (0.05032943, 0.98469853, -0.16684043), (0.0711601, 0.98014385, -0.18507922), (0.07514718, 0.99652946, -0.035803925), (0.07514718, 0.99652946, -0.035803925), (0.0711601, 0.98014385, -0.18507922), (0.06701508, 0.99344563, -0.09259977), (-0.078467436, 0.9958458, -0.046195123), (0.028336259, 0.9995462, -0.010220491), (0.027275791, 0.99901426, 0.035020787), (-0.09185061, 0.98377204, -0.1541296), (-0.20174737, 0.9680038, -0.14922002), (-0.1109941, 0.9683565, -0.22353084), (-0.1109941, 0.9683565, -0.22353084), (-0.07187618, 0.96273595, -0.26071692), (-0.09185061, 0.98377204, -0.1541296), (-0.029945333, 0.9976451, -0.061705314), (-0.09185061, 0.98377204, -0.1541296), (-0.07187618, 0.96273595, -0.26071692), (-0.056259125, 0.98017806, -0.18996274), (-0.029945333, 0.9976451, -0.061705314), (-0.07187618, 0.96273595, -0.26071692), (-0.050918024, 0.97816664, -0.20148782), (-0.006386487, 0.9974751, -0.07072929), (-0.056259125, 0.98017806, -0.18996274), (-0.0008728444, 0.9967079, -0.08107128), (0.05032943, 0.98469853, -0.16684043), (0.07411153, 0.99720925, -0.009006209), (0.11127724, 0.9891724, -0.095683314), (0.14613423, 0.9836943, -0.10483405), (0.1010505, 0.9909396, -0.088472225), (-0.078467436, 0.9958458, -0.046195123), (-0.068146266, 0.99656945, -0.046961986), (0.028336259, 0.9995462, -0.010220491), (-0.050918024, 0.97816664, -0.20148782), (0.0090567265, 0.98941493, -0.14483145), (-0.006386487, 0.9974751, -0.07072929), (0.0090567265, 0.98941493, -0.14483145), (0.0139632905, 0.9933406, -0.11436606), (0.02531065, 0.99942714, -0.02246661), (-0.015980301, 0.9994911, -0.027609393), (0.0139632905, 0.9933406, -0.11436606), (-0.0008728444, 0.9967079, -0.08107128), (0.07514718, 0.99652946, -0.035803925), (0.07411153, 0.99720925, -0.009006209), (0.05032943, 0.98469853, -0.16684043), (0.08641553, 0.97480726, -0.20562875), (0.11152854, 0.9816577, -0.15462723), (0.106459096, 0.9908274, -0.08323193), (0.08534828, 0.99507254, -0.050461162), (0.028336259, 0.9995462, -0.010220491), (-0.068146266, 0.99656945, -0.046961986), (0.02531065, 0.99942714, -0.02246661), (-0.006386487, 0.9974751, -0.07072929), (0.0090567265, 0.98941493, -0.14483145), (0.06701508, 0.99344563, -0.09259977), (0.05731316, 0.99828184, 0.012182709), (0.07514718, 0.99652946, -0.035803925), (0.106459096, 0.9908274, -0.08323193), (0.06701508, 0.99344563, -0.09259977), (0.08641553, 0.97480726, -0.20562875), (0.14613423, 0.9836943, -0.10483405), (0.106459096, 0.9908274, -0.08323193), (0.11152854, 0.9816577, -0.15462723), (-0.15601103, 0.9779024, -0.13916706), (-0.2131891, 0.97071934, -0.11069991), (-0.078467436, 0.9958458, -0.046195123), (0.052600145, 0.9986154, 0.0008213797), (0.06701508, 0.99344563, -0.09259977), (0.106459096, 0.9908274, -0.08323193), (0.106459096, 0.9908274, -0.08323193), (0.09641534, 0.99459964, -0.03841484), (0.052600145, 0.9986154, 0.0008213797), (-0.2131891, 0.97071934, -0.11069991), (-0.068146266, 0.99656945, -0.046961986), (-0.078467436, 0.9958458, -0.046195123), (0.11127724, 0.9891724, -0.095683314), (0.1010505, 0.9909396, -0.088472225), (0.06699204, 0.9953583, -0.069094926), (-0.07965137, 0.99673057, -0.013559222), (-0.24909446, 0.9671961, -0.049836982), (-0.119900204, 0.9924968, 0.02396016), (-0.119900204, 0.9924968, 0.02396016), (0.01449725, 0.9990834, -0.040276244), (-0.07965137, 0.99673057, -0.013559222), (-0.029945333, 0.9976451, -0.061705314), (-0.056259125, 0.98017806, -0.18996274), (-0.016638577, 0.9996295, -0.021539958), (0.14613423, 0.9836943, -0.10483405), (0.09641534, 0.99459964, -0.03841484), (0.106459096, 0.9908274, -0.08323193), (0.06699204, 0.9953583, -0.069094926), (0.11642149, 0.9892721, -0.08824209), (0.11127724, 0.9891724, -0.095683314), (0.06699204, 0.9953583, -0.069094926), (-0.07965137, 0.99673057, -0.013559222), (0.01449725, 0.9990834, -0.040276244), (-0.048174698, 0.9961546, -0.07317967), (0.07211057, 0.9971978, -0.019915715), (-0.068146266, 0.99656945, -0.046961986), (-0.006386487, 0.9974751, -0.07072929), (-0.016638577, 0.9996295, -0.021539958), (-0.056259125, 0.98017806, -0.18996274), (0.05731316, 0.99828184, 0.012182709), (0.06701508, 0.99344563, -0.09259977), (0.052600145, 0.9986154, 0.0008213797), (0.07211057, 0.9971978, -0.019915715), (0.08534828, 0.99507254, -0.050461162), (-0.068146266, 0.99656945, -0.046961986), (-0.016638577, 0.9996295, -0.021539958), (-0.006386487, 0.9974751, -0.07072929), (-0.00089223904, 0.99997306, 0.007289392), (0.02531065, 0.99942714, -0.02246661), (0.0055532395, 0.9999723, 0.0049620573), (-0.00089223904, 0.99997306, 0.007289392), (-0.22443746, 0.96757334, -0.11588617), (-0.068146266, 0.99656945, -0.046961986), (-0.2131891, 0.97071934, -0.11069991), (-0.22443746, 0.96757334, -0.11588617), (-0.2131891, 0.97071934, -0.11069991), (-0.22313218, 0.9694812, -0.10157844), (-0.20174737, 0.9680038, -0.14922002), (-0.22313218, 0.9694812, -0.10157844), (-0.2131891, 0.97071934, -0.11069991), (-0.09185061, 0.98377204, -0.1541296), (-0.029945333, 0.9976451, -0.061705314), (-0.1021666, 0.9924038, -0.068532236), (-0.006386487, 0.9974751, -0.07072929), (0.02531065, 0.99942714, -0.02246661), (-0.00089223904, 0.99997306, 0.007289392), (-0.015980301, 0.9994911, -0.027609393), (0.0055532395, 0.9999723, 0.0049620573), (0.02531065, 0.99942714, -0.02246661), (0.02531065, 0.99942714, -0.02246661), (0.0139632905, 0.9933406, -0.11436606), (-0.015980301, 0.9994911, -0.027609393), (0.07411153, 0.99720925, -0.009006209), (0.006653182, 0.9996801, 0.024400806), (-0.0008728444, 0.9967079, -0.08107128), (0.11642149, 0.9892721, -0.08824209), (0.06699204, 0.9953583, -0.069094926), (0.01449725, 0.9990834, -0.040276244), (0.01449725, 0.9990834, -0.040276244), (0.049955428, 0.9975766, -0.04843139), (0.11642149, 0.9892721, -0.08824209), (-0.22443746, 0.96757334, -0.11588617), (-0.048174698, 0.9961546, -0.07317967), (-0.068146266, 0.99656945, -0.046961986), (-0.20174737, 0.9680038, -0.14922002), (-0.09185061, 0.98377204, -0.1541296), (-0.1021666, 0.9924038, -0.068532236), (-0.00089223904, 0.99997306, 0.007289392), (-0.0077624475, 0.99984807, 0.015611758), (-0.016638577, 0.9996295, -0.021539958), (-0.015980301, 0.9994911, -0.027609393), (-0.0008728444, 0.9967079, -0.08107128), (0.006653182, 0.9996801, 0.024400806), (0.11127724, 0.9891724, -0.095683314), (0.09641534, 0.99459964, -0.03841484), (0.14613423, 0.9836943, -0.10483405), (-0.021842012, 0.9981683, -0.056416735), (0.01449725, 0.9990834, -0.040276244), (-0.119900204, 0.9924968, 0.02396016), (-0.048174698, 0.9961546, -0.07317967), (0.12481968, 0.9916419, -0.03265634), (0.07211057, 0.9971978, -0.019915715), (0.06218782, 0.9966392, 0.05332096), (0.006653182, 0.9996801, 0.024400806), (0.07411153, 0.99720925, -0.009006209), (0.084231175, 0.99594337, 0.031652953), (0.06218782, 0.9966392, 0.05332096), (0.07411153, 0.99720925, -0.009006209), (0.07514718, 0.99652946, -0.035803925), (0.05731316, 0.99828184, 0.012182709), (0.084231175, 0.99594337, 0.031652953), (0.084231175, 0.99594337, 0.031652953), (0.07411153, 0.99720925, -0.009006209), (0.07514718, 0.99652946, -0.035803925), (-0.20174737, 0.9680038, -0.14922002), (-0.1021666, 0.9924038, -0.068532236), (-0.22313218, 0.9694812, -0.10157844), (-0.007753891, 0.9999657, 0.00291164), (-0.1021666, 0.9924038, -0.068532236), (-0.029945333, 0.9976451, -0.061705314), (-0.0077624475, 0.99984807, 0.015611758), (-0.029945333, 0.9976451, -0.061705314), (-0.016638577, 0.9996295, -0.021539958), (0.01449725, 0.9990834, -0.040276244), (-0.021842012, 0.9981683, -0.056416735), (-0.09825335, 0.99401754, -0.047701895), (-0.22443746, 0.96757334, -0.11588617), (-0.1803942, 0.97810984, -0.10372628), (-0.048174698, 0.9961546, -0.07317967), (0.11642149, 0.9892721, -0.08824209), (0.12916683, 0.98933405, -0.06733576), (0.060571127, 0.9972152, -0.043509584), (0.049955428, 0.9975766, -0.04843139), (0.12916683, 0.98933405, -0.06733576), (0.11642149, 0.9892721, -0.08824209), (-0.22313218, 0.9694812, -0.10157844), (-0.12559167, 0.9906354, -0.053556), (-0.22443746, 0.96757334, -0.11588617), (-0.12559167, 0.9906354, -0.053556), (-0.22313218, 0.9694812, -0.10157844), (-0.1021666, 0.9924038, -0.068532236), (-0.0077624475, 0.99984807, 0.015611758), (-0.007753891, 0.9999657, 0.00291164), (-0.029945333, 0.9976451, -0.061705314), (0.084231175, 0.99594337, 0.031652953), (0.051955465, 0.99834824, 0.024523245), (0.06218782, 0.9966392, 0.05332096), (0.09641534, 0.99459964, -0.03841484), (0.0563123, 0.99840635, -0.0036962542), (0.052600145, 0.9986154, 0.0008213797), (0.11127724, 0.9891724, -0.095683314), (0.060571127, 0.9972152, -0.043509584), (0.09641534, 0.99459964, -0.03841484), (-0.09825335, 0.99401754, -0.047701895), (-0.16296479, 0.98516685, 0.053748023), (0.049955428, 0.9975766, -0.04843139), (0.049955428, 0.9975766, -0.04843139), (0.01449725, 0.9990834, -0.040276244), (-0.09825335, 0.99401754, -0.047701895), (-0.048174698, 0.9961546, -0.07317967), (-0.1803942, 0.97810984, -0.10372628), (-0.025917307, 0.9968166, -0.07539877), (-0.19690111, 0.9743044, -0.109366186), (-0.1803942, 0.97810984, -0.10372628), (-0.22443746, 0.96757334, -0.11588617), (-0.0077624475, 0.99984807, 0.015611758), (-0.00089223904, 0.99997306, 0.007289392), (-0.02013913, 0.9987246, 0.04630152), (0.0055532395, 0.9999723, 0.0049620573), (-0.015980301, 0.9994911, -0.027609393), (0.006653182, 0.9996801, 0.024400806), (0.033094157, 0.9994518, -0.00096614443), (0.05731316, 0.99828184, 0.012182709), (0.052600145, 0.9986154, 0.0008213797), (0.060571127, 0.9972152, -0.043509584), (0.0563123, 0.99840635, -0.0036962542), (0.09641534, 0.99459964, -0.03841484), (0.060571127, 0.9972152, -0.043509584), (0.11127724, 0.9891724, -0.095683314), (0.11642149, 0.9892721, -0.08824209), (-0.12559167, 0.9906354, -0.053556), (-0.19690111, 0.9743044, -0.109366186), (-0.22443746, 0.96757334, -0.11588617), (0.0055532395, 0.9999723, 0.0049620573), (0.010925295, 0.99900585, 0.0432199), (0.008601556, 0.9994115, 0.0332058), (0.010925295, 0.99900585, 0.0432199), (0.0055532395, 0.9999723, 0.0049620573), (0.006653182, 0.9996801, 0.024400806), (0.033094157, 0.9994518, -0.00096614443), (0.052600145, 0.9986154, 0.0008213797), (0.0563123, 0.99840635, -0.0036962542), (0.008601556, 0.9994115, 0.0332058), (-0.00089223904, 0.99997306, 0.007289392), (0.0055532395, 0.9999723, 0.0049620573), (0.036795605, 0.99889064, 0.029387776), (0.010925295, 0.99900585, 0.0432199), (0.006653182, 0.9996801, 0.024400806), (0.051955465, 0.99834824, 0.024523245), (0.084231175, 0.99594337, 0.031652953), (0.05241542, 0.99853987, 0.013070922), (0.084231175, 0.99594337, 0.031652953), (0.05731316, 0.99828184, 0.012182709), (0.05241542, 0.99853987, 0.013070922), (0.033094157, 0.9994518, -0.00096614443), (0.05241542, 0.99853987, 0.013070922), (0.05731316, 0.99828184, 0.012182709), (-0.007753891, 0.9999657, 0.00291164), (0.0033560097, 0.9986434, 0.051962357), (-0.12559167, 0.9906354, -0.053556), (0.010646629, 0.997778, 0.065771244), (0.0033560097, 0.9986434, 0.051962357), (-0.007753891, 0.9999657, 0.00291164), (0.010646629, 0.997778, 0.065771244), (-0.007753891, 0.9999657, 0.00291164), (-0.0077624475, 0.99984807, 0.015611758), (0.060571127, 0.9972152, -0.043509584), (0.041637577, 0.99907726, 0.010531329), (0.0563123, 0.99840635, -0.0036962542), (-0.12559167, 0.9906354, -0.053556), (-0.1021666, 0.9924038, -0.068532236), (-0.007753891, 0.9999657, 0.00291164), (-0.0077624475, 0.99984807, 0.015611758), (-0.02013913, 0.9987246, 0.04630152), (0.010646629, 0.997778, 0.065771244), (0.06218782, 0.9966392, 0.05332096), (0.036795605, 0.99889064, 0.029387776), (0.006653182, 0.9996801, 0.024400806), (0.12481968, 0.9916419, -0.03265634), (-0.048174698, 0.9961546, -0.07317967), (-0.025917307, 0.9968166, -0.07539877), (0.0033560097, 0.9986434, 0.051962357), (-0.049017273, 0.998386, 0.028682917), (-0.12559167, 0.9906354, -0.053556), (-0.02013913, 0.9987246, 0.04630152), (-0.00089223904, 0.99997306, 0.007289392), (0.008601556, 0.9994115, 0.0332058), (0.051955465, 0.99834824, 0.024523245), (0.065492466, 0.99762905, 0.021144075), (0.06218782, 0.9966392, 0.05332096), (0.0563123, 0.99840635, -0.0036962542), (0.0440101, 0.9988867, 0.016981693), (0.033094157, 0.9994518, -0.00096614443), (0.008601556, 0.9994115, 0.0332058), (-0.028052263, 0.998347, 0.05016271), (-0.02013913, 0.9987246, 0.04630152), (0.030260177, 0.99943733, 0.014469746), (0.05241542, 0.99853987, 0.013070922), (0.033094157, 0.9994518, -0.00096614443), (0.049955428, 0.9975766, -0.04843139), (-0.16296479, 0.98516685, 0.053748023), (0.06637143, 0.9974872, -0.024781471), (-0.1803942, 0.97810984, -0.10372628), (-0.016695887, 0.99453825, -0.10302886), (-0.025917307, 0.9968166, -0.07539877), (0.024770806, 0.997805, 0.06141279), (-0.049017273, 0.998386, 0.028682917), (0.0033560097, 0.9986434, 0.051962357), (0.033094157, 0.9994518, -0.00096614443), (0.0440101, 0.9988867, 0.016981693), (0.030260177, 0.99943733, 0.014469746), (0.041637577, 0.99907726, 0.010531329), (0.0440101, 0.9988867, 0.016981693), (0.0563123, 0.99840635, -0.0036962542), (0.12916683, 0.98933405, -0.06733576), (0.043622233, 0.99898934, 0.010833931), (0.060571127, 0.9972152, -0.043509584), (0.12938496, 0.9915932, 0.0015969656), (0.043622233, 0.99898934, 0.010833931), (0.12916683, 0.98933405, -0.06733576), (0.049955428, 0.9975766, -0.04843139), (0.12938496, 0.9915932, 0.0015969656), (0.12916683, 0.98933405, -0.06733576), (-0.19690111, 0.9743044, -0.109366186), (-0.21210915, 0.97709507, -0.017171042), (-0.1803942, 0.97810984, -0.10372628), (0.010646629, 0.997778, 0.065771244), (0.024770806, 0.997805, 0.06141279), (0.0033560097, 0.9986434, 0.051962357), (0.036795605, 0.99889064, 0.029387776), (0.06218782, 0.9966392, 0.05332096), (0.065492466, 0.99762905, 0.021144075), (0.05241542, 0.99853987, 0.013070922), (0.030260177, 0.99943733, 0.014469746), (0.051955465, 0.99834824, 0.024523245), (-0.19690111, 0.9743044, -0.109366186), (-0.12559167, 0.9906354, -0.053556), (-0.049017273, 0.998386, 0.028682917), (0.010646629, 0.997778, 0.065771244), (-0.02013913, 0.9987246, 0.04630152), (-0.02037726, 0.9982524, 0.055470385), (0.036795605, 0.99889064, 0.029387776), (0.0055163796, 0.9996825, 0.024588387), (0.010925295, 0.99900585, 0.0432199), (0.021985387, 0.9992839, 0.030794656), (0.030260177, 0.99943733, 0.014469746), (0.0440101, 0.9988867, 0.016981693), (0.060571127, 0.9972152, -0.043509584), (0.043622233, 0.99898934, 0.010833931), (0.041637577, 0.99907726, 0.010531329), (-0.1803942, 0.97810984, -0.10372628), (-0.12509228, 0.9914061, -0.038288236), (-0.016695887, 0.99453825, -0.10302886), (-0.049017273, 0.998386, 0.028682917), (-0.21210915, 0.97709507, -0.017171042), (-0.19690111, 0.9743044, -0.109366186), (0.008601556, 0.9994115, 0.0332058), (0.010925295, 0.99900585, 0.0432199), (0.0055163796, 0.9996825, 0.024588387), (0.065492466, 0.99762905, 0.021144075), (0.038488872, 0.9989494, 0.024875928), (0.036795605, 0.99889064, 0.029387776), (-0.12509228, 0.9914061, -0.038288236), (0.11520507, 0.99100155, -0.06814587), (-0.016695887, 0.99453825, -0.10302886), (-0.21210915, 0.97709507, -0.017171042), (-0.12509228, 0.9914061, -0.038288236), (-0.1803942, 0.97810984, -0.10372628), (-0.02037726, 0.9982524, 0.055470385), (0.024770806, 0.997805, 0.06141279), (0.010646629, 0.997778, 0.065771244), (0.06637143, 0.9974872, -0.024781471), (0.12938496, 0.9915932, 0.0015969656), (0.049955428, 0.9975766, -0.04843139), (-0.21210915, 0.97709507, -0.017171042), (-0.1945153, 0.98077315, 0.015741685), (-0.12509228, 0.9914061, -0.038288236), (-0.028052263, 0.998347, 0.05016271), (-0.02037726, 0.9982524, 0.055470385), (-0.02013913, 0.9987246, 0.04630152), (0.008601556, 0.9994115, 0.0332058), (0.0055163796, 0.9996825, 0.024588387), (0.002565905, 0.99877393, 0.049436834), (0.0055163796, 0.9996825, 0.024588387), (0.036795605, 0.99889064, 0.029387776), (0.038488872, 0.9989494, 0.024875928), (0.004405176, 0.9986469, 0.0518155), (-0.049017273, 0.998386, 0.028682917), (0.024770806, 0.997805, 0.06141279), (0.0051145153, 0.99782157, 0.06577306), (0.002565905, 0.99877393, 0.049436834), (0.0055163796, 0.9996825, 0.024588387), (0.051700547, 0.9974221, 0.049761165), (0.038488872, 0.9989494, 0.024875928), (0.065492466, 0.99762905, 0.021144075), (0.12938496, 0.9915932, 0.0015969656), (0.06637143, 0.9974872, -0.024781471), (0.059856735, 0.9981715, -0.008416962), (0.059856735, 0.9981715, -0.008416962), (0.04558237, 0.99874586, 0.020710446), (0.12938496, 0.9915932, 0.0015969656), (-0.12509228, 0.9914061, -0.038288236), (-0.0389757, 0.9988853, 0.02662914), (0.11520507, 0.99100155, -0.06814587), (0.008601556, 0.9994115, 0.0332058), (0.002565905, 0.99877393, 0.049436834), (-0.028052263, 0.998347, 0.05016271), (0.038488872, 0.9989494, 0.024875928), (0.0051145153, 0.99782157, 0.06577306), (0.0055163796, 0.9996825, 0.024588387), (0.051700547, 0.9974221, 0.049761165), (0.0051145153, 0.99782157, 0.06577306), (0.038488872, 0.9989494, 0.024875928), (0.065492466, 0.99762905, 0.021144075), (0.051955465, 0.99834824, 0.024523245), (0.04267838, 0.99867946, 0.02859981), (0.051955465, 0.99834824, 0.024523245), (0.030260177, 0.99943733, 0.014469746), (0.04267838, 0.99867946, 0.02859981), (0.043622233, 0.99898934, 0.010833931), (0.043550543, 0.99887717, 0.018647896), (0.041637577, 0.99907726, 0.010531329), (-0.1945153, 0.98077315, 0.015741685), (-0.21210915, 0.97709507, -0.017171042), (-0.09894827, 0.9945573, 0.03263363), (-0.21210915, 0.97709507, -0.017171042), (-0.049017273, 0.998386, 0.028682917), (-0.09894827, 0.9945573, 0.03263363), (0.002565905, 0.99877393, 0.049436834), (-0.028389253, 0.9973423, 0.06710065), (-0.028052263, 0.998347, 0.05016271), (0.04267838, 0.99867946, 0.02859981), (0.051700547, 0.9974221, 0.049761165), (0.065492466, 0.99762905, 0.021144075), (0.026999723, 0.99940777, 0.02132982), (0.021985387, 0.9992839, 0.030794656), (0.0440101, 0.9988867, 0.016981693), (0.043622233, 0.99898934, 0.010833931), (0.09212483, 0.99479985, 0.043431446), (0.043550543, 0.99887717, 0.018647896), (0.043622233, 0.99898934, 0.010833931), (0.12938496, 0.9915932, 0.0015969656), (0.09212483, 0.99479985, 0.043431446), (0.004405176, 0.9986469, 0.0518155), (-0.09894827, 0.9945573, 0.03263363), (-0.049017273, 0.998386, 0.028682917), (0.0151021285, 0.9982943, 0.056395892), (0.004405176, 0.9986469, 0.0518155), (0.024770806, 0.997805, 0.06141279), (-0.02037726, 0.9982524, 0.055470385), (0.0151021285, 0.9982943, 0.056395892), (0.024770806, 0.997805, 0.06141279), (-0.028389253, 0.9973423, 0.06710065), (-0.02037726, 0.9982524, 0.055470385), (-0.028052263, 0.998347, 0.05016271), (0.050573137, 0.99869555, 0.0070394645), (0.0440101, 0.9988867, 0.016981693), (0.041637577, 0.99907726, 0.010531329), (0.043550543, 0.99887717, 0.018647896), (0.050573137, 0.99869555, 0.0070394645), (0.041637577, 0.99907726, 0.010531329), (-0.0389757, 0.9988853, 0.02662914), (-0.12509228, 0.9914061, -0.038288236), (-0.1945153, 0.98077315, 0.015741685), (-0.0121282, 0.99731034, 0.07228479), (-0.15152311, 0.987799, 0.035974074), (-0.09894827, 0.9945573, 0.03263363), (-0.0112387, 0.9964266, 0.083713055), (-0.028389253, 0.9973423, 0.06710065), (0.002565905, 0.99877393, 0.049436834), (0.021985387, 0.9992839, 0.030794656), (0.04267838, 0.99867946, 0.02859981), (0.030260177, 0.99943733, 0.014469746), (0.09212483, 0.99479985, 0.043431446), (0.12938496, 0.9915932, 0.0015969656), (0.04558237, 0.99874586, 0.020710446), (-0.09894827, 0.9945573, 0.03263363), (0.004405176, 0.9986469, 0.0518155), (-0.0121282, 0.99731034, 0.07228479), (0.050573137, 0.99869555, 0.0070394645), (0.026999723, 0.99940777, 0.02132982), (0.0440101, 0.9988867, 0.016981693), (0.04558237, 0.99874586, 0.020710446), (0.10527267, 0.99438894, 0.010406665), (0.09212483, 0.99479985, 0.043431446), (0.002565905, 0.99877393, 0.049436834), (0.0051145153, 0.99782157, 0.06577306), (-0.0112387, 0.9964266, 0.083713055), (0.04267838, 0.99867946, 0.02859981), (0.03318275, 0.9991188, 0.025701122), (0.051700547, 0.9974221, 0.049761165), (0.04558237, 0.99874586, 0.020710446), (0.059856735, 0.9981715, -0.008416962), (-0.1402, 0.99008554, 0.00863887), (0.021985387, 0.9992839, 0.030794656), (0.024779357, 0.99958324, 0.014806868), (0.04267838, 0.99867946, 0.02859981), (-0.15745385, 0.986928, 0.034372136), (0.0014932022, 0.9983505, 0.057393536), (-0.0389757, 0.9988853, 0.02662914), (-0.0067192344, 0.9975534, 0.06958538), (0.0151021285, 0.9982943, 0.056395892), (-0.02037726, 0.9982524, 0.055470385), (0.03318275, 0.9991188, 0.025701122), (0.04267838, 0.99867946, 0.02859981), (0.024779357, 0.99958324, 0.014806868), (0.09212483, 0.99479985, 0.043431446), (0.07856112, 0.99689454, -0.0054279277), (0.043550543, 0.99887717, 0.018647896), (0.0151021285, 0.9982943, 0.056395892), (0.0059982245, 0.9956707, 0.09275694), (0.004405176, 0.9986469, 0.0518155), (-0.02037726, 0.9982524, 0.055470385), (-0.028389253, 0.9973423, 0.06710065), (-0.0067192344, 0.9975534, 0.06958538), (-0.0108374655, 0.99607056, 0.08789821), (-0.028389253, 0.9973423, 0.06710065), (-0.0112387, 0.9964266, 0.083713055), (-0.014115672, 0.9960166, 0.08804313), (-0.0112387, 0.9964266, 0.083713055), (0.0051145153, 0.99782157, 0.06577306), (-0.0389757, 0.9988853, 0.02662914), (-0.1945153, 0.98077315, 0.015741685), (-0.15745385, 0.986928, 0.034372136), (-0.15152311, 0.987799, 0.035974074), (-0.1945153, 0.98077315, 0.015741685), (-0.09894827, 0.9945573, 0.03263363), (-0.0121282, 0.99731034, 0.07228479), (0.004405176, 0.9986469, 0.0518155), (0.0059982245, 0.9956707, 0.09275694), (0.026999723, 0.99940777, 0.02132982), (0.024779357, 0.99958324, 0.014806868), (0.021985387, 0.9992839, 0.030794656), (0.10527267, 0.99438894, 0.010406665), (0.07856112, 0.99689454, -0.0054279277), (0.09212483, 0.99479985, 0.043431446), (-0.1402, 0.99008554, 0.00863887), (-0.038524922, 0.99871606, 0.032895867), (0.04558237, 0.99874586, 0.020710446), (-0.15152311, 0.987799, 0.035974074), (-0.15745385, 0.986928, 0.034372136), (-0.1945153, 0.98077315, 0.015741685), (0.0059982245, 0.9956707, 0.09275694), (-0.005971196, 0.99581975, 0.09114518), (-0.0121282, 0.99731034, 0.07228479), (-0.0067192344, 0.9975534, 0.06958538), (0.004138722, 0.9970957, 0.07604599), (0.0151021285, 0.9982943, 0.056395892), (-0.0108374655, 0.99607056, 0.08789821), (-0.0067192344, 0.9975534, 0.06958538), (-0.028389253, 0.9973423, 0.06710065), (0.012552459, 0.9982804, 0.057258334), (0.051700547, 0.9974221, 0.049761165), (0.03318275, 0.9991188, 0.025701122), (0.024802443, 0.9996117, 0.0127015505), (0.024779357, 0.99958324, 0.014806868), (0.026999723, 0.99940777, 0.02132982), (0.050573137, 0.99869555, 0.0070394645), (0.024802443, 0.9996117, 0.0127015505), (0.026999723, 0.99940777, 0.02132982), (-0.15152311, 0.987799, 0.035974074), (-0.0121282, 0.99731034, 0.07228479), (-0.005971196, 0.99581975, 0.09114518), (0.0059982245, 0.9956707, 0.09275694), (0.0151021285, 0.9982943, 0.056395892), (0.004138722, 0.9970957, 0.07604599), (-0.009561685, 0.99597925, 0.08907285), (-0.0112387, 0.9964266, 0.083713055), (-0.014115672, 0.9960166, 0.08804313), (0.10527267, 0.99438894, 0.010406665), (0.04558237, 0.99874586, 0.020710446), (0.057865836, 0.9983239, 0.00090303645), (0.004138722, 0.9970957, 0.07604599), (-0.00877188, 0.9984269, 0.055377815), (0.0059982245, 0.9956707, 0.09275694), (-0.003211881, 0.9985027, 0.054608893), (0.004138722, 0.9970957, 0.07604599), (-0.0067192344, 0.9975534, 0.06958538), (-0.0067192344, 0.9975534, 0.06958538), (-0.0108374655, 0.99607056, 0.08789821), (-0.003211881, 0.9985027, 0.054608893), (0.024802443, 0.9996117, 0.0127015505), (0.050573137, 0.99869555, 0.0070394645), (0.045281086, 0.9989512, -0.0067935856), (0.045281086, 0.9989512, -0.0067935856), (0.050573137, 0.99869555, 0.0070394645), (0.043550543, 0.99887717, 0.018647896), (0.07856112, 0.99689454, -0.0054279277), (0.045281086, 0.9989512, -0.0067935856), (0.043550543, 0.99887717, 0.018647896), (0.11462885, 0.9929346, -0.030680247), (0.048489586, 0.9986753, -0.017220289), (0.07856112, 0.99689454, -0.0054279277), (0.11462885, 0.9929346, -0.030680247), (0.07856112, 0.99689454, -0.0054279277), (0.10527267, 0.99438894, 0.010406665), (0.04558237, 0.99874586, 0.020710446), (-0.038524922, 0.99871606, 0.032895867), (0.057865836, 0.9983239, 0.00090303645), (-0.009561685, 0.99597925, 0.08907285), (-0.002966883, 0.9976592, 0.06831757), (-0.0108374655, 0.99607056, 0.08789821), (-0.0108374655, 0.99607056, 0.08789821), (-0.0112387, 0.9964266, 0.083713055), (-0.009561685, 0.99597925, 0.08907285), (0.024779357, 0.99958324, 0.014806868), (0.027395405, 0.9995134, 0.014911364), (0.03318275, 0.9991188, 0.025701122), (0.048489586, 0.9986753, -0.017220289), (0.045281086, 0.9989512, -0.0067935856), (0.07856112, 0.99689454, -0.0054279277), (-0.15152311, 0.987799, 0.035974074), (-0.005971196, 0.99581975, 0.09114518), (-0.1255501, 0.99046147, 0.056773588), (-0.024980733, 0.9986952, 0.044540375), (-0.014115672, 0.9960166, 0.08804313), (0.012552459, 0.9982804, 0.057258334), (0.057865836, 0.9983239, 0.00090303645), (0.11462885, 0.9929346, -0.030680247), (0.10527267, 0.99438894, 0.010406665), (-0.15745385, 0.986928, 0.034372136), (-0.14351302, 0.9893233, 0.025365716), (0.0014932022, 0.9983505, 0.057393536), (0.02322849, 0.9997241, 0.0034786197), (0.027395405, 0.9995134, 0.014911364), (0.024779357, 0.99958324, 0.014806868), (0.11462885, 0.9929346, -0.030680247), (0.12246097, 0.99244493, -0.0075085456), (0.048489586, 0.9986753, -0.017220289), (0.057865836, 0.9983239, 0.00090303645), (-0.038524922, 0.99871606, 0.032895867), (-0.03980317, 0.99866515, 0.032916997), (-0.024980733, 0.9986952, 0.044540375), (0.012552459, 0.9982804, 0.057258334), (0.004135267, 0.9995427, 0.02995101), (0.03318275, 0.9991188, 0.025701122), (0.004135267, 0.9995427, 0.02995101), (0.012552459, 0.9982804, 0.057258334), (0.02322849, 0.9997241, 0.0034786197), (0.024779357, 0.99958324, 0.014806868), (0.024802443, 0.9996117, 0.0127015505), (0.048489586, 0.9986753, -0.017220289), (0.018793695, 0.99979985, 0.006851425), (0.045281086, 0.9989512, -0.0067935856), (0.11462885, 0.9929346, -0.030680247), (0.057865836, 0.9983239, 0.00090303645), (0.12922284, 0.9915088, -0.014553862), (-0.1255501, 0.99046147, 0.056773588), (-0.14351302, 0.9893233, 0.025365716), (-0.15745385, 0.986928, 0.034372136), (-0.002966883, 0.9976592, 0.06831757), (-0.003211881, 0.9985027, 0.054608893), (-0.0108374655, 0.99607056, 0.08789821), (-0.009561685, 0.99597925, 0.08907285), (-0.020498553, 0.9977667, 0.06357318), (-0.0015475368, 0.99943525, 0.033568963), (-0.009561685, 0.99597925, 0.08907285), (-0.014115672, 0.9960166, 0.08804313), (-0.020498553, 0.9977667, 0.06357318), (-0.014115672, 0.9960166, 0.08804313), (-0.024980733, 0.9986952, 0.044540375), (-0.020498553, 0.9977667, 0.06357318), (0.027395405, 0.9995134, 0.014911364), (0.004135267, 0.9995427, 0.02995101), (0.03318275, 0.9991188, 0.025701122), (0.12922284, 0.9915088, -0.014553862), (0.12246097, 0.99244493, -0.0075085456), (0.11462885, 0.9929346, -0.030680247), (-0.03980317, 0.99866515, 0.032916997), (0.039764483, 0.99911916, 0.013404985), (0.057865836, 0.9983239, 0.00090303645), (-0.00877188, 0.9984269, 0.055377815), (-0.005971196, 0.99581975, 0.09114518), (0.0059982245, 0.9956707, 0.09275694), (-0.002966883, 0.9976592, 0.06831757), (0.00076732034, 0.9999076, 0.013574183), (-0.003211881, 0.9985027, 0.054608893), (-0.1255501, 0.99046147, 0.056773588), (-0.15745385, 0.986928, 0.034372136), (-0.15152311, 0.987799, 0.035974074), (-0.0015475368, 0.99943525, 0.033568963), (0.00076732034, 0.9999076, 0.013574183), (-0.002966883, 0.9976592, 0.06831757), (-0.0015475368, 0.99943525, 0.033568963), (-0.002966883, 0.9976592, 0.06831757), (-0.009561685, 0.99597925, 0.08907285), (0.027395405, 0.9995134, 0.014911364), (0.02322849, 0.9997241, 0.0034786197), (0.00842877, 0.9999556, -0.0042345454), (0.024802443, 0.9996117, 0.0127015505), (0.045281086, 0.9989512, -0.0067935856), (0.018793695, 0.99979985, 0.006851425), (-0.14306857, 0.9896165, 0.01380408), (-0.08139644, 0.99589014, -0.039718222), (-0.14351302, 0.9893233, 0.025365716), (-0.14351302, 0.9893233, 0.025365716), (-0.1255501, 0.99046147, 0.056773588), (-0.14306857, 0.9896165, 0.01380408), (-0.1255501, 0.99046147, 0.056773588), (-0.09867282, 0.9948219, 0.024350086), (-0.14306857, 0.9896165, 0.01380408), (0.024802443, 0.9996117, 0.0127015505), (0.018793695, 0.99979985, 0.006851425), (0.03415539, 0.99928737, -0.016068164), (-0.005971196, 0.99581975, 0.09114518), (-0.01060868, 0.99956644, 0.027464654), (-0.1255501, 0.99046147, 0.056773588), (0.03415539, 0.99928737, -0.016068164), (0.02322849, 0.9997241, 0.0034786197), (0.024802443, 0.9996117, 0.0127015505), (0.12922284, 0.9915088, -0.014553862), (0.057865836, 0.9983239, 0.00090303645), (0.039764483, 0.99911916, 0.013404985), (0.004138722, 0.9970957, 0.07604599), (-0.005636798, 0.99988467, 0.014100175), (-0.00877188, 0.9984269, 0.055377815), (0.02322849, 0.9997241, 0.0034786197), (0.03415539, 0.99928737, -0.016068164), (0.024236625, 0.9993377, -0.027142832), (0.051341597, 0.997997, -0.036960445), (0.03415539, 0.99928737, -0.016068164), (0.018793695, 0.99979985, 0.006851425), (0.048489586, 0.9986753, -0.017220289), (0.028714597, 0.9995875, 0.0005460332), (0.018793695, 0.99979985, 0.006851425), (-0.1255501, 0.99046147, 0.056773588), (-0.01060868, 0.99956644, 0.027464654), (-0.09867282, 0.9948219, 0.024350086), (-0.005636798, 0.99988467, 0.014100175), (-0.012573073, 0.9994536, -0.030569809), (-0.019134546, 0.999686, -0.01618097), (-0.0083036665, 0.9999655, -0.00039556372), (-0.0015475368, 0.99943525, 0.033568963), (-0.020498553, 0.9977667, 0.06357318), (-0.020498553, 0.9977667, 0.06357318), (-0.024980733, 0.9986952, 0.044540375), (-0.0083036665, 0.9999655, -0.00039556372), (0.00842877, 0.9999556, -0.0042345454), (-0.030481314, 0.99934685, 0.019409077), (0.004135267, 0.9995427, 0.02995101), (0.00842877, 0.9999556, -0.0042345454), (0.004135267, 0.9995427, 0.02995101), (0.027395405, 0.9995134, 0.014911364), (0.028714597, 0.9995875, 0.0005460332), (0.051341597, 0.997997, -0.036960445), (0.018793695, 0.99979985, 0.006851425), (0.039764483, 0.99911916, 0.013404985), (0.033869248, 0.9991848, -0.02196967), (0.12151772, 0.992587, -0.002132433), (-0.003211881, 0.9985027, 0.054608893), (0.010827273, 0.99985164, -0.013397418), (-0.005636798, 0.99988467, 0.014100175), (0.00842877, 0.9999556, -0.0042345454), (0.02322849, 0.9997241, 0.0034786197), (0.024236625, 0.9993377, -0.027142832), (0.024236625, 0.9993377, -0.027142832), (-0.0057496624, 0.99992627, -0.010691451), (0.00842877, 0.9999556, -0.0042345454), (-0.005636798, 0.99988467, 0.014100175), (0.004138722, 0.9970957, 0.07604599), (-0.003211881, 0.9985027, 0.054608893), (0.00076732034, 0.9999076, 0.013574183), (0.010827273, 0.99985164, -0.013397418), (-0.003211881, 0.9985027, 0.054608893), (-0.030481314, 0.99934685, 0.019409077), (-0.024980733, 0.9986952, 0.044540375), (0.004135267, 0.9995427, 0.02995101), (-0.0057496624, 0.99992627, -0.010691451), (0.024236625, 0.9993377, -0.027142832), (0.0030550081, 0.9999215, -0.01215308), (-0.00877188, 0.9984269, 0.055377815), (-0.01060868, 0.99956644, 0.027464654), (-0.005971196, 0.99581975, 0.09114518), (-0.0027435375, 0.99993056, 0.011462375), (-0.0083036665, 0.9999655, -0.00039556372), (-0.024980733, 0.9986952, 0.044540375), (0.00842877, 0.9999556, -0.0042345454), (-0.0057496624, 0.99992627, -0.010691451), (-0.030481314, 0.99934685, 0.019409077), (0.028714597, 0.9995875, 0.0005460332), (0.05839423, 0.9966015, -0.058098935), (0.051341597, 0.997997, -0.036960445), (0.12151772, 0.992587, -0.002132433), (0.12246097, 0.99244493, -0.0075085456), (0.12922284, 0.9915088, -0.014553862), (-0.012573073, 0.9994536, -0.030569809), (-0.005636798, 0.99988467, 0.014100175), (0.010827273, 0.99985164, -0.013397418), (-0.0015475368, 0.99943525, 0.033568963), (-0.008416751, 0.9999304, -0.008269075), (0.00076732034, 0.9999076, 0.013574183), (-0.030481314, 0.99934685, 0.019409077), (-0.0027435375, 0.99993056, 0.011462375), (-0.024980733, 0.9986952, 0.044540375), (-0.01060868, 0.99956644, 0.027464654), (-0.019134546, 0.999686, -0.01618097), (-0.04571004, 0.9987594, -0.019754846), (-0.0057496624, 0.99992627, -0.010691451), (-0.05779422, 0.9979604, 0.027107727), (-0.030481314, 0.99934685, 0.019409077), (0.12151772, 0.992587, -0.002132433), (0.12922284, 0.9915088, -0.014553862), (0.039764483, 0.99911916, 0.013404985), (-0.01060868, 0.99956644, 0.027464654), (-0.00877188, 0.9984269, 0.055377815), (-0.019134546, 0.999686, -0.01618097), (-0.019134546, 0.999686, -0.01618097), (-0.00877188, 0.9984269, 0.055377815), (-0.005636798, 0.99988467, 0.014100175), (0.010827273, 0.99985164, -0.013397418), (0.00076732034, 0.9999076, 0.013574183), (0.014511323, 0.99965477, -0.021901345), (-0.008416751, 0.9999304, -0.008269075), (-0.0015475368, 0.99943525, 0.033568963), (-0.0083036665, 0.9999655, -0.00039556372), (-0.05779422, 0.9979604, 0.027107727), (-0.0057496624, 0.99992627, -0.010691451), (-0.03653138, 0.999249, 0.012917335), (0.024236625, 0.9993377, -0.027142832), (0.03415539, 0.99928737, -0.016068164), (0.0196375, 0.9988228, -0.044353906), (-0.10555384, 0.99441, 0.0026727312), (-0.04571004, 0.9987594, -0.019754846), (-0.100694984, 0.99464613, 0.023225542), (0.014511323, 0.99965477, -0.021901345), (0.00076732034, 0.9999076, 0.013574183), (-0.008416751, 0.9999304, -0.008269075), (-0.008416751, 0.9999304, -0.008269075), (-0.004369589, 0.9993019, -0.03710181), (0.014511323, 0.99965477, -0.021901345), (0.0030550081, 0.9999215, -0.01215308), (0.024236625, 0.9993377, -0.027142832), (0.0196375, 0.9988228, -0.044353906), (0.12246097, 0.99244493, -0.0075085456), (0.11283001, 0.9936093, -0.0031550108), (0.028714597, 0.9995875, 0.0005460332), (-0.0083036665, 0.9999655, -0.00039556372), (-0.0027435375, 0.99993056, 0.011462375), (0.0069352617, 0.9997279, -0.022271568), (0.0069352617, 0.9997279, -0.022271568), (-0.008416751, 0.9999304, -0.008269075), (-0.0083036665, 0.9999655, -0.00039556372), (0.12246097, 0.99244493, -0.0075085456), (0.12151772, 0.992587, -0.002132433), (0.11283001, 0.9936093, -0.0031550108), (-0.10555384, 0.99441, 0.0026727312), (-0.14306857, 0.9896165, 0.01380408), (-0.09867282, 0.9948219, 0.024350086), (-0.04571004, 0.9987594, -0.019754846), (-0.09867282, 0.9948219, 0.024350086), (-0.01060868, 0.99956644, 0.027464654), (0.0008427328, 0.99993587, -0.011291043), (-0.015135979, 0.9998464, 0.008836546), (-0.012573073, 0.9994536, -0.030569809), (0.010827273, 0.99985164, -0.013397418), (0.0008427328, 0.99993587, -0.011291043), (-0.012573073, 0.9994536, -0.030569809), (0.0030550081, 0.9999215, -0.01215308), (-0.03653138, 0.999249, 0.012917335), (-0.0057496624, 0.99992627, -0.010691451), (0.04691076, 0.99683505, -0.06418073), (0.0196375, 0.9988228, -0.044353906), (0.051341597, 0.997997, -0.036960445), (0.05839423, 0.9966015, -0.058098935), (0.04691076, 0.99683505, -0.06418073), (0.051341597, 0.997997, -0.036960445), (0.028714597, 0.9995875, 0.0005460332), (0.048489586, 0.9986753, -0.017220289), (0.12246097, 0.99244493, -0.0075085456), (0.11283001, 0.9936093, -0.0031550108), (0.12151772, 0.992587, -0.002132433), (0.09278655, 0.99564403, -0.009134458), (-0.04571004, 0.9987594, -0.019754846), (-0.019134546, 0.999686, -0.01618097), (-0.017832277, 0.99978447, -0.010636355), (-0.0027435375, 0.99993056, 0.011462375), (-0.030481314, 0.99934685, 0.019409077), (-0.029703455, 0.99926007, 0.02443266), (-0.05779422, 0.9979604, 0.027107727), (-0.029703455, 0.99926007, 0.02443266), (-0.030481314, 0.99934685, 0.019409077), (-0.03653138, 0.999249, 0.012917335), (-0.024222309, 0.9994648, 0.021987526), (-0.05779422, 0.9979604, 0.027107727), (0.0196375, 0.9988228, -0.044353906), (0.03415539, 0.99928737, -0.016068164), (0.051341597, 0.997997, -0.036960445), (-0.019134546, 0.999686, -0.01618097), (-0.012573073, 0.9994536, -0.030569809), (-0.017832277, 0.99978447, -0.010636355), (0.019761648, 0.9997981, -0.0036352735), (-0.029703455, 0.99926007, 0.02443266), (-0.024222309, 0.9994648, 0.021987526), (0.09278655, 0.99564403, -0.009134458), (0.12151772, 0.992587, -0.002132433), (0.033869248, 0.9991848, -0.02196967), (-0.100694984, 0.99464613, 0.023225542), (-0.04571004, 0.9987594, -0.019754846), (-0.017832277, 0.99978447, -0.010636355), (0.014511323, 0.99965477, -0.021901345), (0.0008427328, 0.99993587, -0.011291043), (0.010827273, 0.99985164, -0.013397418), (0.0030550081, 0.9999215, -0.01215308), (0.0196375, 0.9988228, -0.044353906), (-0.02177985, 0.9991959, -0.03366586), (0.09278655, 0.99564403, -0.009134458), (0.033869248, 0.9991848, -0.02196967), (0.029178014, 0.99953246, -0.009142795), (-0.017832277, 0.99978447, -0.010636355), (-0.012573073, 0.9994536, -0.030569809), (-0.015135979, 0.9998464, 0.008836546), (0.0008427328, 0.99993587, -0.011291043), (0.014511323, 0.99965477, -0.021901345), (-0.0016330386, 0.9995145, -0.031114148), (0.014511323, 0.99965477, -0.021901345), (-0.004369589, 0.9993019, -0.03710181), (-0.0016330386, 0.9995145, -0.031114148), (-0.029703455, 0.99926007, 0.02443266), (-0.05779422, 0.9979604, 0.027107727), (-0.024222309, 0.9994648, 0.021987526), (-0.03653138, 0.999249, 0.012917335), (0.0030550081, 0.9999215, -0.01215308), (-0.02177985, 0.9991959, -0.03366586), (0.05839423, 0.9966015, -0.058098935), (0.071463555, 0.9958204, -0.056873456), (0.04691076, 0.99683505, -0.06418073), (0.028714597, 0.9995875, 0.0005460332), (0.11283001, 0.9936093, -0.0031550108), (0.07069589, 0.9965046, -0.044503413), (0.08944099, 0.99542, 0.03375401), (0.09278655, 0.99564403, -0.009134458), (0.04217634, 0.99907476, -0.008407524), (0.029178014, 0.99953246, -0.009142795), (0.04217634, 0.99907476, -0.008407524), (0.09278655, 0.99564403, -0.009134458), (-0.14306857, 0.9896165, 0.01380408), (-0.10555384, 0.99441, 0.0026727312), (-0.08139644, 0.99589014, -0.039718222), (-0.004369589, 0.9993019, -0.03710181), (-0.008416751, 0.9999304, -0.008269075), (0.0069352617, 0.9997279, -0.022271568), (0.038800567, 0.9992402, 0.0036941), (0.0069352617, 0.9997279, -0.022271568), (0.019761648, 0.9997981, -0.0036352735), (0.04691076, 0.99683505, -0.06418073), (-0.02177985, 0.9991959, -0.03366586), (0.0196375, 0.9988228, -0.044353906), (-0.043185282, 0.99853295, 0.03266333), (-0.08139644, 0.99589014, -0.039718222), (-0.10555384, 0.99441, 0.0026727312), (-0.10555384, 0.99441, 0.0026727312), (-0.09275907, 0.9934282, 0.06705368), (-0.043185282, 0.99853295, 0.03266333), (0.07069589, 0.9965046, -0.044503413), (0.071463555, 0.9958204, -0.056873456), (0.05839423, 0.9966015, -0.058098935), (-0.007942896, 0.9987244, -0.04986258), (-0.0016330386, 0.9995145, -0.031114148), (-0.004369589, 0.9993019, -0.03710181), (0.0069352617, 0.9997279, -0.022271568), (-0.007942896, 0.9987244, -0.04986258), (-0.004369589, 0.9993019, -0.03710181), (0.038800567, 0.9992402, 0.0036941), (0.035172842, 0.99915034, -0.021480829), (0.0069352617, 0.9997279, -0.022271568), (0.05839423, 0.9966015, -0.058098935), (0.028714597, 0.9995875, 0.0005460332), (0.07069589, 0.9965046, -0.044503413), (-0.011749194, 0.9998694, 0.011095303), (-0.017832277, 0.99978447, -0.010636355), (-0.015135979, 0.9998464, 0.008836546), (0.035172842, 0.99915034, -0.021480829), (-0.007942896, 0.9987244, -0.04986258), (0.0069352617, 0.9997279, -0.022271568), (-0.024222309, 0.9994648, 0.021987526), (0.038800567, 0.9992402, 0.0036941), (0.019761648, 0.9997981, -0.0036352735), (0.04691076, 0.99683505, -0.06418073), (0.071463555, 0.9958204, -0.056873456), (-0.006809173, 0.9999154, 0.011080839), (-0.09275907, 0.9934282, 0.06705368), (-0.10555384, 0.99441, 0.0026727312), (-0.100694984, 0.99464613, 0.023225542), (-0.04321882, 0.99890023, 0.018179724), (-0.100694984, 0.99464613, 0.023225542), (-0.017832277, 0.99978447, -0.010636355), (-0.011749194, 0.9998694, 0.011095303), (-0.04321882, 0.99890023, 0.018179724), (-0.017832277, 0.99978447, -0.010636355), (0.0008427328, 0.99993587, -0.011291043), (-0.011749194, 0.9998694, 0.011095303), (-0.015135979, 0.9998464, 0.008836546), (-0.02177985, 0.9991959, -0.03366586), (0.04691076, 0.99683505, -0.06418073), (-0.006809173, 0.9999154, 0.011080839), (0.13209966, 0.9912284, 0.003995205), (0.122619376, 0.9924474, -0.0035639948), (0.07069589, 0.9965046, -0.044503413), (-0.007942896, 0.9987244, -0.04986258), (0.035172842, 0.99915034, -0.021480829), (-0.022004852, 0.9996471, -0.014878106), (-0.024222309, 0.9994648, 0.021987526), (-0.03653138, 0.999249, 0.012917335), (-0.061522223, 0.99802864, 0.012411276), (0.11283001, 0.9936093, -0.0031550108), (0.13209966, 0.9912284, 0.003995205), (0.07069589, 0.9965046, -0.044503413), (-0.09275907, 0.9934282, 0.06705368), (-0.0025733784, 0.9972539, 0.0740138), (-0.043185282, 0.99853295, 0.03266333), (-0.04321882, 0.99890023, 0.018179724), (-0.14907882, 0.98762035, 0.048801214), (-0.100694984, 0.99464613, 0.023225542), (0.0071551106, 0.9998479, 0.015904134), (0.038800567, 0.9992402, 0.0036941), (-0.024222309, 0.9994648, 0.021987526), (-0.061522223, 0.99802864, 0.012411276), (-0.03653138, 0.999249, 0.012917335), (-0.04961734, 0.9985909, 0.018823324), (-0.04961734, 0.9985909, 0.018823324), (-0.03653138, 0.999249, 0.012917335), (-0.02177985, 0.9991959, -0.03366586), (0.11283001, 0.9936093, -0.0031550108), (0.09278655, 0.99564403, -0.009134458), (0.13209966, 0.9912284, 0.003995205), (0.08944099, 0.99542, 0.03375401), (0.04217634, 0.99907476, -0.008407524), (-0.052365154, 0.99843544, 0.019609485), (-0.09275907, 0.9934282, 0.06705368), (-0.012370362, 0.99909425, 0.0407146), (-0.0025733784, 0.9972539, 0.0740138), (-0.0016330386, 0.9995145, -0.031114148), (-0.027168557, 0.9996306, -0.0007509057), (0.0008427328, 0.99993587, -0.011291043), (0.122619376, 0.9924474, -0.0035639948), (0.071463555, 0.9958204, -0.056873456), (0.07069589, 0.9965046, -0.044503413), (-0.011749194, 0.9998694, 0.011095303), (0.0008427328, 0.99993587, -0.011291043), (-0.027168557, 0.9996306, -0.0007509057), (0.06547958, 0.9977009, 0.017473968), (-0.006809173, 0.9999154, 0.011080839), (0.071463555, 0.9958204, -0.056873456), (0.122619376, 0.9924474, -0.0035639948), (0.06547958, 0.9977009, 0.017473968), (0.071463555, 0.9958204, -0.056873456), (0.08944099, 0.99542, 0.03375401), (0.13209966, 0.9912284, 0.003995205), (0.09278655, 0.99564403, -0.009134458), (-0.10067922, 0.9942223, 0.037225757), (-0.012370362, 0.99909425, 0.0407146), (-0.09275907, 0.9934282, 0.06705368), (-0.14907882, 0.98762035, 0.048801214), (-0.09275907, 0.9934282, 0.06705368), (-0.100694984, 0.99464613, 0.023225542), (-0.011749194, 0.9998694, 0.011095303), (-0.060280636, 0.9977584, 0.02906059), (-0.04321882, 0.99890023, 0.018179724), (-0.027168557, 0.9996306, -0.0007509057), (-0.0016330386, 0.9995145, -0.031114148), (-0.022004852, 0.9996471, -0.014878106), (-0.0016330386, 0.9995145, -0.031114148), (-0.007942896, 0.9987244, -0.04986258), (-0.022004852, 0.9996471, -0.014878106), (-0.024222309, 0.9994648, 0.021987526), (-0.061522223, 0.99802864, 0.012411276), (0.0071551106, 0.9998479, 0.015904134), (0.13209966, 0.9912284, 0.003995205), (0.16518614, 0.98475707, 0.05447197), (0.122619376, 0.9924474, -0.0035639948), (-0.027168557, 0.9996306, -0.0007509057), (-0.037121043, 0.9991547, 0.0176601), (-0.011749194, 0.9998694, 0.011095303), (0.022417447, 0.99973416, -0.005395422), (-0.022004852, 0.9996471, -0.014878106), (0.035172842, 0.99915034, -0.021480829), (0.0071551106, 0.9998479, 0.015904134), (0.07552742, 0.9971256, -0.006013545), (0.038800567, 0.9992402, 0.0036941), (0.08944099, 0.99542, 0.03375401), (0.16518614, 0.98475707, 0.05447197), (0.13209966, 0.9912284, 0.003995205), (0.08944099, 0.99542, 0.03375401), (-0.02458586, 0.9988515, 0.04112645), (0.16518614, 0.98475707, 0.05447197), (-0.052365154, 0.99843544, 0.019609485), (-0.24732122, 0.9689294, -0.0028262695), (-0.02458586, 0.9988515, 0.04112645), (-0.02458586, 0.9988515, 0.04112645), (0.08944099, 0.99542, 0.03375401), (-0.052365154, 0.99843544, 0.019609485), (-0.04321882, 0.99890023, 0.018179724), (-0.060280636, 0.9977584, 0.02906059), (-0.14907882, 0.98762035, 0.048801214), (-0.037121043, 0.9991547, 0.0176601), (-0.060280636, 0.9977584, 0.02906059), (-0.011749194, 0.9998694, 0.011095303), (-0.022004852, 0.9996471, -0.014878106), (-0.028005088, 0.99950874, -0.014071575), (-0.027168557, 0.9996306, -0.0007509057), (0.038800567, 0.9992402, 0.0036941), (0.07552742, 0.9971256, -0.006013545), (0.035172842, 0.99915034, -0.021480829), (-0.006809173, 0.9999154, 0.011080839), (-0.04961734, 0.9985909, 0.018823324), (-0.02177985, 0.9991959, -0.03366586), (-0.10067922, 0.9942223, 0.037225757), (0.017887745, 0.9998282, 0.004848363), (-0.012370362, 0.99909425, 0.0407146), (-0.09275907, 0.9934282, 0.06705368), (-0.14907882, 0.98762035, 0.048801214), (-0.10067922, 0.9942223, 0.037225757), (-0.15626201, 0.98569906, 0.06308378), (-0.10067922, 0.9942223, 0.037225757), (-0.14907882, 0.98762035, 0.048801214), (0.06547958, 0.9977009, 0.017473968), (0.122619376, 0.9924474, -0.0035639948), (0.1260594, 0.9902315, 0.059586838), (0.16518614, 0.98475707, 0.05447197), (0.1260594, 0.9902315, 0.059586838), (0.122619376, 0.9924474, -0.0035639948), (-0.028005088, 0.99950874, -0.014071575), (-0.037121043, 0.9991547, 0.0176601), (-0.027168557, 0.9996306, -0.0007509057), (-0.14907882, 0.98762035, 0.048801214), (-0.060280636, 0.9977584, 0.02906059), (-0.15626201, 0.98569906, 0.06308378), (-0.04961734, 0.9985909, 0.018823324), (-0.043790456, 0.9986698, 0.02721775), (-0.061522223, 0.99802864, 0.012411276), (-0.026476882, 0.998711, 0.043305468), (-0.04961734, 0.9985909, 0.018823324), (-0.006809173, 0.9999154, 0.011080839), (0.06547958, 0.9977009, 0.017473968), (0.014113325, 0.99878365, 0.047245014), (-0.006809173, 0.9999154, 0.011080839), (-0.24732122, 0.9689294, -0.0028262695), (-0.19257104, 0.9812106, 0.01192644), (-0.02458586, 0.9988515, 0.04112645), (0.07552742, 0.9971256, -0.006013545), (0.022417447, 0.99973416, -0.005395422), (0.035172842, 0.99915034, -0.021480829), (-0.04513295, 0.9988493, 0.016221052), (0.0071551106, 0.9998479, 0.015904134), (-0.061522223, 0.99802864, 0.012411276), (-0.061522223, 0.99802864, 0.012411276), (-0.043790456, 0.9986698, 0.02721775), (-0.04513295, 0.9988493, 0.016221052), (0.16518614, 0.98475707, 0.05447197), (0.13895352, 0.98836476, 0.06186195), (0.17662834, 0.98016655, 0.08986647), (-0.043790456, 0.9986698, 0.02721775), (-0.04961734, 0.9985909, 0.018823324), (-0.026476882, 0.998711, 0.043305468), (0.014113325, 0.99878365, 0.047245014), (-0.026476882, 0.998711, 0.043305468), (-0.006809173, 0.9999154, 0.011080839), (0.16518614, 0.98475707, 0.05447197), (-0.02458586, 0.9988515, 0.04112645), (0.13895352, 0.98836476, 0.06186195), (0.0071551106, 0.9998479, 0.015904134), (0.050009713, 0.9986204, -0.016005518), (0.07552742, 0.9971256, -0.006013545), (0.17662834, 0.98016655, 0.08986647), (0.1260594, 0.9902315, 0.059586838), (0.16518614, 0.98475707, 0.05447197), (-0.07995797, 0.9912794, 0.104746506), (-0.15626201, 0.98569906, 0.06308378), (-0.060280636, 0.9977584, 0.02906059), (0.07723752, 0.9968922, -0.015505754), (0.022417447, 0.99973416, -0.005395422), (0.07552742, 0.9971256, -0.006013545), (0.1260594, 0.9902315, 0.059586838), (0.014113325, 0.99878365, 0.047245014), (0.06547958, 0.9977009, 0.017473968), (-0.10067922, 0.9942223, 0.037225757), (-0.05642149, 0.9978133, 0.034429144), (0.017887745, 0.9998282, 0.004848363), (-0.01725768, 0.99985045, 0.0011034982), (-0.028005088, 0.99950874, -0.014071575), (-0.022004852, 0.9996471, -0.014878106), (0.050009713, 0.9986204, -0.016005518), (0.0071551106, 0.9998479, 0.015904134), (-0.04513295, 0.9988493, 0.016221052), (0.13895352, 0.98836476, 0.06186195), (0.106967375, 0.9911149, 0.0790517), (0.17662834, 0.98016655, 0.08986647), (-0.060280636, 0.9977584, 0.02906059), (-0.037121043, 0.9991547, 0.0176601), (-0.07995797, 0.9912794, 0.104746506), (-0.022004852, 0.9996471, -0.014878106), (0.022417447, 0.99973416, -0.005395422), (-0.01725768, 0.99985045, 0.0011034982), (-0.19257104, 0.9812106, 0.01192644), (-0.1811544, 0.97947687, 0.08836386), (-0.02589783, 0.9990855, 0.034021806), (-0.05642149, 0.9978133, 0.034429144), (0.07604784, 0.99706453, -0.008890748), (0.017887745, 0.9998282, 0.004848363), (-0.09769577, 0.9952151, 0.0015965477), (-0.037121043, 0.9991547, 0.0176601), (-0.028005088, 0.99950874, -0.014071575), (-0.0015680275, 0.99931526, -0.036967885), (-0.09769577, 0.9952151, 0.0015965477), (-0.028005088, 0.99950874, -0.014071575), (-0.01725768, 0.99985045, 0.0011034982), (-0.0015680275, 0.99931526, -0.036967885), (-0.028005088, 0.99950874, -0.014071575), (-0.02458586, 0.9988515, 0.04112645), (-0.02589783, 0.9990855, 0.034021806), (0.13895352, 0.98836476, 0.06186195), (0.07723752, 0.9968922, -0.015505754), (0.07552742, 0.9971256, -0.006013545), (0.050009713, 0.9986204, -0.016005518), (-0.043790456, 0.9986698, 0.02721775), (-0.026476882, 0.998711, 0.043305468), (-0.023323318, 0.9987319, 0.044615507), (-0.023323318, 0.9987319, 0.044615507), (0.014113325, 0.99878365, 0.047245014), (0.01683488, 0.99549764, 0.093279555), (-0.02589783, 0.9990855, 0.034021806), (-0.02458586, 0.9988515, 0.04112645), (-0.19257104, 0.9812106, 0.01192644), (-0.15626201, 0.98569906, 0.06308378), (-0.05642149, 0.9978133, 0.034429144), (-0.10067922, 0.9942223, 0.037225757), (-0.15626201, 0.98569906, 0.06308378), (-0.07995797, 0.9912794, 0.104746506), (-0.09938777, 0.99132085, 0.08605251), (-0.037121043, 0.9991547, 0.0176601), (-0.10112178, 0.991247, 0.08487454), (-0.07995797, 0.9912794, 0.104746506), (-0.01725768, 0.99985045, 0.0011034982), (0.021989038, 0.9993034, 0.030152507), (-0.0015680275, 0.99931526, -0.036967885), (0.050009713, 0.9986204, -0.016005518), (-0.04513295, 0.9988493, 0.016221052), (-0.023755463, 0.99962974, 0.01326713), (-0.04513295, 0.9988493, 0.016221052), (-0.043790456, 0.9986698, 0.02721775), (-0.023755463, 0.99962974, 0.01326713), (-0.043790456, 0.9986698, 0.02721775), (-0.023323318, 0.9987319, 0.044615507), (-0.01855754, 0.99608713, 0.08640706), (0.122755505, 0.9865136, 0.10826845), (0.014113325, 0.99878365, 0.047245014), (0.1260594, 0.9902315, 0.059586838), (0.1260594, 0.9902315, 0.059586838), (0.17662834, 0.98016655, 0.08986647), (0.122755505, 0.9865136, 0.10826845), (0.106967375, 0.9911149, 0.0790517), (0.13895352, 0.98836476, 0.06186195), (-0.02589783, 0.9990855, 0.034021806), (0.053434435, 0.9984913, 0.0126466155), (0.25628352, 0.96488565, 0.05757175), (0.07604784, 0.99706453, -0.008890748), (0.053434435, 0.9984913, 0.0126466155), (0.07604784, 0.99706453, -0.008890748), (-0.05642149, 0.9978133, 0.034429144), (-0.09938777, 0.99132085, 0.08605251), (-0.05642149, 0.9978133, 0.034429144), (-0.15626201, 0.98569906, 0.06308378), (-0.01725768, 0.99985045, 0.0011034982), (0.022417447, 0.99973416, -0.005395422), (0.012438363, 0.99973357, 0.019447416), (0.07723752, 0.9968922, -0.015505754), (0.012438363, 0.99973357, 0.019447416), (0.022417447, 0.99973416, -0.005395422), (0.050009713, 0.9986204, -0.016005518), (0.061443556, 0.9978867, 0.021136457), (0.07723752, 0.9968922, -0.015505754), (0.122755505, 0.9865136, 0.10826845), (0.01683488, 0.99549764, 0.093279555), (0.014113325, 0.99878365, 0.047245014), (0.122755505, 0.9865136, 0.10826845), (0.17662834, 0.98016655, 0.08986647), (0.106967375, 0.9911149, 0.0790517), (0.053434435, 0.9984913, 0.0126466155), (-0.05642149, 0.9978133, 0.034429144), (-0.09938777, 0.99132085, 0.08605251), (-0.09938777, 0.99132085, 0.08605251), (-0.023140196, 0.9993553, 0.027451444), (0.053434435, 0.9984913, 0.0126466155), (-0.10112178, 0.991247, 0.08487454), (-0.037121043, 0.9991547, 0.0176601), (-0.09769577, 0.9952151, 0.0015965477), (-0.08329671, 0.98941386, 0.11883524), (-0.09769577, 0.9952151, 0.0015965477), (-0.0015680275, 0.99931526, -0.036967885), (-0.0015680275, 0.99931526, -0.036967885), (0.021989038, 0.9993034, 0.030152507), (-0.08329671, 0.98941386, 0.11883524), (0.061443556, 0.9978867, 0.021136457), (0.012438363, 0.99973357, 0.019447416), (0.07723752, 0.9968922, -0.015505754), (0.04079574, 0.9991344, 0.008138529), (0.061443556, 0.9978867, 0.021136457), (0.050009713, 0.9986204, -0.016005518), (0.050009713, 0.9986204, -0.016005518), (-0.023755463, 0.99962974, 0.01326713), (0.04079574, 0.9991344, 0.008138529), (-0.01855754, 0.99608713, 0.08640706), (-0.023755463, 0.99962974, 0.01326713), (-0.043790456, 0.9986698, 0.02721775), (-0.07995797, 0.9912794, 0.104746506), (-0.08458115, 0.9903646, 0.10965326), (-0.09938777, 0.99132085, 0.08605251), (-0.07995797, 0.9912794, 0.104746506), (-0.10112178, 0.991247, 0.08487454), (-0.08458115, 0.9903646, 0.10965326), (-0.09769577, 0.9952151, 0.0015965477), (-0.15892407, 0.9780839, 0.13451767), (-0.10112178, 0.991247, 0.08487454), (0.012438363, 0.99973357, 0.019447416), (0.021989038, 0.9993034, 0.030152507), (-0.01725768, 0.99985045, 0.0011034982), (0.04079574, 0.9991344, 0.008138529), (-0.023755463, 0.99962974, 0.01326713), (0.026901228, 0.9969924, 0.072679885), (0.04079574, 0.9991344, 0.008138529), (0.015094981, 0.99164045, 0.1281454), (0.061443556, 0.9978867, 0.021136457), (-0.022168124, 0.98881304, 0.14750384), (-0.01855754, 0.99608713, 0.08640706), (-0.023323318, 0.9987319, 0.044615507), (0.01683488, 0.99549764, 0.093279555), (-0.022168124, 0.98881304, 0.14750384), (-0.023323318, 0.9987319, 0.044615507), (-0.02720111, 0.9996293, -0.0011860355), (0.106967375, 0.9911149, 0.0790517), (-0.02589783, 0.9990855, 0.034021806), (-0.02589783, 0.9990855, 0.034021806), (-0.1811544, 0.97947687, 0.08836386), (-0.083747335, 0.996463, -0.0069214473), (0.06413529, 0.99759585, 0.026257263), (0.25628352, 0.96488565, 0.05757175), (0.053434435, 0.9984913, 0.0126466155), (-0.10112178, 0.991247, 0.08487454), (-0.15892407, 0.9780839, 0.13451767), (-0.08458115, 0.9903646, 0.10965326), (-0.08329671, 0.98941386, 0.11883524), (-0.15892407, 0.9780839, 0.13451767), (-0.09769577, 0.9952151, 0.0015965477), (-0.01855754, 0.99608713, 0.08640706), (0.026901228, 0.9969924, 0.072679885), (-0.023755463, 0.99962974, 0.01326713), (-0.02720111, 0.9996293, -0.0011860355), (0.015053141, 0.99988663, 0.00024746635), (0.106967375, 0.9911149, 0.0790517), (-0.083747335, 0.996463, -0.0069214473), (-0.02720111, 0.9996293, -0.0011860355), (-0.02589783, 0.9990855, 0.034021806), (0.012438363, 0.99973357, 0.019447416), (0.061443556, 0.9978867, 0.021136457), (0.046030033, 0.9923614, 0.11445582), (0.106967375, 0.9911149, 0.0790517), (0.090192124, 0.99105054, 0.09840861), (0.122755505, 0.9865136, 0.10826845), (-0.023140196, 0.9993553, 0.027451444), (0.06413529, 0.99759585, 0.026257263), (0.053434435, 0.9984913, 0.0126466155), (-0.0317127, 0.9821774, 0.18526202), (-0.08329671, 0.98941386, 0.11883524), (0.021989038, 0.9993034, 0.030152507), (0.046030033, 0.9923614, 0.11445582), (0.021989038, 0.9993034, 0.030152507), (0.012438363, 0.99973357, 0.019447416), (0.04079574, 0.9991344, 0.008138529), (0.026901228, 0.9969924, 0.072679885), (0.015094981, 0.99164045, 0.1281454), (-0.01855754, 0.99608713, 0.08640706), (-0.022168124, 0.98881304, 0.14750384), (0.032401487, 0.9925092, 0.117795184), (-0.023140196, 0.9993553, 0.027451444), (-0.09938777, 0.99132085, 0.08605251), (-0.08458115, 0.9903646, 0.10965326), (0.046030033, 0.9923614, 0.11445582), (0.061443556, 0.9978867, 0.021136457), (0.015094981, 0.99164045, 0.1281454), (-0.01855754, 0.99608713, 0.08640706), (0.032401487, 0.9925092, 0.117795184), (0.026901228, 0.9969924, 0.072679885), (0.046334386, 0.9859497, 0.160488), (-0.022168124, 0.98881304, 0.14750384), (0.01683488, 0.99549764, 0.093279555), (0.106967375, 0.9911149, 0.0790517), (0.015053141, 0.99988663, 0.00024746635), (0.090192124, 0.99105054, 0.09840861), (0.046334386, 0.9859497, 0.160488), (-0.0017373561, 0.9961785, 0.08732355), (-0.022168124, 0.98881304, 0.14750384), (-0.02720111, 0.9996293, -0.0011860355), (-0.083747335, 0.996463, -0.0069214473), (-0.15316872, 0.98813206, 0.011594238), (-0.08329671, 0.98941386, 0.11883524), (-0.10521902, 0.97725666, 0.18411472), (-0.15892407, 0.9780839, 0.13451767), (0.04664605, 0.9873646, 0.15144393), (-0.0317127, 0.9821774, 0.18526202), (0.021989038, 0.9993034, 0.030152507), (0.04664605, 0.9873646, 0.15144393), (0.021989038, 0.9993034, 0.030152507), (0.046030033, 0.9923614, 0.11445582), (0.029956995, 0.9913362, 0.12788653), (0.015094981, 0.99164045, 0.1281454), (0.026901228, 0.9969924, 0.072679885), (-0.023140196, 0.9993553, 0.027451444), (0.0073492094, 0.9956091, -0.0933186), (0.06413529, 0.99759585, 0.026257263), (-0.08458115, 0.9903646, 0.10965326), (-0.004735576, 0.9985734, -0.05318557), (-0.023140196, 0.9993553, 0.027451444), (-0.0730013, 0.997004, 0.025572186), (-0.004735576, 0.9985734, -0.05318557), (-0.08458115, 0.9903646, 0.10965326), (-0.0730013, 0.997004, 0.025572186), (-0.08458115, 0.9903646, 0.10965326), (-0.15892407, 0.9780839, 0.13451767), (0.046334386, 0.9859497, 0.160488), (0.029189667, 0.99337137, 0.11118179), (-0.0017373561, 0.9961785, 0.08732355), (-0.06985532, 0.99752545, -0.007943097), (0.015053141, 0.99988663, 0.00024746635), (-0.02720111, 0.9996293, -0.0011860355), (0.0073492094, 0.9956091, -0.0933186), (-0.065949194, 0.9875158, -0.1430502), (0.06413529, 0.99759585, 0.026257263), (-0.08329671, 0.98941386, 0.11883524), (-0.0317127, 0.9821774, 0.18526202), (-0.14519194, 0.97062665, 0.19184142), (0.037362516, 0.99359447, 0.106648855), (0.046334386, 0.9859497, 0.160488), (0.090192124, 0.99105054, 0.09840861), (0.015053141, 0.99988663, 0.00024746635), (0.0325375, 0.9984693, -0.044724643), (0.090192124, 0.99105054, 0.09840861), (0.0073492094, 0.9956091, -0.0933186), (-0.023140196, 0.9993553, 0.027451444), (-0.004735576, 0.9985734, -0.05318557), (-0.10521902, 0.97725666, 0.18411472), (-0.0730013, 0.997004, 0.025572186), (-0.15892407, 0.9780839, 0.13451767), (0.015094981, 0.99164045, 0.1281454), (0.06045598, 0.9874827, 0.14568047), (0.046030033, 0.9923614, 0.11445582), (0.032401487, 0.9925092, 0.117795184), (-0.022168124, 0.98881304, 0.14750384), (-0.0017373561, 0.9961785, 0.08732355), (0.029189667, 0.99337137, 0.11118179), (0.046334386, 0.9859497, 0.160488), (0.037362516, 0.99359447, 0.106648855), (0.06045598, 0.9874827, 0.14568047), (0.04664605, 0.9873646, 0.15144393), (0.046030033, 0.9923614, 0.11445582), (0.032401487, 0.9925092, 0.117795184), (0.029956995, 0.9913362, 0.12788653), (0.026901228, 0.9969924, 0.072679885), (-0.15316872, 0.98813206, 0.011594238), (-0.06985532, 0.99752545, -0.007943097), (-0.02720111, 0.9996293, -0.0011860355), (-0.10521902, 0.97725666, 0.18411472), (-0.08329671, 0.98941386, 0.11883524), (-0.14519194, 0.97062665, 0.19184142), (0.04292309, 0.99611247, -0.07692508), (-0.0017373561, 0.9961785, 0.08732355), (0.029189667, 0.99337137, 0.11118179), (0.9992012, 0.039918274, -0.0018573203), (0.99190223, 0.12198975, -0.03533128), (0.99581003, 0.07919439, -0.045723762), (-0.10521902, 0.97725666, 0.18411472), (0.085797586, 0.99465734, -0.057406712), (-0.0730013, 0.997004, 0.025572186), (-0.14519194, 0.97062665, 0.19184142), (-0.079262026, 0.9916936, 0.10129814), (-0.10521902, 0.97725666, 0.18411472), (0.090192124, 0.99105054, 0.09840861), (0.0325375, 0.9984693, -0.044724643), (-0.03342804, 0.99884015, -0.034655932), (0.015053141, 0.99988663, 0.00024746635), (0.004384942, 0.9976451, -0.068447225), (0.010748835, 0.9962698, -0.08562116), (0.015094981, 0.99164045, 0.1281454), (0.0118417125, 0.994323, 0.10574227), (0.06045598, 0.9874827, 0.14568047), (-0.06985532, 0.99752545, -0.007943097), (0.004384942, 0.9976451, -0.068447225), (0.015053141, 0.99988663, 0.00024746635), (0.99581003, 0.07919439, -0.045723762), (0.98646855, 0.010424491, -0.16361897), (0.9992012, 0.039918274, -0.0018573203), (0.08028887, 0.9813386, -0.17472306), (-0.06502925, 0.94941825, -0.30720684), (0.0073492094, 0.9956091, -0.0933186), (0.0073492094, 0.9956091, -0.0933186), (-0.004735576, 0.9985734, -0.05318557), (-0.01978626, 0.987461, -0.15661797), (-0.004735576, 0.9985734, -0.05318557), (-0.0730013, 0.997004, 0.025572186), (-0.13274011, 0.9838259, -0.1202776), (0.053134177, 0.9456496, -0.32081693), (-0.13274011, 0.9838259, -0.1202776), (-0.0730013, 0.997004, 0.025572186), (-0.10293468, 0.98424476, 0.14375953), (-0.079262026, 0.9916936, 0.10129814), (-0.14519194, 0.97062665, 0.19184142), (-0.14519194, 0.97062665, 0.19184142), (-0.0317127, 0.9821774, 0.18526202), (-0.10293468, 0.98424476, 0.14375953), (-0.0317127, 0.9821774, 0.18526202), (0.04664605, 0.9873646, 0.15144393), (-0.001534081, 0.97266716, 0.2321987), (0.0118417125, 0.994323, 0.10574227), (0.056189265, 0.9902288, 0.12763157), (0.06045598, 0.9874827, 0.14568047), (0.015094981, 0.99164045, 0.1281454), (0.029956995, 0.9913362, 0.12788653), (0.0024072407, 0.98775244, 0.15601015), (0.0024072407, 0.98775244, 0.15601015), (0.029956995, 0.9913362, 0.12788653), (0.029896446, 0.99506795, 0.094583206), (0.029896446, 0.99506795, 0.094583206), (0.029956995, 0.9913362, 0.12788653), (0.032401487, 0.9925092, 0.117795184), (-0.0017373561, 0.9961785, 0.08732355), (0.010780729, 0.99944425, 0.03154402), (0.032401487, 0.9925092, 0.117795184), (-0.06985532, 0.99752545, -0.007943097), (-0.15316872, 0.98813206, 0.011594238), (-0.057584863, 0.9983346, 0.0034510775), (-0.06502925, 0.94941825, -0.30720684), (-0.065949194, 0.9875158, -0.1430502), (0.0073492094, 0.9956091, -0.0933186), (0.08028887, 0.9813386, -0.17472306), (0.0073492094, 0.9956091, -0.0933186), (-0.01978626, 0.987461, -0.15661797), (0.04318522, 0.9719915, -0.23101431), (-0.01978626, 0.987461, -0.15661797), (-0.004735576, 0.9985734, -0.05318557), (0.04318522, 0.9719915, -0.23101431), (-0.004735576, 0.9985734, -0.05318557), (-0.13274011, 0.9838259, -0.1202776), (-0.0730013, 0.997004, 0.025572186), (0.085797586, 0.99465734, -0.057406712), (0.053134177, 0.9456496, -0.32081693), (-0.079262026, 0.9916936, 0.10129814), (0.085797586, 0.99465734, -0.057406712), (-0.10521902, 0.97725666, 0.18411472), (-0.001534081, 0.97266716, 0.2321987), (-0.10293468, 0.98424476, 0.14375953), (-0.0317127, 0.9821774, 0.18526202), (0.056189265, 0.9902288, 0.12763157), (-0.001534081, 0.97266716, 0.2321987), (0.04664605, 0.9873646, 0.15144393), (0.04664605, 0.9873646, 0.15144393), (0.06045598, 0.9874827, 0.14568047), (0.056189265, 0.9902288, 0.12763157), (0.0024072407, 0.98775244, 0.15601015), (0.0118417125, 0.994323, 0.10574227), (0.015094981, 0.99164045, 0.1281454), (0.029896446, 0.99506795, 0.094583206), (0.032401487, 0.9925092, 0.117795184), (0.010780729, 0.99944425, 0.03154402), (0.04292309, 0.99611247, -0.07692508), (0.010780729, 0.99944425, 0.03154402), (-0.0017373561, 0.9961785, 0.08732355), (0.037362516, 0.99359447, 0.106648855), (0.090192124, 0.99105054, 0.09840861), (-0.03342804, 0.99884015, -0.034655932), (-0.016610418, 0.98144317, -0.19103236), (-0.03342804, 0.99884015, -0.034655932), (0.0325375, 0.9984693, -0.044724643), (0.010748835, 0.9962698, -0.08562116), (-0.016610418, 0.98144317, -0.19103236), (0.0325375, 0.9984693, -0.044724643), (0.010748835, 0.9962698, -0.08562116), (0.0325375, 0.9984693, -0.044724643), (0.015053141, 0.99988663, 0.00024746635), (-0.057584863, 0.9983346, 0.0034510775), (0.004384942, 0.9976451, -0.068447225), (-0.06985532, 0.99752545, -0.007943097), (0.014113325, 0.99878365, 0.047245014), (-0.023323318, 0.9987319, 0.044615507), (-0.026476882, 0.998711, 0.043305468), (-0.014115672, 0.9960166, 0.08804313), (0.0051145153, 0.99782157, 0.06577306), (0.012552459, 0.9982804, 0.057258334), (0.051700547, 0.9974221, 0.049761165), (0.012552459, 0.9982804, 0.057258334), (0.0051145153, 0.99782157, 0.06577306), (-0.10555384, 0.99441, 0.0026727312), (-0.09867282, 0.9948219, 0.024350086), (-0.04571004, 0.9987594, -0.019754846), (-0.07187618, 0.96273595, -0.26071692), (-0.040407225, 0.98051643, -0.1922361), (-0.12524526, 0.98072433, -0.14997779), (0.021457061, -0.017194163, 0.99962187), (-0.0057230857, 0.0016875035, 0.9999822), (0.031951915, -0.0026682902, 0.99948585), (0.012340899, -0.012590451, 0.99984455), (-0.057580315, 0.049271885, 0.99712425), (0.011766072, 0.0004942714, 0.9999307), (-0.106013864, -0.030474953, 0.9938975), (-0.038801692, 0.11461379, 0.99265206), (-0.057580315, 0.049271885, 0.99712425), (-0.106013864, -0.030474953, 0.9938975), (0.042678494, 0.0393207, 0.99831474), (-0.038801692, 0.11461379, 0.99265206), (0.0025200984, 0.0058084647, 0.99998), (0.006799002, 0.0072951633, 0.9999503), (0.042678494, 0.0393207, 0.99831474), (0.0046431553, -0.026088515, 0.9996489), (0.013409949, 0.053893458, 0.99845666), (0.010463518, 0.048381466, 0.9987742), (0.013409949, 0.053893458, 0.99845666), (-0.00009342116, 0.037277613, 0.99930495), (0.018509617, 0.14161344, 0.98974895), (-0.014397967, 0.002469948, 0.9998933), (0.0007536414, 0.014964885, 0.9998878), (-0.00009342116, 0.037277613, 0.99930495), (0.013194602, -0.00027683636, 0.9999129), (0.011444264, 0.015126526, 0.9998201), (0.0007536414, 0.014964885, 0.9998878), (0.013194602, -0.00027683636, 0.9999129), (0.002994102, -0.0077079996, 0.99996585), (-0.0017133562, 0.0025499898, 0.9999953), (-0.002322027, -0.00076687, 0.999997), (-0.0011409925, 0.0014644723, 0.99999833), (-0.0017133562, 0.0025499898, 0.9999953), (-0.002322027, -0.00076687, 0.999997), (-0.011209175, 0.018936725, 0.9997579), (-0.0011409925, 0.0014644723, 0.99999833), (0.008286832, 0.008161039, 0.9999323), (0.028751682, 0.03143113, 0.99909234), (-0.03380071, 0.24244314, 0.9695766), (0.0028862401, -0.021442015, 0.99976593), (-0.031504456, 0.0035671804, 0.99949723), (0.028751682, 0.03143113, 0.99909234), (-0.9999879, -0.0035357268, 0.0034059125), (-0.9989268, 0.045003388, 0.010949708), (-0.9997575, 0.013358, 0.017505145), (-0.9999879, -0.0035357268, 0.0034059125), (-0.9999906, 0.0012738287, 0.004149062), (-0.9989268, 0.045003388, 0.010949708), (-0.9999592, 0.007947496, -0.0042855963), (-0.9999789, 0.0064324914, -0.00094644143), (-0.99996185, 0.008573847, -0.0016884673), (-0.99997574, 0.006960318, 0.0001404181), (-0.99969697, 0.023689399, 0.0066822646), (-0.99820054, 0.057010394, -0.018589713), (-0.99998456, -0.0044405605, 0.0033385176), (-0.9999392, 0.009768087, 0.005103977), (-0.99969697, 0.023689399, 0.0066822646), (-0.99996626, 0.008202426, -0.00060896995), (-0.99980253, 0.018620748, -0.006938381), (-0.9999392, 0.009768087, 0.005103977), (-0.99996626, 0.008202426, -0.00060896995), (-0.9997732, 0.021006528, -0.0035004937), (-0.99980253, 0.018620748, -0.006938381), (-0.99985176, 0.017032508, 0.002519315), (-0.9984135, 0.05564329, -0.008619219), (-0.9997732, 0.021006528, -0.0035004937), (-0.99985176, 0.017032508, 0.002519315), (-0.99870086, 0.04755722, 0.018306281), (-0.9984135, 0.05564329, -0.008619219), (-0.9997398, -0.01438271, -0.017706728), (-0.99991775, -0.0028259454, -0.012512426), (-0.99870086, 0.04755722, 0.018306281), (-0.99978465, -0.0080393655, 0.01913099), (-0.99997807, 0.004845716, -0.0045135287), (-0.99991775, -0.0028259454, -0.012512426), (-0.99996823, -0.007783869, 0.0016784195), (-0.9980153, 0.009097342, -0.0623114), (-0.99969214, 0.023853503, 0.0068149823), (-0.014693139, -0.004190478, -0.9998833), (-0.0003963443, 0.01975562, -0.99980474), (-0.025436183, 0.012024237, -0.9996041), (-0.0007538855, -0.0039038116, -0.99999213), (-0.009403925, 0.0054008663, -0.9999412), (-0.0003963443, 0.01975562, -0.99980474), (0.019860055, 0.015328846, -0.9996852), (0.03889088, 0.0464327, -0.99816406), (0.031010658, 0.011564338, -0.9994522), (-0.00034691443, -0.00094939, -0.9999994), (-0.031670786, -0.0028124268, -0.9994945), (-0.024946673, 0.021327829, -0.99946123), (0.010112318, 0.01751115, -0.99979556), (-0.031670786, -0.0028124268, -0.9994945), (-0.0013811552, -0.016808793, -0.9998578), (0.004204508, -0.0080188345, -0.99995905), (0.0014608722, 0.043936573, -0.9990332), (0.010112318, 0.01751115, -0.99979556), (-0.009562464, -0.00686637, -0.99993074), (-0.00051583396, 0.042804465, -0.99908334), (0.0014608722, 0.043936573, -0.9990332), (0.00060832885, 0.00598616, -0.9999819), (0.0017573158, 0.037694715, -0.9992878), (-0.00051583396, 0.042804465, -0.99908334), (0.0062056226, 0.010082066, -0.9999299), (0.002604423, 0.029170608, -0.9995711), (0.0017573158, 0.037694715, -0.9992878), (-0.007317229, -0.013005332, -0.99988866), (-0.002758288, 0.008640282, -0.9999589), (-0.00066843606, -0.005796258, -0.999983), (-0.005501795, 0.0034971011, -0.9999787), (-0.0063244444, 0.059783842, -0.9981913), (-0.002758288, 0.008640282, -0.9999589), (0.0008193945, -0.016375942, -0.9998656), (0.0002630019, 0.04347912, -0.9990544), (-0.0049335933, 0.0508999, -0.9986916), (0.027433975, 0.00017799009, -0.9996236), (0.0002630019, 0.04347912, -0.9990544), (0.0008193945, -0.016375942, -0.9998656), (0.9994087, -0.03379037, -0.0063552437), (0.9992012, 0.039918274, -0.0018573203), (0.98646855, 0.010424491, -0.16361897), (0.9992012, 0.039918274, -0.0018573203), (0.9998648, 0.016344352, -0.0018088287), (0.99190223, 0.12198975, -0.03533128), (0.9999391, -0.010549248, 0.0032211286), (0.99999565, -0.0026626766, 0.0012458477), (0.9998648, 0.016344352, -0.0018088287), (0.999962, -0.008687882, 0.0007450017), (0.9999992, 0.0010076874, 0.0007259369), (0.99999565, -0.0026626766, 0.0012458477), (0.9999218, -0.012440106, -0.0013053083), (0.99984586, 0.01696522, 0.0045380406), (0.9999954, -0.0030106443, 0.00035994654), (0.9999631, -0.0073185447, -0.004494048), (0.9989461, 0.045600116, 0.0052318033), (0.99984586, 0.01696522, 0.0045380406), (0.9998658, 0.015711093, 0.004656747), (0.99740624, 0.07167775, -0.0065633976), (0.9989461, 0.045600116, 0.0052318033), (0.99990773, 0.012103115, 0.0061662104), (0.99990606, 0.013444468, -0.0026628934), (0.99740624, 0.07167775, -0.0065633976), (0.9999997, -0.0003775658, 0.00070063863), (0.9999861, 0.005180287, 0.00097541325), (0.99999017, 0.0038576098, 0.0021750578), (0.9999997, -0.0003775658, 0.00070063863), (0.99999195, 0.0011392604, -0.0038595607), (0.9999861, 0.005180287, 0.00097541325), (0.9999997, -0.0003775658, 0.00070063863), (0.99999297, 0.0010619838, -0.0035810298), (0.99999195, 0.0011392604, -0.0038595607), (0.9999796, 0.006046793, -0.0020513502), (0.9999742, 0.00547431, -0.0046601067), (0.99998605, 0.0044224313, 0.0028979182), (0.99988824, 0.010006333, -0.011101721), (0.99340445, 0.114661746, 0.00057003566), (0.9996655, 0.021489756, 0.014393454), (0.99988824, 0.010006333, -0.011101721), (0.99887705, 0.03381971, -0.033179525), (0.99340445, 0.114661746, 0.00057003566), (0.9952312, -0.009541822, 0.097077005), (0.9746519, 0.03978811, 0.22016051), (0.9963488, 0.010210745, 0.08476311), (0.9999771, 0.006094518, 0.0029306912), (0.99999017, 0.0038576098, 0.0021750578), (0.9999202, 0.012514356, -0.001699485), (0.9997515, -0.022265693, -0.001067734), (0.99990606, 0.013444468, -0.0026628934), (0.99990773, 0.012103115, 0.0061662104), (0.9999218, -0.012440106, -0.0013053083), (0.9999631, -0.0073185447, -0.004494048), (0.99984586, 0.01696522, 0.0045380406), (0.9999391, -0.010549248, 0.0032211286), (0.999962, -0.008687882, 0.0007450017), (0.99999565, -0.0026626766, 0.0012458477), (0.9939935, -0.060665842, -0.09108532), (0.98646855, 0.010424491, -0.16361897), (0.99581003, 0.07919439, -0.045723762), (0.0008193945, -0.016375942, -0.9998656), (-0.0049335933, 0.0508999, -0.9986916), (-0.009267054, -0.0030202288, -0.9999525), (0.007538028, -0.010453267, -0.99991703), (0.005418136, 0.0053838664, -0.99997085), (0.0007602403, 0.013015536, -0.99991506), (0.005514487, 0.0056618387, -0.99996877), (0.002604423, 0.029170608, -0.9995711), (0.0062056226, 0.010082066, -0.9999299), (-0.005983349, -0.034394156, -0.9993905), (0.00060832885, 0.00598616, -0.9999819), (-0.009562464, -0.00686637, -0.99993074), (-0.00009348481, -0.06782839, -0.997697), (-0.009562464, -0.00686637, -0.99993074), (0.004204508, -0.0080188345, -0.99995905), (-0.00034691443, -0.00094939, -0.9999994), (-0.0013811552, -0.016808793, -0.9998578), (-0.031670786, -0.0028124268, -0.9994945), (-0.996895, 0.0030959225, -0.07868163), (-0.9800297, 0.075980335, -0.18376255), (-0.9980153, 0.009097342, -0.0623114), (-0.9992003, -0.035654966, -0.018099107), (-0.9980153, 0.009097342, -0.0623114), (-0.99996823, -0.007783869, 0.0016784195), (-0.99996823, -0.007783869, 0.0016784195), (-0.99969214, 0.023853503, 0.0068149823), (-0.99999475, 0.0011601268, 0.003021253), (-0.9998757, -0.015455062, -0.003111541), (-0.99991214, -0.012995751, -0.0026200172), (-0.99992144, -0.012149298, 0.0031117925), (-0.99995595, -0.0055771363, -0.007543158), (-0.99992144, -0.012149298, 0.0031117925), (-0.99989265, 0.0045402003, 0.01392898), (-0.9988075, -0.045886863, -0.016677117), (-0.99978465, -0.0080393655, 0.01913099), (-0.99991775, -0.0028259454, -0.012512426), (-0.9993971, -0.0333842, -0.00953634), (-0.9988075, -0.045886863, -0.016677117), (-0.9997398, -0.01438271, -0.017706728), (-0.9993971, -0.0333842, -0.00953634), (-0.9997398, -0.01438271, -0.017706728), (-0.99985176, 0.017032508, 0.002519315), (-0.9999859, -0.002126467, 0.0048624827), (-0.99996626, 0.008202426, -0.00060896995), (-0.9999392, 0.009768087, 0.005103977), (-0.9994001, -0.03175364, 0.013827219), (-0.99998456, -0.0044405605, 0.0033385176), (-0.99997574, 0.006960318, 0.0001404181), (-0.9994001, -0.03175364, 0.013827219), (-0.99997574, 0.006960318, 0.0001404181), (-0.99986845, -0.015403822, 0.0050737318), (-0.99986845, -0.015403822, 0.0050737318), (-0.99997574, 0.006960318, 0.0001404181), (-0.9999464, 0.0086134495, -0.005755136), (-0.9999171, -0.0007026256, 0.012860371), (-0.9999906, 0.0012738287, 0.004149062), (-0.9995803, -0.028382527, 0.0057944776), (-0.9995803, -0.028382527, 0.0057944776), (-0.9999906, 0.0012738287, 0.004149062), (-0.9999879, -0.0035357268, 0.0034059125), (-0.0013890568, -0.007119978, 0.9999737), (0.013194602, -0.00027683636, 0.9999129), (0.0007536414, 0.014964885, 0.9998878), (-0.013192847, -0.02572001, 0.9995821), (-0.0013890568, -0.007119978, 0.9999737), (-0.014397967, 0.002469948, 0.9998933), (-0.005116645, -0.012092614, 0.9999138), (-0.013192847, -0.02572001, 0.9995821), (-0.014397967, 0.002469948, 0.9998933), (-0.0065393066, 0.026056165, 0.9996391), (0.00043082942, 0.012906386, 0.9999166), (-0.0055776727, 0.048813786, 0.9987923), (0.002757405, 0.009408608, 0.9999519), (-0.014374364, 0.019165441, 0.99971294), (-0.005827887, 0.0061905542, 0.9999638), (0.002757405, 0.009408608, 0.9999519), (-0.005827887, 0.0061905542, 0.9999638), (0.0025200984, 0.0058084647, 0.99998), (-0.106013864, -0.030474953, 0.9938975), (-0.057580315, 0.049271885, 0.99712425), (0.012340899, -0.012590451, 0.99984455), (0.011017456, -0.020572884, 0.99972767), (-0.0057230857, 0.0016875035, 0.9999822), (0.021457061, -0.017194163, 0.99962187), (0.9992992, -0.037263505, -0.0035370332), (0.99938786, -0.034242608, 0.007164492), (0.9998658, 0.015711093, 0.004656747), (-0.99985176, 0.017032508, 0.002519315), (-0.99998176, 0.0011148563, -0.005941638), (-0.9993971, -0.0333842, -0.00953634), (-0.00009348481, -0.06782839, -0.997697), (-0.005983349, -0.034394156, -0.9993905), (-0.009562464, -0.00686637, -0.99993074), (-0.0013811552, -0.016808793, -0.9998578), (-0.00009348481, -0.06782839, -0.997697), (0.004204508, -0.0080188345, -0.99995905), (0.9999218, -0.012440106, -0.0013053083), (0.9975162, -0.0700994, 0.00689144), (0.9999631, -0.0073185447, -0.004494048), (0.9998658, 0.015711093, 0.004656747), (0.9999631, -0.0073185447, -0.004494048), (0.9992992, -0.037263505, -0.0035370332), (0.9975162, -0.0700994, 0.00689144), (0.9992992, -0.037263505, -0.0035370332), (0.9999631, -0.0073185447, -0.004494048), (-0.009562464, -0.00686637, -0.99993074), (0.0014608722, 0.043936573, -0.9990332), (0.004204508, -0.0080188345, -0.99995905), (0.00060832885, 0.00598616, -0.9999819), (-0.0062752147, -0.027912432, -0.99959075), (0.0062056226, 0.010082066, -0.9999299), (-0.99998176, 0.0011148563, -0.005941638), (-0.99985176, 0.017032508, 0.002519315), (-0.9997732, 0.021006528, -0.0035004937), (0.00060832885, 0.00598616, -0.9999819), (-0.00051583396, 0.042804465, -0.99908334), (-0.009562464, -0.00686637, -0.99993074), (0.00043082942, 0.012906386, 0.9999166), (0.0046431553, -0.026088515, 0.9996489), (0.010463518, 0.048381466, 0.9987742), (-0.9997398, -0.01438271, -0.017706728), (-0.99870086, 0.04755722, 0.018306281), (-0.99985176, 0.017032508, 0.002519315), (0.99938786, -0.034242608, 0.007164492), (0.9997515, -0.022265693, -0.001067734), (0.99990773, 0.012103115, 0.0061662104), (0.99990773, 0.012103115, 0.0061662104), (0.9998658, 0.015711093, 0.004656747), (0.99938786, -0.034242608, 0.007164492), (0.9999631, -0.0073185447, -0.004494048), (0.9998658, 0.015711093, 0.004656747), (0.9989461, 0.045600116, 0.0052318033), (0.9998658, 0.015711093, 0.004656747), (0.99990773, 0.012103115, 0.0061662104), (0.99740624, 0.07167775, -0.0065633976), (0.00060832885, 0.00598616, -0.9999819), (-0.005983349, -0.034394156, -0.9993905), (-0.0062752147, -0.027912432, -0.99959075), (-0.99991775, -0.0028259454, -0.012512426), (-0.9997398, -0.01438271, -0.017706728), (-0.9988075, -0.045886863, -0.016677117), (0.00043082942, 0.012906386, 0.9999166), (0.010463518, 0.048381466, 0.9987742), (-0.0055776727, 0.048813786, 0.9987923), (0.9999202, 0.012514356, -0.001699485), (0.99995905, 0.00806345, -0.0040817894), (0.9999771, 0.006094518, 0.0029306912), (-0.99996626, 0.008202426, -0.00060896995), (-0.99998176, 0.0011148563, -0.005941638), (-0.9997732, 0.021006528, -0.0035004937), (0.0062056226, 0.010082066, -0.9999299), (0.0017573158, 0.037694715, -0.9992878), (0.00060832885, 0.00598616, -0.9999819), (0.013409949, 0.053893458, 0.99845666), (0.0046431553, -0.026088515, 0.9996489), (-0.005116645, -0.012092614, 0.9999138), (-0.005116645, -0.012092614, 0.9999138), (-0.00009342116, 0.037277613, 0.99930495), (0.013409949, 0.053893458, 0.99845666), (-0.005116645, -0.012092614, 0.9999138), (-0.014397967, 0.002469948, 0.9998933), (-0.00009342116, 0.037277613, 0.99930495), (0.0007536414, 0.014964885, 0.9998878), (-0.014397967, 0.002469948, 0.9998933), (-0.0013890568, -0.007119978, 0.9999737), (-0.0055776727, 0.048813786, 0.9987923), (0.010463518, 0.048381466, 0.9987742), (0.018509617, 0.14161344, 0.98974895), (-0.99998456, -0.0044405605, 0.0033385176), (-0.9999859, -0.002126467, 0.0048624827), (-0.9999392, 0.009768087, 0.005103977), (-0.0013890568, -0.007119978, 0.9999737), (0.002994102, -0.0077079996, 0.99996585), (0.013194602, -0.00027683636, 0.9999129), (0.002994102, -0.0077079996, 0.99996585), (-0.002322027, -0.00076687, 0.999997), (-0.0017133562, 0.0025499898, 0.9999953), (-0.0007538855, -0.0039038116, -0.99999213), (-0.0003963443, 0.01975562, -0.99980474), (-0.014693139, -0.004190478, -0.9998833), (-0.0047168504, -0.9980506, -0.06223153), (-0.030599529, -0.9956314, -0.088214986), (-0.0010215865, -0.986151, -0.16584726), (0.031010658, 0.011564338, -0.9994522), (0.005094408, -0.005597864, -0.9999714), (-0.0031985354, -0.008327793, -0.99996024), (0.010965674, -0.0022257448, -0.9999375), (-0.0031985354, -0.008327793, -0.99996024), (0.005094408, -0.005597864, -0.9999714), (-0.9999171, -0.0007026256, 0.012860371), (-0.9999592, 0.007947496, -0.0042855963), (-0.99996185, 0.008573847, -0.0016884673), (0.0007602403, 0.013015536, -0.99991506), (-0.0063244444, 0.059783842, -0.9981913), (-0.005501795, 0.0034971011, -0.9999787), (0.06263347, -0.043343138, 0.9970949), (0.011017456, -0.020572884, 0.99972767), (0.021457061, -0.017194163, 0.99962187), (-0.005021528, -0.020712685, -0.9997729), (0.007538028, -0.010453267, -0.99991703), (0.0007602403, 0.013015536, -0.99991506), (0.0008193945, -0.016375942, -0.9998656), (-0.0077394266, -0.047769014, -0.99882853), (0.027433975, 0.00017799009, -0.9996236), (-0.0077394266, -0.047769014, -0.99882853), (-0.018272104, -0.012919089, -0.9997496), (0.027433975, 0.00017799009, -0.9996236), (0.9939935, -0.060665842, -0.09108532), (0.9994087, -0.03379037, -0.0063552437), (0.98646855, 0.010424491, -0.16361897), (0.9994087, -0.03379037, -0.0063552437), (0.99991304, -0.012710225, 0.003520477), (0.9992012, 0.039918274, -0.0018573203), (0.99991304, -0.012710225, 0.003520477), (0.9999391, -0.010549248, 0.0032211286), (0.9998648, 0.016344352, -0.0018088287), (0.999962, -0.008687882, 0.0007450017), (0.99969685, -0.024537474, 0.0020425254), (0.9999488, -0.009843087, -0.0023672252), (0.9999391, -0.010549248, 0.0032211286), (0.99969685, -0.024537474, 0.0020425254), (0.999962, -0.008687882, 0.0007450017), (0.9999858, -0.004836656, 0.0022369982), (0.999962, -0.008687882, 0.0007450017), (0.9999488, -0.009843087, -0.0023672252), (0.012340899, -0.012590451, 0.99984455), (0.006470233, -0.011310956, 0.99991506), (0.008145659, -0.063584745, 0.9979432), (-0.0076809656, -0.018758042, 0.99979454), (0.008286832, 0.008161039, 0.9999323), (-0.011209175, 0.018936725, 0.9997579), (0.0028862401, -0.021442015, 0.99976593), (0.028751682, 0.03143113, 0.99909234), (0.008286832, 0.008161039, 0.9999323), (-0.9999396, -0.008003726, 0.007533496), (-0.99992263, -0.012315948, -0.0017863244), (-0.99999475, 0.0011601268, 0.003021253), (0.9999796, 0.006046793, -0.0020513502), (0.9998861, -0.0032011436, 0.014753317), (0.9999742, 0.00547431, -0.0046601067), (-0.99992263, -0.012315948, -0.0017863244), (-0.9992003, -0.035654966, -0.018099107), (-0.99996823, -0.007783869, 0.0016784195), (0.99988824, 0.010006333, -0.011101721), (0.9994076, -0.032610744, 0.011002462), (0.9975609, -0.06610234, -0.022419263), (0.9975609, -0.06610234, -0.022419263), (0.9996537, -0.0259898, 0.004115158), (0.99988824, 0.010006333, -0.011101721), (0.9996537, -0.0259898, 0.004115158), (0.9952312, -0.009541822, 0.097077005), (0.9963488, 0.010210745, 0.08476311), (-0.9992003, -0.035654966, -0.018099107), (-0.996895, 0.0030959225, -0.07868163), (-0.9980153, 0.009097342, -0.0623114), (-0.063983195, 0.01030304, 0.9978978), (-0.031504456, 0.0035671804, 0.99949723), (-0.042394336, -0.0012729492, 0.9991001), (0.0028862401, -0.021442015, 0.99976593), (-0.042394336, -0.0012729492, 0.9991001), (-0.031504456, 0.0035671804, 0.99949723), (-0.04729783, -0.02538859, -0.99855816), (-0.032035306, -0.042516526, -0.998582), (-0.014693139, -0.004190478, -0.9998833), (-0.9996083, -0.024010656, 0.014381274), (-0.9995803, -0.028382527, 0.0057944776), (-0.9999879, -0.0035357268, 0.0034059125), (0.008145659, -0.063584745, 0.9979432), (-0.38276583, -0.08847704, 0.9195989), (-0.106013864, -0.030474953, 0.9938975), (-0.99995595, -0.0055771363, -0.007543158), (-0.9998757, -0.015455062, -0.003111541), (-0.99992144, -0.012149298, 0.0031117925), (0.0062056226, 0.010082066, -0.9999299), (-0.0062752147, -0.027912432, -0.99959075), (0.005514487, 0.0056618387, -0.99996877), (-0.0031985354, -0.008327793, -0.99996024), (0.019860055, 0.015328846, -0.9996852), (0.031010658, 0.011564338, -0.9994522), (-0.9999353, 0.0014730666, -0.011277709), (-0.9999609, -0.004870804, -0.0073825764), (-0.99999565, -0.0017565142, -0.0023638676), (-0.99999565, -0.0017565142, -0.0023638676), (-0.9999789, 0.0064324914, -0.00094644143), (-0.9999353, 0.0014730666, -0.011277709), (0.9999488, -0.009843087, -0.0023672252), (0.9999218, -0.012440106, -0.0013053083), (0.9999954, -0.0030106443, 0.00035994654), (0.005514487, 0.0056618387, -0.99996877), (0.009121513, -0.001549027, -0.99995726), (-0.0036800697, 0.005930849, -0.9999757), (-0.9999609, -0.004870804, -0.0073825764), (-0.99986845, -0.015403822, 0.0050737318), (-0.9999464, 0.0086134495, -0.005755136), (0.009121513, -0.001549027, -0.99995726), (-0.007317229, -0.013005332, -0.99988866), (-0.00066843606, -0.005796258, -0.999983), (0.99999297, 0.0010619838, -0.0035810298), (0.9999796, 0.006046793, -0.0020513502), (0.99998605, 0.0044224313, 0.0028979182), (0.06093005, 0.027283227, -0.9977691), (0.027433975, 0.00017799009, -0.9996236), (-0.018272104, -0.012919089, -0.9997496), (0.99988824, 0.010006333, -0.011101721), (0.9996537, -0.0259898, 0.004115158), (0.99887705, 0.03381971, -0.033179525), (0.012340899, -0.012590451, 0.99984455), (0.008145659, -0.063584745, 0.9979432), (-0.106013864, -0.030474953, 0.9938975), (-0.9999592, 0.007947496, -0.0042855963), (-0.9999353, 0.0014730666, -0.011277709), (-0.9999789, 0.0064324914, -0.00094644143), (0.9998861, -0.0032011436, 0.014753317), (0.9996655, 0.021489756, 0.014393454), (0.9999742, 0.00547431, -0.0046601067), (0.9998861, -0.0032011436, 0.014753317), (0.9994076, -0.032610744, 0.011002462), (0.9996655, 0.021489756, 0.014393454), (-0.0007538855, -0.0039038116, -0.99999213), (0.010965674, -0.0022257448, -0.9999375), (-0.009403925, 0.0054008663, -0.9999412), (0.005094408, -0.005597864, -0.9999714), (-0.009403925, 0.0054008663, -0.9999412), (0.010965674, -0.0022257448, -0.9999375), (0.006343719, -0.04089667, -0.99914324), (0.0008193945, -0.016375942, -0.9998656), (-0.009267054, -0.0030202288, -0.9999525), (0.9992012, 0.039918274, -0.0018573203), (0.99991304, -0.012710225, 0.003520477), (0.9998648, 0.016344352, -0.0018088287), (0.031951915, -0.0026682902, 0.99948585), (0.06263347, -0.043343138, 0.9970949), (0.021457061, -0.017194163, 0.99962187), (-0.002322027, -0.00076687, 0.999997), (-0.0076809656, -0.018758042, 0.99979454), (-0.011209175, 0.018936725, 0.9997579), (0.006470233, -0.011310956, 0.99991506), (0.012340899, -0.012590451, 0.99984455), (0.011766072, 0.0004942714, 0.9999307), (-0.9996083, -0.024010656, 0.014381274), (-0.9999879, -0.0035357268, 0.0034059125), (-0.9997575, 0.013358, 0.017505145), (-0.04729783, -0.02538859, -0.99855816), (-0.014693139, -0.004190478, -0.9998833), (-0.025436183, 0.012024237, -0.9996041), (0.9994076, -0.032610744, 0.011002462), (0.99988824, 0.010006333, -0.011101721), (0.9996655, 0.021489756, 0.014393454), (-0.99991214, -0.012995751, -0.0026200172), (-0.9999396, -0.008003726, 0.007533496), (-0.99999475, 0.0011601268, 0.003021253), (-0.99999475, 0.0011601268, 0.003021253), (-0.99992263, -0.012315948, -0.0017863244), (-0.99996823, -0.007783869, 0.0016784195), (-0.9999171, -0.0007026256, 0.012860371), (-0.99996185, 0.008573847, -0.0016884673), (-0.9999906, 0.0012738287, 0.004149062), (0.9996537, -0.0259898, 0.004115158), (0.9963488, 0.010210745, 0.08476311), (0.99887705, 0.03381971, -0.033179525), (-0.014693139, -0.004190478, -0.9998833), (-0.032035306, -0.042516526, -0.998582), (-0.0007538855, -0.0039038116, -0.99999213), (-0.005501795, 0.0034971011, -0.9999787), (-0.005021528, -0.020712685, -0.9997729), (0.0007602403, 0.013015536, -0.99991506), (-0.007317229, -0.013005332, -0.99988866), (-0.005021528, -0.020712685, -0.9997729), (-0.005501795, 0.0034971011, -0.9999787), (0.99990606, 0.013444468, -0.0026628934), (0.99995905, 0.00806345, -0.0040817894), (0.9999202, 0.012514356, -0.001699485), (0.004204508, -0.0080188345, -0.99995905), (0.010112318, 0.01751115, -0.99979556), (-0.0013811552, -0.016808793, -0.9998578), (-0.99998456, -0.0044405605, 0.0033385176), (-0.99969697, 0.023689399, 0.0066822646), (-0.99997574, 0.006960318, 0.0001404181), (-0.005827887, 0.0061905542, 0.9999638), (0.006799002, 0.0072951633, 0.9999503), (0.0025200984, 0.0058084647, 0.99998), (-0.0065393066, 0.026056165, 0.9996391), (-0.014374364, 0.019165441, 0.99971294), (0.002757405, 0.009408608, 0.9999519), (-0.99999565, -0.0017565142, -0.0023638676), (-0.9999609, -0.004870804, -0.0073825764), (-0.9999464, 0.0086134495, -0.005755136), (0.9999771, 0.006094518, 0.0029306912), (0.9999997, -0.0003775658, 0.00070063863), (0.99999017, 0.0038576098, 0.0021750578), (-0.024946673, 0.021327829, -0.99946123), (0.03889088, 0.0464327, -0.99816406), (0.019860055, 0.015328846, -0.9996852), (0.9999488, -0.009843087, -0.0023672252), (0.9999954, -0.0030106443, 0.00035994654), (0.9999858, -0.004836656, 0.0022369982), (0.0025200984, 0.0058084647, 0.99998), (0.042678494, 0.0393207, 0.99831474), (-0.010255456, 0.008196469, 0.9999139), (-0.106013864, -0.030474953, 0.9938975), (-0.010255456, 0.008196469, 0.9999139), (0.042678494, 0.0393207, 0.99831474), (-0.0036800697, 0.005930849, -0.9999757), (0.009121513, -0.001549027, -0.99995726), (-0.00066843606, -0.005796258, -0.999983), (0.99999195, 0.0011392604, -0.0038595607), (0.99999297, 0.0010619838, -0.0035810298), (0.99998605, 0.0044224313, 0.0028979182), (0.002604423, 0.029170608, -0.9995711), (0.005514487, 0.0056618387, -0.99996877), (-0.0036800697, 0.005930849, -0.9999757), (0.9997515, -0.022265693, -0.001067734), (0.99995905, 0.00806345, -0.0040817894), (0.99990606, 0.013444468, -0.0026628934), (-0.99997574, 0.006960318, 0.0001404181), (-0.99820054, 0.057010394, -0.018589713), (-0.9999464, 0.0086134495, -0.005755136), (-0.99978465, -0.0080393655, 0.01913099), (-0.9999104, 0.0076756678, 0.010960716), (-0.99997807, 0.004845716, -0.0045135287), (-0.005501795, 0.0034971011, -0.9999787), (-0.002758288, 0.008640282, -0.9999589), (-0.007317229, -0.013005332, -0.99988866), (0.019860055, 0.015328846, -0.9996852), (-0.00034691443, -0.00094939, -0.9999994), (-0.024946673, 0.021327829, -0.99946123), (-0.014374364, 0.019165441, 0.99971294), (-0.0065393066, 0.026056165, 0.9996391), (-0.0055776727, 0.048813786, 0.9987923), (-0.9999104, 0.0076756678, 0.010960716), (-0.99995595, -0.0055771363, -0.007543158), (-0.99989265, 0.0045402003, 0.01392898), (-0.99989265, 0.0045402003, 0.01392898), (-0.99997807, 0.004845716, -0.0045135287), (-0.9999104, 0.0076756678, 0.010960716), (0.01683488, 0.99549764, 0.093279555), (0.122755505, 0.9865136, 0.10826845), (0.046334386, 0.9859497, 0.160488), (0.090192124, 0.99105054, 0.09840861), (0.046334386, 0.9859497, 0.160488), (0.122755505, 0.9865136, 0.10826845), (0.011213823, -0.99992096, -0.0056789005), (0.018056726, -0.99982285, -0.005316583), (0.028615057, -0.99958926, 0.001593344), (0.011735158, -0.99953043, -0.028304933), (0.028615057, -0.99958926, 0.001593344), (0.018056726, -0.99982285, -0.005316583), (-0.00057437096, -0.99877656, -0.049446568), (0.016770687, -0.99874926, -0.047102712), (0.00749957, -0.9992063, -0.039119985), (0.0055777417, -0.99986637, -0.015360471), (0.00749957, -0.9992063, -0.039119985), (0.016770687, -0.99874926, -0.047102712), (0.08510733, -0.99617547, 0.019779818), (0.0008917332, -0.99926144, 0.038416054), (0.0011416868, -0.9993037, 0.03729232), (-0.0939007, -0.96383584, 0.24940549), (-0.070024006, -0.99103117, 0.11381475), (-0.06637173, -0.9646187, 0.25515786), (-0.09277036, -0.97449964, 0.20431362), (-0.06637173, -0.9646187, 0.25515786), (-0.070024006, -0.99103117, 0.11381475), (0.9999858, -0.004836656, 0.0022369982), (0.9999992, 0.0010076874, 0.0007259369), (0.999962, -0.008687882, 0.0007450017), (0.011444264, 0.015126526, 0.9998201), (0.013194602, -0.00027683636, 0.9999129), (-0.0017133562, 0.0025499898, 0.9999953), (0.011017456, -0.020572884, 0.99972767), (0.006470233, -0.011310956, 0.99991506), (-0.0057230857, 0.0016875035, 0.9999822), (0.011766072, 0.0004942714, 0.9999307), (-0.0057230857, 0.0016875035, 0.9999822), (0.006470233, -0.011310956, 0.99991506), (0.005418136, 0.0053838664, -0.99997085), (0.007538028, -0.010453267, -0.99991703), (-0.009267054, -0.0030202288, -0.9999525), (0.006343719, -0.04089667, -0.99914324), (-0.009267054, -0.0030202288, -0.9999525), (0.007538028, -0.010453267, -0.99991703), (-0.029703455, 0.99926007, 0.02443266), (0.019761648, 0.9997981, -0.0036352735), (-0.0027435375, 0.99993056, 0.011462375), (0.0069352617, 0.9997279, -0.022271568), (-0.0027435375, 0.99993056, 0.011462375), (0.019761648, 0.9997981, -0.0036352735), (-0.0037495373, -0.9998155, 0.018842533), (-0.10068872, -0.9915849, 0.081370085), (-0.04931243, -0.99878275, -0.0011124539), (-0.08799746, -0.99445516, 0.057580095), (-0.04931243, -0.99878275, -0.0011124539), (-0.10068872, -0.9915849, 0.081370085)] (
            interpolation = "faceVarying"
        )
        uniform token orientation = "leftHanded"
        point3f[] points = [(2.9804647, -0.48402363, 2.9774861), (2.6611862, -0.50739044, 2.993726), (1.9981124, -0.49352515, 2.9921858), (1.7135956, -0.5149702, 2.9820688), (1.5271379, -0.5023602, 2.9972804), (1.2775776, -0.46988204, 2.9975693), (0.90236115, -0.5496079, 2.9972982), (0.6326491, -0.5104454, 3.0012164), (0.04327622, -0.5554411, 2.994153), (-0.32094723, -0.5446114, 2.9979997), (-0.637316, -0.56345, 2.994615), (-0.9667807, -0.4957467, 2.9901974), (-1.3719039, -0.4991898, 2.9963043), (-1.7605087, -0.47525835, 2.9968953), (-2.1385047, -0.498909, 2.9941008), (-2.3271532, -0.26443526, 2.9995105), (-2.4248223, -0.5095271, 2.984057), (-2.6371412, -0.45290017, 3.0014913), (0.6314489, -0.6177638, 2.8089187), (-0.7830475, -0.61510915, 2.7062337), (-1.5904496, -0.53465277, 2.7139442), (-2.695295, -0.5156044, 2.784244), (1.4615232, -0.5157179, 2.7947493), (-0.41088143, -0.6250274, 2.7268722), (-2.9878504, -0.50749, 2.5618508), (-0.098260626, -0.5947826, 2.7714868), (2.9990237, -0.46388566, 2.6252532), (-1.1810856, -0.5757572, 2.7055764), (2.794001, -0.5095276, 2.6544197), (2.1744323, -0.5087556, 2.7638407), (2.1405115, -0.5261471, 2.430132), (1.8590143, -0.5164085, 2.7261071), (-1.3791438, -0.63708675, 2.4218438), (0.25857243, -0.65543157, 2.6785967), (-2.3419774, -0.51069486, 2.6945248), (1.0444894, -0.60604304, 2.6682415), (2.4588318, -0.5109418, 2.67661), (-1.9863214, -0.5200448, 2.6824834), (0.6477448, -0.7261878, 2.4175947), (-0.123219974, -0.72079074, 2.4462435), (1.7257348, -0.5760206, 2.4161987), (1.3760507, -0.65926135, 2.3734689), (0.24581987, -0.73892933, 2.277196), (-1.7605966, -0.581569, 2.3948114), (-2.6646981, -0.5100657, 2.3619823), (2.5958412, -0.51100695, 2.3113909), (-0.02580158, -0.75458515, 2.1167703), (-2.9998336, -0.4576534, 2.2091062), (2.2614937, -0.55753875, 2.1060615), (-0.5480917, -0.70948654, 2.396351), (2.9837232, -0.50748956, 2.3918982), (-0.31313136, -0.7314543, 2.074793), (-0.688994, -0.700119, 2.0080144), (1.0335177, -0.73832154, 2.2489545), (-1.2147176, -0.67910033, 2.140454), (2.9869416, -0.4971009, 2.1449633), (0.78797245, -0.7561901, 2.1182392), (2.5821457, -0.52092505, 1.9266045), (1.6426749, -0.68310356, 2.11367), (-1.5164242, -0.67708105, 2.1250124), (-2.4756277, -0.52487123, 1.9714656), (-3.0008965, -0.42735183, 1.9623525), (1.3527777, -0.7286982, 1.9685533), (0.52592194, -0.75108856, 1.9715402), (-1.8353118, -0.6155763, 2.0789967), (1.9490067, -0.6220604, 2.0981054), (0.18099362, -0.75635487, 1.9683176), (2.4435353, -0.57677656, 1.589988), (1.7556139, -0.707655, 1.7502965), (0.9412362, -0.74856216, 1.8286989), (-0.44063935, -0.726737, 1.6946948), (-0.9892086, -0.6740793, 1.9847902), (-1.2476549, -0.6676777, 1.8479446), (-2.0755012, -0.6055428, 1.8488384), (-2.9980223, -0.49111488, 1.746046), (-0.07650541, -0.75200486, 1.8068116), (-1.6409876, -0.6481462, 1.7446887), (-2.3630464, -0.5689645, 1.5851775), (-2.7287984, -0.51810706, 1.6912677), (-2.8557007, -0.5136394, 2.0108476), (2.7789426, -0.5189705, 1.6644974), (-0.8775788, -0.6694728, 1.6415676), (2.997473, -0.47269875, 1.7115324), (2.170111, -0.6180166, 1.8085799), (0.24583234, -0.73745376, 1.6737561), (-1.9550958, -0.61331797, 1.4678489), (-2.9942496, -0.4915574, 1.4658349), (1.338035, -0.7303624, 1.5688161), (0.9238489, -0.73367083, 1.3975036), (0.29524243, -0.70527923, 1.3885442), (-0.57269496, -0.6902422, 1.3000013), (-1.2831587, -0.65554917, 1.4843935), (2.9959576, -0.49291414, 1.4807287), (0.59047824, -0.72887033, 1.5831982), (-1.6135336, -0.650418, 1.3924146), (-2.673363, -0.5305117, 1.3529768), (2.1062548, -0.69486326, 1.3894169), (-0.107941, -0.72436637, 1.3641409), (1.6508443, -0.70950633, 1.3166157), (-2.9931798, -0.49271995, 1.1814859), (2.4090753, -0.6244646, 1.340504), (-0.671048, -0.6582635, 0.893418), (2.6936376, -0.54590976, 1.3305819), (-0.9853529, -0.6582103, 1.2251676), (1.9310516, -0.6960033, 0.9473694), (0.18482745, -0.7071189, 1.0718597), (2.396836, -0.6547666, 1.0413331), (0.5444903, -0.7111492, 1.2186042), (-2.269514, -0.5813614, 1.1632154), (-2.6846576, -0.5474826, 1.0170277), (1.5439502, -0.7047515, 0.99219465), (-1.3947201, -0.64814186, 1.1414196), (-1.8046212, -0.62090003, 1.1226878), (2.9941065, -0.5148446, 1.1612813), (0.86459446, -0.7116586, 1.0279913), (-0.35655233, -0.6868448, 1.0392798), (-2.9925563, -0.5317482, 0.92912334), (1.2118049, -0.6951461, 0.82201695), (0.4725724, -0.7069023, 0.8421014), (-0.10435037, -0.69170743, 0.9537809), (2.9961789, -0.5347626, 0.87137324), (-2.9980657, -0.48333034, 0.757556), (2.2738616, -0.6871966, 0.645389), (2.7978249, -0.56068635, 0.9416022), (-2.4017115, -0.5899198, 0.7735551), (-0.8487692, -0.6606729, 0.6590978), (-1.1170115, -0.6416192, 0.82443416), (-1.5783983, -0.6342438, 0.83017176), (-1.79463, -0.63331884, 0.5198208), (-2.0081453, -0.60535747, 0.80436647), (-2.7669744, -0.5444051, 0.6893812), (-2.1815174, -0.61580884, 0.45921803), (2.9983902, -0.5161103, 0.6375995), (2.6582708, -0.60727096, 0.64872503), (1.5946779, -0.6964566, 0.6211834), (-0.30635387, -0.65761155, 0.6935076), (-2.9968443, -0.53385335, 0.54453236), (0.8190447, -0.69804776, 0.5850104), (-3.0009758, -0.4443239, 0.29115024), (1.8429625, -0.7001915, 0.28374442), (0.08530997, -0.6800855, 0.6452021), (1.2254269, -0.70068866, 0.5100358), (-1.6447718, -0.6452806, 0.2785139), (-2.7927847, -0.55203855, 0.2901456), (-1.4230783, -0.62464774, 0.53480494), (-2.507391, -0.5863661, 0.46953607), (1.4418186, -0.682582, 0.2609118), (0.42772147, -0.68827075, 0.50379974), (2.534085, -0.6621395, 0.38998288), (1.9657878, -0.7038695, 0.5710374), (1.0361798, -0.6887065, 0.21527025), (-0.58685285, -0.6573472, 0.44800806), (2.2185116, -0.68883014, 0.3195354), (-0.86068726, -0.682064, 0.16214103), (-2.4025984, -0.6079264, 0.16928163), (-0.19840911, -0.66093725, 0.25678545), (-1.0476211, -0.66048324, 0.4329647), (-1.1812363, -0.6731163, 0.050864603), (-1.3770357, -0.6526458, 0.26121977), (2.9854918, -0.5255739, 0.2814209), (0.6103626, -0.6878648, 0.21815369), (0.2186828, -0.6666641, 0.23078465), (0.38937986, -0.6424963, -0.09984341), (-0.56517327, -0.6809893, 0.056278035), (-1.9863697, -0.6445043, 0.12987645), (-2.997962, -0.5183828, -0.014717778), (2.594294, -0.64447933, 0.09984725), (-0.3089694, -0.6749163, -0.0959959), (-2.6830869, -0.5661664, -0.1001043), (-2.9927018, -0.54163903, -0.37640184), (2.9911304, -0.55147356, -0.10000868), (2.146026, -0.6664683, -0.02657332), (0.82476485, -0.6585928, -0.14758532), (1.6895518, -0.6895031, -0.01420521), (-2.3009644, -0.65958047, -0.19996187), (2.5864053, -0.6241175, -0.26629576), (0.004836498, -0.6387449, -0.087708645), (-0.892187, -0.692309, -0.16361874), (2.221664, -0.646054, -0.33705127), (1.8469926, -0.6665516, -0.36482581), (1.2838621, -0.67739373, -0.06046812), (0.1680806, -0.6335774, -0.41152173), (-1.6098412, -0.6717781, -0.06804447), (-2.626292, -0.5975996, -0.4730056), (-0.56467974, -0.6992973, -0.31055504), (1.5174061, -0.6792438, -0.27632898), (-1.6448027, -0.68988603, -0.45530143), (-0.21677805, -0.6574953, -0.394973), (1.1689723, -0.65706915, -0.46050587), (-1.273934, -0.69686997, -0.38056132), (-1.9501657, -0.6839458, -0.3240557), (2.9921215, -0.5479271, -0.4539513), (0.5177559, -0.6279201, -0.38938528), (2.677439, -0.5990574, -0.5992998), (2.4239852, -0.66136974, -0.5125876), (2.1047413, -0.67216426, -0.6290291), (-2.2570486, -0.6630155, -0.595236), (0.88602066, -0.63674, -0.7916169), (0.76383144, -0.6367791, -0.50054836), (-1.1805463, -0.69380313, -0.6727449), (1.518884, -0.6727915, -0.5255965), (-0.4625889, -0.6778448, -0.68499666), (-0.88217586, -0.69637096, -0.5878603), (-1.4806322, -0.68879205, -0.7778433), (1.2963625, -0.64598453, -0.79204375), (0.42891458, -0.63759196, -0.74242765), (-2.9825616, -0.53055245, -0.69659126), (-0.056475572, -0.66840404, -0.74125916), (-0.28668836, -0.6729744, -1.0631891), (-1.1165631, -0.6752149, -0.9274876), (-1.9041605, -0.6944859, -0.7418199), (2.9847898, -0.5490492, -0.7866683), (2.6512444, -0.60514355, -0.8777551), (2.3736222, -0.67169684, -0.7902952), (2.049484, -0.6582299, -1.015429), (-2.997695, -0.49045512, -1.180993), (2.7896686, -0.5345972, -1.1372309), (1.7078238, -0.6713823, -0.8119196), (-0.99870116, -0.68723464, -1.2842197), (2.9958692, -0.48964274, -1.0512164), (1.4026773, -0.6482204, -1.0649302), (-0.7198454, -0.677076, -0.99696875), (-2.627426, -0.5871907, -0.83537906), (-2.2484674, -0.6757303, -1.0365443), (-1.4239935, -0.71319395, -1.1910483), (-1.8212119, -0.70090127, -1.0896627), (1.3078828, -0.6582313, -1.3843347), (1.0581172, -0.6329403, -1.126946), (0.6077579, -0.64380074, -1.1818467), (0.14897926, -0.65428233, -1.1070198), (-2.0720809, -0.6878406, -1.361349), (-2.700954, -0.541969, -1.1954352), (2.4092994, -0.6120066, -1.2041917), (2.0256422, -0.6362364, -1.405929), (1.690991, -0.6586984, -1.2183139), (0.2880947, -0.65055525, -1.4286965), (-2.9944668, -0.49868798, -1.4169997), (2.9909072, -0.48466942, -1.4024483), (0.9265999, -0.6537808, -1.545813), (-0.075980395, -0.66517127, -1.403018), (-1.2923784, -0.68533427, -1.5933704), (1.6720164, -0.6643669, -1.5696245), (-0.18979828, -0.6677955, -1.6621848), (-2.3967655, -0.6138005, -1.4683223), (2.69102, -0.53957725, -1.5176836), (-1.7447671, -0.68552727, -1.4617532), (-2.7269208, -0.5273242, -1.535089), (-0.82960194, -0.67699075, -1.6201406), (1.6904504, -0.6426718, -1.8679881), (0.5307443, -0.6486529, -1.5685422), (-2.5697095, -0.54952383, -1.8615036), (2.9912374, -0.50588584, -1.7351758), (2.0010467, -0.6282799, -1.7739049), (-2.9906058, -0.49266523, -1.702467), (0.20533043, -0.6500143, -1.7981516), (-0.48748955, -0.673453, -1.7183428), (2.6627898, -0.52246535, -1.8836522), (2.350555, -0.5852517, -1.6340243), (1.3448579, -0.6589453, -1.7431604), (-0.63592696, -0.66148305, -1.9755902), (-1.6396517, -0.64216506, -1.8373784), (-1.0045394, -0.6725047, -1.8586323), (-2.9937236, -0.48760313, -2.0070999), (0.6496359, -0.6595012, -1.866351), (-0.9258265, -0.6512378, -2.1811843), (-2.0767806, -0.6435639, -1.7644249), (1.0281906, -0.6372335, -1.9622376), (-0.22075133, -0.6637593, -2.0113876), (2.3270817, -0.557449, -2.003738), (2.9922276, -0.48592317, -2.0648525), (-2.9967465, -0.48497897, -2.2820623), (1.9472852, -0.6002521, -2.1537316), (0.43603456, -0.65117764, -2.1596923), (0.10970554, -0.66061485, -2.1547673), (-0.10704086, -0.6603305, -2.328836), (-1.2850968, -0.656741, -1.9686947), (0.76746744, -0.6548173, -2.1512606), (-2.645064, -0.51228833, -2.3313332), (2.3060842, -0.5284681, -2.3079028), (-1.5355831, -0.6273197, -2.1608617), (-1.8452759, -0.61697984, -2.1657217), (1.713497, -0.5822387, -2.4524899), (1.4657769, -0.6644396, -2.1408887), (2.6616018, -0.5156759, -2.2717586), (0.68177915, -0.6456421, -2.4169638), (-0.90071386, -0.59579766, -2.6217556), (-2.2189763, -0.56388474, -2.2157257), (-1.294541, -0.54706216, -2.6895678), (-1.251492, -0.62396616, -2.3576918), (0.24054264, -0.6511385, -2.469215), (-0.4907616, -0.6422708, -2.3572226), (-1.9707673, -0.53926325, -2.5582044), (-2.986402, -0.50226724, -2.6460752), (2.7711208, -0.5104257, -2.611376), (2.090979, -0.52345055, -2.5416834), (0.5737441, -0.5929853, -2.7622633), (-1.6059275, -0.5637919, -2.533042), (1.8541739, -0.5119888, -2.7755346), (1.3623264, -0.63134134, -2.4452374), (-0.1668776, -0.6207968, -2.610236), (-0.50289255, -0.5975262, -2.7190955), (2.4694974, -0.5115247, -2.5973816), (1.0607333, -0.619659, -2.6448026), (1.0636364, -0.6538426, -2.2897198), (-2.563012, -0.51293176, -2.7676706), (1.4917264, -0.5425532, -2.7048943), (-2.2909558, -0.51323414, -2.6414125), (0.13853836, -0.5697724, -2.761321), (-1.8090072, -0.51174444, -2.813568), (-2.9821732, -0.46709716, -2.9850693), (2.9844606, -0.48597497, -2.9973435), (2.4808662, -0.20344931, -3.0060725), (2.2421892, -0.49388427, -2.9854434), (1.6442846, -0.49378288, -2.9929168), (0.58775693, -0.51980734, -2.99897), (-0.23130324, -0.54841554, -2.9940407), (-0.7030694, -0.53756523, -2.9791892), (-1.1090795, -0.48773685, -2.9979334), (-1.5304209, -0.4894628, -2.9834402), (-2.0529802, -0.5031847, -2.9912453), (2.957714, -0.02174594, 2.994659), (2.3925374, 0.0013337883, 2.6865394), (2.5936718, -0.02734464, 2.995121), (2.258636, -0.0072986614, 2.9953942), (2.0780077, -0.008587219, 2.7529912), (1.7780693, -0.0015352396, 2.9558043), (1.9892864, -0.023981493, 2.9991355), (1.4828289, -0.03327085, 2.7347977), (1.5016972, -0.02153148, 2.993078), (1.1143929, -0.053416707, 2.7414832), (1.2592702, -0.034220193, 2.9945154), (1.0406913, -0.097984746, 2.9967957), (0.7312684, -0.15731083, 2.609517), (0.44741637, -0.07654547, 2.9834938), (0.32618886, -0.13966979, 2.6320157), (0.16530734, -0.27803355, 3.000376), (0.012241434, -0.043763578, 2.9678571), (-0.33459312, -0.09688485, 2.7597015), (-0.44131044, -0.07153636, 2.994455), (-0.68556076, -0.08559974, 2.73784), (-1.2651352, -0.010031411, 2.99569), (-1.5204577, -0.01315094, 2.7670102), (-1.7386333, -0.005789675, 2.9962327), (-1.9774379, -0.007981947, 2.7346168), (-2.0212932, -0.04035349, 2.996272), (-2.3315263, -0.0031789872, 2.9745321), (-2.537079, -0.07480606, 2.9998226), (-2.7644558, -0.052113116, 3.0002165), (-2.992955, -0.025427148, 2.98529), (3.0023613, -0.026889386, 2.797935), (-2.6974912, 0.0010482604, 2.8244042), (2.9958007, -0.015925484, 2.5754352), (-2.4002402, -0.00016099191, 2.578689), (2.7724392, -0.0023045396, 2.676375), (-1.1067641, -0.06784084, 2.6754692), (-0.05158576, -0.16195336, 2.5542276), (-1.39929, -0.09819678, 2.4679785), (1.8096555, -0.097013876, 2.4900117), (1.4316633, -0.15731046, 2.3959603), (0.50975, -0.21797301, 2.3527384), (-2.7727447, 0.0017615001, 2.3847516), (-2.991471, -0.008513278, 2.6630516), (-0.8336093, -0.15294026, 2.4577758), (-1.1429459, -0.16426681, 2.2171881), (2.18081, -0.048276614, 2.3886793), (1.959326, -0.15390238, 2.1039476), (-1.7233578, -0.06649389, 2.4381268), (-2.1003556, -0.02316439, 2.3409271), (-2.9990025, -0.054922897, 2.4155447), (2.5357137, -0.007353035, 2.341001), (1.084042, -0.21161938, 2.3193402), (-0.45667297, -0.18233898, 2.4016707), (-0.086174056, -0.23226056, 2.1286387), (-1.8411427, -0.09077049, 2.1354647), (0.22478262, -0.21066812, 2.2807603), (2.9970512, -0.025197377, 2.084646), (2.9728603, 0.0016221481, 2.3363936), (2.2928028, -0.072719306, 2.0388803), (1.660891, -0.19937694, 2.1429713), (1.3811622, -0.22623783, 1.9616871), (0.7674526, -0.22747083, 2.1503503), (2.6914418, -0.003976645, 1.9862124), (0.47555205, -0.2284251, 1.990631), (-0.75355804, -0.18691838, 2.077768), (-1.5306103, -0.13978788, 2.1446712), (-1.0104791, -0.16596912, 1.7858686), (-1.7469454, -0.12368795, 1.8108354), (-2.1019711, -0.07420163, 1.9477532), (-2.4410043, -0.009275475, 2.168833), (-2.7745893, -0.00532678, 1.9015175), (-2.9964132, -0.025804982, 2.1088188), (2.7944994, -0.013624895, 1.6140084), (1.0366105, -0.23175554, 1.9459666), (0.7699216, -0.23834965, 1.6971974), (-0.39518386, -0.2334515, 1.9051133), (2.397786, -0.089624606, 1.6532353), (2.0689316, -0.16363904, 1.8069092), (0.19204687, -0.21878864, 1.9360392), (-1.3652171, -0.15029217, 1.8065782), (1.1772959, -0.22500992, 1.6117349), (-0.020359933, -0.23904912, 1.6666427), (2.9941986, -0.039527155, 1.5907547), (1.7553486, -0.21474479, 1.8287785), (-0.6808475, -0.18744291, 1.6340206), (-2.430164, -0.06362998, 1.7317917), (1.5494766, -0.23363936, 1.5574753), (-1.2247937, -0.15167713, 1.4034624), (0.37119132, -0.22947475, 1.6495458), (-2.4416125, -0.10012989, 1.3554686), (-2.0449584, -0.111026734, 1.4780765), (-2.9966042, -0.014048055, 1.8331681), (1.9644843, -0.21581978, 1.4846119), (-0.6599809, -0.174949, 1.1910355), (-1.5965242, -0.14419858, 1.4152087), (2.698201, -0.06574832, 1.2973439), (2.3197846, -0.16977993, 1.3107038), (-0.36113876, -0.20389837, 1.4451276), (0.21964067, -0.22143537, 1.3630458), (0.5640068, -0.22141099, 1.2823814), (-0.067135006, -0.20520921, 1.2365862), (-0.91754675, -0.16662082, 1.4055982), (1.682459, -0.22558457, 1.2574924), (1.3531038, -0.21408047, 1.2542521), (0.9758323, -0.22357072, 1.2894518), (-2.7748437, -0.02055652, 1.4323282), (2.9966965, -0.038062815, 1.3672137), (-0.36265606, -0.18792313, 1.0238272), (0.8140574, -0.21336217, 0.9971135), (-1.8233045, -0.118452, 1.0275569), (-2.6501625, -0.079548605, 1.0016966), (2.9917445, -0.052443705, 1.1270505), (1.5957501, -0.19222644, 0.9575618), (-2.218046, -0.1267035, 1.0293478), (2.466565, -0.16969989, 1.0106553), (-1.4121028, -0.1540947, 0.9782785), (2.0162272, -0.21406227, 1.064732), (1.1744311, -0.18060395, 0.8863289), (0.20265082, -0.20896776, 1.0364386), (2.772339, -0.07043945, 0.9590854), (-0.08874959, -0.21436429, 0.90746135), (-1.0137529, -0.16159196, 1.075351), (1.8633751, -0.19019942, 0.6938535), (0.49422953, -0.20635875, 0.8465295), (-2.7421777, -0.03731728, 0.5654277), (-2.9880629, -0.030289602, 1.1073346), (2.9964182, -0.096774, 0.95493954), (0.8278566, -0.19492772, 0.6754256), (0.11007576, -0.19547674, 0.6238542), (2.9902844, -0.066072404, 0.6715419), (-0.72877204, -0.16241257, 0.7422758), (2.2579339, -0.17902626, 0.7214808), (-1.3516352, -0.14021422, 0.57780445), (1.494164, -0.18281431, 0.57583916), (2.6280048, -0.1056342, 0.67188627), (2.0870192, -0.18193148, 0.4636831), (-1.1105094, -0.14643352, 0.73845327), (-2.9912899, -0.03063456, 0.8306962), (-1.6472343, -0.12558354, 0.59690946), (-2.0060115, -0.10998351, 0.6375429), (-2.3737345, -0.09051595, 0.65593475), (-2.4804153, -0.074443504, 0.36187884), (0.50297576, -0.1799708, 0.48341772), (-0.3026566, -0.18003511, 0.6385134), (-1.0185475, -0.14090051, 0.37326092), (2.7487047, -0.065940954, 0.34055975), (1.162854, -0.16661778, 0.4353662), (-2.1889699, -0.09313091, 0.3034967), (2.4294226, -0.16358796, 0.3827378), (0.55261546, -0.1484432, 0.1524721), (0.20282131, -0.16189307, 0.21690856), (1.7913028, -0.16064142, 0.31400025), (2.1209614, -0.13662624, 0.13207178), (0.8425965, -0.16007529, 0.31999287), (-0.1662926, -0.16518162, 0.26339453), (-0.57322943, -0.15521005, 0.33845603), (-2.7562678, -0.038365286, 0.14339563), (-1.8521868, -0.12193958, 0.23739447), (-2.4288619, -0.07479831, 0.039895628), (-2.09727, -0.119244024, -0.082647026), (0.8020228, -0.13506591, -0.0027964814), (-1.4432561, -0.13505891, 0.17471853), (-1.075055, -0.13700947, -0.031662054), (1.4717591, -0.1418062, 0.16113201), (-0.023444913, -0.1347683, -0.15989678), (-0.7755217, -0.14805089, 0.08461928), (-2.40715, -0.108962126, -0.3318392), (-2.9936392, -0.035805315, 0.33031708), (2.9786806, -0.02267582, -0.052516323), (-0.44236273, -0.15287627, -0.028489616), (-1.7400259, -0.11810906, -0.17128755), (-2.6650596, -0.049319956, -0.16895883), (2.5053744, -0.12688214, -0.034396645), (0.32378036, -0.12786272, -0.071977064), (0.59309685, -0.120401844, -0.19564958), (2.9885805, -0.04258066, -0.5207547), (1.144294, -0.13052028, -0.014601793), (-1.3918465, -0.124074005, -0.26169336), (-2.9942064, -0.04458124, 0.04426576), (2.1466732, -0.11460396, -0.26684025), (1.8041042, -0.12657781, -0.07716559), (-0.73937786, -0.14034647, -0.22270012), (1.5274916, -0.122196086, -0.26189208), (0.9205921, -0.11944135, -0.31691295), (-1.088859, -0.14572199, -0.39761043), (-2.0437179, -0.10970039, -0.51200056), (1.597014, -0.13534226, -0.6568385), (-2.987244, -0.02535432, -0.21860419), (1.2587047, -0.11973236, -0.4713575), (-1.6592773, -0.1279011, -0.5521693), (0.30364317, -0.124037124, -0.41664463), (-0.4029348, -0.1412963, -0.44034472), (-1.051197, -0.14617604, -0.69634295), (2.4320414, -0.10330986, -0.4052442), (0.0151525615, -0.12293039, -0.59669703), (-0.7855063, -0.15542957, -0.54496413), (-1.8507973, -0.119039044, -0.79361767), (-2.7055223, -0.039016, -0.49712685), (0.66071063, -0.12394714, -0.55662304), (2.7064204, -0.057250377, -0.3435036), (1.8598785, -0.11342902, -0.46110415), (-0.5310801, -0.14150369, -0.76360506), (0.99960184, -0.1255034, -0.7046923), (2.6229415, -0.080565006, -0.72572553), (2.2140586, -0.12114049, -0.6423473), (0.7624899, -0.120042324, -0.855468), (-1.3416677, -0.14887975, -0.64251155), (1.6503348, -0.13454567, -0.91649055), (-2.404706, -0.09455097, -0.7263724), (-2.9905283, -0.029581372, -0.5602688), (-0.2529635, -0.12060449, -0.74829483), (1.9166838, -0.13244857, -0.8706423), (0.37124425, -0.13352479, -0.8595122), (-2.7418668, -0.04678747, -0.8775603), (-2.989792, -0.032003313, -1.0675843), (1.365539, -0.14060721, -0.91227746), (-1.5689169, -0.15686744, -0.8966799), (-1.8360324, -0.15617917, -1.1213542), (-2.7247405, -0.04810736, -1.2532961), (-2.998805, -0.03872531, -0.8161519), (2.9910777, -0.05472513, -0.90603775), (2.3208375, -0.121489584, -1.0035833), (0.4492639, -0.1468614, -1.3135746), (-1.2255816, -0.15950467, -0.9802977), (-2.1115005, -0.122657485, -0.93288016), (0.69708896, -0.14517969, -1.1149741), (-0.80919665, -0.15021867, -0.94423884), (2.0771186, -0.12621973, -1.1996237), (1.6868864, -0.12821105, -1.2639067), (-0.34116924, -0.11867791, -1.0418897), (1.0025098, -0.13788638, -1.0808771), (-2.4177122, -0.094376855, -1.1122257), (-2.1187809, -0.13677986, -1.3034023), (-0.63257337, -0.123643234, -1.390129), (2.7144008, -0.041710123, -1.1801267), (2.9969723, -0.040649205, -1.1845967), (2.3755004, -0.09123954, -1.3718884), (0.07128738, -0.12704803, -1.1997079), (-1.0287447, -0.15702775, -1.3252308), (-1.4808029, -0.18421166, -1.3215475), (1.3107339, -0.13503903, -1.3842111), (-1.8301778, -0.16351502, -1.445979), (2.0353835, -0.12842573, -1.539819), (0.86667776, -0.15280072, -1.4674357), (-2.3947017, -0.08357027, -1.5290247), (-2.9940999, -0.045991186, -1.3283573), (2.9938946, -0.0140276775, -1.4579515), (2.9969208, -0.01919596, -1.7245121), (2.379672, -0.07436448, -1.7375818), (1.2003402, -0.14322273, -1.7705665), (-0.2291628, -0.109025486, -1.4605925), (-1.2570485, -0.14224982, -1.641564), (1.6377633, -0.12356008, -1.7216352), (0.16453253, -0.12816614, -1.5768176), (-2.2386796, -0.08056094, -1.8880063), (2.6982026, -0.016454782, -1.5612816), (-0.46274474, -0.11470996, -1.7165368), (-2.0422354, -0.14036296, -1.6838518), (-2.5217326, -0.04265204, -1.8385068), (-2.8027751, -0.006068863, -1.6112536), (-0.12222221, -0.10424508, -1.9002703), (2.0397224, -0.10480131, -1.9380187), (0.24735947, -0.14594138, -1.901122), (-0.8627743, -0.14386962, -1.7664884), (-1.6333144, -0.15356617, -1.7763158), (2.9938486, -0.01653433, -2.0071752), (1.1114585, -0.15143605, -2.083107), (0.8398688, -0.14759868, -1.9019536), (0.5154359, -0.16447097, -1.7126037), (-2.9977736, -0.04562908, -1.8324572), (2.7093258, -0.008102725, -1.9028617), (1.4283731, -0.14517568, -2.0810964), (-2.7766361, -0.004879745, -2.0335522), (-1.2408822, -0.14159289, -1.9976788), (-1.5445797, -0.14288631, -2.179168), (2.4076421, -0.029361872, -2.1192102), (1.7533433, -0.0957093, -2.103536), (0.8008447, -0.15432094, -2.3202689), (-0.5165552, -0.10401654, -2.0578735), (2.7814734, 0.00079497136, -2.2390094), (2.999624, -0.051946305, -2.3261895), (0.49104327, -0.15332247, -2.0803), (0.11608215, -0.14443031, -2.2048419), (-0.8821161, -0.11729054, -2.2302182), (-2.380719, -0.025729362, -2.217535), (-0.21788861, -0.11689697, -2.2451868), (-0.5183501, -0.108373925, -2.429914), (-2.4535575, 0.0028076333, -2.6815398), (-2.7479274, -0.00012454716, -2.4520662), (2.0513272, -0.030541396, -2.3696437), (1.630645, -0.08982892, -2.4052165), (1.2320127, -0.1731167, -2.423884), (-1.2432952, -0.10385917, -2.403635), (0.36831063, -0.13636753, -2.4443727), (-1.6288025, -0.07800544, -2.579264), (-2.0460656, -0.020418929, -2.6057348), (2.519186, -0.00038623472, -2.493001), (0.932558, -0.123269975, -2.7002106), (-2.9949973, -0.009380162, -2.3411407), (-0.49137038, -0.07303916, -2.7322955), (2.9780204, -0.0032887363, -2.5722327), (1.4717053, -0.03996437, -2.7240355), (0.6130131, -0.12336238, -2.6918523), (2.668886, -0.0023845842, -2.8084176), (-2.207166, -0.0030969882, -2.835808), (1.8114028, -0.0065687937, -2.747735), (-2.7820747, -0.0009444116, -2.7578144), (-0.09018813, -0.09609702, -2.601211), (0.28154802, -0.060386136, -2.7409513), (-0.8676795, -0.052314702, -2.6547465), (2.219766, 0.0013870274, -2.774931), (-1.2727894, -0.03118143, -2.7777073), (1.2017264, -0.05255842, -2.7919073), (1.5950065, -0.011312822, -2.9888384), (1.349519, -0.014301153, -2.9957693), (-3.0037136, -0.04467226, -2.6955314), (2.9816136, -0.006995195, -2.98442), (2.4354963, -0.026604831, -2.9968352), (1.0665727, -0.05966241, -2.9944513), (0.48001373, -0.06675235, -2.9883797), (0.09917444, -0.039560776, -2.9915822), (-0.30618307, -0.030609462, -2.9896824), (-0.67483586, -0.038501665, -2.988961), (-1.0226984, -0.027613543, -2.9925518), (2.1947098, -0.05040306, -2.9975214), (1.9257922, -0.0035091569, -2.9951186), (-1.3192518, -0.04638784, -3.0005424), (-1.5753493, -0.011754032, -2.978703), (-1.795672, -0.0031463178, -2.9787233), (-2.0116165, -0.013414515, -2.9958699), (-2.1807148, -0.034293763, -2.9983838), (-2.3710344, -0.013153908, -2.9958663), (-2.6366827, -0.021465141, -2.992793), (-2.945347, -0.00955158, -2.9922864), (2.9998198, -0.28803924, -0.3065689), (-0.81648254, -0.27273628, -2.9993787), (-2.9988134, -0.24078557, -0.26920712), (-0.08313981, -0.28995636, -3.0001256), (2.9996738, -0.32588398, -0.67105806), (0.29750228, -0.29658931, -3.0005145), (-0.48490345, -0.29061562, -3.0015225), (-3.002715, -0.28551364, -0.5729383), (2.999498, -0.2797914, 0.043240104), (-0.6786354, -0.34305727, 2.9997406), (-0.1252504, -0.25380418, 3.0052881), (-2.9910424, -0.49899918, -0.972167), (-0.8960875, -0.045679152, 2.9878755), (2.9930596, -0.065712795, 0.3302336), (-2.9998329, -0.26989487, 1.0045272), (-2.9977643, -0.07343294, 0.55667114), (-1.2107086, -0.25114056, 2.998715), (-3.000254, -0.21578494, 2.7136912), (2.7850873, -0.25891286, 2.9995444), (1.7464788, -0.088348255, -2.9995434), (2.060019, -0.2879441, 3.001093), (2.6088133, -0.031321563, -2.9985478), (2.6903565, -0.50173056, -2.9821317), (2.766912, -0.057307746, -2.9989069), (3.002784, -0.26986668, -2.9413195), (2.994026, -0.4913602, -2.7534685), (2.9989445, -0.20473911, -2.6803586), (2.997179, -0.26422194, -1.7400748), (-2.9966114, -0.037052564, -2.1279001), (2.9968867, -0.4686802, 1.8996509), (2.9943995, -0.021157835, 1.8177769), (-3.0003686, -0.21700056, -2.4023595), (3.0006323, -0.2390698, 2.3528562), (-2.9900763, -0.4739385, 2.9901054), (-2.740208, -0.2940848, -3.000929), (-2.7594798, -0.49339464, -2.9918249), (0.23574468, -0.5184139, -2.993608), (0.372306, -0.5512807, 2.9967997), (-2.997236, -0.043199666, 1.5986369), (-2.9996104, -0.05619713, -1.572055), (0.80455697, -0.0958838, 2.9912913), (-2.9965339, -0.049964912, 1.2991973), (0.78656787, -0.045950115, -2.994194), (0.91669405, -0.49276376, -2.99283), (-2.542684, -0.47407883, -2.9988208), (-2.3206477, -0.49120054, -2.9971454), (2.995184, -0.49174505, -2.4214017), (1.7374698, -0.4134289, 3.0017755), (1.5214334, -0.21649976, -3.0006614), (-1.8031614, -0.45064068, -2.9998317), (1.2994, -0.47973952, -2.9914756), (-1.9356074, -0.11787908, -2.1280155), (-0.52142185, -0.67916423, -1.4004183), (1.2685426, -0.7075491, 1.1904254), (-0.9647433, -0.67996895, 2.3417616), (-1.4879735, -0.063027106, 2.996885), (2.3294394, -0.47858167, 2.9927673), (1.9230316, -0.47397906, -2.9976666), (-0.010635527, -0.12394337, -0.90199006), (-2.177875, -0.5241888, 2.292348)] (
            interpolation = "vertex"
        )
        string primvars:file_name = "Locomotion_Terrain_Small"
        int[] primvars:file_name:indices = None
        float3[] primvars:grow_dir = [(0, 1, 0), (0, 1, 0), (0, 0.9999999, 0), (0, 1, 0), (0, 1, 0), (0, 0.99999994, 0), (0, 1, 0), (0, 1, 0), (0, 1, 0), (0, 0.99999994, 0), (0, 1, 0), (0, 0.9999999, 0), (0, 0.99999994, 0), (0, 0.99999994, 0), (0, 0.99999994, 0), (0, 1, 0), (0, 0.99999994, 0), (0, 1, 0), (0, 1, 0), (0, 0.99999994, 0), (0, 0.99999994, 0), (0, 1, 0), (0, 1, 0), (0, 0.9999999, 0), (0, 1.0000001, 0), (0, 1, 0), (0, 1, 0), (0, 1, 0), (0, 1, 0), (0, 0.99999994, 0), (0, 0.99999994, 0), (0, 0.99999994, 0), (0, 0.99999994, 0), (0, 1, 0), (0, 1, 0), (0, 1, 0), (0, 1, 0), (0, 1, 0), (0, 1, 0), (0, 0.99999994, 0), (0, 1, 0), (0, 1, 0), (0, 1, 0), (0, 0.9999998, 0), (0, 0.99999994, 0), (0, 0.9999999, 0), (0, 0.99999994, 0), (0, 1.0000001, 0), (0, 1, 0), (0, 0.9999999, 0), (0, 0.99999994, 0), (0, 1, 0), (0, 1, 0), (0, 1, 0), (0, 1, 0), (0, 1, 0), (0, 1, 0), (0, 0.99999994, 0), (0, 0.99999994, 0), (0, 1, 0), (0, 0.99999994, 0), (0, 1, 0), (0, 1, 0), (0, 0.99999994, 0), (0, 1, 0), (0, 1.0000001, 0), (0, 1, 0), (0, 0.9999999, 0), (0, 0.99999994, 0), (0, 1, 0), (0, 1, 0), (0, 0.99999994, 0), (0, 0.99999994, 0), (0, 0.99999994, 0), (0, 0.99999994, 0), (0, 1, 0), (0, 0.99999994, 0), (0, 1, 0), (0, 1, 0), (0, 1, 0), (0, 0.99999994, 0), (0, 1, 0), (0, 0.99999994, 0), (0, 0.99999994, 0), (0, 1, 0), (0, 1, 0), (0, 1, 0), (0, 0.99999994, 0), (0, 1, 0), (0, 1, 0), (0, 1, 0), (0, 1, 0), (0, 1, 0), (0, 1, 0), (0, 0.99999994, 0), (0, 1, 0), (0, 1, 0), (0, 0.99999994, 0), (0, 1, 0), (0, 0.99999994, 0), (0, 0.9999998, 0), (0, 0.99999994, 0), (0, 0.99999994, 0), (0, 1, 0), (0, 1, 0), (0, 1, 0), (0, 0.99999994, 0), (0, 1, 0), (0, 1, 0), (0, 0.99999994, 0), (0, 0.99999994, 0), (0, 0.99999994, 0), (0, 1, 0), (0, 1, 0), (0, 0.99999994, 0), (0, 1, 0), (0, 0.99999994, 0), (0, 0.99999994, 0), (0, 1, 0), (0, 1, 0), (0, 1, 0), (0, 0.99999994, 0), (0, 1, 0), (0, 0.99999994, 0), (0, 1.0000001, 0), (0, 1, 0), (0, 0.99999994, 0), (0, 1, 0), (0, 0.99999994, 0), (0, 0.99999994, 0), (0, 1, 0), (0, 0.99999994, 0), (0, 0.99999994, 0), (0, 0.99999994, 0), (0, 1, 0), (0, 0.99999994, 0), (0, 0.9999999, 0), (0, 1, 0), (0, 1, 0), (0, 1, 0), (0, 1, 0), (0, 1.0000001, 0), (0, 0.99999994, 0), (0, 1, 0), (0, 1, 0), (0, 1, 0), (0, 1.0000001, 0), (0, 1, 0), (0, 0.99999994, 0), (0, 1, 0), (0, 1, 0), (0, 0.9999999, 0), (0, 1.0000001, 0), (0, 1, 0), (0, 0.99999994, 0), (0, 1, 0), (0, 0.99999994, 0), (0, 0.99999994, 0), (0, 1.0000001, 0), (0, 0.9999999, 0), (0, 1, 0), (0, 1.0000001, 0), (0, 1.0000001, 0), (0, 0.9999999, 0), (0, 1, 0), (0, 1, 0), (0, 1.0000001, 0), (0, 0.99999994, 0), (0, 1, 0), (0, 1.0000001, 0), (0, 1, 0), (0, 1, 0), (0, 1, 0), (0, 1, 0), (0, 0.99999994, 0), (0, 1.0000001, 0), (0, 0.99999994, 0), (0, 1, 0), (0, 0.99999994, 0), (0, 0.99999994, 0), (0, 1, 0), (0, 0.99999994, 0), (0, 1.0000001, 0), (0, 0.99999994, 0), (0, 1.0000001, 0), (0, 0.99999994, 0), (0, 1, 0), (0, 1, 0), (0, 1, 0), (0, 1.0000001, 0), (0, 1, 0), (0, 1.0000001, 0), (0, 1.0000001, 0), (0, 1.0000001, 0), (0, 1, 0), (0, 1.0000001, 0), (0, 1, 0), (0, 0.99999994, 0), (0, 1, 0), (0, 1, 0), (0, 1.0000001, 0), (0, 1, 0), (0, 1, 0), (0, 0.99999994, 0), (0, 0.99999994, 0), (0, 1, 0), (0, 1.0000001, 0), (0, 1, 0), (0, 0.99999994, 0), (0, 1, 0), (0, 1, 0), (0, 1, 0), (0, 1, 0), (0, 1, 0), (0, 1.0000001, 0), (0, 0.99999994, 0), (0, 1.0000001, 0), (0, 1, 0), (0, 0.99999994, 0), (0, 1, 0), (0, 0.99999994, 0), (0, 1, 0), (0, 0.99999994, 0), (0, 1, 0), (0, 0.99999994, 0), (0, 1.0000001, 0), (0, 1, 0), (0, 0.99999994, 0), (0, 1, 0), (0, 1, 0), (0, 1, 0), (0, 1.0000001, 0), (0, 1, 0), (0, 1, 0), (0, 0.99999994, 0), (0, 0.99999994, 0), (0, 1, 0), (0, 0.99999994, 0), (0, 1, 0), (0, 1.0000001, 0), (0, 1.0000001, 0), (0, 1, 0), (0, 1, 0), (0, 1, 0), (0, 0.99999994, 0), (0, 1, 0), (0, 1.0000001, 0), (0, 0.99999994, 0), (0, 1.0000001, 0), (0, 1, 0), (0, 1, 0), (0, 1, 0), (0, 1.0000001, 0), (0, 1, 0), (0, 1, 0), (0, 1, 0), (0, 1.0000001, 0), (0, 1.0000001, 0), (0, 1, 0), (0, 1, 0), (0, 1.0000001, 0), (0, 1, 0), (0, 1, 0), (0, 1, 0), (0, 1, 0), (0, 1, 0), (0, 1, 0), (0, 0.99999994, 0), (0, 0.99999994, 0), (0, 1.0000001, 0), (0, 0.99999994, 0), (0, 1, 0), (0, 1, 0), (0, 0.99999994, 0), (0, 0.99999994, 0), (0, 1, 0), (0, 1, 0), (0, 0.99999994, 0), (0, 0.99999994, 0), (0, 1.0000001, 0), (0, 1, 0), (0, 1, 0), (0, 0.99999994, 0), (0, 1, 0), (0, 1, 0), (0, 1, 0), (0, 1, 0), (0, 1.0000001, 0), (0, 1, 0), (0, 1, 0), (0, 1, 0), (0, 1, 0), (0, 0.99999994, 0), (0, 1, 0), (0, 1, 0), (0, 0.9999999, 0), (0, 1.0000001, 0), (0, 1, 0), (0, 0.99999994, 0), (0, 0.9999999, 0), (0, 0.99999994, 0), (0, 1, 0), (0, 0.99999994, 0), (0, 1, 0), (0, 1.0000001, 0), (0, 0.99999994, 0), (0, 1, 0), (0, 1, 0), (0, 1, 0), (0, 0.99999994, 0), (0, 1, 0), (0, 1, 0), (0, 1, 0), (0, 1, 0), (0, 1, 0), (0, 0.9999999, 0), (0, 0.99999994, 0), (0, 0.99999994, 0), (0, 0.99999994, 0), (0, 0.99999994, 0), (0, 1, 0), (0, 0.99999994, 0), (0, 1, 0), (0, 1, 0), (0, 1.0000001, 0), (0, 1.0000001, 0), (0, 1, 0), (0, 1, 0), (0, 1, 0), (0, 1.0000001, 0), (0, 1, 0), (0, 1, 0), (0, 1.0000001, 0), (0, 0.99999994, 0), (0, 1, 0), (0, 0.99999994, 0), (0, 1, 0), (0, 1, 0), (0, 1, 0), (0, 1, 0), (0, 1, 0), (0, 1, 0), (0, 0.99999994, 0), (0, 1, 0), (0, 0.99999994, 0), (0, 0.9999998, 0), (0, 0.99999994, 0), (0, 0.99999994, 0), (0, 1, 0), (0, 1, 0), (0, 0.99999994, 0), (0, 1, 0), (0, 0.99999994, 0), (0, 0.99999994, 0), (0, 1, 0), (0, 0.99999994, 0), (0, 1.0000001, 0), (0, 0.99999994, 0), (0, 0.99999994, 0), (0, 1, 0), (0, 1, 0), (0, 1, 0), (0, 1.0000001, 0), (0, 1, 0), (0, 0.99999994, 0), (0, 1, 0), (0, 1, 0), (0, 1, 0), (0, 1, 0), (0, 0.99999994, 0), (0, 0.99999994, 0), (0, 1, 0), (0, 1, 0), (0, 1, 0), (0, 1, 0), (0, 1, 0), (0, 1, 0), (0, 1.0000001, 0), (0, 1, 0), (0, 1, 0), (0, 1, 0), (0, 1.0000001, 0), (0, 0.99999994, 0), (0, 0.99999994, 0), (0, 1, 0), (0, 0.99999994, 0), (0, 0.99999994, 0), (0, 1, 0), (0, 1, 0), (0, 1.0000001, 0), (0, 1.0000001, 0), (0, 1, 0), (0, 1, 0), (0, 1, 0), (0, 1, 0), (0, 1, 0), (0, 1, 0), (0, 1, 0), (0, 0.99999994, 0), (0, 0.99999994, 0), (0, 0.99999994, 0), (0, 1, 0), (0, 1, 0), (0, 1, 0), (0, 1, 0), (0, 1, 0), (0, 1, 0), (0, 1, 0), (0, 0.99999994, 0), (0, 0.99999994, 0), (0, 1, 0), (0, 0.99999994, 0), (0, 1, 0), (0, 1, 0), (0, 1.0000001, 0), (0, 1.0000001, 0), (0, 0.99999994, 0), (0, 1, 0), (0, 0.99999994, 0), (0, 0.99999994, 0), (0, 1, 0), (0, 1, 0), (0, 1.0000001, 0), (0, 1, 0), (0, 1, 0), (0, 1, 0), (0, 1, 0), (0, 0.9999999, 0), (0, 1, 0), (0, 0.99999994, 0), (0, 1, 0), (0, 1, 0), (0, 0.99999994, 0), (0, 1, 0), (0, 0.9999999, 0), (0, 1, 0), (0, 0.9999999, 0), (0, 1, 0), (0, 1, 0), (0, 1.0000001, 0), (0, 1, 0), (0, 1, 0), (0, 1, 0), (0, 1, 0), (0, 1, 0), (0, 1.0000001, 0), (0, 1, 0), (0, 1.0000001, 0), (0, 1, 0), (0, 1, 0), (0, 0.99999994, 0), (0, 0.99999994, 0), (0, 0.9999999, 0), (0, 1, 0), (0, 0.99999994, 0), (0, 0.99999994, 0), (0, 0.99999994, 0), (0, 0.99999994, 0), (0, 0.99999994, 0), (0, 1, 0), (0, 0.99999994, 0), (0, 1, 0), (0, 1.0000001, 0), (0, 1.0000001, 0), (0, 0.99999994, 0), (0, 0.99999994, 0), (0, 0.99999994, 0), (0, 0.9999999, 0), (0, 0.99999994, 0), (0, 1, 0), (0, 0.9999999, 0), (0, 0.99999994, 0), (0, 1, 0), (0, 1.0000001, 0), (0, 1.0000001, 0), (0, 1, 0), (0, 1.0000001, 0), (0, 1, 0), (0, 1, 0), (0, 0.99999994, 0), (0, 1, 0), (0, 1, 0), (0, 1, 0), (0, 1.0000001, 0), (0, 1, 0), (0, 0.99999994, 0), (0, 1, 0), (0, 0.99999994, 0), (0, 1, 0), (0, 1, 0), (0, 1, 0), (0, 1, 0), (0, 1, 0), (0, 0.99999994, 0), (0, 1, 0), (0, 1, 0), (0, 1.0000001, 0), (0, 0.99999994, 0), (0, 0.9999999, 0), (0, 0.9999998, 0), (0, 1, 0), (0, 1, 0), (0, 0.99999994, 0), (0, 1, 0), (0, 1, 0), (0, 0.99999994, 0), (0, 1, 0), (0, 1, 0), (0, 1.0000001, 0), (0, 0.99999994, 0), (0, 1, 0), (0, 1, 0), (0, 0.99999994, 0), (0, 0.99999994, 0), (0, 1, 0), (0, 1, 0), (0, 1, 0), (0, 0.99999994, 0), (0, 1, 0), (0, 0.9999998, 0), (0, 0.99999994, 0), (0, 1, 0), (0, 0.9999999, 0), (0, 0.9999999, 0), (0, 1, 0), (0, 0.99999994, 0), (0, 1, 0), (0, 1, 0), (0, 0.99999994, 0), (0, 1, 0), (0, 0.99999994, 0), (0, 1, 0), (0, 1, 0), (0, 1, 0), (0, 1, 0), (0, 1, 0), (0, 1, 0), (0, 1, 0), (0, 1, 0), (0, 0.9999999, 0), (0, 0.99999994, 0), (0, 1, 0), (0, 1, 0), (0, 1, 0), (0, 0.99999994, 0), (0, 0.99999994, 0), (0, 1, 0), (0, 1, 0), (0, 0.99999994, 0), (0, 1, 0), (0, 1, 0), (0, 1, 0), (0, 1.0000001, 0), (0, 0.99999994, 0), (0, 1, 0), (0, 1, 0), (0, 1, 0), (0, 1, 0), (0, 1, 0), (0, 1, 0), (0, 1, 0), (0, 1.0000001, 0), (0, 0.99999994, 0), (0, 1.0000001, 0), (0, 1, 0), (0, 0.99999994, 0), (0, 1.0000001, 0), (0, 1, 0), (0, 1, 0), (0, 1.0000001, 0), (0, 0.9999999, 0), (0, 1.0000001, 0), (0, 1, 0), (0, 1, 0), (0, 1, 0), (0, 1, 0), (0, 0.99999994, 0), (0, 1.0000001, 0), (0, 1.0000001, 0), (0, 1, 0), (0, 1, 0), (0, 1, 0), (0, 0.99999994, 0), (0, 0.99999994, 0), (0, 1.0000001, 0), (0, 1, 0), (0, 0.99999994, 0), (0, 1, 0), (0, 1, 0), (0, 0.99999994, 0), (0, 1, 0), (0, 1.0000001, 0), (0, 0.99999994, 0), (0, 0.99999994, 0), (0, 1.0000001, 0), (0, 1, 0), (0, 1.0000001, 0), (0, 1.0000001, 0), (0, 1, 0), (0, 1.0000001, 0), (0, 1, 0), (0, 0.99999994, 0), (0, 1, 0), (0, 1, 0), (0, 1, 0), (0, 1, 0), (0, 0.99999994, 0), (0, 0.99999994, 0), (0, 1, 0), (0, 1.0000001, 0), (0, 0.99999994, 0), (0, 1, 0), (0, 1.0000001, 0), (0, 0.99999994, 0), (0, 0.99999994, 0), (0, 1, 0), (0, 0.99999994, 0), (0, 0.99999994, 0), (0, 1, 0), (0, 1, 0), (0, 0.99999994, 0), (0, 1, 0), (0, 1, 0), (0, 1, 0), (0, 1, 0), (0, 1, 0), (0, 1, 0), (0, 1, 0), (0, 0.99999994, 0), (0, 1, 0), (0, 0.9999999, 0), (0, 1, 0), (0, 0.99999994, 0), (0, 1, 0), (0, 0.9999999, 0), (0, 1, 0), (0, 1, 0), (0, 1, 0), (0, 1, 0), (0, 1, 0), (0, 1, 0), (0, 1, 0), (0, 0.99999994, 0), (0, 1, 0), (0, 0.99999994, 0), (0, 0.99999994, 0), (0, 0.99999994, 0), (0, 1, 0), (0, 1, 0), (0, 1, 0), (0, 0.99999994, 0), (0, 0.99999994, 0), (0, 1, 0), (0, 1, 0), (0, 1, 0), (0, 1, 0), (0, 0.99999994, 0), (0, 1, 0), (0, 0.99999994, 0), (0, 0.99999994, 0), (0, 1, 0), (0, 0.99999994, 0), (0, 1, 0), (0, 0.99999994, 0), (0, 1.0000001, 0), (0, 0.99999994, 0), (0, 0.99999994, 0), (0, 1, 0), (0, 1, 0), (0, 1, 0), (0, 1, 0), (0, 1, 0), (0, 1, 0), (0, 1, 0), (0, 0.99999994, 0), (0, 1.0000001, 0), (0, 0.99999994, 0), (0, 0.99999994, 0), (0, 1, 0), (0, 0.99999994, 0), (0, 1, 0), (0, 0.99999994, 0), (0, 0.99999994, 0), (0, 0.99999994, 0), (0, 0.9999999, 0), (0, 0.99999994, 0), (0, 1.0000001, 0), (0, 1.0000001, 0), (0, 1.0000001, 0), (0, 1, 0), (0, 1, 0), (0, 1, 0), (0, 1, 0), (0, 1, 0), (0, 1, 0), (0, 1, 0), (0, 0.99999994, 0), (0, 1, 0), (0, 1, 0), (0, 1.0000001, 0), (0, 0.99999994, 0), (0, 1, 0), (0, 0.99999994, 0), (0, 1, 0), (0, 1, 0), (0, 1, 0), (0, 0.99999994, 0), (0, 1, 0), (0, 1.0000001, 0), (0, 0.9999998, 0), (0, 1, 0), (0, 0.99999994, 0), (0, 0.99999994, 0)] (
            interpolation = "vertex"
        )
        int[] primvars:grow_dir:indices = None
        float[] primvars:h = [0.00053215254, 0.002258652, 0.024028335, 0.112620875, 0.08933742, 0.2574906, 0.45089126, 0.5048564, 0.52606, 0.45518997, 0.4814879, 0.30294743, 0.1372551, 0.048763007, 0.014703291, 0.001727767, 0.0057003084, 0.00032790267, 0.87779975, 0.7368609, 0.31052288, 0.00726896, 0.4242568, 0.8735552, 0.00332066, 0.83200675, 0.00066700793, 0.5447348, 0.011667809, 0.05180543, 0.23922335, 0.17945498, 0.71778166, 1.048815, 0.053289287, 0.8334965, 0.04115108, 0.15860584, 1.2953006, 1.2338177, 0.53303653, 0.9391064, 1.4596963, 0.4707299, 0.06535058, 0.09844722, 1.5681593, 0.005455499, 0.37490553, 1.1565135, 0.0157264, 1.4521772, 1.2891357, 1.3356785, 1.0442928, 0.042316362, 1.562467, 0.2454596, 1.0524516, 0.89976287, 0.22254322, 0.0050093117, 1.3886789, 1.5982397, 0.6619347, 0.73275876, 1.6333411, 0.564443, 1.2264532, 1.575341, 1.4146655, 1.1740639, 1.0792993, 0.5407197, 0.02379773, 1.5745486, 0.892345, 0.3914401, 0.14435826, 0.064523615, 0.20798092, 1.2098314, 0.030767623, 0.7926317, 1.5819843, 0.67884076, 0.054019865, 1.4801273, 1.5167025, 1.4807659, 1.2542106, 1.0385108, 0.120989785, 1.5713767, 0.8966877, 0.23263784, 1.0959404, 1.4309535, 1.361591, 0.10564202, 0.76883584, 1.1019886, 0.42988765, 1.0825684, 1.2596616, 1.3740882, 0.91254747, 1.4474123, 0.5017671, 0.29514524, 1.3625852, 0.943714, 0.75454116, 0.24161625, 1.4098407, 1.2391627, 0.17416754, 1.3575832, 1.3461927, 1.2840719, 0.30518228, 0.1732545, 1.0899394, 0.50661045, 0.5045855, 1.0418388, 0.9870285, 0.8608744, 0.8486442, 0.6941692, 0.33817554, 0.7248607, 0.3693063, 0.7381775, 1.3166378, 1.1296152, 0.21912695, 1.3080128, 0.19201711, 1.2472463, 1.2141988, 1.3039032, 0.968264, 0.40445444, 0.9334015, 0.52135384, 1.2540606, 1.2370508, 0.8599355, 1.2785279, 1.211133, 1.0933158, 1.129171, 1.1486471, 0.68560237, 1.1027832, 1.0494075, 1.1556172, 1.0386298, 0.49674326, 1.1605625, 1.1035277, 1.0145183, 1.1594161, 0.94374126, 0.2511144, 0.7848116, 1.1161497, 0.5163635, 0.3077295, 0.45615354, 1.0639498, 1.0645657, 1.1912478, 0.87402123, 0.7352074, 1.0283186, 1.2349454, 1.0079967, 1.1243895, 1.1588955, 0.9731255, 1.1163559, 0.624918, 1.2098893, 1.1478144, 1.2328702, 1.0839643, 1.0450475, 1.2432835, 1.1193875, 0.40949935, 0.9431722, 0.6428292, 0.90849596, 1.0626206, 0.9705387, 0.9521484, 0.9596002, 1.2735647, 1.0960666, 1.1682364, 1.2501283, 1.2805226, 1.0097392, 0.95202893, 0.34093168, 1.0472639, 1.1227173, 1.2590421, 1.200441, 0.3929052, 0.6088208, 0.8814197, 0.97094446, 0.17594752, 0.38189563, 1.0601754, 1.2290231, 0.19161014, 1.0046128, 1.2056779, 0.6531579, 0.9345815, 1.2715493, 1.2345464, 1.002011, 0.962021, 0.96069366, 1.0168787, 1.0375748, 0.49100432, 0.68152684, 0.8407095, 1.0003871, 1.0056738, 0.13297856, 0.111101836, 0.9889629, 1.0773822, 1.1785892, 0.96691084, 1.0910088, 0.65645236, 0.3015003, 1.1506889, 0.29952273, 1.1692492, 0.88616645, 0.9941775, 0.33393785, 0.098352104, 0.7245624, 0.0914522, 1.0291961, 1.121305, 0.19978324, 0.51866883, 0.99733615, 1.0503757, 0.9828809, 1.0959035, 0.06841881, 1.005064, 0.9091394, 0.76792353, 0.9911545, 1.0338236, 0.37450215, 0.025762264, 0.018748086, 0.56101733, 0.9824543, 1.0084096, 0.9345951, 0.99333787, 0.9839096, 0.11582268, 0.22263622, 0.76920754, 0.6243068, 0.4733134, 0.8596242, 0.098926656, 0.8403309, 0.5868933, 0.37775815, 0.3870945, 0.69369024, 0.8337368, 0.8503454, 0.28322837, 0.0159383, 0.010764589, 0.19646244, 0.569937, 0.42342776, 0.14843485, 0.6928789, 0.6913823, 0.5731767, 0.049122345, 0.5550192, 0.89524734, 0.032481495, 0.34564355, 0.13179977, 0.5444125, 0.17751482, 0.0011056373, 0, 0.001798189, 0.032228738, 0.076550916, 0.24788974, 0.37712562, 0.32920158, 0.20975885, 0.16576417, 0.063221805, 0.0016534872, 0.10159015, 0.006748415, 0.028282454, 0.23948015, 0.24429107, 0.050102692, 0.48803082, 0.12765421, 0.7552207, 0.22697827, 0.3096197, 0.99122983, 0.5785108, 0.9730151, 0.4385596, 0.6654459, 0.80956745, 0.41837195, 0.67296433, 0.19035828, 0.28728807, 0.05163448, 0.12438519, 0.012792694, 0.019140977, 0.00036872138, 0, 0, 0.00092069316, 0.0041722767, 0.0033640484, 0.05429379, 0.028938316, 0.5600027, 1.077116, 0.6435597, 0.64040196, 0.99081755, 1.3230348, 0.025781097, 0.0007179299, 0.9668207, 1.0108557, 0.4399191, 0.93439597, 0.44451994, 0.2659327, 0.0006306952, 0.18471125, 1.2363354, 1.1488063, 1.4368608, 0.6023876, 1.3574036, 0.032914147, 0.06937733, 0.5820665, 1.1849732, 1.461162, 1.4695691, 0.26430464, 1.5699975, 1.2487074, 0.83495206, 1.1884414, 0.84864163, 0.5162285, 0.18089141, 0.12784442, 0.010382643, 0.3168483, 1.5553747, 1.6098901, 1.4492419, 0.7401907, 1.0817007, 1.574539, 1.0459392, 1.5927733, 1.566685, 0.069664605, 1.4048196, 1.3429489, 0.3931224, 1.5503476, 1.100774, 1.6120043, 0.5572333, 0.75484675, 0.015608215, 1.323513, 1.274214, 0.97538, 0.608571, 1.051348, 1.4560194, 1.5692577, 1.5620229, 1.4939657, 1.2073395, 1.4945526, 1.5152354, 1.5480652, 0.28091002, 0.19152912, 1.3432882, 1.4688967, 0.8952196, 0.46523368, 0.33230475, 1.39994, 0.73751634, 0.99187547, 1.0190536, 1.3357427, 1.3795518, 1.4860471, 0.59140766, 1.4038028, 1.1400126, 1.3081295, 1.433665, 0.39179927, 0.24213178, 0.30580693, 1.3349591, 1.3263617, 0.40000758, 1.1706524, 1.1666021, 0.9916249, 1.2514962, 0.797182, 1.1644964, 1.0782955, 0.23491113, 0.91815937, 0.81153554, 0.62451816, 0.51664996, 1.2835352, 1.2559227, 1.0453236, 0.58517575, 1.1889431, 0.7139003, 0.954354, 1.0919238, 1.1585532, 1.130666, 0.98441744, 1.1577336, 1.1581669, 1.123438, 0.34231722, 0.84652746, 0.57064635, 0.75493723, 0.99977976, 0.9421708, 0.9925986, 1.0614038, 1.0123851, 1.0429672, 0.6177639, 0.21411386, 0.39649776, 1.0520518, 0.8794617, 0.39780897, 0.7185736, 0.9993289, 0.94170153, 0.3210437, 0.99312824, 0.9584247, 0.188486, 0.8506621, 0.96447796, 1.0227038, 0.9234721, 0.910412, 1.0142143, 0.7940927, 0.91349554, 0.24969573, 0.9102027, 0.9384718, 0.9259434, 0.9909726, 1.0511577, 0.68774307, 0.93165207, 1.0320497, 0.9411415, 0.40338877, 0.9038671, 0.4982494, 0.88271177, 0.98728395, 0.9149358, 0.51820517, 0.77954245, 0.9324494, 1.0267161, 0.9401239, 0.6338675, 0.23430614, 0.92749953, 0.88383025, 0.93007255, 0.40883428, 0.2272275, 0.9464339, 1.0552229, 1.0412445, 0.38162297, 0.23027739, 0.28331426, 0.69342846, 0.98833686, 1.0909293, 0.8424348, 0.9910367, 1.0223958, 0.8298785, 0.92354786, 0.91453284, 0.9797409, 0.63703865, 0.88265246, 0.9391136, 0.3958816, 0.14193846, 0.5777675, 0.90731055, 1.05486, 1.1162143, 0.9780007, 1.0738552, 0.7709923, 1.031054, 0.5778445, 0.15685214, 0.09945561, 0.06996564, 0.46876588, 1.0052377, 0.86841923, 1.0635927, 0.8781115, 0.93271, 0.5734581, 0.27656338, 0.8651246, 0.8522166, 0.33422515, 0.25371724, 0.8663395, 0.5955513, 0.9774193, 0.9413076, 1.01094, 0.020555088, 1.0240017, 1.060299, 1.0383971, 0.042024653, 0.17059804, 0.89010227, 0.13611037, 0.9490631, 0.83439606, 0.26499072, 0.674811, 0.9743255, 0.8266055, 0.06996893, 0.0038861104, 1.0263034, 0.88806385, 0.79482466, 0.2843358, 0.7943365, 0.6807026, 0.10067437, 0.07104168, 0.30165714, 0.5641478, 0.8132864, 0.6786525, 0.8576419, 0.47650692, 0.28615656, 0.08770482, 0.69300264, 0.01605977, 0.47868475, 0.012970737, 0.41894177, 0.6875939, 0.011322622, 0.080343716, 0.20544617, 0.017153133, 0.61576235, 0.5597889, 0.5035254, 0.070176154, 0.3844856, 0.53223497, 0.12660395, 0.14196482, 0.0045155017, 0.00040840145, 0.004560702, 0.19113916, 0.32621366, 0.33554786, 0.3341953, 0.27410546, 0.19701228, 0.004857317, 0.025003716, 0.12686217, 0.1872715, 0.17739712, 0.057013646, 0.012682272, 0.01029502, 0.007770178, 0.00037152742, 0.27787036, 0.17974445, 0.18728697, 0.24725926, 0.25375614, 0.2401006, 0.23630017, 0.20118143, 0.3011819, 0.30250695, 0.4004356, 0.31884181, 0.28166232, 0.33460972, 0.122898705, 0.19119085, 0.09891365, 0.000024733788, 0.00022900653, 0.027172083, 0.009786468, 0.00019588467, 0.003439483, 0.00007998287, 0, 0.00008613198, 0.00013428205, 0.027112957, 0.010744348, 0.03939354, 0.05810367, 0.0027121815, 0.006423189, 0.000020744634, 0.00030415633, 0.0029161775, 0.3358427, 0.56009084, 0.049660467, 0.07302337, 0.56346196, 0.06792504, 0.27994, 0.25766248, 0.0016839623, 0.017016217, 0.007588935, 0.06408891, 0.05325886, 0.05634589, 0.17974585, 0.6468413, 1.1599551, 1.4318147, 0.9845945, 0.050253596, 0.0042245802, 0.016073106, 0.9027549, 0.275111] (
            interpolation = "vertex"
        )
        int[] primvars:h:indices = None
        float[] primvars:height = [0, 0, 0, 0, 0, 0, 0, 0, 0, 0, 0, 0, 0, 0, 0, 0, 0, 0, 0, 0, 0, 0, 0, 0, 0, 0, 0, 0, 0, 0, 0, 0, 0, 0, 0, 0, 0, 0, 0, 0, 0, 0, 0, 0, 0, 0, 0, 0, 0, 0, 0, 0, 0, 0, 0, 0, 0, 0, 0, 0, 0, 0, 0, 0, 0, 0, 0, 0, 0, 0, 0, 0, 0, 0, 0, 0, 0, 0, 0, 0, 0, 0, 0, 0, 0, 0, 0, 0, 0, 0, 0, 0, 0, 0, 0, 0, 0, 0, 0, 0, 0, 0, 0, 0, 0, 0, 0, 0, 0, 0, 0, 0, 0, 0, 0, 0, 0, 0, 0, 0, 0, 0, 0, 0, 0, 0, 0, 0, 0, 0, 0, 0, 0, 0, 0, 0, 0, 0, 0, 0, 0, 0, 0, 0, 0, 0, 0, 0, 0, 0, 0, 0, 0, 0, 0, 0, 0, 0, 0, 0, 0, 0, 0, 0, 0, 0, 0, 0, 0, 0, 0, 0, 0, 0, 0, 0, 0, 0, 0, 0, 0, 0, 0, 0, 0, 0, 0, 0, 0, 0, 0, 0, 0, 0, 0, 0, 0, 0, 0, 0, 0, 0, 0, 0, 0, 0, 0, 0, 0, 0, 0, 0, 0, 0, 0, 0, 0, 0, 0, 0, 0, 0, 0, 0, 0, 0, 0, 0, 0, 0, 0, 0, 0, 0, 0, 0, 0, 0, 0, 0, 0, 0, 0, 0, 0, 0, 0, 0, 0, 0, 0, 0, 0, 0, 0, 0, 0, 0, 0, 0, 0, 0, 0, 0, 0, 0, 0, 0, 0, 0, 0, 0, 0, 0, 0, 0, 0, 0, 0, 0, 0, 0, 0, 0, 0, 0, 0, 0, 0, 0, 0, 0, 0, 0, 0, 0, 0, 0, 0, 0, 0, 0, 0, 0, 0, 0, 0, 0, 0, 0, 0, 0, 0, 0, 0, 0, 0, 0, 0, 0, 0, 0, 0, 0, 0, 0, 0, 0, 0, 0, 0, 0, 0, 0, 0, 0, 0, 0, 0, 0, 0, 0, 0, 0, 0, 0, 0, 0, 0, 0, 0, 0, 0, 0, 0, 0, 0, 0, 0, 0, 0, 0, 0, 0, 0, 0, 0, 0, 0, 0, 0, 0, 0, 0, 0, 0, 0, 0, 0, 0, 0, 0, 0, 0, 0, 0, 0, 0, 0, 0, 0, 0, 0, 0, 0, 0, 0, 0, 0, 0, 0, 0, 0, 0, 0, 0, 0, 0, 0, 0, 0, 0, 0, 0, 0, 0, 0, 0, 0, 0, 0, 0, 0, 0, 0, 0, 0, 0, 0, 0, 0, 0, 0, 0, 0, 0, 0, 0, 0, 0, 0, 0, 0, 0, 0, 0, 0, 0, 0, 0, 0, 0, 0, 0, 0, 0, 0, 0, 0, 0, 0, 0, 0, 0, 0, 0, 0, 0, 0, 0, 0, 0, 0, 0, 0, 0, 0, 0, 0, 0, 0, 0, 0, 0, 0, 0, 0, 0, 0, 0, 0, 0, 0, 0, 0, 0, 0, 0, 0, 0, 0, 0, 0, 0, 0, 0, 0, 0, 0, 0, 0, 0, 0, 0, 0, 0, 0, 0, 0, 0, 0, 0, 0, 0, 0, 0, 0, 0, 0, 0, 0, 0, 0, 0, 0, 0, 0, 0, 0, 0, 0, 0, 0, 0, 0, 0, 0, 0, 0, 0, 0, 0, 0, 0, 0, 0, 0, 0, 0, 0, 0, 0, 0, 0, 0, 0, 0, 0, 0, 0, 0, 0, 0, 0, 0, 0, 0, 0, 0, 0, 0, 0, 0, 0, 0, 0, 0, 0, 0, 0, 0, 0, 0, 0, 0, 0, 0, 0, 0, 0, 0, 0, 0, 0, 0, 0, 0, 0, 0, 0, 0, 0, 0, 0, 0, 0, 0, 0, 0, 0, 0, 0, 0, 0, 0, 0, 0, 0, 0, 0, 0, 0, 0, 0, 0, 0, 0, 0, 0, 0, 0, 0, 0, 0, 0, 0, 0, 0, 0, 0, 0, 0, 0, 0, 0, 0, 0, 0, 0, 0, 0, 0, 0, 0, 0, 0, 0, 0, 0, 0, 0, 0, 0, 0, 0, 0, 0, 0, 0, 0, 0, 0, 0, 0, 0, 0, 0, 0, 0, 0, 0, 0, 0, 0, 0, 0, 0, 0, 0, 0, 0, 0, 0, 0, 0, 0, 0, 0, 0, 0, 0, 0, 0] (
            interpolation = "vertex"
        )
        int[] primvars:height:indices = None
        string[] primvars:name_test = ["Locomotion_Terrain_Small", "Locomotion_Terrain_Small", "Locomotion_Terrain_Small", "Locomotion_Terrain_Small", "Locomotion_Terrain_Small", "Locomotion_Terrain_Small", "Locomotion_Terrain_Small", "Locomotion_Terrain_Small", "Locomotion_Terrain_Small", "Locomotion_Terrain_Small", "Locomotion_Terrain_Small", "Locomotion_Terrain_Small", "Locomotion_Terrain_Small", "Locomotion_Terrain_Small", "Locomotion_Terrain_Small", "Locomotion_Terrain_Small", "Locomotion_Terrain_Small", "Locomotion_Terrain_Small", "Locomotion_Terrain_Small", "Locomotion_Terrain_Small", "Locomotion_Terrain_Small", "Locomotion_Terrain_Small", "Locomotion_Terrain_Small", "Locomotion_Terrain_Small", "Locomotion_Terrain_Small", "Locomotion_Terrain_Small", "Locomotion_Terrain_Small", "Locomotion_Terrain_Small", "Locomotion_Terrain_Small", "Locomotion_Terrain_Small", "Locomotion_Terrain_Small", "Locomotion_Terrain_Small", "Locomotion_Terrain_Small", "Locomotion_Terrain_Small", "Locomotion_Terrain_Small", "Locomotion_Terrain_Small", "Locomotion_Terrain_Small", "Locomotion_Terrain_Small", "Locomotion_Terrain_Small", "Locomotion_Terrain_Small", "Locomotion_Terrain_Small", "Locomotion_Terrain_Small", "Locomotion_Terrain_Small", "Locomotion_Terrain_Small", "Locomotion_Terrain_Small", "Locomotion_Terrain_Small", "Locomotion_Terrain_Small", "Locomotion_Terrain_Small", "Locomotion_Terrain_Small", "Locomotion_Terrain_Small", "Locomotion_Terrain_Small", "Locomotion_Terrain_Small", "Locomotion_Terrain_Small", "Locomotion_Terrain_Small", "Locomotion_Terrain_Small", "Locomotion_Terrain_Small", "Locomotion_Terrain_Small", "Locomotion_Terrain_Small", "Locomotion_Terrain_Small", "Locomotion_Terrain_Small", "Locomotion_Terrain_Small", "Locomotion_Terrain_Small", "Locomotion_Terrain_Small", "Locomotion_Terrain_Small", "Locomotion_Terrain_Small", "Locomotion_Terrain_Small", "Locomotion_Terrain_Small", "Locomotion_Terrain_Small", "Locomotion_Terrain_Small", "Locomotion_Terrain_Small", "Locomotion_Terrain_Small", "Locomotion_Terrain_Small", "Locomotion_Terrain_Small", "Locomotion_Terrain_Small", "Locomotion_Terrain_Small", "Locomotion_Terrain_Small", "Locomotion_Terrain_Small", "Locomotion_Terrain_Small", "Locomotion_Terrain_Small", "Locomotion_Terrain_Small", "Locomotion_Terrain_Small", "Locomotion_Terrain_Small", "Locomotion_Terrain_Small", "Locomotion_Terrain_Small", "Locomotion_Terrain_Small", "Locomotion_Terrain_Small", "Locomotion_Terrain_Small", "Locomotion_Terrain_Small", "Locomotion_Terrain_Small", "Locomotion_Terrain_Small", "Locomotion_Terrain_Small", "Locomotion_Terrain_Small", "Locomotion_Terrain_Small", "Locomotion_Terrain_Small", "Locomotion_Terrain_Small", "Locomotion_Terrain_Small", "Locomotion_Terrain_Small", "Locomotion_Terrain_Small", "Locomotion_Terrain_Small", "Locomotion_Terrain_Small", "Locomotion_Terrain_Small", "Locomotion_Terrain_Small", "Locomotion_Terrain_Small", "Locomotion_Terrain_Small", "Locomotion_Terrain_Small", "Locomotion_Terrain_Small", "Locomotion_Terrain_Small", "Locomotion_Terrain_Small", "Locomotion_Terrain_Small", "Locomotion_Terrain_Small", "Locomotion_Terrain_Small", "Locomotion_Terrain_Small", "Locomotion_Terrain_Small", "Locomotion_Terrain_Small", "Locomotion_Terrain_Small", "Locomotion_Terrain_Small", "Locomotion_Terrain_Small", "Locomotion_Terrain_Small", "Locomotion_Terrain_Small", "Locomotion_Terrain_Small", "Locomotion_Terrain_Small", "Locomotion_Terrain_Small", "Locomotion_Terrain_Small", "Locomotion_Terrain_Small", "Locomotion_Terrain_Small", "Locomotion_Terrain_Small", "Locomotion_Terrain_Small", "Locomotion_Terrain_Small", "Locomotion_Terrain_Small", "Locomotion_Terrain_Small", "Locomotion_Terrain_Small", "Locomotion_Terrain_Small", "Locomotion_Terrain_Small", "Locomotion_Terrain_Small", "Locomotion_Terrain_Small", "Locomotion_Terrain_Small", "Locomotion_Terrain_Small", "Locomotion_Terrain_Small", "Locomotion_Terrain_Small", "Locomotion_Terrain_Small", "Locomotion_Terrain_Small", "Locomotion_Terrain_Small", "Locomotion_Terrain_Small", "Locomotion_Terrain_Small", "Locomotion_Terrain_Small", "Locomotion_Terrain_Small", "Locomotion_Terrain_Small", "Locomotion_Terrain_Small", "Locomotion_Terrain_Small", "Locomotion_Terrain_Small", "Locomotion_Terrain_Small", "Locomotion_Terrain_Small", "Locomotion_Terrain_Small", "Locomotion_Terrain_Small", "Locomotion_Terrain_Small", "Locomotion_Terrain_Small", "Locomotion_Terrain_Small", "Locomotion_Terrain_Small", "Locomotion_Terrain_Small", "Locomotion_Terrain_Small", "Locomotion_Terrain_Small", "Locomotion_Terrain_Small", "Locomotion_Terrain_Small", "Locomotion_Terrain_Small", "Locomotion_Terrain_Small", "Locomotion_Terrain_Small", "Locomotion_Terrain_Small", "Locomotion_Terrain_Small", "Locomotion_Terrain_Small", "Locomotion_Terrain_Small", "Locomotion_Terrain_Small", "Locomotion_Terrain_Small", "Locomotion_Terrain_Small", "Locomotion_Terrain_Small", "Locomotion_Terrain_Small", "Locomotion_Terrain_Small", "Locomotion_Terrain_Small", "Locomotion_Terrain_Small", "Locomotion_Terrain_Small", "Locomotion_Terrain_Small", "Locomotion_Terrain_Small", "Locomotion_Terrain_Small", "Locomotion_Terrain_Small", "Locomotion_Terrain_Small", "Locomotion_Terrain_Small", "Locomotion_Terrain_Small", "Locomotion_Terrain_Small", "Locomotion_Terrain_Small", "Locomotion_Terrain_Small", "Locomotion_Terrain_Small", "Locomotion_Terrain_Small", "Locomotion_Terrain_Small", "Locomotion_Terrain_Small", "Locomotion_Terrain_Small", "Locomotion_Terrain_Small", "Locomotion_Terrain_Small", "Locomotion_Terrain_Small", "Locomotion_Terrain_Small", "Locomotion_Terrain_Small", "Locomotion_Terrain_Small", "Locomotion_Terrain_Small", "Locomotion_Terrain_Small", "Locomotion_Terrain_Small", "Locomotion_Terrain_Small", "Locomotion_Terrain_Small", "Locomotion_Terrain_Small", "Locomotion_Terrain_Small", "Locomotion_Terrain_Small", "Locomotion_Terrain_Small", "Locomotion_Terrain_Small", "Locomotion_Terrain_Small", "Locomotion_Terrain_Small", "Locomotion_Terrain_Small", "Locomotion_Terrain_Small", "Locomotion_Terrain_Small", "Locomotion_Terrain_Small", "Locomotion_Terrain_Small", "Locomotion_Terrain_Small", "Locomotion_Terrain_Small", "Locomotion_Terrain_Small", "Locomotion_Terrain_Small", "Locomotion_Terrain_Small", "Locomotion_Terrain_Small", "Locomotion_Terrain_Small", "Locomotion_Terrain_Small", "Locomotion_Terrain_Small", "Locomotion_Terrain_Small", "Locomotion_Terrain_Small", "Locomotion_Terrain_Small", "Locomotion_Terrain_Small", "Locomotion_Terrain_Small", "Locomotion_Terrain_Small", "Locomotion_Terrain_Small", "Locomotion_Terrain_Small", "Locomotion_Terrain_Small", "Locomotion_Terrain_Small", "Locomotion_Terrain_Small", "Locomotion_Terrain_Small", "Locomotion_Terrain_Small", "Locomotion_Terrain_Small", "Locomotion_Terrain_Small", "Locomotion_Terrain_Small", "Locomotion_Terrain_Small", "Locomotion_Terrain_Small", "Locomotion_Terrain_Small", "Locomotion_Terrain_Small", "Locomotion_Terrain_Small", "Locomotion_Terrain_Small", "Locomotion_Terrain_Small", "Locomotion_Terrain_Small", "Locomotion_Terrain_Small", "Locomotion_Terrain_Small", "Locomotion_Terrain_Small", "Locomotion_Terrain_Small", "Locomotion_Terrain_Small", "Locomotion_Terrain_Small", "Locomotion_Terrain_Small", "Locomotion_Terrain_Small", "Locomotion_Terrain_Small", "Locomotion_Terrain_Small", "Locomotion_Terrain_Small", "Locomotion_Terrain_Small", "Locomotion_Terrain_Small", "Locomotion_Terrain_Small", "Locomotion_Terrain_Small", "Locomotion_Terrain_Small", "Locomotion_Terrain_Small", "Locomotion_Terrain_Small", "Locomotion_Terrain_Small", "Locomotion_Terrain_Small", "Locomotion_Terrain_Small", "Locomotion_Terrain_Small", "Locomotion_Terrain_Small", "Locomotion_Terrain_Small", "Locomotion_Terrain_Small", "Locomotion_Terrain_Small", "Locomotion_Terrain_Small", "Locomotion_Terrain_Small", "Locomotion_Terrain_Small", "Locomotion_Terrain_Small", "Locomotion_Terrain_Small", "Locomotion_Terrain_Small", "Locomotion_Terrain_Small", "Locomotion_Terrain_Small", "Locomotion_Terrain_Small", "Locomotion_Terrain_Small", "Locomotion_Terrain_Small", "Locomotion_Terrain_Small", "Locomotion_Terrain_Small", "Locomotion_Terrain_Small", "Locomotion_Terrain_Small", "Locomotion_Terrain_Small", "Locomotion_Terrain_Small", "Locomotion_Terrain_Small", "Locomotion_Terrain_Small", "Locomotion_Terrain_Small", "Locomotion_Terrain_Small", "Locomotion_Terrain_Small", "Locomotion_Terrain_Small", "Locomotion_Terrain_Small", "Locomotion_Terrain_Small", "Locomotion_Terrain_Small", "Locomotion_Terrain_Small", "Locomotion_Terrain_Small", "Locomotion_Terrain_Small", "Locomotion_Terrain_Small", "Locomotion_Terrain_Small", "Locomotion_Terrain_Small", "Locomotion_Terrain_Small", "Locomotion_Terrain_Small", "Locomotion_Terrain_Small", "Locomotion_Terrain_Small", "Locomotion_Terrain_Small", "Locomotion_Terrain_Small", "Locomotion_Terrain_Small", "Locomotion_Terrain_Small", "Locomotion_Terrain_Small", "Locomotion_Terrain_Small", "Locomotion_Terrain_Small", "Locomotion_Terrain_Small", "Locomotion_Terrain_Small", "Locomotion_Terrain_Small", "Locomotion_Terrain_Small", "Locomotion_Terrain_Small", "Locomotion_Terrain_Small", "Locomotion_Terrain_Small", "Locomotion_Terrain_Small", "Locomotion_Terrain_Small", "Locomotion_Terrain_Small", "Locomotion_Terrain_Small", "Locomotion_Terrain_Small", "Locomotion_Terrain_Small", "Locomotion_Terrain_Small", "Locomotion_Terrain_Small", "Locomotion_Terrain_Small", "Locomotion_Terrain_Small", "Locomotion_Terrain_Small", "Locomotion_Terrain_Small", "Locomotion_Terrain_Small", "Locomotion_Terrain_Small", "Locomotion_Terrain_Small", "Locomotion_Terrain_Small", "Locomotion_Terrain_Small", "Locomotion_Terrain_Small", "Locomotion_Terrain_Small", "Locomotion_Terrain_Small", "Locomotion_Terrain_Small", "Locomotion_Terrain_Small", "Locomotion_Terrain_Small", "Locomotion_Terrain_Small", "Locomotion_Terrain_Small", "Locomotion_Terrain_Small", "Locomotion_Terrain_Small", "Locomotion_Terrain_Small", "Locomotion_Terrain_Small", "Locomotion_Terrain_Small", "Locomotion_Terrain_Small", "Locomotion_Terrain_Small", "Locomotion_Terrain_Small", "Locomotion_Terrain_Small", "Locomotion_Terrain_Small", "Locomotion_Terrain_Small", "Locomotion_Terrain_Small", "Locomotion_Terrain_Small", "Locomotion_Terrain_Small", "Locomotion_Terrain_Small", "Locomotion_Terrain_Small", "Locomotion_Terrain_Small", "Locomotion_Terrain_Small", "Locomotion_Terrain_Small", "Locomotion_Terrain_Small", "Locomotion_Terrain_Small", "Locomotion_Terrain_Small", "Locomotion_Terrain_Small", "Locomotion_Terrain_Small", "Locomotion_Terrain_Small", "Locomotion_Terrain_Small", "Locomotion_Terrain_Small", "Locomotion_Terrain_Small", "Locomotion_Terrain_Small", "Locomotion_Terrain_Small", "Locomotion_Terrain_Small", "Locomotion_Terrain_Small", "Locomotion_Terrain_Small", "Locomotion_Terrain_Small", "Locomotion_Terrain_Small", "Locomotion_Terrain_Small", "Locomotion_Terrain_Small", "Locomotion_Terrain_Small", "Locomotion_Terrain_Small", "Locomotion_Terrain_Small", "Locomotion_Terrain_Small", "Locomotion_Terrain_Small", "Locomotion_Terrain_Small", "Locomotion_Terrain_Small", "Locomotion_Terrain_Small", "Locomotion_Terrain_Small", "Locomotion_Terrain_Small", "Locomotion_Terrain_Small", "Locomotion_Terrain_Small", "Locomotion_Terrain_Small", "Locomotion_Terrain_Small", "Locomotion_Terrain_Small", "Locomotion_Terrain_Small", "Locomotion_Terrain_Small", "Locomotion_Terrain_Small", "Locomotion_Terrain_Small", "Locomotion_Terrain_Small", "Locomotion_Terrain_Small", "Locomotion_Terrain_Small", "Locomotion_Terrain_Small", "Locomotion_Terrain_Small", "Locomotion_Terrain_Small", "Locomotion_Terrain_Small", "Locomotion_Terrain_Small", "Locomotion_Terrain_Small", "Locomotion_Terrain_Small", "Locomotion_Terrain_Small", "Locomotion_Terrain_Small", "Locomotion_Terrain_Small", "Locomotion_Terrain_Small", "Locomotion_Terrain_Small", "Locomotion_Terrain_Small", "Locomotion_Terrain_Small", "Locomotion_Terrain_Small", "Locomotion_Terrain_Small", "Locomotion_Terrain_Small", "Locomotion_Terrain_Small", "Locomotion_Terrain_Small", "Locomotion_Terrain_Small", "Locomotion_Terrain_Small", "Locomotion_Terrain_Small", "Locomotion_Terrain_Small", "Locomotion_Terrain_Small", "Locomotion_Terrain_Small", "Locomotion_Terrain_Small", "Locomotion_Terrain_Small", "Locomotion_Terrain_Small", "Locomotion_Terrain_Small", "Locomotion_Terrain_Small", "Locomotion_Terrain_Small", "Locomotion_Terrain_Small", "Locomotion_Terrain_Small", "Locomotion_Terrain_Small", "Locomotion_Terrain_Small", "Locomotion_Terrain_Small", "Locomotion_Terrain_Small", "Locomotion_Terrain_Small", "Locomotion_Terrain_Small", "Locomotion_Terrain_Small", "Locomotion_Terrain_Small", "Locomotion_Terrain_Small", "Locomotion_Terrain_Small", "Locomotion_Terrain_Small", "Locomotion_Terrain_Small", "Locomotion_Terrain_Small", "Locomotion_Terrain_Small", "Locomotion_Terrain_Small", "Locomotion_Terrain_Small", "Locomotion_Terrain_Small", "Locomotion_Terrain_Small", "Locomotion_Terrain_Small", "Locomotion_Terrain_Small", "Locomotion_Terrain_Small", "Locomotion_Terrain_Small", "Locomotion_Terrain_Small", "Locomotion_Terrain_Small", "Locomotion_Terrain_Small", "Locomotion_Terrain_Small", "Locomotion_Terrain_Small", "Locomotion_Terrain_Small", "Locomotion_Terrain_Small", "Locomotion_Terrain_Small", "Locomotion_Terrain_Small", "Locomotion_Terrain_Small", "Locomotion_Terrain_Small", "Locomotion_Terrain_Small", "Locomotion_Terrain_Small", "Locomotion_Terrain_Small", "Locomotion_Terrain_Small", "Locomotion_Terrain_Small", "Locomotion_Terrain_Small", "Locomotion_Terrain_Small", "Locomotion_Terrain_Small", "Locomotion_Terrain_Small", "Locomotion_Terrain_Small", "Locomotion_Terrain_Small", "Locomotion_Terrain_Small", "Locomotion_Terrain_Small", "Locomotion_Terrain_Small", "Locomotion_Terrain_Small", "Locomotion_Terrain_Small", "Locomotion_Terrain_Small", "Locomotion_Terrain_Small", "Locomotion_Terrain_Small", "Locomotion_Terrain_Small", "Locomotion_Terrain_Small", "Locomotion_Terrain_Small", "Locomotion_Terrain_Small", "Locomotion_Terrain_Small", "Locomotion_Terrain_Small", "Locomotion_Terrain_Small", "Locomotion_Terrain_Small", "Locomotion_Terrain_Small", "Locomotion_Terrain_Small", "Locomotion_Terrain_Small", "Locomotion_Terrain_Small", "Locomotion_Terrain_Small", "Locomotion_Terrain_Small", "Locomotion_Terrain_Small", "Locomotion_Terrain_Small", "Locomotion_Terrain_Small", "Locomotion_Terrain_Small", "Locomotion_Terrain_Small", "Locomotion_Terrain_Small", "Locomotion_Terrain_Small", "Locomotion_Terrain_Small", "Locomotion_Terrain_Small", "Locomotion_Terrain_Small", "Locomotion_Terrain_Small", "Locomotion_Terrain_Small", "Locomotion_Terrain_Small", "Locomotion_Terrain_Small", "Locomotion_Terrain_Small", "Locomotion_Terrain_Small", "Locomotion_Terrain_Small", "Locomotion_Terrain_Small", "Locomotion_Terrain_Small", "Locomotion_Terrain_Small", "Locomotion_Terrain_Small", "Locomotion_Terrain_Small", "Locomotion_Terrain_Small", "Locomotion_Terrain_Small", "Locomotion_Terrain_Small", "Locomotion_Terrain_Small", "Locomotion_Terrain_Small", "Locomotion_Terrain_Small", "Locomotion_Terrain_Small", "Locomotion_Terrain_Small", "Locomotion_Terrain_Small", "Locomotion_Terrain_Small", "Locomotion_Terrain_Small", "Locomotion_Terrain_Small", "Locomotion_Terrain_Small", "Locomotion_Terrain_Small", "Locomotion_Terrain_Small", "Locomotion_Terrain_Small", "Locomotion_Terrain_Small", "Locomotion_Terrain_Small", "Locomotion_Terrain_Small", "Locomotion_Terrain_Small", "Locomotion_Terrain_Small", "Locomotion_Terrain_Small", "Locomotion_Terrain_Small", "Locomotion_Terrain_Small", "Locomotion_Terrain_Small", "Locomotion_Terrain_Small", "Locomotion_Terrain_Small", "Locomotion_Terrain_Small", "Locomotion_Terrain_Small", "Locomotion_Terrain_Small", "Locomotion_Terrain_Small", "Locomotion_Terrain_Small", "Locomotion_Terrain_Small", "Locomotion_Terrain_Small", "Locomotion_Terrain_Small", "Locomotion_Terrain_Small", "Locomotion_Terrain_Small", "Locomotion_Terrain_Small", "Locomotion_Terrain_Small", "Locomotion_Terrain_Small", "Locomotion_Terrain_Small", "Locomotion_Terrain_Small", "Locomotion_Terrain_Small", "Locomotion_Terrain_Small", "Locomotion_Terrain_Small", "Locomotion_Terrain_Small", "Locomotion_Terrain_Small", "Locomotion_Terrain_Small", "Locomotion_Terrain_Small", "Locomotion_Terrain_Small", "Locomotion_Terrain_Small", "Locomotion_Terrain_Small", "Locomotion_Terrain_Small", "Locomotion_Terrain_Small", "Locomotion_Terrain_Small", "Locomotion_Terrain_Small", "Locomotion_Terrain_Small", "Locomotion_Terrain_Small", "Locomotion_Terrain_Small", "Locomotion_Terrain_Small", "Locomotion_Terrain_Small", "Locomotion_Terrain_Small", "Locomotion_Terrain_Small", "Locomotion_Terrain_Small", "Locomotion_Terrain_Small", "Locomotion_Terrain_Small", "Locomotion_Terrain_Small", "Locomotion_Terrain_Small", "Locomotion_Terrain_Small", "Locomotion_Terrain_Small", "Locomotion_Terrain_Small", "Locomotion_Terrain_Small", "Locomotion_Terrain_Small", "Locomotion_Terrain_Small", "Locomotion_Terrain_Small", "Locomotion_Terrain_Small", "Locomotion_Terrain_Small", "Locomotion_Terrain_Small", "Locomotion_Terrain_Small", "Locomotion_Terrain_Small", "Locomotion_Terrain_Small", "Locomotion_Terrain_Small", "Locomotion_Terrain_Small", "Locomotion_Terrain_Small", "Locomotion_Terrain_Small", "Locomotion_Terrain_Small", "Locomotion_Terrain_Small", "Locomotion_Terrain_Small", "Locomotion_Terrain_Small", "Locomotion_Terrain_Small", "Locomotion_Terrain_Small", "Locomotion_Terrain_Small", "Locomotion_Terrain_Small", "Locomotion_Terrain_Small", "Locomotion_Terrain_Small", "Locomotion_Terrain_Small", "Locomotion_Terrain_Small", "Locomotion_Terrain_Small", "Locomotion_Terrain_Small", "Locomotion_Terrain_Small", "Locomotion_Terrain_Small", "Locomotion_Terrain_Small", "Locomotion_Terrain_Small", "Locomotion_Terrain_Small", "Locomotion_Terrain_Small", "Locomotion_Terrain_Small", "Locomotion_Terrain_Small", "Locomotion_Terrain_Small", "Locomotion_Terrain_Small", "Locomotion_Terrain_Small", "Locomotion_Terrain_Small", "Locomotion_Terrain_Small", "Locomotion_Terrain_Small", "Locomotion_Terrain_Small", "Locomotion_Terrain_Small", "Locomotion_Terrain_Small", "Locomotion_Terrain_Small", "Locomotion_Terrain_Small", "Locomotion_Terrain_Small", "Locomotion_Terrain_Small", "Locomotion_Terrain_Small", "Locomotion_Terrain_Small", "Locomotion_Terrain_Small", "Locomotion_Terrain_Small", "Locomotion_Terrain_Small", "Locomotion_Terrain_Small", "Locomotion_Terrain_Small", "Locomotion_Terrain_Small", "Locomotion_Terrain_Small", "Locomotion_Terrain_Small", "Locomotion_Terrain_Small", "Locomotion_Terrain_Small", "Locomotion_Terrain_Small", "Locomotion_Terrain_Small", "Locomotion_Terrain_Small", "Locomotion_Terrain_Small", "Locomotion_Terrain_Small", "Locomotion_Terrain_Small", "Locomotion_Terrain_Small", "Locomotion_Terrain_Small", "Locomotion_Terrain_Small", "Locomotion_Terrain_Small", "Locomotion_Terrain_Small", "Locomotion_Terrain_Small", "Locomotion_Terrain_Small", "Locomotion_Terrain_Small", "Locomotion_Terrain_Small", "Locomotion_Terrain_Small", "Locomotion_Terrain_Small", "Locomotion_Terrain_Small", "Locomotion_Terrain_Small", "Locomotion_Terrain_Small", "Locomotion_Terrain_Small", "Locomotion_Terrain_Small", "Locomotion_Terrain_Small", "Locomotion_Terrain_Small", "Locomotion_Terrain_Small", "Locomotion_Terrain_Small", "Locomotion_Terrain_Small", "Locomotion_Terrain_Small", "Locomotion_Terrain_Small", "Locomotion_Terrain_Small", "Locomotion_Terrain_Small", "Locomotion_Terrain_Small", "Locomotion_Terrain_Small", "Locomotion_Terrain_Small", "Locomotion_Terrain_Small", "Locomotion_Terrain_Small", "Locomotion_Terrain_Small", "Locomotion_Terrain_Small", "Locomotion_Terrain_Small", "Locomotion_Terrain_Small", "Locomotion_Terrain_Small", "Locomotion_Terrain_Small", "Locomotion_Terrain_Small", "Locomotion_Terrain_Small", "Locomotion_Terrain_Small", "Locomotion_Terrain_Small", "Locomotion_Terrain_Small", "Locomotion_Terrain_Small", "Locomotion_Terrain_Small", "Locomotion_Terrain_Small", "Locomotion_Terrain_Small", "Locomotion_Terrain_Small", "Locomotion_Terrain_Small", "Locomotion_Terrain_Small", "Locomotion_Terrain_Small", "Locomotion_Terrain_Small", "Locomotion_Terrain_Small", "Locomotion_Terrain_Small", "Locomotion_Terrain_Small", "Locomotion_Terrain_Small", "Locomotion_Terrain_Small", "Locomotion_Terrain_Small", "Locomotion_Terrain_Small", "Locomotion_Terrain_Small", "Locomotion_Terrain_Small", "Locomotion_Terrain_Small", "Locomotion_Terrain_Small", "Locomotion_Terrain_Small", "Locomotion_Terrain_Small", "Locomotion_Terrain_Small", "Locomotion_Terrain_Small", "Locomotion_Terrain_Small", "Locomotion_Terrain_Small", "Locomotion_Terrain_Small", "Locomotion_Terrain_Small", "Locomotion_Terrain_Small", "Locomotion_Terrain_Small", "Locomotion_Terrain_Small", "Locomotion_Terrain_Small", "Locomotion_Terrain_Small", "Locomotion_Terrain_Small", "Locomotion_Terrain_Small", "Locomotion_Terrain_Small", "Locomotion_Terrain_Small", "Locomotion_Terrain_Small", "Locomotion_Terrain_Small", "Locomotion_Terrain_Small", "Locomotion_Terrain_Small", "Locomotion_Terrain_Small", "Locomotion_Terrain_Small", "Locomotion_Terrain_Small", "Locomotion_Terrain_Small", "Locomotion_Terrain_Small", "Locomotion_Terrain_Small", "Locomotion_Terrain_Small", "Locomotion_Terrain_Small", "Locomotion_Terrain_Small", "Locomotion_Terrain_Small", "Locomotion_Terrain_Small", "Locomotion_Terrain_Small", "Locomotion_Terrain_Small", "Locomotion_Terrain_Small", "Locomotion_Terrain_Small", "Locomotion_Terrain_Small", "Locomotion_Terrain_Small", "Locomotion_Terrain_Small", "Locomotion_Terrain_Small", "Locomotion_Terrain_Small", "Locomotion_Terrain_Small", "Locomotion_Terrain_Small", "Locomotion_Terrain_Small", "Locomotion_Terrain_Small", "Locomotion_Terrain_Small", "Locomotion_Terrain_Small", "Locomotion_Terrain_Small", "Locomotion_Terrain_Small", "Locomotion_Terrain_Small", "Locomotion_Terrain_Small", "Locomotion_Terrain_Small", "Locomotion_Terrain_Small", "Locomotion_Terrain_Small", "Locomotion_Terrain_Small", "Locomotion_Terrain_Small", "Locomotion_Terrain_Small", "Locomotion_Terrain_Small", "Locomotion_Terrain_Small", "Locomotion_Terrain_Small", "Locomotion_Terrain_Small", "Locomotion_Terrain_Small", "Locomotion_Terrain_Small", "Locomotion_Terrain_Small", "Locomotion_Terrain_Small", "Locomotion_Terrain_Small", "Locomotion_Terrain_Small", "Locomotion_Terrain_Small", "Locomotion_Terrain_Small", "Locomotion_Terrain_Small", "Locomotion_Terrain_Small", "Locomotion_Terrain_Small", "Locomotion_Terrain_Small", "Locomotion_Terrain_Small", "Locomotion_Terrain_Small", "Locomotion_Terrain_Small", "Locomotion_Terrain_Small", "Locomotion_Terrain_Small", "Locomotion_Terrain_Small", "Locomotion_Terrain_Small", "Locomotion_Terrain_Small", "Locomotion_Terrain_Small", "Locomotion_Terrain_Small", "Locomotion_Terrain_Small", "Locomotion_Terrain_Small", "Locomotion_Terrain_Small", "Locomotion_Terrain_Small", "Locomotion_Terrain_Small", "Locomotion_Terrain_Small", "Locomotion_Terrain_Small", "Locomotion_Terrain_Small", "Locomotion_Terrain_Small", "Locomotion_Terrain_Small", "Locomotion_Terrain_Small", "Locomotion_Terrain_Small", "Locomotion_Terrain_Small", "Locomotion_Terrain_Small", "Locomotion_Terrain_Small", "Locomotion_Terrain_Small", "Locomotion_Terrain_Small", "Locomotion_Terrain_Small", "Locomotion_Terrain_Small", "Locomotion_Terrain_Small", "Locomotion_Terrain_Small", "Locomotion_Terrain_Small", "Locomotion_Terrain_Small", "Locomotion_Terrain_Small", "Locomotion_Terrain_Small", "Locomotion_Terrain_Small", "Locomotion_Terrain_Small", "Locomotion_Terrain_Small", "Locomotion_Terrain_Small", "Locomotion_Terrain_Small", "Locomotion_Terrain_Small", "Locomotion_Terrain_Small", "Locomotion_Terrain_Small", "Locomotion_Terrain_Small", "Locomotion_Terrain_Small", "Locomotion_Terrain_Small", "Locomotion_Terrain_Small", "Locomotion_Terrain_Small", "Locomotion_Terrain_Small", "Locomotion_Terrain_Small", "Locomotion_Terrain_Small", "Locomotion_Terrain_Small", "Locomotion_Terrain_Small", "Locomotion_Terrain_Small", "Locomotion_Terrain_Small", "Locomotion_Terrain_Small", "Locomotion_Terrain_Small", "Locomotion_Terrain_Small", "Locomotion_Terrain_Small", "Locomotion_Terrain_Small", "Locomotion_Terrain_Small", "Locomotion_Terrain_Small", "Locomotion_Terrain_Small", "Locomotion_Terrain_Small", "Locomotion_Terrain_Small", "Locomotion_Terrain_Small", "Locomotion_Terrain_Small", "Locomotion_Terrain_Small", "Locomotion_Terrain_Small", "Locomotion_Terrain_Small", "Locomotion_Terrain_Small", "Locomotion_Terrain_Small", "Locomotion_Terrain_Small", "Locomotion_Terrain_Small", "Locomotion_Terrain_Small", "Locomotion_Terrain_Small", "Locomotion_Terrain_Small", "Locomotion_Terrain_Small", "Locomotion_Terrain_Small", "Locomotion_Terrain_Small", "Locomotion_Terrain_Small", "Locomotion_Terrain_Small", "Locomotion_Terrain_Small", "Locomotion_Terrain_Small", "Locomotion_Terrain_Small", "Locomotion_Terrain_Small", "Locomotion_Terrain_Small", "Locomotion_Terrain_Small", "Locomotion_Terrain_Small", "Locomotion_Terrain_Small", "Locomotion_Terrain_Small", "Locomotion_Terrain_Small", "Locomotion_Terrain_Small", "Locomotion_Terrain_Small", "Locomotion_Terrain_Small", "Locomotion_Terrain_Small", "Locomotion_Terrain_Small", "Locomotion_Terrain_Small", "Locomotion_Terrain_Small", "Locomotion_Terrain_Small", "Locomotion_Terrain_Small", "Locomotion_Terrain_Small", "Locomotion_Terrain_Small", "Locomotion_Terrain_Small", "Locomotion_Terrain_Small", "Locomotion_Terrain_Small", "Locomotion_Terrain_Small", "Locomotion_Terrain_Small", "Locomotion_Terrain_Small", "Locomotion_Terrain_Small", "Locomotion_Terrain_Small", "Locomotion_Terrain_Small", "Locomotion_Terrain_Small", "Locomotion_Terrain_Small", "Locomotion_Terrain_Small", "Locomotion_Terrain_Small", "Locomotion_Terrain_Small", "Locomotion_Terrain_Small", "Locomotion_Terrain_Small", "Locomotion_Terrain_Small", "Locomotion_Terrain_Small", "Locomotion_Terrain_Small", "Locomotion_Terrain_Small", "Locomotion_Terrain_Small", "Locomotion_Terrain_Small", "Locomotion_Terrain_Small", "Locomotion_Terrain_Small", "Locomotion_Terrain_Small", "Locomotion_Terrain_Small", "Locomotion_Terrain_Small", "Locomotion_Terrain_Small", "Locomotion_Terrain_Small", "Locomotion_Terrain_Small", "Locomotion_Terrain_Small", "Locomotion_Terrain_Small", "Locomotion_Terrain_Small", "Locomotion_Terrain_Small", "Locomotion_Terrain_Small", "Locomotion_Terrain_Small", "Locomotion_Terrain_Small", "Locomotion_Terrain_Small", "Locomotion_Terrain_Small", "Locomotion_Terrain_Small", "Locomotion_Terrain_Small", "Locomotion_Terrain_Small", "Locomotion_Terrain_Small", "Locomotion_Terrain_Small", "Locomotion_Terrain_Small", "Locomotion_Terrain_Small", "Locomotion_Terrain_Small", "Locomotion_Terrain_Small", "Locomotion_Terrain_Small", "Locomotion_Terrain_Small", "Locomotion_Terrain_Small", "Locomotion_Terrain_Small", "Locomotion_Terrain_Small", "Locomotion_Terrain_Small", "Locomotion_Terrain_Small", "Locomotion_Terrain_Small", "Locomotion_Terrain_Small", "Locomotion_Terrain_Small", "Locomotion_Terrain_Small", "Locomotion_Terrain_Small", "Locomotion_Terrain_Small", "Locomotion_Terrain_Small", "Locomotion_Terrain_Small", "Locomotion_Terrain_Small", "Locomotion_Terrain_Small", "Locomotion_Terrain_Small", "Locomotion_Terrain_Small", "Locomotion_Terrain_Small", "Locomotion_Terrain_Small", "Locomotion_Terrain_Small", "Locomotion_Terrain_Small", "Locomotion_Terrain_Small", "Locomotion_Terrain_Small", "Locomotion_Terrain_Small", "Locomotion_Terrain_Small", "Locomotion_Terrain_Small", "Locomotion_Terrain_Small", "Locomotion_Terrain_Small", "Locomotion_Terrain_Small", "Locomotion_Terrain_Small", "Locomotion_Terrain_Small", "Locomotion_Terrain_Small", "Locomotion_Terrain_Small", "Locomotion_Terrain_Small", "Locomotion_Terrain_Small", "Locomotion_Terrain_Small", "Locomotion_Terrain_Small", "Locomotion_Terrain_Small", "Locomotion_Terrain_Small", "Locomotion_Terrain_Small", "Locomotion_Terrain_Small", "Locomotion_Terrain_Small", "Locomotion_Terrain_Small", "Locomotion_Terrain_Small", "Locomotion_Terrain_Small", "Locomotion_Terrain_Small", "Locomotion_Terrain_Small", "Locomotion_Terrain_Small", "Locomotion_Terrain_Small", "Locomotion_Terrain_Small", "Locomotion_Terrain_Small", "Locomotion_Terrain_Small", "Locomotion_Terrain_Small", "Locomotion_Terrain_Small", "Locomotion_Terrain_Small", "Locomotion_Terrain_Small", "Locomotion_Terrain_Small", "Locomotion_Terrain_Small", "Locomotion_Terrain_Small", "Locomotion_Terrain_Small", "Locomotion_Terrain_Small", "Locomotion_Terrain_Small", "Locomotion_Terrain_Small", "Locomotion_Terrain_Small", "Locomotion_Terrain_Small", "Locomotion_Terrain_Small", "Locomotion_Terrain_Small", "Locomotion_Terrain_Small", "Locomotion_Terrain_Small", "Locomotion_Terrain_Small", "Locomotion_Terrain_Small", "Locomotion_Terrain_Small", "Locomotion_Terrain_Small", "Locomotion_Terrain_Small", "Locomotion_Terrain_Small", "Locomotion_Terrain_Small", "Locomotion_Terrain_Small", "Locomotion_Terrain_Small", "Locomotion_Terrain_Small", "Locomotion_Terrain_Small", "Locomotion_Terrain_Small", "Locomotion_Terrain_Small", "Locomotion_Terrain_Small", "Locomotion_Terrain_Small", "Locomotion_Terrain_Small", "Locomotion_Terrain_Small", "Locomotion_Terrain_Small", "Locomotion_Terrain_Small", "Locomotion_Terrain_Small", "Locomotion_Terrain_Small", "Locomotion_Terrain_Small", "Locomotion_Terrain_Small", "Locomotion_Terrain_Small", "Locomotion_Terrain_Small", "Locomotion_Terrain_Small", "Locomotion_Terrain_Small", "Locomotion_Terrain_Small", "Locomotion_Terrain_Small", "Locomotion_Terrain_Small", "Locomotion_Terrain_Small", "Locomotion_Terrain_Small", "Locomotion_Terrain_Small", "Locomotion_Terrain_Small", "Locomotion_Terrain_Small", "Locomotion_Terrain_Small", "Locomotion_Terrain_Small", "Locomotion_Terrain_Small", "Locomotion_Terrain_Small", "Locomotion_Terrain_Small", "Locomotion_Terrain_Small", "Locomotion_Terrain_Small", "Locomotion_Terrain_Small", "Locomotion_Terrain_Small", "Locomotion_Terrain_Small", "Locomotion_Terrain_Small", "Locomotion_Terrain_Small", "Locomotion_Terrain_Small", "Locomotion_Terrain_Small", "Locomotion_Terrain_Small", "Locomotion_Terrain_Small", "Locomotion_Terrain_Small", "Locomotion_Terrain_Small", "Locomotion_Terrain_Small", "Locomotion_Terrain_Small", "Locomotion_Terrain_Small", "Locomotion_Terrain_Small", "Locomotion_Terrain_Small", "Locomotion_Terrain_Small", "Locomotion_Terrain_Small", "Locomotion_Terrain_Small", "Locomotion_Terrain_Small", "Locomotion_Terrain_Small", "Locomotion_Terrain_Small", "Locomotion_Terrain_Small", "Locomotion_Terrain_Small", "Locomotion_Terrain_Small", "Locomotion_Terrain_Small", "Locomotion_Terrain_Small", "Locomotion_Terrain_Small", "Locomotion_Terrain_Small", "Locomotion_Terrain_Small", "Locomotion_Terrain_Small", "Locomotion_Terrain_Small", "Locomotion_Terrain_Small", "Locomotion_Terrain_Small", "Locomotion_Terrain_Small", "Locomotion_Terrain_Small", "Locomotion_Terrain_Small", "Locomotion_Terrain_Small", "Locomotion_Terrain_Small", "Locomotion_Terrain_Small", "Locomotion_Terrain_Small", "Locomotion_Terrain_Small", "Locomotion_Terrain_Small", "Locomotion_Terrain_Small", "Locomotion_Terrain_Small", "Locomotion_Terrain_Small", "Locomotion_Terrain_Small", "Locomotion_Terrain_Small", "Locomotion_Terrain_Small", "Locomotion_Terrain_Small", "Locomotion_Terrain_Small", "Locomotion_Terrain_Small", "Locomotion_Terrain_Small", "Locomotion_Terrain_Small", "Locomotion_Terrain_Small", "Locomotion_Terrain_Small", "Locomotion_Terrain_Small", "Locomotion_Terrain_Small", "Locomotion_Terrain_Small", "Locomotion_Terrain_Small", "Locomotion_Terrain_Small", "Locomotion_Terrain_Small", "Locomotion_Terrain_Small", "Locomotion_Terrain_Small", "Locomotion_Terrain_Small", "Locomotion_Terrain_Small", "Locomotion_Terrain_Small", "Locomotion_Terrain_Small", "Locomotion_Terrain_Small", "Locomotion_Terrain_Small", "Locomotion_Terrain_Small", "Locomotion_Terrain_Small", "Locomotion_Terrain_Small", "Locomotion_Terrain_Small", "Locomotion_Terrain_Small", "Locomotion_Terrain_Small", "Locomotion_Terrain_Small", "Locomotion_Terrain_Small", "Locomotion_Terrain_Small", "Locomotion_Terrain_Small", "Locomotion_Terrain_Small", "Locomotion_Terrain_Small", "Locomotion_Terrain_Small", "Locomotion_Terrain_Small", "Locomotion_Terrain_Small", "Locomotion_Terrain_Small", "Locomotion_Terrain_Small", "Locomotion_Terrain_Small", "Locomotion_Terrain_Small", "Locomotion_Terrain_Small", "Locomotion_Terrain_Small", "Locomotion_Terrain_Small", "Locomotion_Terrain_Small", "Locomotion_Terrain_Small", "Locomotion_Terrain_Small", "Locomotion_Terrain_Small", "Locomotion_Terrain_Small", "Locomotion_Terrain_Small", "Locomotion_Terrain_Small", "Locomotion_Terrain_Small", "Locomotion_Terrain_Small", "Locomotion_Terrain_Small", "Locomotion_Terrain_Small", "Locomotion_Terrain_Small", "Locomotion_Terrain_Small", "Locomotion_Terrain_Small", "Locomotion_Terrain_Small", "Locomotion_Terrain_Small", "Locomotion_Terrain_Small", "Locomotion_Terrain_Small", "Locomotion_Terrain_Small", "Locomotion_Terrain_Small", "Locomotion_Terrain_Small", "Locomotion_Terrain_Small", "Locomotion_Terrain_Small", "Locomotion_Terrain_Small", "Locomotion_Terrain_Small", "Locomotion_Terrain_Small", "Locomotion_Terrain_Small", "Locomotion_Terrain_Small", "Locomotion_Terrain_Small", "Locomotion_Terrain_Small", "Locomotion_Terrain_Small", "Locomotion_Terrain_Small", "Locomotion_Terrain_Small", "Locomotion_Terrain_Small", "Locomotion_Terrain_Small", "Locomotion_Terrain_Small", "Locomotion_Terrain_Small", "Locomotion_Terrain_Small", "Locomotion_Terrain_Small", "Locomotion_Terrain_Small", "Locomotion_Terrain_Small", "Locomotion_Terrain_Small", "Locomotion_Terrain_Small", "Locomotion_Terrain_Small", "Locomotion_Terrain_Small", "Locomotion_Terrain_Small", "Locomotion_Terrain_Small", "Locomotion_Terrain_Small", "Locomotion_Terrain_Small", "Locomotion_Terrain_Small", "Locomotion_Terrain_Small", "Locomotion_Terrain_Small", "Locomotion_Terrain_Small", "Locomotion_Terrain_Small", "Locomotion_Terrain_Small", "Locomotion_Terrain_Small", "Locomotion_Terrain_Small", "Locomotion_Terrain_Small", "Locomotion_Terrain_Small", "Locomotion_Terrain_Small", "Locomotion_Terrain_Small", "Locomotion_Terrain_Small", "Locomotion_Terrain_Small", "Locomotion_Terrain_Small", "Locomotion_Terrain_Small", "Locomotion_Terrain_Small", "Locomotion_Terrain_Small", "Locomotion_Terrain_Small", "Locomotion_Terrain_Small", "Locomotion_Terrain_Small", "Locomotion_Terrain_Small", "Locomotion_Terrain_Small", "Locomotion_Terrain_Small", "Locomotion_Terrain_Small", "Locomotion_Terrain_Small", "Locomotion_Terrain_Small", "Locomotion_Terrain_Small", "Locomotion_Terrain_Small", "Locomotion_Terrain_Small", "Locomotion_Terrain_Small", "Locomotion_Terrain_Small", "Locomotion_Terrain_Small", "Locomotion_Terrain_Small", "Locomotion_Terrain_Small", "Locomotion_Terrain_Small", "Locomotion_Terrain_Small", "Locomotion_Terrain_Small", "Locomotion_Terrain_Small", "Locomotion_Terrain_Small", "Locomotion_Terrain_Small", "Locomotion_Terrain_Small", "Locomotion_Terrain_Small", "Locomotion_Terrain_Small", "Locomotion_Terrain_Small", "Locomotion_Terrain_Small", "Locomotion_Terrain_Small", "Locomotion_Terrain_Small", "Locomotion_Terrain_Small", "Locomotion_Terrain_Small", "Locomotion_Terrain_Small", "Locomotion_Terrain_Small", "Locomotion_Terrain_Small", "Locomotion_Terrain_Small", "Locomotion_Terrain_Small", "Locomotion_Terrain_Small", "Locomotion_Terrain_Small", "Locomotion_Terrain_Small", "Locomotion_Terrain_Small", "Locomotion_Terrain_Small", "Locomotion_Terrain_Small", "Locomotion_Terrain_Small", "Locomotion_Terrain_Small", "Locomotion_Terrain_Small", "Locomotion_Terrain_Small", "Locomotion_Terrain_Small", "Locomotion_Terrain_Small", "Locomotion_Terrain_Small", "Locomotion_Terrain_Small", "Locomotion_Terrain_Small", "Locomotion_Terrain_Small", "Locomotion_Terrain_Small", "Locomotion_Terrain_Small", "Locomotion_Terrain_Small", "Locomotion_Terrain_Small", "Locomotion_Terrain_Small", "Locomotion_Terrain_Small", "Locomotion_Terrain_Small", "Locomotion_Terrain_Small", "Locomotion_Terrain_Small", "Locomotion_Terrain_Small", "Locomotion_Terrain_Small", "Locomotion_Terrain_Small", "Locomotion_Terrain_Small", "Locomotion_Terrain_Small", "Locomotion_Terrain_Small", "Locomotion_Terrain_Small", "Locomotion_Terrain_Small", "Locomotion_Terrain_Small", "Locomotion_Terrain_Small", "Locomotion_Terrain_Small", "Locomotion_Terrain_Small", "Locomotion_Terrain_Small", "Locomotion_Terrain_Small", "Locomotion_Terrain_Small", "Locomotion_Terrain_Small", "Locomotion_Terrain_Small", "Locomotion_Terrain_Small", "Locomotion_Terrain_Small", "Locomotion_Terrain_Small", "Locomotion_Terrain_Small", "Locomotion_Terrain_Small", "Locomotion_Terrain_Small", "Locomotion_Terrain_Small", "Locomotion_Terrain_Small", "Locomotion_Terrain_Small", "Locomotion_Terrain_Small", "Locomotion_Terrain_Small", "Locomotion_Terrain_Small", "Locomotion_Terrain_Small", "Locomotion_Terrain_Small", "Locomotion_Terrain_Small", "Locomotion_Terrain_Small", "Locomotion_Terrain_Small", "Locomotion_Terrain_Small", "Locomotion_Terrain_Small", "Locomotion_Terrain_Small", "Locomotion_Terrain_Small", "Locomotion_Terrain_Small", "Locomotion_Terrain_Small", "Locomotion_Terrain_Small", "Locomotion_Terrain_Small", "Locomotion_Terrain_Small", "Locomotion_Terrain_Small", "Locomotion_Terrain_Small", "Locomotion_Terrain_Small", "Locomotion_Terrain_Small", "Locomotion_Terrain_Small", "Locomotion_Terrain_Small", "Locomotion_Terrain_Small", "Locomotion_Terrain_Small", "Locomotion_Terrain_Small", "Locomotion_Terrain_Small", "Locomotion_Terrain_Small", "Locomotion_Terrain_Small", "Locomotion_Terrain_Small", "Locomotion_Terrain_Small", "Locomotion_Terrain_Small", "Locomotion_Terrain_Small", "Locomotion_Terrain_Small", "Locomotion_Terrain_Small", "Locomotion_Terrain_Small", "Locomotion_Terrain_Small", "Locomotion_Terrain_Small", "Locomotion_Terrain_Small", "Locomotion_Terrain_Small", "Locomotion_Terrain_Small", "Locomotion_Terrain_Small", "Locomotion_Terrain_Small", "Locomotion_Terrain_Small", "Locomotion_Terrain_Small", "Locomotion_Terrain_Small", "Locomotion_Terrain_Small", "Locomotion_Terrain_Small", "Locomotion_Terrain_Small", "Locomotion_Terrain_Small", "Locomotion_Terrain_Small", "Locomotion_Terrain_Small", "Locomotion_Terrain_Small", "Locomotion_Terrain_Small", "Locomotion_Terrain_Small", "Locomotion_Terrain_Small", "Locomotion_Terrain_Small", "Locomotion_Terrain_Small", "Locomotion_Terrain_Small", "Locomotion_Terrain_Small", "Locomotion_Terrain_Small", "Locomotion_Terrain_Small", "Locomotion_Terrain_Small", "Locomotion_Terrain_Small", "Locomotion_Terrain_Small", "Locomotion_Terrain_Small", "Locomotion_Terrain_Small", "Locomotion_Terrain_Small", "Locomotion_Terrain_Small", "Locomotion_Terrain_Small", "Locomotion_Terrain_Small", "Locomotion_Terrain_Small", "Locomotion_Terrain_Small", "Locomotion_Terrain_Small", "Locomotion_Terrain_Small", "Locomotion_Terrain_Small", "Locomotion_Terrain_Small", "Locomotion_Terrain_Small", "Locomotion_Terrain_Small", "Locomotion_Terrain_Small", "Locomotion_Terrain_Small", "Locomotion_Terrain_Small", "Locomotion_Terrain_Small", "Locomotion_Terrain_Small", "Locomotion_Terrain_Small", "Locomotion_Terrain_Small", "Locomotion_Terrain_Small", "Locomotion_Terrain_Small", "Locomotion_Terrain_Small", "Locomotion_Terrain_Small", "Locomotion_Terrain_Small", "Locomotion_Terrain_Small", "Locomotion_Terrain_Small", "Locomotion_Terrain_Small", "Locomotion_Terrain_Small", "Locomotion_Terrain_Small", "Locomotion_Terrain_Small", "Locomotion_Terrain_Small", "Locomotion_Terrain_Small", "Locomotion_Terrain_Small", "Locomotion_Terrain_Small", "Locomotion_Terrain_Small", "Locomotion_Terrain_Small", "Locomotion_Terrain_Small", "Locomotion_Terrain_Small", "Locomotion_Terrain_Small", "Locomotion_Terrain_Small", "Locomotion_Terrain_Small"] (
            interpolation = "uniform"
        )
        int[] primvars:name_test:indices = None
        texCoord2f[] primvars:st = [(0.8878973, 0.9979172), (0.9431287, 0.9980767), (0.90943944, 0.9453238), (0.7853677, 0.9961374), (0.7434011, 0.9649765), (0.78934246, 0.99941564), (0.809578, 0.9535578), (0.7853677, 0.9961374), (0.83273596, 0.99782044), (0.75432503, 0.99866796), (0.7434011, 0.9649765), (0.71277666, 0.998716), (0.71277666, 0.998716), (0.6739707, 0.94393176), (0.65030825, 0.9986709), (0.65030825, 0.9986709), (0.60520506, 0.96733356), (0.6054049, 0.99932265), (0.6054049, 0.99932265), (0.60520506, 0.96733356), (0.56206125, 0.99858797), (0.48371837, 0.9611068), (0.5072823, 0.99814767), (0.54312617, 0.9456544), (0.43167123, 0.953685), (0.44664407, 0.9987876), (0.48371837, 0.9611068), (0.393973, 0.99822456), (0.36971068, 0.95025176), (0.3391216, 0.9974897), (0.393973, 0.99822456), (0.44664407, 0.9987876), (0.43167123, 0.953685), (0.3391216, 0.9974897), (0.30344275, 0.95014244), (0.2716741, 0.9985055), (0.2716741, 0.9985055), (0.23528922, 0.9515344), (0.2069767, 0.9986038), (0.2069767, 0.9986038), (0.23528922, 0.9515344), (0.16938195, 0.94630086), (0.096377514, 0.9964682), (0.06102931, 0.99936837), (0.11263809, 0.9990389), (0.051347483, 0.96322894), (0.06102931, 0.99936837), (0.096377514, 0.9964682), (0.051347483, 0.96322894), (0.0022704254, 0.9974743), (0.06102931, 0.99936837), (0.6739707, 0.94393176), (0.71277666, 0.998716), (0.7434011, 0.9649765), (0.60520506, 0.96733356), (0.65030825, 0.9986709), (0.6739707, 0.94393176), (0.54312617, 0.9456544), (0.56206125, 0.99858797), (0.60520506, 0.96733356), (0.5072823, 0.99814767), (0.56206125, 0.99858797), (0.54312617, 0.9456544), (0.5072823, 0.99814767), (0.48371837, 0.9611068), (0.44664407, 0.9987876), (0.36971068, 0.95025176), (0.393973, 0.99822456), (0.43167123, 0.953685), (0.16938195, 0.94630086), (0.14404549, 0.998139), (0.2069767, 0.9986038), (0.0026410036, 0.9262335), (0.0022704254, 0.9974743), (0.051347483, 0.96322894), (0.86209077, 0.9598348), (0.809578, 0.9535578), (0.83273596, 0.99782044), (0.78934246, 0.99941564), (0.7434011, 0.9649765), (0.75432503, 0.99866796), (0.7434011, 0.9649765), (0.7853677, 0.9961374), (0.809578, 0.9535578), (0.14404549, 0.998139), (0.096377514, 0.9964682), (0.11263809, 0.9990389), (0.86209077, 0.9598348), (0.83273596, 0.99782044), (0.8878973, 0.9979172), (0.16938195, 0.94630086), (0.110170074, 0.948304), (0.14404549, 0.998139), (0.096377514, 0.9964682), (0.14404549, 0.998139), (0.110170074, 0.948304), (0.999374, 0.9367806), (0.96524054, 0.9416324), (0.99628425, 0.9953751), (0.8878973, 0.9979172), (0.90943944, 0.9453238), (0.86209077, 0.9598348), (0.30344275, 0.95014244), (0.3391216, 0.9974897), (0.36971068, 0.95025176), (0.30344275, 0.95014244), (0.23528922, 0.9515344), (0.2716741, 0.9985055), (0.051347483, 0.96322894), (0.096377514, 0.9964682), (0.110170074, 0.948304), (0.96524054, 0.9416324), (0.9431287, 0.9980767), (0.99628425, 0.9953751), (0.23528922, 0.9515344), (0.30344275, 0.95014244), (0.27046874, 0.9029431), (0.809578, 0.9535578), (0.86209077, 0.9598348), (0.8564434, 0.9043218), (0.6739707, 0.94393176), (0.7434011, 0.9649765), (0.72917116, 0.8948958), (0.60520506, 0.96733356), (0.6079181, 0.90223616), (0.54312617, 0.9456544), (0.36971068, 0.95025176), (0.43167123, 0.953685), (0.4088276, 0.8987023), (0.051347483, 0.96322894), (0.110170074, 0.948304), (0.05644146, 0.892985), (0.54312617, 0.9456544), (0.47956297, 0.90700203), (0.48371837, 0.9611068), (0.78738874, 0.902004), (0.809578, 0.9535578), (0.8564434, 0.9043218), (0.16938195, 0.94630086), (0.13749087, 0.8814012), (0.110170074, 0.948304), (0.7434011, 0.9649765), (0.809578, 0.9535578), (0.78738874, 0.902004), (0.27046874, 0.9029431), (0.20696205, 0.89844614), (0.23528922, 0.9515344), (0.16938195, 0.94630086), (0.23528922, 0.9515344), (0.20696205, 0.89844614), (0.051347483, 0.96322894), (0.05644146, 0.892985), (0.0026410036, 0.9262335), (0.90943944, 0.9453238), (0.8564434, 0.9043218), (0.86209077, 0.9598348), (0.72917116, 0.8948958), (0.7434011, 0.9649765), (0.78738874, 0.902004), (0.999374, 0.9367806), (0.9968267, 0.89796156), (0.96524054, 0.9416324), (0.90943944, 0.9453238), (0.93224967, 0.88456905), (0.8564434, 0.9043218), (0.67214406, 0.8741826), (0.6739707, 0.94393176), (0.72917116, 0.8948958), (0.6079181, 0.90223616), (0.60520506, 0.96733356), (0.6739707, 0.94393176), (0.47956297, 0.90700203), (0.43167123, 0.953685), (0.48371837, 0.9611068), (0.43167123, 0.953685), (0.47956297, 0.90700203), (0.4088276, 0.8987023), (0.13749087, 0.8814012), (0.16938195, 0.94630086), (0.20696205, 0.89844614), (0.90943944, 0.9453238), (0.96524054, 0.9416324), (0.93224967, 0.88456905), (0.78738874, 0.902004), (0.8564434, 0.9043218), (0.82456046, 0.8490886), (0.67214406, 0.8741826), (0.6079181, 0.90223616), (0.6739707, 0.94393176), (0.54312617, 0.9456544), (0.6079181, 0.90223616), (0.54100305, 0.8788806), (0.47956297, 0.90700203), (0.54100305, 0.8788806), (0.49578178, 0.85219353), (0.05644146, 0.892985), (0.024642128, 0.83457315), (0.00064597116, 0.8675538), (0.82456046, 0.8490886), (0.8564434, 0.9043218), (0.8765853, 0.85041213), (0.54100305, 0.8788806), (0.47956297, 0.90700203), (0.54312617, 0.9456544), (0.47956297, 0.90700203), (0.4479453, 0.8452106), (0.4088276, 0.8987023), (0.4088276, 0.8987023), (0.3394608, 0.88962126), (0.36971068, 0.95025176), (0.3394608, 0.88962126), (0.29784346, 0.85613334), (0.27046874, 0.9029431), (0.00064597116, 0.8675538), (0.0026410036, 0.9262335), (0.05644146, 0.892985), (0.93224967, 0.88456905), (0.96524054, 0.9416324), (0.9968267, 0.89796156), (0.7735604, 0.8516778), (0.78738874, 0.902004), (0.82456046, 0.8490886), (0.78738874, 0.902004), (0.7735604, 0.8516778), (0.72917116, 0.8948958), (0.72529644, 0.82753736), (0.72917116, 0.8948958), (0.7735604, 0.8516778), (0.67214406, 0.8741826), (0.72917116, 0.8948958), (0.72529644, 0.82753736), (0.6079181, 0.90223616), (0.67214406, 0.8741826), (0.6312641, 0.85243785), (0.49578178, 0.85219353), (0.4479453, 0.8452106), (0.47956297, 0.90700203), (0.13749087, 0.8814012), (0.20696205, 0.89844614), (0.19452299, 0.84590983), (0.93224967, 0.88456905), (0.9968267, 0.89796156), (0.9973625, 0.8568835), (0.6079181, 0.90223616), (0.58763623, 0.8280343), (0.54100305, 0.8788806), (0.5302104, 0.8274982), (0.49578178, 0.85219353), (0.54100305, 0.8788806), (0.3853693, 0.8341018), (0.4088276, 0.8987023), (0.4479453, 0.8452106), (0.4088276, 0.8987023), (0.3853693, 0.8341018), (0.3394608, 0.88962126), (0.27046874, 0.9029431), (0.24761343, 0.8535647), (0.20696205, 0.89844614), (0.58763623, 0.8280343), (0.6079181, 0.90223616), (0.6312641, 0.85243785), (0.29784346, 0.85613334), (0.3394608, 0.88962126), (0.33538765, 0.83023846), (0.24761343, 0.8535647), (0.27046874, 0.9029431), (0.29784346, 0.85613334), (0.19452299, 0.84590983), (0.20696205, 0.89844614), (0.24761343, 0.8535647), (0.8564434, 0.9043218), (0.93224967, 0.88456905), (0.8765853, 0.85041213), (0.29235986, 0.80747396), (0.24761343, 0.8535647), (0.29784346, 0.85613334), (0.24761343, 0.8535647), (0.29235986, 0.80747396), (0.22687532, 0.79029715), (0.8765853, 0.85041213), (0.93224967, 0.88456905), (0.9299695, 0.8205592), (0.49578178, 0.85219353), (0.5302104, 0.8274982), (0.4873403, 0.80063146), (0.33538765, 0.83023846), (0.3394608, 0.88962126), (0.3853693, 0.8341018), (0.13749087, 0.8814012), (0.19452299, 0.84590983), (0.15453473, 0.8076226), (0.9299695, 0.8205592), (0.93224967, 0.88456905), (0.9973625, 0.8568835), (0.72529644, 0.82753736), (0.6567804, 0.80427235), (0.67214406, 0.8741826), (0.19452299, 0.84590983), (0.24761343, 0.8535647), (0.22687532, 0.79029715), (0.087919116, 0.8280219), (0.024642128, 0.83457315), (0.05644146, 0.892985), (0.9627335, 0.7769572), (0.9299695, 0.8205592), (0.99901825, 0.8160754), (0.6312641, 0.85243785), (0.67214406, 0.8741826), (0.6567804, 0.80427235), (0.33538765, 0.83023846), (0.29235986, 0.80747396), (0.29784346, 0.85613334), (0.15453473, 0.8076226), (0.087919116, 0.8280219), (0.13749087, 0.8814012), (0.024642128, 0.83457315), (0.00046901777, 0.82650584), (0.00064597116, 0.8675538), (0.9299695, 0.8205592), (0.9973625, 0.8568835), (0.99901825, 0.8160754), (0.6567804, 0.80427235), (0.58763623, 0.8280343), (0.6312641, 0.85243785), (0.4479453, 0.8452106), (0.42671698, 0.78198063), (0.3853693, 0.8341018), (0.8613713, 0.80092555), (0.8765853, 0.85041213), (0.9299695, 0.8205592), (0.82456046, 0.8490886), (0.8765853, 0.85041213), (0.8613713, 0.80092555), (0.7735604, 0.8516778), (0.7923632, 0.79123), (0.72529644, 0.82753736), (0.58763623, 0.8280343), (0.5302104, 0.8274982), (0.54100305, 0.8788806), (0.42671698, 0.78198063), (0.4479453, 0.8452106), (0.4873403, 0.80063146), (0.04576964, 0.78141046), (0.024642128, 0.83457315), (0.087919116, 0.8280219), (0.9627335, 0.7769572), (0.99901825, 0.8160754), (0.9991158, 0.7847815), (0.8613713, 0.80092555), (0.9299695, 0.8205592), (0.9068928, 0.7645625), (0.82456046, 0.8490886), (0.7923632, 0.79123), (0.7735604, 0.8516778), (0.6567804, 0.80427235), (0.72529644, 0.82753736), (0.72284204, 0.76104045), (0.15453473, 0.8076226), (0.19452299, 0.84590983), (0.22687532, 0.79029715), (0.5302104, 0.8274982), (0.58763623, 0.8280343), (0.5410052, 0.7784974), (0.4873403, 0.80063146), (0.4479453, 0.8452106), (0.49578178, 0.85219353), (0.0009475223, 0.79052293), (0.00046901777, 0.82650584), (0.024642128, 0.83457315), (0.9068928, 0.7645625), (0.9299695, 0.8205592), (0.9627335, 0.7769572), (0.58763623, 0.8280343), (0.6567804, 0.80427235), (0.59838396, 0.7634329), (0.3853693, 0.8341018), (0.3539725, 0.7731428), (0.33538765, 0.83023846), (0.3539725, 0.7731428), (0.3853693, 0.8341018), (0.42671698, 0.78198063), (0.3539725, 0.7731428), (0.29235986, 0.80747396), (0.33538765, 0.83023846), (0.04576964, 0.78141046), (0.087919116, 0.8280219), (0.10666236, 0.7637622), (0.82456046, 0.8490886), (0.8613713, 0.80092555), (0.7923632, 0.79123), (0.72284204, 0.76104045), (0.72529644, 0.82753736), (0.7923632, 0.79123), (0.28644896, 0.74699664), (0.22687532, 0.79029715), (0.29235986, 0.80747396), (0.04576964, 0.78141046), (0.0009475223, 0.79052293), (0.024642128, 0.83457315), (0.9627335, 0.7769572), (0.94853145, 0.72140986), (0.9068928, 0.7645625), (0.54923123, 0.7310519), (0.5410052, 0.7784974), (0.59838396, 0.7634329), (0.5410052, 0.7784974), (0.58763623, 0.8280343), (0.59838396, 0.7634329), (0.4873403, 0.80063146), (0.5302104, 0.8274982), (0.5410052, 0.7784974), (0.10666236, 0.7637622), (0.087919116, 0.8280219), (0.15453473, 0.8076226), (0.8613713, 0.80092555), (0.9068928, 0.7645625), (0.85074013, 0.7311971), (0.85074013, 0.7311971), (0.7923632, 0.79123), (0.8613713, 0.80092555), (0.42671698, 0.78198063), (0.4873403, 0.80063146), (0.48210672, 0.7269924), (0.3539725, 0.7731428), (0.42671698, 0.78198063), (0.40473148, 0.71632266), (0.15453473, 0.8076226), (0.22687532, 0.79029715), (0.17458059, 0.7442444), (0.0009475223, 0.79052293), (0.04576964, 0.78141046), (0.0015756313, 0.7439094), (0.9627335, 0.7769572), (0.9991158, 0.7847815), (0.9988635, 0.74638695), (0.90115565, 0.72306037), (0.9068928, 0.7645625), (0.94853145, 0.72140986), (0.7749206, 0.71908647), (0.7923632, 0.79123), (0.85074013, 0.7311971), (0.72284204, 0.76104045), (0.65388566, 0.7325423), (0.6567804, 0.80427235), (0.5410052, 0.7784974), (0.48210672, 0.7269924), (0.4873403, 0.80063146), (0.28644896, 0.74699664), (0.29235986, 0.80747396), (0.3539725, 0.7731428), (0.17458059, 0.7442444), (0.22687532, 0.79029715), (0.23144604, 0.7316958), (0.17458059, 0.7442444), (0.10666236, 0.7637622), (0.15453473, 0.8076226), (0.10666236, 0.7637622), (0.054998882, 0.7251352), (0.04576964, 0.78141046), (0.94853145, 0.72140986), (0.9627335, 0.7769572), (0.9988635, 0.74638695), (0.85074013, 0.7311971), (0.9068928, 0.7645625), (0.90115565, 0.72306037), (0.65388566, 0.7325423), (0.59838396, 0.7634329), (0.6567804, 0.80427235), (0.54923123, 0.7310519), (0.48210672, 0.7269924), (0.5410052, 0.7784974), (0.28644896, 0.74699664), (0.23144604, 0.7316958), (0.22687532, 0.79029715), (0.5907276, 0.7027821), (0.54923123, 0.7310519), (0.59838396, 0.7634329), (0.5308486, 0.67837095), (0.48210672, 0.7269924), (0.54923123, 0.7310519), (0.40473148, 0.71632266), (0.42671698, 0.78198063), (0.48210672, 0.7269924), (0.40473148, 0.71632266), (0.33602956, 0.703874), (0.3539725, 0.7731428), (0.28644896, 0.74699664), (0.3539725, 0.7731428), (0.33602956, 0.703874), (0.71127254, 0.69809455), (0.72284204, 0.76104045), (0.7749206, 0.71908647), (0.40473148, 0.71632266), (0.38835707, 0.6486868), (0.33602956, 0.703874), (0.04576964, 0.78141046), (0.054998882, 0.7251352), (0.0015756313, 0.7439094), (0.94853145, 0.72140986), (0.9988635, 0.74638695), (0.99855536, 0.6932463), (0.7749206, 0.71908647), (0.72284204, 0.76104045), (0.7923632, 0.79123), (0.71127254, 0.69809455), (0.65388566, 0.7325423), (0.72284204, 0.76104045), (0.0015756313, 0.7439094), (0.054998882, 0.7251352), (0.0017537358, 0.6966074), (0.65388566, 0.7325423), (0.5907276, 0.7027821), (0.59838396, 0.7634329), (0.40473148, 0.71632266), (0.48210672, 0.7269924), (0.4407163, 0.6729512), (0.23144604, 0.7316958), (0.28644896, 0.74699664), (0.26787552, 0.68994236), (0.5907276, 0.7027821), (0.65388566, 0.7325423), (0.6440206, 0.6710733), (0.17458059, 0.7442444), (0.23144604, 0.7316958), (0.19963256, 0.6868263), (0.10666236, 0.7637622), (0.122234225, 0.69356805), (0.054998882, 0.7251352), (0.75712407, 0.6651185), (0.7749206, 0.71908647), (0.82157123, 0.65766174), (0.28644896, 0.74699664), (0.33602956, 0.703874), (0.26787552, 0.68994236), (0.19963256, 0.6868263), (0.23144604, 0.7316958), (0.26787552, 0.68994236), (0.10666236, 0.7637622), (0.17458059, 0.7442444), (0.122234225, 0.69356805), (0.053118486, 0.66924953), (0.054998882, 0.7251352), (0.122234225, 0.69356805), (0.90115565, 0.72306037), (0.94853145, 0.72140986), (0.899118, 0.67329276), (0.82157123, 0.65766174), (0.7749206, 0.71908647), (0.85074013, 0.7311971), (0.71127254, 0.69809455), (0.7749206, 0.71908647), (0.75712407, 0.6651185), (0.5308486, 0.67837095), (0.4827045, 0.6587283), (0.48210672, 0.7269924), (0.19963256, 0.6868263), (0.23729558, 0.6381657), (0.16574857, 0.633873), (0.90115565, 0.72306037), (0.899118, 0.67329276), (0.85074013, 0.7311971), (0.82157123, 0.65766174), (0.85074013, 0.7311971), (0.899118, 0.67329276), (0.3141102, 0.63721126), (0.26787552, 0.68994236), (0.33602956, 0.703874), (0.17458059, 0.7442444), (0.19963256, 0.6868263), (0.122234225, 0.69356805), (0.94853145, 0.72140986), (0.99855536, 0.6932463), (0.9658772, 0.6567024), (0.75712407, 0.6651185), (0.7018264, 0.6368092), (0.71127254, 0.69809455), (0.5907276, 0.7027821), (0.5308486, 0.67837095), (0.54923123, 0.7310519), (0.4407163, 0.6729512), (0.48210672, 0.7269924), (0.4827045, 0.6587283), (0.33602956, 0.703874), (0.38835707, 0.6486868), (0.3141102, 0.63721126), (0.053118486, 0.66924953), (0.122234225, 0.69356805), (0.10022516, 0.62874746), (0.053118486, 0.66924953), (0.0017537358, 0.6966074), (0.054998882, 0.7251352), (0.899118, 0.67329276), (0.94853145, 0.72140986), (0.9658772, 0.6567024), (0.899118, 0.67329276), (0.9658772, 0.6567024), (0.9426433, 0.60798174), (0.75712407, 0.6651185), (0.82157123, 0.65766174), (0.76556957, 0.6034002), (0.5907276, 0.7027821), (0.57875425, 0.64015025), (0.5308486, 0.67837095), (0.039413847, 0.61474496), (0.053118486, 0.66924953), (0.10022516, 0.62874746), (0.0018575343, 0.6546265), (0.0017537358, 0.6966074), (0.053118486, 0.66924953), (0.9658772, 0.6567024), (0.99855536, 0.6932463), (0.99890035, 0.64501965), (0.7018264, 0.6368092), (0.75712407, 0.6651185), (0.76556957, 0.6034002), (0.5142804, 0.6073957), (0.5308486, 0.67837095), (0.57875425, 0.64015025), (0.44907367, 0.6154314), (0.4407163, 0.6729512), (0.4827045, 0.6587283), (0.40473148, 0.71632266), (0.4407163, 0.6729512), (0.38835707, 0.6486868), (0.3141102, 0.63721126), (0.23729558, 0.6381657), (0.26787552, 0.68994236), (0.23729558, 0.6381657), (0.19963256, 0.6868263), (0.26787552, 0.68994236), (0.0018575343, 0.6546265), (0.053118486, 0.66924953), (0.039413847, 0.61474496), (0.5907276, 0.7027821), (0.6440206, 0.6710733), (0.57875425, 0.64015025), (0.4827045, 0.6587283), (0.5308486, 0.67837095), (0.5142804, 0.6073957), (0.38835707, 0.6486868), (0.3587689, 0.60970724), (0.3141102, 0.63721126), (0.122234225, 0.69356805), (0.19963256, 0.6868263), (0.16574857, 0.633873), (0.039413847, 0.61474496), (0.0009402981, 0.62608594), (0.0018575343, 0.6546265), (0.9426433, 0.60798174), (0.87864447, 0.6074268), (0.899118, 0.67329276), (0.57875425, 0.64015025), (0.6440206, 0.6710733), (0.6364372, 0.5973827), (0.38835707, 0.6486868), (0.4407163, 0.6729512), (0.44907367, 0.6154314), (0.26315427, 0.5890309), (0.23729558, 0.6381657), (0.3141102, 0.63721126), (0.122234225, 0.69356805), (0.16574857, 0.633873), (0.10022516, 0.62874746), (0.82157123, 0.65766174), (0.899118, 0.67329276), (0.87864447, 0.6074268), (0.6364372, 0.5973827), (0.6440206, 0.6710733), (0.7018264, 0.6368092), (0.20129594, 0.5865383), (0.16574857, 0.633873), (0.23729558, 0.6381657), (0.99890035, 0.64501965), (0.99926853, 0.606131), (0.9658772, 0.6567024), (0.76556957, 0.6034002), (0.82157123, 0.65766174), (0.8273543, 0.59505826), (0.99926853, 0.606131), (0.9426433, 0.60798174), (0.9658772, 0.6567024), (0.87864447, 0.6074268), (0.8273543, 0.59505826), (0.82157123, 0.65766174), (0.3587689, 0.60970724), (0.38835707, 0.6486868), (0.40237442, 0.5745922), (0.2262453, 0.5463965), (0.20129594, 0.5865383), (0.26315427, 0.5890309), (0.23729558, 0.6381657), (0.26315427, 0.5890309), (0.20129594, 0.5865383), (0.13688448, 0.57645696), (0.10022516, 0.62874746), (0.16574857, 0.633873), (0.039413847, 0.61474496), (0.10022516, 0.62874746), (0.08263096, 0.57817334), (0.57875425, 0.64015025), (0.5712872, 0.58387315), (0.5142804, 0.6073957), (0.03511679, 0.54833144), (0.0011436476, 0.5906491), (0.039413847, 0.61474496), (0.44907367, 0.6154314), (0.4827045, 0.6587283), (0.5142804, 0.6073957), (0.3141102, 0.63721126), (0.3587689, 0.60970724), (0.32566276, 0.5720897), (0.20129594, 0.5865383), (0.13688448, 0.57645696), (0.16574857, 0.633873), (0.08263096, 0.57817334), (0.10022516, 0.62874746), (0.13688448, 0.57645696), (0.039413847, 0.61474496), (0.0011436476, 0.5906491), (0.0009402981, 0.62608594), (0.9426433, 0.60798174), (0.99926853, 0.606131), (0.99712116, 0.5468801), (0.7040943, 0.5849106), (0.7018264, 0.6368092), (0.76556957, 0.6034002), (0.40237442, 0.5745922), (0.32566276, 0.5720897), (0.3587689, 0.60970724), (0.03511679, 0.54833144), (0.039413847, 0.61474496), (0.08263096, 0.57817334), (0.0011436476, 0.5906491), (0.03511679, 0.54833144), (0.00045579986, 0.5484986), (0.7018264, 0.6368092), (0.7040943, 0.5849106), (0.6364372, 0.5973827), (0.44907367, 0.6154314), (0.40237442, 0.5745922), (0.38835707, 0.6486868), (0.87864447, 0.6074268), (0.9426433, 0.60798174), (0.9219681, 0.56493956), (0.8273543, 0.59505826), (0.8069055, 0.5472666), (0.76556957, 0.6034002), (0.5712872, 0.58387315), (0.6364372, 0.5973827), (0.60169446, 0.5363555), (0.6364372, 0.5973827), (0.5712872, 0.58387315), (0.57875425, 0.64015025), (0.53648514, 0.5384567), (0.5142804, 0.6073957), (0.5712872, 0.58387315), (0.26315427, 0.5890309), (0.3141102, 0.63721126), (0.32566276, 0.5720897), (0.9219681, 0.56493956), (0.9426433, 0.60798174), (0.99712116, 0.5468801), (0.8069055, 0.5472666), (0.8273543, 0.59505826), (0.8694294, 0.5532205), (0.8273543, 0.59505826), (0.87864447, 0.6074268), (0.8694294, 0.5532205), (0.7040943, 0.5849106), (0.76556957, 0.6034002), (0.7401206, 0.54346836), (0.6725872, 0.5358758), (0.6364372, 0.5973827), (0.7040943, 0.5849106), (0.467045, 0.54278195), (0.5142804, 0.6073957), (0.53648514, 0.5384567), (0.467045, 0.54278195), (0.40598378, 0.5094272), (0.40237442, 0.5745922), (0.27081972, 0.5435196), (0.26315427, 0.5890309), (0.32566276, 0.5720897), (0.2262453, 0.5463965), (0.26315427, 0.5890309), (0.27081972, 0.5435196), (0.9219681, 0.56493956), (0.8694294, 0.5532205), (0.87864447, 0.6074268), (0.8069055, 0.5472666), (0.7401206, 0.54346836), (0.76556957, 0.6034002), (0.60169446, 0.5363555), (0.53648514, 0.5384567), (0.5712872, 0.58387315), (0.7401206, 0.54346836), (0.8069055, 0.5472666), (0.7813648, 0.49770218), (0.6725872, 0.5358758), (0.7040943, 0.5849106), (0.7401206, 0.54346836), (0.20129594, 0.5865383), (0.2262453, 0.5463965), (0.1693739, 0.5216704), (0.13688448, 0.57645696), (0.20129594, 0.5865383), (0.1693739, 0.5216704), (0.1000775, 0.52822554), (0.13688448, 0.57645696), (0.1693739, 0.5216704), (0.1000775, 0.52822554), (0.08263096, 0.57817334), (0.13688448, 0.57645696), (0.6725872, 0.5358758), (0.60169446, 0.5363555), (0.6364372, 0.5973827), (0.32566276, 0.5720897), (0.40237442, 0.5745922), (0.3567847, 0.5270377), (0.9219681, 0.56493956), (0.93199205, 0.516675), (0.8694294, 0.5532205), (0.71382296, 0.49000627), (0.7401206, 0.54346836), (0.7813648, 0.49770218), (0.5008826, 0.48547477), (0.467045, 0.54278195), (0.53648514, 0.5384567), (0.03511679, 0.54833144), (0.08263096, 0.57817334), (0.1000775, 0.52822554), (0.8069055, 0.5472666), (0.8694294, 0.5532205), (0.85736144, 0.49564472), (0.6725872, 0.5358758), (0.7401206, 0.54346836), (0.71382296, 0.49000627), (0.3567847, 0.5270377), (0.40237442, 0.5745922), (0.40598378, 0.5094272), (0.30341765, 0.5085267), (0.32566276, 0.5720897), (0.3567847, 0.5270377), (0.1000775, 0.52822554), (0.1693739, 0.5216704), (0.11699818, 0.46680126), (0.99712116, 0.5468801), (0.99805987, 0.48342863), (0.93199205, 0.516675), (0.5008826, 0.48547477), (0.4486382, 0.48409617), (0.467045, 0.54278195), (0.40598378, 0.5094272), (0.467045, 0.54278195), (0.4486382, 0.48409617), (0.30341765, 0.5085267), (0.27081972, 0.5435196), (0.32566276, 0.5720897), (0.2262453, 0.5463965), (0.23206078, 0.48874593), (0.1693739, 0.5216704), (0.1000775, 0.52822554), (0.053379986, 0.4834127), (0.03511679, 0.54833144), (0.00045579986, 0.5484986), (0.03511679, 0.54833144), (0.0009575647, 0.49761692), (0.93199205, 0.516675), (0.85736144, 0.49564472), (0.8694294, 0.5532205), (0.60169446, 0.5363555), (0.6373895, 0.47551417), (0.56490386, 0.4834561), (0.60169446, 0.5363555), (0.56490386, 0.4834561), (0.53648514, 0.5384567), (0.53648514, 0.5384567), (0.56490386, 0.4834561), (0.5008826, 0.48547477), (0.27081972, 0.5435196), (0.30341765, 0.5085267), (0.23206078, 0.48874593), (0.053379986, 0.4834127), (0.1000775, 0.52822554), (0.11699818, 0.46680126), (0.03511679, 0.54833144), (0.053379986, 0.4834127), (0.0009575647, 0.49761692), (0.0018333212, 0.43745014), (0.0009575647, 0.49761692), (0.053379986, 0.4834127), (0.7813648, 0.49770218), (0.8069055, 0.5472666), (0.85736144, 0.49564472), (0.60169446, 0.5363555), (0.6725872, 0.5358758), (0.6373895, 0.47551417), (0.93199205, 0.516675), (0.9219681, 0.56493956), (0.99712116, 0.5468801), (0.40598378, 0.5094272), (0.35154042, 0.47284698), (0.3567847, 0.5270377), (0.3567847, 0.5270377), (0.35154042, 0.47284698), (0.30341765, 0.5085267), (0.23206078, 0.48874593), (0.2262453, 0.5463965), (0.27081972, 0.5435196), (0.93199205, 0.516675), (0.99805987, 0.48342863), (0.93067867, 0.4557665), (0.6373895, 0.47551417), (0.6725872, 0.5358758), (0.71382296, 0.49000627), (0.5862767, 0.43529037), (0.56490386, 0.4834561), (0.6373895, 0.47551417), (0.30341765, 0.5085267), (0.28798476, 0.43675822), (0.23206078, 0.48874593), (0.93067867, 0.4557665), (0.99805987, 0.48342863), (0.9982249, 0.42454967), (0.80757654, 0.43937588), (0.7813648, 0.49770218), (0.85736144, 0.49564472), (0.5862767, 0.43529037), (0.6373895, 0.47551417), (0.62724495, 0.41679817), (0.40598378, 0.5094272), (0.40606594, 0.4484039), (0.35154042, 0.47284698), (0.053379986, 0.4834127), (0.11699818, 0.46680126), (0.06283556, 0.42137998), (0.85736144, 0.49564472), (0.93199205, 0.516675), (0.93067867, 0.4557665), (0.75270486, 0.45409745), (0.7813648, 0.49770218), (0.80757654, 0.43937588), (0.71382296, 0.49000627), (0.7813648, 0.49770218), (0.75270486, 0.45409745), (0.69469535, 0.4234593), (0.6373895, 0.47551417), (0.71382296, 0.49000627), (0.22624016, 0.42432508), (0.23206078, 0.48874593), (0.28798476, 0.43675822), (0.1693739, 0.5216704), (0.23206078, 0.48874593), (0.17540137, 0.44615805), (0.06283556, 0.42137998), (0.0018333212, 0.43745014), (0.053379986, 0.4834127), (0.85736144, 0.49564472), (0.93067867, 0.4557665), (0.8699542, 0.4439962), (0.75270486, 0.45409745), (0.80757654, 0.43937588), (0.75295085, 0.41263136), (0.52806056, 0.43160793), (0.56490386, 0.4834561), (0.5862767, 0.43529037), (0.56490386, 0.4834561), (0.52806056, 0.43160793), (0.5008826, 0.48547477), (0.40606594, 0.4484039), (0.40598378, 0.5094272), (0.4486382, 0.48409617), (0.35154042, 0.47284698), (0.40606594, 0.4484039), (0.35320714, 0.40227368), (0.17540137, 0.44615805), (0.23206078, 0.48874593), (0.22624016, 0.42432508), (0.11699818, 0.46680126), (0.1693739, 0.5216704), (0.17540137, 0.44615805), (0.9458345, 0.4003707), (0.93067867, 0.4557665), (0.9982249, 0.42454967), (0.71382296, 0.49000627), (0.75270486, 0.45409745), (0.69469535, 0.4234593), (0.62724495, 0.41679817), (0.6373895, 0.47551417), (0.69469535, 0.4234593), (0.52806056, 0.43160793), (0.4639868, 0.4343608), (0.5008826, 0.48547477), (0.35154042, 0.47284698), (0.28798476, 0.43675822), (0.30341765, 0.5085267), (0.4639868, 0.4343608), (0.4486382, 0.48409617), (0.5008826, 0.48547477), (0.40606594, 0.4484039), (0.4486382, 0.48409617), (0.4639868, 0.4343608), (0.903638, 0.41479543), (0.93067867, 0.4557665), (0.9458345, 0.4003707), (0.80757654, 0.43937588), (0.85736144, 0.49564472), (0.8699542, 0.4439962), (0.28798476, 0.43675822), (0.35154042, 0.47284698), (0.35320714, 0.40227368), (0.17540137, 0.44615805), (0.22624016, 0.42432508), (0.18306062, 0.37666225), (0.8699542, 0.4439962), (0.93067867, 0.4557665), (0.903638, 0.41479543), (0.75295085, 0.41263136), (0.69469535, 0.4234593), (0.75270486, 0.45409745), (0.4639868, 0.4343608), (0.52806056, 0.43160793), (0.490675, 0.37675554), (0.9458345, 0.4003707), (0.9982249, 0.42454967), (0.9970043, 0.36920163), (0.35320714, 0.40227368), (0.40606594, 0.4484039), (0.42306268, 0.3861149), (0.124309555, 0.40104672), (0.11699818, 0.46680126), (0.17540137, 0.44615805), (0.8699542, 0.4439962), (0.8504881, 0.3954252), (0.80757654, 0.43937588), (0.8504881, 0.3954252), (0.78440684, 0.36500102), (0.80757654, 0.43937588), (0.62724495, 0.41679817), (0.69469535, 0.4234593), (0.6475878, 0.36837843), (0.5714858, 0.37656116), (0.52806056, 0.43160793), (0.5862767, 0.43529037), (0.42306268, 0.3861149), (0.40606594, 0.4484039), (0.4639868, 0.4343608), (0.30353254, 0.388153), (0.28798476, 0.43675822), (0.35320714, 0.40227368), (0.17540137, 0.44615805), (0.18306062, 0.37666225), (0.124309555, 0.40104672), (0.5862767, 0.43529037), (0.62724495, 0.41679817), (0.5714858, 0.37656116), (0.30353254, 0.388153), (0.25357231, 0.37066972), (0.28798476, 0.43675822), (0.06283556, 0.42137998), (0.124309555, 0.40104672), (0.06264678, 0.36109853), (0.9414735, 0.3540492), (0.9458345, 0.4003707), (0.9970043, 0.36920163), (0.490675, 0.37675554), (0.52806056, 0.43160793), (0.5714858, 0.37656116), (0.9414735, 0.3540492), (0.8952531, 0.3685983), (0.9458345, 0.4003707), (0.7159041, 0.36830744), (0.75295085, 0.41263136), (0.78440684, 0.36500102), (0.69469535, 0.4234593), (0.75295085, 0.41263136), (0.7159041, 0.36830744), (0.18306062, 0.37666225), (0.22624016, 0.42432508), (0.25357231, 0.37066972), (0.06264678, 0.36109853), (0.124309555, 0.40104672), (0.1257382, 0.32763433), (0.124309555, 0.40104672), (0.06283556, 0.42137998), (0.11699818, 0.46680126), (0.06264678, 0.36109853), (0.0035215232, 0.3841861), (0.06283556, 0.42137998), (0.8952531, 0.3685983), (0.903638, 0.41479543), (0.9458345, 0.4003707), (0.42306268, 0.3861149), (0.4639868, 0.4343608), (0.490675, 0.37675554), (0.25357231, 0.37066972), (0.22624016, 0.42432508), (0.28798476, 0.43675822), (0.78440684, 0.36500102), (0.75295085, 0.41263136), (0.80757654, 0.43937588), (0.42306268, 0.3861149), (0.4523477, 0.32320192), (0.38023296, 0.33421782), (0.0035215232, 0.3841861), (0.0018333212, 0.43745014), (0.06283556, 0.42137998), (0.8952531, 0.3685983), (0.8412886, 0.33114693), (0.8504881, 0.3954252), (0.6475878, 0.36837843), (0.69469535, 0.4234593), (0.7159041, 0.36830744), (0.30353254, 0.388153), (0.31418487, 0.3457761), (0.25357231, 0.37066972), (0.73360413, 0.3229123), (0.7159041, 0.36830744), (0.78440684, 0.36500102), (0.7159041, 0.36830744), (0.6762395, 0.31259587), (0.6475878, 0.36837843), (0.6762395, 0.31259587), (0.7159041, 0.36830744), (0.73360413, 0.3229123), (0.490675, 0.37675554), (0.4523477, 0.32320192), (0.42306268, 0.3861149), (0.35320714, 0.40227368), (0.31418487, 0.3457761), (0.30353254, 0.388153), (0.18306062, 0.37666225), (0.25357231, 0.37066972), (0.19687043, 0.318798), (0.18306062, 0.37666225), (0.1257382, 0.32763433), (0.124309555, 0.40104672), (0.0035215232, 0.3841861), (0.06264678, 0.36109853), (0.0021095877, 0.33834362), (0.050405357, 0.3012026), (0.0021095877, 0.33834362), (0.06264678, 0.36109853), (0.8504881, 0.3954252), (0.8412886, 0.33114693), (0.78440684, 0.36500102), (0.6475878, 0.36837843), (0.5714858, 0.37656116), (0.62724495, 0.41679817), (0.9970043, 0.36920163), (0.99884886, 0.3251936), (0.96451926, 0.31088498), (0.8952531, 0.3685983), (0.9414735, 0.3540492), (0.90119296, 0.29974592), (0.31418487, 0.3457761), (0.35320714, 0.40227368), (0.38023296, 0.33421782), (0.1257382, 0.32763433), (0.18306062, 0.37666225), (0.19687043, 0.318798), (0.96451926, 0.31088498), (0.9414735, 0.3540492), (0.9970043, 0.36920163), (0.60126084, 0.30346304), (0.6475878, 0.36837843), (0.6762395, 0.31259587), (0.5714858, 0.37656116), (0.6475878, 0.36837843), (0.60126084, 0.30346304), (0.5248804, 0.31591064), (0.490675, 0.37675554), (0.5714858, 0.37656116), (0.35320714, 0.40227368), (0.42306268, 0.3861149), (0.38023296, 0.33421782), (0.8412886, 0.33114693), (0.8952531, 0.3685983), (0.90119296, 0.29974592), (0.78160435, 0.29739666), (0.78440684, 0.36500102), (0.8412886, 0.33114693), (0.5248804, 0.31591064), (0.5714858, 0.37656116), (0.60126084, 0.30346304), (0.2630019, 0.30193236), (0.31418487, 0.3457761), (0.3338073, 0.28643313), (0.25357231, 0.37066972), (0.2630019, 0.30193236), (0.19687043, 0.318798), (0.96451926, 0.31088498), (0.90119296, 0.29974592), (0.9414735, 0.3540492), (0.73360413, 0.3229123), (0.78440684, 0.36500102), (0.78160435, 0.29739666), (0.31418487, 0.3457761), (0.2630019, 0.30193236), (0.25357231, 0.37066972), (0.4523477, 0.32320192), (0.41326776, 0.26710328), (0.38023296, 0.33421782), (0.3338073, 0.28643313), (0.31418487, 0.3457761), (0.38023296, 0.33421782), (0.4523477, 0.32320192), (0.490675, 0.37675554), (0.5248804, 0.31591064), (0.4874277, 0.26667082), (0.4523477, 0.32320192), (0.5248804, 0.31591064), (0.28491402, 0.23500538), (0.2630019, 0.30193236), (0.3338073, 0.28643313), (0.050405357, 0.3012026), (0.0010020214, 0.30360508), (0.0021095877, 0.33834362), (0.96451926, 0.31088498), (0.99884886, 0.3251936), (0.99802274, 0.2667656), (0.6762395, 0.31259587), (0.73360413, 0.3229123), (0.7178221, 0.26977882), (0.15510416, 0.27360255), (0.1257382, 0.32763433), (0.19687043, 0.318798), (0.050405357, 0.3012026), (0.0015394706, 0.26434496), (0.0010020214, 0.30360508), (0.78160435, 0.29739666), (0.7178221, 0.26977882), (0.73360413, 0.3229123), (0.60126084, 0.30346304), (0.5480413, 0.26239917), (0.5248804, 0.31591064), (0.20959745, 0.25690013), (0.19687043, 0.318798), (0.2630019, 0.30193236), (0.15510416, 0.27360255), (0.19687043, 0.318798), (0.20959745, 0.25690013), (0.050405357, 0.3012026), (0.06264678, 0.36109853), (0.1257382, 0.32763433), (0.90119296, 0.29974592), (0.96451926, 0.31088498), (0.9480956, 0.24759601), (0.78160435, 0.29739666), (0.8412886, 0.33114693), (0.8373193, 0.2661866), (0.7178221, 0.26977882), (0.65434366, 0.24291664), (0.6762395, 0.31259587), (0.6762395, 0.31259587), (0.65434366, 0.24291664), (0.60126084, 0.30346304), (0.41326776, 0.26710328), (0.4523477, 0.32320192), (0.4874277, 0.26667082), (0.28491402, 0.23500538), (0.20959745, 0.25690013), (0.2630019, 0.30193236), (0.1257382, 0.32763433), (0.15510416, 0.27360255), (0.101048596, 0.25580734), (0.7178221, 0.26977882), (0.78160435, 0.29739666), (0.7784453, 0.23895556), (0.5884391, 0.2391356), (0.60126084, 0.30346304), (0.65434366, 0.24291664), (0.050405357, 0.3012026), (0.1257382, 0.32763433), (0.101048596, 0.25580734), (0.050405357, 0.3012026), (0.101048596, 0.25580734), (0.046082225, 0.2447006), (0.046082225, 0.2447006), (0.0015394706, 0.26434496), (0.050405357, 0.3012026), (0.8412886, 0.33114693), (0.90119296, 0.29974592), (0.8373193, 0.2661866), (0.7784453, 0.23895556), (0.78160435, 0.29739666), (0.8373193, 0.2661866), (0.5480413, 0.26239917), (0.60126084, 0.30346304), (0.5884391, 0.2391356), (0.5248804, 0.31591064), (0.5480413, 0.26239917), (0.4874277, 0.26667082), (0.28491402, 0.23500538), (0.3338073, 0.28643313), (0.36195996, 0.23055212), (0.96451926, 0.31088498), (0.99802274, 0.2667656), (0.9480956, 0.24759601), (0.8914128, 0.22824255), (0.90119296, 0.29974592), (0.9480956, 0.24759601), (0.723978, 0.21008757), (0.7178221, 0.26977882), (0.7784453, 0.23895556), (0.20959745, 0.25690013), (0.15432173, 0.20655018), (0.15510416, 0.27360255), (0.101048596, 0.25580734), (0.15510416, 0.27360255), (0.15432173, 0.20655018), (0.7784453, 0.23895556), (0.8373193, 0.2661866), (0.8332244, 0.20497316), (0.046082225, 0.2447006), (0.0021822662, 0.21685699), (0.0015394706, 0.26434496), (0.90119296, 0.29974592), (0.8914128, 0.22824255), (0.8373193, 0.2661866), (0.41326776, 0.26710328), (0.4874277, 0.26667082), (0.46847856, 0.223558), (0.20959745, 0.25690013), (0.28491402, 0.23500538), (0.22709773, 0.19441424), (0.8332244, 0.20497316), (0.8373193, 0.2661866), (0.8914128, 0.22824255), (0.7815144, 0.18932226), (0.7784453, 0.23895556), (0.8332244, 0.20497316), (0.723978, 0.21008757), (0.65434366, 0.24291664), (0.7178221, 0.26977882), (0.5342621, 0.20093969), (0.5480413, 0.26239917), (0.5884391, 0.2391356), (0.99807775, 0.21141581), (0.9433957, 0.18671651), (0.9480956, 0.24759601), (0.723978, 0.21008757), (0.7784453, 0.23895556), (0.7815144, 0.18932226), (0.4874277, 0.26667082), (0.5480413, 0.26239917), (0.5342621, 0.20093969), (0.41891706, 0.21421602), (0.41326776, 0.26710328), (0.46847856, 0.223558), (0.41891706, 0.21421602), (0.36195996, 0.23055212), (0.41326776, 0.26710328), (0.101048596, 0.25580734), (0.07225577, 0.19040097), (0.046082225, 0.2447006), (0.07225577, 0.19040097), (0.0021822662, 0.21685699), (0.046082225, 0.2447006), (0.9480956, 0.24759601), (0.99802274, 0.2667656), (0.99807775, 0.21141581), (0.5342621, 0.20093969), (0.46847856, 0.223558), (0.4874277, 0.26667082), (0.46847856, 0.223558), (0.5342621, 0.20093969), (0.46332532, 0.16546752), (0.15432173, 0.20655018), (0.07225577, 0.19040097), (0.101048596, 0.25580734), (0.8914128, 0.22824255), (0.9480956, 0.24759601), (0.9433957, 0.18671651), (0.8875048, 0.16674006), (0.8332244, 0.20497316), (0.8914128, 0.22824255), (0.8242739, 0.14178836), (0.8332244, 0.20497316), (0.8875048, 0.16674006), (0.15432173, 0.20655018), (0.20959745, 0.25690013), (0.22709773, 0.19441424), (0.9433957, 0.18671651), (0.99807775, 0.21141581), (0.99824256, 0.15657355), (0.723978, 0.21008757), (0.67125714, 0.17364371), (0.65434366, 0.24291664), (0.6082329, 0.1895946), (0.5884391, 0.2391356), (0.65434366, 0.24291664), (0.5342621, 0.20093969), (0.5884391, 0.2391356), (0.6082329, 0.1895946), (0.46332532, 0.16546752), (0.41891706, 0.21421602), (0.46847856, 0.223558), (0.28491402, 0.23500538), (0.36195996, 0.23055212), (0.3328353, 0.19087861), (0.8332244, 0.20497316), (0.8242739, 0.14178836), (0.7815144, 0.18932226), (0.65434366, 0.24291664), (0.67125714, 0.17364371), (0.6082329, 0.1895946), (0.39420423, 0.17142247), (0.36195996, 0.23055212), (0.41891706, 0.21421602), (0.3328353, 0.19087861), (0.36195996, 0.23055212), (0.39420423, 0.17142247), (0.15432173, 0.20655018), (0.22709773, 0.19441424), (0.1928641, 0.13979378), (0.0009889225, 0.1952329), (0.0021822662, 0.21685699), (0.0016631951, 0.16618079), (0.74410933, 0.14392479), (0.723978, 0.21008757), (0.7815144, 0.18932226), (0.67125714, 0.17364371), (0.723978, 0.21008757), (0.74410933, 0.14392479), (0.0021822662, 0.21685699), (0.07225577, 0.19040097), (0.0016631951, 0.16618079), (0.3459399, 0.13722154), (0.3328353, 0.19087861), (0.39420423, 0.17142247), (0.3328353, 0.19087861), (0.28612632, 0.17256956), (0.28491402, 0.23500538), (0.22709773, 0.19441424), (0.28491402, 0.23500538), (0.28612632, 0.17256956), (0.22709773, 0.19441424), (0.24442373, 0.14060225), (0.1928641, 0.13979378), (0.7815144, 0.18932226), (0.8242739, 0.14178836), (0.74410933, 0.14392479), (0.39420423, 0.17142247), (0.41891706, 0.21421602), (0.46332532, 0.16546752), (0.3328353, 0.19087861), (0.3459399, 0.13722154), (0.28612632, 0.17256956), (0.9431979, 0.12215437), (0.9433957, 0.18671651), (0.99824256, 0.15657355), (0.8875048, 0.16674006), (0.8914128, 0.22824255), (0.9433957, 0.18671651), (0.67125714, 0.17364371), (0.6278503, 0.14219941), (0.6082329, 0.1895946), (0.5342621, 0.20093969), (0.6082329, 0.1895946), (0.57267123, 0.14079678), (0.46332532, 0.16546752), (0.5342621, 0.20093969), (0.5183419, 0.14161606), (0.1928641, 0.13979378), (0.13064808, 0.13147554), (0.15432173, 0.20655018), (0.15432173, 0.20655018), (0.13064808, 0.13147554), (0.07225577, 0.19040097), (0.8875048, 0.16674006), (0.9433957, 0.18671651), (0.9431979, 0.12215437), (0.67715836, 0.119166486), (0.67125714, 0.17364371), (0.74410933, 0.14392479), (0.67125714, 0.17364371), (0.67715836, 0.119166486), (0.6278503, 0.14219941), (0.5183419, 0.14161606), (0.5342621, 0.20093969), (0.57267123, 0.14079678), (0.48225656, 0.11265945), (0.46332532, 0.16546752), (0.5183419, 0.14161606), (0.9987348, 0.097260974), (0.9614313, 0.06565843), (0.9431979, 0.12215437), (0.6278503, 0.14219941), (0.57267123, 0.14079678), (0.6082329, 0.1895946), (0.48225656, 0.11265945), (0.4183723, 0.10793729), (0.46332532, 0.16546752), (0.28612632, 0.17256956), (0.24442373, 0.14060225), (0.22709773, 0.19441424), (0.0016631951, 0.16618079), (0.07225577, 0.19040097), (0.059710257, 0.11224403), (0.48225656, 0.11265945), (0.5183419, 0.14161606), (0.5401245, 0.08930717), (0.39420423, 0.17142247), (0.46332532, 0.16546752), (0.4183723, 0.10793729), (0.29172105, 0.10785923), (0.28612632, 0.17256956), (0.3459399, 0.13722154), (0.24442373, 0.14060225), (0.28612632, 0.17256956), (0.29172105, 0.10785923), (0.13064808, 0.13147554), (0.059710257, 0.11224403), (0.07225577, 0.19040097), (0.059710257, 0.11224403), (0.13064808, 0.13147554), (0.11866447, 0.06066181), (0.0028821412, 0.059886154), (0.0011599219, 0.12044033), (0.059710257, 0.11224403), (0.9431979, 0.12215437), (0.99824256, 0.15657355), (0.9987348, 0.097260974), (0.884009, 0.116141714), (0.8242739, 0.14178836), (0.8875048, 0.16674006), (0.74410933, 0.14392479), (0.8242739, 0.14178836), (0.78535134, 0.092089415), (0.67715836, 0.119166486), (0.74410933, 0.14392479), (0.7268863, 0.09329587), (0.61358434, 0.09799923), (0.57267123, 0.14079678), (0.6278503, 0.14219941), (0.3459399, 0.13722154), (0.39420423, 0.17142247), (0.4183723, 0.10793729), (0.0028821412, 0.059886154), (0.059710257, 0.11224403), (0.07337084, 0.039658558), (0.0011599219, 0.12044033), (0.0016631951, 0.16618079), (0.059710257, 0.11224403), (0.8242739, 0.14178836), (0.884009, 0.116141714), (0.848197, 0.07725191), (0.57267123, 0.14079678), (0.5401245, 0.08930717), (0.5183419, 0.14161606), (0.5401245, 0.08930717), (0.47229457, 0.06584809), (0.48225656, 0.11265945), (0.4183723, 0.10793729), (0.3501208, 0.06393177), (0.3459399, 0.13722154), (0.1928641, 0.13979378), (0.24442373, 0.14060225), (0.23271236, 0.07868943), (0.1928641, 0.13979378), (0.1719715, 0.074503615), (0.13064808, 0.13147554), (0.5401245, 0.08930717), (0.57267123, 0.14079678), (0.61358434, 0.09799923), (0.48225656, 0.11265945), (0.47229457, 0.06584809), (0.4183723, 0.10793729), (0.3459399, 0.13722154), (0.3501208, 0.06393177), (0.29172105, 0.10785923), (0.9112151, 0.06798643), (0.9431979, 0.12215437), (0.9614313, 0.06565843), (0.9431979, 0.12215437), (0.884009, 0.116141714), (0.8875048, 0.16674006), (0.6278503, 0.14219941), (0.67715836, 0.119166486), (0.61358434, 0.09799923), (0.23271236, 0.07868943), (0.24442373, 0.14060225), (0.29172105, 0.10785923), (0.1719715, 0.074503615), (0.1928641, 0.13979378), (0.23271236, 0.07868943), (0.78535134, 0.092089415), (0.8242739, 0.14178836), (0.848197, 0.07725191), (0.6766751, 0.060097866), (0.67715836, 0.119166486), (0.7268863, 0.09329587), (0.3501208, 0.06393177), (0.4183723, 0.10793729), (0.41635266, 0.04773912), (0.23271236, 0.07868943), (0.29172105, 0.10785923), (0.28455397, 0.052651096), (0.9987348, 0.097260974), (0.998542, 0.042021103), (0.9614313, 0.06565843), (0.9112151, 0.06798643), (0.884009, 0.116141714), (0.9431979, 0.12215437), (0.78535134, 0.092089415), (0.74842954, 0.050101507), (0.7268863, 0.09329587), (0.7268863, 0.09329587), (0.74410933, 0.14392479), (0.78535134, 0.092089415), (0.61358434, 0.09799923), (0.67715836, 0.119166486), (0.6766751, 0.060097866), (0.5401245, 0.08930717), (0.61358434, 0.09799923), (0.595598, 0.040558077), (0.41635266, 0.04773912), (0.4183723, 0.10793729), (0.47229457, 0.06584809), (0.1719715, 0.074503615), (0.11866447, 0.06066181), (0.13064808, 0.13147554), (0.9112151, 0.06798643), (0.9614313, 0.06565843), (0.9479851, 0.003982593), (0.9112151, 0.06798643), (0.848197, 0.07725191), (0.884009, 0.116141714), (0.848197, 0.07725191), (0.9112151, 0.06798643), (0.8733714, 0.003431697), (0.11866447, 0.06066181), (0.07337084, 0.039658558), (0.059710257, 0.11224403), (0.8087721, 0.03835037), (0.848197, 0.07725191), (0.8733714, 0.003431697), (0.8087721, 0.03835037), (0.78535134, 0.092089415), (0.848197, 0.07725191), (0.23271236, 0.07868943), (0.28455397, 0.052651096), (0.24528317, 0.0037649313), (0.9479851, 0.003982593), (0.9614313, 0.06565843), (0.998542, 0.042021103), (0.47229457, 0.06584809), (0.5401245, 0.08930717), (0.52314216, 0.04071482), (0.19890235, 0.032023434), (0.1719715, 0.074503615), (0.23271236, 0.07868943), (0.9479851, 0.003982593), (0.8733714, 0.003431697), (0.9112151, 0.06798643), (0.74842954, 0.050101507), (0.78535134, 0.092089415), (0.8087721, 0.03835037), (0.6766751, 0.060097866), (0.595598, 0.040558077), (0.61358434, 0.09799923), (0.3154308, 0.0013539586), (0.3501208, 0.06393177), (0.3830259, 0.004472093), (0.3501208, 0.06393177), (0.28455397, 0.052651096), (0.29172105, 0.10785923), (0.24528317, 0.0037649313), (0.19890235, 0.032023434), (0.23271236, 0.07868943), (0.6766751, 0.060097866), (0.74842954, 0.050101507), (0.7164098, 0.0024282255), (0.6526945, 0.0022029094), (0.6766751, 0.060097866), (0.7164098, 0.0024282255), (0.595598, 0.040558077), (0.6766751, 0.060097866), (0.6526945, 0.0022029094), (0.52314216, 0.04071482), (0.5401245, 0.08930717), (0.595598, 0.040558077), (0.3830259, 0.004472093), (0.3501208, 0.06393177), (0.41635266, 0.04773912), (0.28455397, 0.052651096), (0.3501208, 0.06393177), (0.3154308, 0.0013539586), (0.74842954, 0.050101507), (0.6766751, 0.060097866), (0.7268863, 0.09329587), (0.3154308, 0.0013539586), (0.24528317, 0.0037649313), (0.28455397, 0.052651096), (0.0028821412, 0.059886154), (0.07337084, 0.039658558), (0.04066161, 0.0023701217), (0.74842954, 0.050101507), (0.8087721, 0.03835037), (0.77382845, 0.0021884728), (0.1719715, 0.074503615), (0.19890235, 0.032023434), (0.15828417, 0.0024665385), (0.9131079, 0), (0.8733714, 0.003431697), (0.9479851, 0.003982593), (0.47229457, 0.06584809), (0.52314216, 0.04071482), (0.46156856, 0.0020015093), (0.8733714, 0.003431697), (0.820236, 0.0013983396), (0.8087721, 0.03835037), (0.595598, 0.040558077), (0.6526945, 0.0022029094), (0.5979309, 0.0011815111), (0.46156856, 0.0020015093), (0.52314216, 0.04071482), (0.5393257, 0.0020734945), (0.41635266, 0.04773912), (0.47229457, 0.06584809), (0.46156856, 0.0020015093), (0.46156856, 0.0020015093), (0.3830259, 0.004472093), (0.41635266, 0.04773912), (0.11866447, 0.06066181), (0.11372117, 0.0014850394), (0.07337084, 0.039658558), (0.9969495, 0.0014520808), (0.9479851, 0.003982593), (0.998542, 0.042021103), (0.820236, 0.0013983396), (0.77382845, 0.0021884728), (0.8087721, 0.03835037), (0.7164098, 0.0024282255), (0.74842954, 0.050101507), (0.77382845, 0.0021884728), (0.5393257, 0.0020734945), (0.595598, 0.040558077), (0.5979309, 0.0011815111), (0.595598, 0.040558077), (0.5393257, 0.0020734945), (0.52314216, 0.04071482), (0.24528317, 0.0037649313), (0.1998756, 0.0010381751), (0.19890235, 0.032023434), (0.15828417, 0.0024665385), (0.11866447, 0.06066181), (0.1719715, 0.074503615), (0.15828417, 0.0024665385), (0.19890235, 0.032023434), (0.1998756, 0.0010381751), (0.15828417, 0.0024665385), (0.11372117, 0.0014850394), (0.11866447, 0.06066181), (0.076755136, 0.0012063391), (0.04066161, 0.0023701217), (0.07337084, 0.039658558), (0.0035861838, 0.0034939256), (0.0028821412, 0.059886154), (0.04066161, 0.0023701217), (0.5142804, 0.6073957), (0.467045, 0.54278195), (0.44907367, 0.6154314), (0.40237442, 0.5745922), (0.44907367, 0.6154314), (0.467045, 0.54278195), (0.8699542, 0.4439962), (0.903638, 0.41479543), (0.8504881, 0.3954252), (0.8952531, 0.3685983), (0.8504881, 0.3954252), (0.903638, 0.41479543), (0.8984023, 0.9469756), (0.9616507, 0.9452847), (0.93188846, 0.9983087), (0.8984023, 0.9469756), (0.93188846, 0.9983087), (0.87610954, 0.99835414), (0.79610175, 0.9917683), (0.7500895, 0.9979688), (0.74694824, 0.9550035), (0.7097288, 0.9982079), (0.6856086, 0.9561156), (0.74694824, 0.9550035), (0.67333835, 0.99858725), (0.63402516, 0.99767166), (0.6856086, 0.9561156), (0.5745661, 0.9963745), (0.5021154, 0.9937733), (0.5543834, 0.9379055), (0.47922495, 1), (0.5021154, 0.9937733), (0.5275988, 0.9991829), (0.42660525, 0.99819785), (0.44437224, 0.9591462), (0.5021154, 0.9937733), (0.38594088, 0.9555096), (0.42660525, 0.99819785), (0.35089102, 0.9971034), (0.35089102, 0.9971034), (0.28944963, 0.9984033), (0.31581625, 0.94513404), (0.24694191, 0.9603621), (0.28944963, 0.9984033), (0.2523501, 0.9986021), (0.21061864, 0.9984936), (0.17086093, 0.95497334), (0.24694191, 0.9603621), (0.21061864, 0.9984936), (0.16355963, 0.99850017), (0.17086093, 0.95497334), (0.11191004, 0.9948837), (0.16355963, 0.99850017), (0.11263809, 0.9990389), (0.050981864, 0.96990967), (0.11191004, 0.9948837), (0.07768829, 0.9990908), (0.03983317, 0.99915636), (0.0017911668, 0.9966733), (0.050981864, 0.96990967), (0.8312665, 0.9989765), (0.8460374, 0.95803), (0.87610954, 0.99835414), (0.7097288, 0.9982079), (0.67333835, 0.99858725), (0.6856086, 0.9561156), (0.62182367, 0.93416286), (0.6856086, 0.9561156), (0.63402516, 0.99767166), (0.38594088, 0.9555096), (0.44437224, 0.9591462), (0.42660525, 0.99819785), (0.050981864, 0.96990967), (0.07768829, 0.9990908), (0.03983317, 0.99915636), (0.0020382188, 0.9430684), (0.050981864, 0.96990967), (0.0017911668, 0.9966733), (0.8460374, 0.95803), (0.8312665, 0.9989765), (0.79610175, 0.9917683), (0.8460374, 0.95803), (0.8984023, 0.9469756), (0.87610954, 0.99835414), (0.5745661, 0.9963745), (0.62182367, 0.93416286), (0.63402516, 0.99767166), (0.24694191, 0.9603621), (0.2523501, 0.9986021), (0.21061864, 0.9984936), (0.99992967, 0.9655065), (0.99249655, 0.9982318), (0.9616507, 0.9452847), (0.74694824, 0.9550035), (0.7500895, 0.9979688), (0.7097288, 0.9982079), (0.17086093, 0.95497334), (0.16355963, 0.99850017), (0.11191004, 0.9948837), (0.11191004, 0.9948837), (0.10047011, 0.92903453), (0.17086093, 0.95497334), (0.9988375, 0.92849326), (0.99992967, 0.9655065), (0.9616507, 0.9452847), (0.5543834, 0.9379055), (0.62182367, 0.93416286), (0.5745661, 0.9963745), (0.31581625, 0.94513404), (0.38594088, 0.9555096), (0.35089102, 0.9971034), (0.31581625, 0.94513404), (0.28944963, 0.9984033), (0.24694191, 0.9603621), (0.17086093, 0.95497334), (0.21316181, 0.9056518), (0.24694191, 0.9603621), (0.050981864, 0.96990967), (0.10047011, 0.92903453), (0.11191004, 0.9948837), (0.44437224, 0.9591462), (0.4914891, 0.92496526), (0.5021154, 0.9937733), (0.24694191, 0.9603621), (0.2671147, 0.91061765), (0.31581625, 0.94513404), (0.79610175, 0.9917683), (0.8013604, 0.9142829), (0.8460374, 0.95803), (0.68055564, 0.88589144), (0.7384299, 0.8986373), (0.6856086, 0.9561156), (0.62182367, 0.93416286), (0.5543834, 0.9379055), (0.58494383, 0.89144725), (0.38594088, 0.9555096), (0.4240476, 0.8995873), (0.44437224, 0.9591462), (0.050981864, 0.96990967), (0.038453184, 0.89677274), (0.10047011, 0.92903453), (0.5543834, 0.9379055), (0.5021154, 0.9937733), (0.4914891, 0.92496526), (0.3612928, 0.90892035), (0.4240476, 0.8995873), (0.38594088, 0.9555096), (0.38594088, 0.9555096), (0.31581625, 0.94513404), (0.3612928, 0.90892035), (0.3097925, 0.8688983), (0.3612928, 0.90892035), (0.31581625, 0.94513404), (0.8460374, 0.95803), (0.8013604, 0.9142829), (0.86315256, 0.89742607), (0.21316181, 0.9056518), (0.2671147, 0.91061765), (0.24694191, 0.9603621), (0.17086093, 0.95497334), (0.10047011, 0.92903453), (0.15039681, 0.88948244), (0.093683444, 0.8608543), (0.15039681, 0.88948244), (0.10047011, 0.92903453), (0.0007843425, 0.9018952), (0.038453184, 0.89677274), (0.0020382188, 0.9430684), (0.9616507, 0.9452847), (0.99249655, 0.9982318), (0.93188846, 0.9983087), (0.86315256, 0.89742607), (0.8013604, 0.9142829), (0.82627845, 0.8500605), (0.74694824, 0.9550035), (0.8013604, 0.9142829), (0.79610175, 0.9917683), (0.17086093, 0.95497334), (0.15039681, 0.88948244), (0.21316181, 0.9056518), (0.038453184, 0.89677274), (0.093683444, 0.8608543), (0.10047011, 0.92903453), (0.050981864, 0.96990967), (0.0020382188, 0.9430684), (0.038453184, 0.89677274), (0.8984023, 0.9469756), (0.8460374, 0.95803), (0.86315256, 0.89742607), (0.7384299, 0.8986373), (0.8013604, 0.9142829), (0.74694824, 0.9550035), (0.2671147, 0.91061765), (0.3097925, 0.8688983), (0.31581625, 0.94513404), (0.9988375, 0.92849326), (0.9616507, 0.9452847), (0.9950182, 0.8887283), (0.8984023, 0.9469756), (0.86315256, 0.89742607), (0.9222392, 0.8894947), (0.62182367, 0.93416286), (0.68055564, 0.88589144), (0.6856086, 0.9561156), (0.4914891, 0.92496526), (0.44437224, 0.9591462), (0.4240476, 0.8995873), (0.4240476, 0.8995873), (0.48573062, 0.8541679), (0.4914891, 0.92496526), (0.15039681, 0.88948244), (0.19355223, 0.8553034), (0.21316181, 0.9056518), (0.8984023, 0.9469756), (0.9222392, 0.8894947), (0.9616507, 0.9452847), (0.5543834, 0.9379055), (0.5375007, 0.87947357), (0.58494383, 0.89144725), (0.4914891, 0.92496526), (0.48573062, 0.8541679), (0.5375007, 0.87947357), (0.82627845, 0.8500605), (0.88179785, 0.83923644), (0.86315256, 0.89742607), (0.5375007, 0.87947357), (0.5543834, 0.9379055), (0.4914891, 0.92496526), (0.4240476, 0.8995873), (0.3612928, 0.90892035), (0.37462023, 0.84570545), (0.37462023, 0.84570545), (0.3612928, 0.90892035), (0.3097925, 0.8688983), (0.9222392, 0.8894947), (0.9950182, 0.8887283), (0.9616507, 0.9452847), (0.77659315, 0.8565522), (0.82627845, 0.8500605), (0.8013604, 0.9142829), (0.8013604, 0.9142829), (0.7384299, 0.8986373), (0.77659315, 0.8565522), (0.73002213, 0.8263952), (0.77659315, 0.8565522), (0.7384299, 0.8986373), (0.68055564, 0.88589144), (0.73002213, 0.8263952), (0.7384299, 0.8986373), (0.62182367, 0.93416286), (0.62784785, 0.8577796), (0.68055564, 0.88589144), (0.48573062, 0.8541679), (0.4240476, 0.8995873), (0.4342847, 0.81698406), (0.15012784, 0.8240773), (0.19355223, 0.8553034), (0.15039681, 0.88948244), (0.9222392, 0.8894947), (0.9481658, 0.83047503), (0.9950182, 0.8887283), (0.62182367, 0.93416286), (0.58494383, 0.89144725), (0.62784785, 0.8577796), (0.58494383, 0.89144725), (0.5375007, 0.87947357), (0.57925034, 0.8312101), (0.5320506, 0.82212865), (0.5375007, 0.87947357), (0.48573062, 0.8541679), (0.37462023, 0.84570545), (0.4342847, 0.81698406), (0.4240476, 0.8995873), (0.2671147, 0.91061765), (0.21316181, 0.9056518), (0.24525164, 0.8568349), (0.9990456, 0.8468496), (0.9950182, 0.8887283), (0.9481658, 0.83047503), (0.57925034, 0.8312101), (0.62784785, 0.8577796), (0.58494383, 0.89144725), (0.3097925, 0.8688983), (0.33184642, 0.7971475), (0.37462023, 0.84570545), (0.24525164, 0.8568349), (0.3097925, 0.8688983), (0.2671147, 0.91061765), (0.19355223, 0.8553034), (0.24525164, 0.8568349), (0.21316181, 0.9056518), (0.86315256, 0.89742607), (0.88179785, 0.83923644), (0.9222392, 0.8894947), (0.27278736, 0.8005926), (0.3097925, 0.8688983), (0.24525164, 0.8568349), (0.24525164, 0.8568349), (0.20923479, 0.80130076), (0.27278736, 0.8005926), (0.88179785, 0.83923644), (0.9481658, 0.83047503), (0.9222392, 0.8894947), (0.15012784, 0.8240773), (0.15039681, 0.88948244), (0.093683444, 0.8608543), (0.038453184, 0.89677274), (0.0007843425, 0.9018952), (0.0012154133, 0.8508708), (0.0012154133, 0.8508708), (0.03814608, 0.81638587), (0.038453184, 0.89677274), (0.73002213, 0.8263952), (0.68055564, 0.88589144), (0.672659, 0.8237801), (0.19355223, 0.8553034), (0.20923479, 0.80130076), (0.24525164, 0.8568349), (0.093683444, 0.8608543), (0.09548818, 0.78815174), (0.15012784, 0.8240773), (0.093683444, 0.8608543), (0.038453184, 0.89677274), (0.03814608, 0.81638587), (0.9653235, 0.76855826), (0.9986042, 0.80245554), (0.9481658, 0.83047503), (0.62784785, 0.8577796), (0.672659, 0.8237801), (0.68055564, 0.88589144), (0.33184642, 0.7971475), (0.3097925, 0.8688983), (0.27278736, 0.8005926), (0.9986042, 0.80245554), (0.9990456, 0.8468496), (0.9481658, 0.83047503), (0.672659, 0.8237801), (0.62784785, 0.8577796), (0.6282589, 0.7823969), (0.57925034, 0.8312101), (0.5618757, 0.77447), (0.6282589, 0.7823969), (0.89927614, 0.7750838), (0.9481658, 0.83047503), (0.88179785, 0.83923644), (0.89927614, 0.7750838), (0.88179785, 0.83923644), (0.84452635, 0.8006476), (0.82627845, 0.8500605), (0.84452635, 0.8006476), (0.88179785, 0.83923644), (0.77659315, 0.8565522), (0.73002213, 0.8263952), (0.79231906, 0.8042857), (0.62784785, 0.8577796), (0.57925034, 0.8312101), (0.6282589, 0.7823969), (0.5320506, 0.82212865), (0.5618757, 0.77447), (0.57925034, 0.8312101), (0.57925034, 0.8312101), (0.5375007, 0.87947357), (0.5320506, 0.82212865), (0.4342847, 0.81698406), (0.49668774, 0.77731407), (0.48573062, 0.8541679), (0.09548818, 0.78815174), (0.093683444, 0.8608543), (0.03814608, 0.81638587), (0.03814608, 0.81638587), (0.038103726, 0.7383355), (0.09548818, 0.78815174), (0.89927614, 0.7750838), (0.9653235, 0.76855826), (0.9481658, 0.83047503), (0.82627845, 0.8500605), (0.77659315, 0.8565522), (0.79231906, 0.8042857), (0.6282589, 0.7823969), (0.6960811, 0.7681801), (0.672659, 0.8237801), (0.5320506, 0.82212865), (0.48573062, 0.8541679), (0.49668774, 0.77731407), (0.15012784, 0.8240773), (0.20923479, 0.80130076), (0.19355223, 0.8553034), (0.0011836189, 0.80501586), (0.03814608, 0.81638587), (0.0012154133, 0.8508708), (0.9653235, 0.76855826), (0.99857074, 0.76469004), (0.9986042, 0.80245554), (0.43995273, 0.7404646), (0.49668774, 0.77731407), (0.4342847, 0.81698406), (0.38672554, 0.7718873), (0.43995273, 0.7404646), (0.4342847, 0.81698406), (0.37462023, 0.84570545), (0.33184642, 0.7971475), (0.38672554, 0.7718873), (0.38672554, 0.7718873), (0.4342847, 0.81698406), (0.37462023, 0.84570545), (0.82627845, 0.8500605), (0.79231906, 0.8042857), (0.84452635, 0.8006476), (0.7580442, 0.75915396), (0.79231906, 0.8042857), (0.73002213, 0.8263952), (0.6960811, 0.7681801), (0.73002213, 0.8263952), (0.672659, 0.8237801), (0.03814608, 0.81638587), (0.0011836189, 0.80501586), (0.0010784313, 0.7660012), (0.89927614, 0.7750838), (0.94929117, 0.7158806), (0.9653235, 0.76855826), (0.09548818, 0.78815174), (0.09358218, 0.72554976), (0.15961969, 0.74594575), (0.038103726, 0.7383355), (0.09358218, 0.72554976), (0.09548818, 0.78815174), (0.84452635, 0.8006476), (0.8271373, 0.74703294), (0.89927614, 0.7750838), (0.8271373, 0.74703294), (0.84452635, 0.8006476), (0.79231906, 0.8042857), (0.6960811, 0.7681801), (0.7580442, 0.75915396), (0.73002213, 0.8263952), (0.38672554, 0.7718873), (0.3901996, 0.69819605), (0.43995273, 0.7404646), (0.20923479, 0.80130076), (0.23427787, 0.73548764), (0.27278736, 0.8005926), (0.15012784, 0.8240773), (0.15961969, 0.74594575), (0.20923479, 0.80130076), (0.0010784313, 0.7660012), (0.0011953284, 0.7161889), (0.038103726, 0.7383355), (0.038103726, 0.7383355), (0.03814608, 0.81638587), (0.0010784313, 0.7660012), (0.9653235, 0.76855826), (0.94929117, 0.7158806), (0.99898654, 0.72750354), (0.88628995, 0.71810305), (0.94929117, 0.7158806), (0.89927614, 0.7750838), (0.6960811, 0.7681801), (0.6282589, 0.7823969), (0.6625402, 0.7145678), (0.5618757, 0.77447), (0.5320506, 0.82212865), (0.49668774, 0.77731407), (0.29616594, 0.7335336), (0.33184642, 0.7971475), (0.27278736, 0.8005926), (0.15961969, 0.74594575), (0.23427787, 0.73548764), (0.20923479, 0.80130076), (0.15961969, 0.74594575), (0.15012784, 0.8240773), (0.09548818, 0.78815174), (0.8271373, 0.74703294), (0.88628995, 0.71810305), (0.89927614, 0.7750838), (0.5618757, 0.77447), (0.5366446, 0.7268102), (0.59397686, 0.7133916), (0.5366446, 0.7268102), (0.5618757, 0.77447), (0.49668774, 0.77731407), (0.29616594, 0.7335336), (0.27278736, 0.8005926), (0.23427787, 0.73548764), (0.59397686, 0.7133916), (0.6282589, 0.7823969), (0.5618757, 0.77447), (0.48890033, 0.7057734), (0.5366446, 0.7268102), (0.49668774, 0.77731407), (0.3901996, 0.69819605), (0.38672554, 0.7718873), (0.34731838, 0.73388886), (0.38672554, 0.7718873), (0.33184642, 0.7971475), (0.34731838, 0.73388886), (0.29616594, 0.7335336), (0.34731838, 0.73388886), (0.33184642, 0.7971475), (0.7580442, 0.75915396), (0.7801839, 0.7092513), (0.8271373, 0.74703294), (0.72535074, 0.70871216), (0.7801839, 0.7092513), (0.7580442, 0.75915396), (0.72535074, 0.70871216), (0.7580442, 0.75915396), (0.6960811, 0.7681801), (0.15961969, 0.74594575), (0.19652204, 0.6710011), (0.23427787, 0.73548764), (0.8271373, 0.74703294), (0.79231906, 0.8042857), (0.7580442, 0.75915396), (0.6960811, 0.7681801), (0.6625402, 0.7145678), (0.72535074, 0.70871216), (0.43995273, 0.7404646), (0.48890033, 0.7057734), (0.49668774, 0.77731407), (0.99857074, 0.76469004), (0.9653235, 0.76855826), (0.99898654, 0.72750354), (0.7801839, 0.7092513), (0.8357518, 0.67718524), (0.8271373, 0.74703294), (0.6625402, 0.7145678), (0.6282589, 0.7823969), (0.59397686, 0.7133916), (0.3901996, 0.69819605), (0.4397001, 0.6703806), (0.43995273, 0.7404646), (0.23427787, 0.73548764), (0.2649815, 0.66280353), (0.29616594, 0.7335336), (0.59397686, 0.7133916), (0.6356069, 0.66593677), (0.6625402, 0.7145678), (0.33130136, 0.67895174), (0.34731838, 0.73388886), (0.29616594, 0.7335336), (0.038103726, 0.7383355), (0.0011953284, 0.7161889), (0.0026056366, 0.6842722), (0.94929117, 0.7158806), (0.99816215, 0.687552), (0.99898654, 0.72750354), (0.765748, 0.65935725), (0.8357518, 0.67718524), (0.7801839, 0.7092513), (0.29616594, 0.7335336), (0.2649815, 0.66280353), (0.33130136, 0.67895174), (0.19652204, 0.6710011), (0.2649815, 0.66280353), (0.23427787, 0.73548764), (0.09358218, 0.72554976), (0.13080296, 0.671299), (0.15961969, 0.74594575), (0.058861453, 0.6666992), (0.13080296, 0.671299), (0.09358218, 0.72554976), (0.038103726, 0.7383355), (0.058861453, 0.6666992), (0.09358218, 0.72554976), (0.88628995, 0.71810305), (0.9107269, 0.66818947), (0.94929117, 0.7158806), (0.72535074, 0.70871216), (0.765748, 0.65935725), (0.7801839, 0.7092513), (0.48890033, 0.7057734), (0.43995273, 0.7404646), (0.4397001, 0.6703806), (0.34731838, 0.73388886), (0.33130136, 0.67895174), (0.3901996, 0.69819605), (0.88628995, 0.71810305), (0.8271373, 0.74703294), (0.8357518, 0.67718524), (0.72535074, 0.70871216), (0.6625402, 0.7145678), (0.69560415, 0.64750755), (0.48890033, 0.7057734), (0.533816, 0.67247856), (0.5366446, 0.7268102), (0.31519273, 0.62290823), (0.33130136, 0.67895174), (0.2649815, 0.66280353), (0.15961969, 0.74594575), (0.13080296, 0.671299), (0.19652204, 0.6710011), (0.94929117, 0.7158806), (0.9616341, 0.65961075), (0.99816215, 0.687552), (0.8357518, 0.67718524), (0.9107269, 0.66818947), (0.88628995, 0.71810305), (0.59397686, 0.7133916), (0.5366446, 0.7268102), (0.533816, 0.67247856), (0.4397001, 0.6703806), (0.4853018, 0.651023), (0.48890033, 0.7057734), (0.9616341, 0.65961075), (0.9989402, 0.65892106), (0.99816215, 0.687552), (0.9107269, 0.66818947), (0.9616341, 0.65961075), (0.94929117, 0.7158806), (0.69560415, 0.64750755), (0.765748, 0.65935725), (0.72535074, 0.70871216), (0.0026056366, 0.6842722), (0.058861453, 0.6666992), (0.038103726, 0.7383355), (0.9107269, 0.66818947), (0.9376045, 0.61183465), (0.9616341, 0.65961075), (0.6356069, 0.66593677), (0.69560415, 0.64750755), (0.6625402, 0.7145678), (0.59397686, 0.7133916), (0.533816, 0.67247856), (0.5823599, 0.64088684), (0.533816, 0.67247856), (0.48890033, 0.7057734), (0.4853018, 0.651023), (0.810304, 0.61548895), (0.8357518, 0.67718524), (0.765748, 0.65935725), (0.51840353, 0.60384446), (0.5823599, 0.64088684), (0.533816, 0.67247856), (0.4496892, 0.606283), (0.4853018, 0.651023), (0.4397001, 0.6703806), (0.058861453, 0.6666992), (0.0026056366, 0.6842722), (0.0020683857, 0.638253), (0.0020683857, 0.638253), (0.04354216, 0.5941251), (0.058861453, 0.6666992), (0.9616341, 0.65961075), (0.997919, 0.61177737), (0.9989402, 0.65892106), (0.59397686, 0.7133916), (0.5823599, 0.64088684), (0.6356069, 0.66593677), (0.4853018, 0.651023), (0.51840353, 0.60384446), (0.533816, 0.67247856), (0.4496892, 0.606283), (0.51840353, 0.60384446), (0.4853018, 0.651023), (0.4397001, 0.6703806), (0.3901996, 0.69819605), (0.37874678, 0.62354404), (0.3901996, 0.69819605), (0.33130136, 0.67895174), (0.37874678, 0.62354404), (0.13080296, 0.671299), (0.16610381, 0.6061216), (0.19652204, 0.6710011), (0.9376045, 0.61183465), (0.9107269, 0.66818947), (0.8759926, 0.6200848), (0.9107269, 0.66818947), (0.8357518, 0.67718524), (0.8759926, 0.6200848), (0.5823599, 0.64088684), (0.6379042, 0.6124234), (0.6356069, 0.66593677), (0.37874678, 0.62354404), (0.4496892, 0.606283), (0.4397001, 0.6703806), (0.27504855, 0.596184), (0.31519273, 0.62290823), (0.2649815, 0.66280353), (0.13080296, 0.671299), (0.10488295, 0.6091811), (0.16610381, 0.6061216), (0.13080296, 0.671299), (0.058861453, 0.6666992), (0.10488295, 0.6091811), (0.810304, 0.61548895), (0.8759926, 0.6200848), (0.8357518, 0.67718524), (0.7488354, 0.595857), (0.810304, 0.61548895), (0.765748, 0.65935725), (0.69560415, 0.64750755), (0.7488354, 0.595857), (0.765748, 0.65935725), (0.6379042, 0.6124234), (0.69560415, 0.64750755), (0.6356069, 0.66593677), (0.22583532, 0.59936213), (0.2649815, 0.66280353), (0.19652204, 0.6710011), (0.16610381, 0.6061216), (0.22583532, 0.59936213), (0.19652204, 0.6710011), (0.997919, 0.61177737), (0.9616341, 0.65961075), (0.9376045, 0.61183465), (0.84753764, 0.5771997), (0.90454316, 0.56373435), (0.8759926, 0.6200848), (0.583816, 0.5804826), (0.6379042, 0.6124234), (0.5823599, 0.64088684), (0.31519273, 0.62290823), (0.37874678, 0.62354404), (0.33130136, 0.67895174), (0.10488295, 0.6091811), (0.058861453, 0.6666992), (0.04354216, 0.5941251), (0.8759926, 0.6200848), (0.810304, 0.61548895), (0.84753764, 0.5771997), (0.22583532, 0.59936213), (0.27504855, 0.596184), (0.2649815, 0.66280353), (0.04354216, 0.5941251), (0.08712204, 0.5602644), (0.10488295, 0.6091811), (0.5823599, 0.64088684), (0.51840353, 0.60384446), (0.583816, 0.5804826), (0.37874678, 0.62354404), (0.40464255, 0.556368), (0.4496892, 0.606283), (0.04354216, 0.5941251), (0.0020683857, 0.638253), (0.0009904705, 0.5926684), (0.31519273, 0.62290823), (0.3305031, 0.56215787), (0.37874678, 0.62354404), (0.95769936, 0.55671793), (0.9983811, 0.5550002), (0.997919, 0.61177737), (0.6936768, 0.57248914), (0.7488354, 0.595857), (0.69560415, 0.64750755), (0.40464255, 0.556368), (0.37874678, 0.62354404), (0.3305031, 0.56215787), (0.10488295, 0.6091811), (0.13564374, 0.5505524), (0.16610381, 0.6061216), (0.7488354, 0.595857), (0.7983049, 0.5522997), (0.810304, 0.61548895), (0.69560415, 0.64750755), (0.6379042, 0.6124234), (0.6936768, 0.57248914), (0.64035827, 0.55329657), (0.6379042, 0.6124234), (0.583816, 0.5804826), (0.5338444, 0.5361483), (0.583816, 0.5804826), (0.51840353, 0.60384446), (0.997919, 0.61177737), (0.9376045, 0.61183465), (0.95769936, 0.55671793), (0.90454316, 0.56373435), (0.9376045, 0.61183465), (0.8759926, 0.6200848), (0.84753764, 0.5771997), (0.810304, 0.61548895), (0.7983049, 0.5522997), (0.27504855, 0.596184), (0.3305031, 0.56215787), (0.31519273, 0.62290823), (0.08712204, 0.5602644), (0.13564374, 0.5505524), (0.10488295, 0.6091811), (0.0009904705, 0.5926684), (0.0016772466, 0.555014), (0.04354216, 0.5941251), (0.90454316, 0.56373435), (0.95769936, 0.55671793), (0.9376045, 0.61183465), (0.7983049, 0.5522997), (0.8531886, 0.5220356), (0.84753764, 0.5771997), (0.6936768, 0.57248914), (0.7451052, 0.52686983), (0.7488354, 0.595857), (0.64035827, 0.55329657), (0.6936768, 0.57248914), (0.6379042, 0.6124234), (0.47239193, 0.54388136), (0.4496892, 0.606283), (0.40464255, 0.556368), (0.25979492, 0.52913), (0.3305031, 0.56215787), (0.27504855, 0.596184), (0.22583532, 0.59936213), (0.25979492, 0.52913), (0.27504855, 0.596184), (0.90454316, 0.56373435), (0.84753764, 0.5771997), (0.8531886, 0.5220356), (0.7983049, 0.5522997), (0.7488354, 0.595857), (0.7451052, 0.52686983), (0.59208035, 0.52542925), (0.583816, 0.5804826), (0.5338444, 0.5361483), (0.08712204, 0.5602644), (0.04354216, 0.5941251), (0.04119636, 0.52391934), (0.7451052, 0.52686983), (0.8004362, 0.48722863), (0.7983049, 0.5522997), (0.69058675, 0.49763623), (0.7451052, 0.52686983), (0.6936768, 0.57248914), (0.6936768, 0.57248914), (0.64035827, 0.55329657), (0.69058675, 0.49763623), (0.25979492, 0.52913), (0.22583532, 0.59936213), (0.19171353, 0.53955626), (0.19171353, 0.53955626), (0.22583532, 0.59936213), (0.16610381, 0.6061216), (0.13564374, 0.5505524), (0.19171353, 0.53955626), (0.16610381, 0.6061216), (0.09570499, 0.50670195), (0.15091051, 0.48631677), (0.13564374, 0.5505524), (0.09570499, 0.50670195), (0.13564374, 0.5505524), (0.08712204, 0.5602644), (0.04354216, 0.5941251), (0.0016772466, 0.555014), (0.04119636, 0.52391934), (0.59208035, 0.52542925), (0.63360333, 0.49960005), (0.64035827, 0.55329657), (0.64035827, 0.55329657), (0.583816, 0.5804826), (0.59208035, 0.52542925), (0.3305031, 0.56215787), (0.3709636, 0.5141418), (0.40464255, 0.556368), (0.15091051, 0.48631677), (0.19171353, 0.53955626), (0.13564374, 0.5505524), (0.90454316, 0.56373435), (0.8531886, 0.5220356), (0.91718817, 0.4943433), (0.49617416, 0.47346613), (0.5338444, 0.5361483), (0.47239193, 0.54388136), (0.04119636, 0.52391934), (0.09570499, 0.50670195), (0.08712204, 0.5602644), (0.95769936, 0.55671793), (0.9959872, 0.49132907), (0.9983811, 0.5550002), (0.3210954, 0.4947982), (0.3709636, 0.5141418), (0.3305031, 0.56215787), (0.09570499, 0.50670195), (0.09931971, 0.44486326), (0.15091051, 0.48631677), (0.04119636, 0.52391934), (0.0016772466, 0.555014), (0.0015828159, 0.50742894), (0.49617416, 0.47346613), (0.47239193, 0.54388136), (0.42643005, 0.49532595), (0.40464255, 0.556368), (0.42643005, 0.49532595), (0.47239193, 0.54388136), (0.3210954, 0.4947982), (0.3305031, 0.56215787), (0.25979492, 0.52913), (0.15091051, 0.48631677), (0.2103868, 0.47157127), (0.19171353, 0.53955626), (0.09570499, 0.50670195), (0.04119636, 0.52391934), (0.056381285, 0.47195864), (0.91718817, 0.4943433), (0.9959872, 0.49132907), (0.95769936, 0.55671793), (0.63360333, 0.49960005), (0.69058675, 0.49763623), (0.64035827, 0.55329657), (0.59208035, 0.52542925), (0.55398244, 0.48809174), (0.59882, 0.4675186), (0.59208035, 0.52542925), (0.5338444, 0.5361483), (0.55398244, 0.48809174), (0.5338444, 0.5361483), (0.49617416, 0.47346613), (0.55398244, 0.48809174), (0.3709636, 0.5141418), (0.42643005, 0.49532595), (0.40464255, 0.556368), (0.056381285, 0.47195864), (0.09931971, 0.44486326), (0.09570499, 0.50670195), (0.0015828159, 0.50742894), (0.0027419836, 0.4637001), (0.04119636, 0.52391934), (0.8004362, 0.48722863), (0.8531886, 0.5220356), (0.7983049, 0.5522997), (0.63360333, 0.49960005), (0.65334344, 0.44734624), (0.69058675, 0.49763623), (0.91718817, 0.4943433), (0.95769936, 0.55671793), (0.90454316, 0.56373435), (0.59882, 0.4675186), (0.65334344, 0.44734624), (0.63360333, 0.49960005), (0.59882, 0.4675186), (0.63360333, 0.49960005), (0.59208035, 0.52542925), (0.3709636, 0.5141418), (0.3210954, 0.4947982), (0.37698105, 0.46301872), (0.25979492, 0.52913), (0.19171353, 0.53955626), (0.2103868, 0.47157127), (0.9506596, 0.44292286), (0.9976354, 0.4134368), (0.9959872, 0.49132907), (0.9959872, 0.49132907), (0.91718817, 0.4943433), (0.9506596, 0.44292286), (0.91718817, 0.4943433), (0.90497917, 0.4326522), (0.9506596, 0.44292286), (0.25979492, 0.52913), (0.2103868, 0.47157127), (0.2683539, 0.4565321), (0.8531886, 0.5220356), (0.85746926, 0.45567593), (0.91718817, 0.4943433), (0.2683539, 0.4565321), (0.3210954, 0.4947982), (0.25979492, 0.52913), (0.056381285, 0.47195864), (0.04119636, 0.52391934), (0.0027419836, 0.4637001), (0.7451052, 0.52686983), (0.754384, 0.45649907), (0.8004362, 0.48722863), (0.3210954, 0.4947982), (0.2683539, 0.4565321), (0.31879723, 0.43392208), (0.22383033, 0.40821093), (0.2683539, 0.4565321), (0.2103868, 0.47157127), (0.15091051, 0.48631677), (0.15982622, 0.4148931), (0.2103868, 0.47157127), (0.91718817, 0.4943433), (0.85746926, 0.45567593), (0.90497917, 0.4326522), (0.754384, 0.45649907), (0.7659585, 0.39079908), (0.8097219, 0.42335978), (0.55062985, 0.4307557), (0.59882, 0.4675186), (0.55398244, 0.48809174), (0.55398244, 0.48809174), (0.49617416, 0.47346613), (0.55062985, 0.4307557), (0.37698105, 0.46301872), (0.43299425, 0.42681316), (0.42643005, 0.49532595), (0.37698105, 0.46301872), (0.42643005, 0.49532595), (0.3709636, 0.5141418), (0.15982622, 0.4148931), (0.22383033, 0.40821093), (0.2103868, 0.47157127), (0.0027419836, 0.4637001), (0.0021951667, 0.40686357), (0.04964479, 0.41736737), (0.69058675, 0.49763623), (0.7096346, 0.4216541), (0.754384, 0.45649907), (0.37698105, 0.46301872), (0.3210954, 0.4947982), (0.31879723, 0.43392208), (0.31879723, 0.43392208), (0.36930132, 0.40940955), (0.37698105, 0.46301872), (0.754384, 0.45649907), (0.7451052, 0.52686983), (0.69058675, 0.49763623), (0.65334344, 0.44734624), (0.7096346, 0.4216541), (0.69058675, 0.49763623), (0.43299425, 0.42681316), (0.49617416, 0.47346613), (0.42643005, 0.49532595), (0.36930132, 0.40940955), (0.31879723, 0.43392208), (0.32506743, 0.38422742), (0.8004362, 0.48722863), (0.85746926, 0.45567593), (0.8531886, 0.5220356), (0.5026001, 0.4008037), (0.55062985, 0.4307557), (0.49617416, 0.47346613), (0.37698105, 0.46301872), (0.36930132, 0.40940955), (0.43299425, 0.42681316), (0.15982622, 0.4148931), (0.19194487, 0.3680456), (0.22383033, 0.40821093), (0.04964479, 0.41736737), (0.09931971, 0.44486326), (0.056381285, 0.47195864), (0.7659585, 0.39079908), (0.754384, 0.45649907), (0.7096346, 0.4216541), (0.59882, 0.4675186), (0.6100767, 0.40747008), (0.65334344, 0.44734624), (0.43299425, 0.42681316), (0.5026001, 0.4008037), (0.49617416, 0.47346613), (0.85746926, 0.45567593), (0.8097219, 0.42335978), (0.86868805, 0.3932097), (0.36930132, 0.40940955), (0.41165978, 0.37303823), (0.43299425, 0.42681316), (0.04964479, 0.41736737), (0.056381285, 0.47195864), (0.0027419836, 0.4637001), (0.85746926, 0.45567593), (0.8004362, 0.48722863), (0.8097219, 0.42335978), (0.8097219, 0.42335978), (0.8004362, 0.48722863), (0.754384, 0.45649907), (0.7096346, 0.4216541), (0.65334344, 0.44734624), (0.6664975, 0.3828385), (0.6100767, 0.40747008), (0.59882, 0.4675186), (0.55062985, 0.4307557), (0.41165978, 0.37303823), (0.36930132, 0.40940955), (0.3653572, 0.3429895), (0.31879723, 0.43392208), (0.2683539, 0.4565321), (0.276708, 0.39318237), (0.93676144, 0.37933955), (0.86868805, 0.3932097), (0.88646525, 0.33311746), (0.6664975, 0.3828385), (0.65334344, 0.44734624), (0.6100767, 0.40747008), (0.6100767, 0.40747008), (0.62702155, 0.3577567), (0.6664975, 0.3828385), (0.32506743, 0.38422742), (0.31879723, 0.43392208), (0.276708, 0.39318237), (0.09931971, 0.44486326), (0.09972661, 0.37923196), (0.15982622, 0.4148931), (0.55062985, 0.4307557), (0.5026001, 0.4008037), (0.5618845, 0.35708392), (0.5618845, 0.35708392), (0.6100767, 0.40747008), (0.55062985, 0.4307557), (0.09931971, 0.44486326), (0.04964479, 0.41736737), (0.09972661, 0.37923196), (0.93676144, 0.37933955), (0.9506596, 0.44292286), (0.90497917, 0.4326522), (0.86868805, 0.3932097), (0.90497917, 0.4326522), (0.85746926, 0.45567593), (0.72742105, 0.34830636), (0.7748357, 0.3476055), (0.7659585, 0.39079908), (0.7096346, 0.4216541), (0.72742105, 0.34830636), (0.7659585, 0.39079908), (0.32506743, 0.38422742), (0.3653572, 0.3429895), (0.36930132, 0.40940955), (0.23887411, 0.35090104), (0.276708, 0.39318237), (0.22383033, 0.40821093), (0.19194487, 0.3680456), (0.23887411, 0.35090104), (0.22383033, 0.40821093), (0.15982622, 0.4148931), (0.15091051, 0.48631677), (0.09931971, 0.44486326), (0.09972661, 0.37923196), (0.04964479, 0.41736737), (0.043593924, 0.3540816), (0.86868805, 0.3932097), (0.8097219, 0.42335978), (0.8191791, 0.35523245), (0.5026001, 0.4008037), (0.43299425, 0.42681316), (0.45796242, 0.37558514), (0.41165978, 0.37303823), (0.45796242, 0.37558514), (0.43299425, 0.42681316), (0.3653572, 0.3429895), (0.44327736, 0.32674515), (0.41165978, 0.37303823), (0.276708, 0.39318237), (0.2683539, 0.4565321), (0.22383033, 0.40821093), (0.8097219, 0.42335978), (0.7659585, 0.39079908), (0.8191791, 0.35523245), (0.49830672, 0.3500177), (0.45796242, 0.37558514), (0.44327736, 0.32674515), (0.043593924, 0.3540816), (0.04964479, 0.41736737), (0.0021951667, 0.40686357), (0.88646525, 0.33311746), (0.86868805, 0.3932097), (0.8191791, 0.35523245), (0.6664975, 0.3828385), (0.72742105, 0.34830636), (0.7096346, 0.4216541), (0.32506743, 0.38422742), (0.276708, 0.39318237), (0.29603475, 0.3369911), (0.043593924, 0.3540816), (0.0021951667, 0.40686357), (0.00081720867, 0.364297), (0.8191791, 0.35523245), (0.7659585, 0.39079908), (0.7748357, 0.3476055), (0.72742105, 0.34830636), (0.6664975, 0.3828385), (0.6669817, 0.3202595), (0.6664975, 0.3828385), (0.62702155, 0.3577567), (0.6669817, 0.3202595), (0.45796242, 0.37558514), (0.41165978, 0.37303823), (0.44327736, 0.32674515), (0.3653572, 0.3429895), (0.32506743, 0.38422742), (0.29603475, 0.3369911), (0.19194487, 0.3680456), (0.19440302, 0.31352606), (0.23887411, 0.35090104), (0.15982622, 0.4148931), (0.09972661, 0.37923196), (0.14854133, 0.34487906), (0.046445224, 0.2915773), (0.043593924, 0.3540816), (0.00231774, 0.32247078), (0.00081720867, 0.364297), (0.00231774, 0.32247078), (0.043593924, 0.3540816), (0.9506596, 0.44292286), (0.93676144, 0.37933955), (0.9976354, 0.4134368), (0.62702155, 0.3577567), (0.6100767, 0.40747008), (0.5618845, 0.35708392), (0.5119458, 0.3004918), (0.5618845, 0.35708392), (0.49830672, 0.3500177), (0.23887411, 0.35090104), (0.29603475, 0.3369911), (0.276708, 0.39318237), (0.99805105, 0.3493443), (0.9976354, 0.4134368), (0.93676144, 0.37933955), (0.93676144, 0.37933955), (0.95198816, 0.30374917), (0.99805105, 0.3493443), (0.14854133, 0.34487906), (0.19440302, 0.31352606), (0.19194487, 0.3680456), (0.6161332, 0.3145874), (0.6669817, 0.3202595), (0.62702155, 0.3577567), (0.5618845, 0.35708392), (0.6161332, 0.3145874), (0.62702155, 0.3577567), (0.5119458, 0.3004918), (0.57487375, 0.2815499), (0.5618845, 0.35708392), (0.19194487, 0.3680456), (0.15982622, 0.4148931), (0.14854133, 0.34487906), (0.780921, 0.28981224), (0.8191791, 0.35523245), (0.7748357, 0.3476055), (0.57487375, 0.2815499), (0.6161332, 0.3145874), (0.5618845, 0.35708392), (0.44327736, 0.32674515), (0.5119458, 0.3004918), (0.49830672, 0.3500177), (0.23887411, 0.35090104), (0.19440302, 0.31352606), (0.25354388, 0.28022358), (0.95198816, 0.30374917), (0.93676144, 0.37933955), (0.88646525, 0.33311746), (0.84588945, 0.30050582), (0.88646525, 0.33311746), (0.8191791, 0.35523245), (0.780921, 0.28981224), (0.84588945, 0.30050582), (0.8191791, 0.35523245), (0.72742105, 0.34830636), (0.780921, 0.28981224), (0.7748357, 0.3476055), (0.29603475, 0.3369911), (0.23887411, 0.35090104), (0.25354388, 0.28022358), (0.097561255, 0.31504464), (0.14732926, 0.28324208), (0.14854133, 0.34487906), (0.6161332, 0.3145874), (0.57487375, 0.2815499), (0.64436746, 0.25595483), (0.44327736, 0.32674515), (0.3653572, 0.3429895), (0.39476258, 0.26881495), (0.09972661, 0.37923196), (0.097561255, 0.31504464), (0.14854133, 0.34487906), (0.95198816, 0.30374917), (0.99903244, 0.30300558), (0.99805105, 0.3493443), (0.84588945, 0.30050582), (0.8955659, 0.2718493), (0.88646525, 0.33311746), (0.46192494, 0.25709322), (0.5119458, 0.3004918), (0.44327736, 0.32674515), (0.39476258, 0.26881495), (0.3653572, 0.3429895), (0.32880542, 0.27961084), (0.32880542, 0.27961084), (0.3653572, 0.3429895), (0.29603475, 0.3369911), (0.09972661, 0.37923196), (0.043593924, 0.3540816), (0.097561255, 0.31504464), (0.046445224, 0.2915773), (0.00231774, 0.32247078), (0.0016005589, 0.27909076), (0.95198816, 0.30374917), (0.9985201, 0.25753254), (0.99903244, 0.30300558), (0.6669817, 0.3202595), (0.71829677, 0.26979938), (0.72742105, 0.34830636), (0.14732926, 0.28324208), (0.19440302, 0.31352606), (0.14854133, 0.34487906), (0.780921, 0.28981224), (0.72742105, 0.34830636), (0.71829677, 0.26979938), (0.19537774, 0.2595242), (0.25354388, 0.28022358), (0.19440302, 0.31352606), (0.14732926, 0.28324208), (0.19537774, 0.2595242), (0.19440302, 0.31352606), (0.046445224, 0.2915773), (0.097561255, 0.31504464), (0.043593924, 0.3540816), (0.9492914, 0.24034342), (0.9985201, 0.25753254), (0.95198816, 0.30374917), (0.8955659, 0.2718493), (0.95198816, 0.30374917), (0.88646525, 0.33311746), (0.780921, 0.28981224), (0.838941, 0.24391375), (0.84588945, 0.30050582), (0.71829677, 0.26979938), (0.6669817, 0.3202595), (0.64436746, 0.25595483), (0.6669817, 0.3202595), (0.6161332, 0.3145874), (0.64436746, 0.25595483), (0.44327736, 0.32674515), (0.39476258, 0.26881495), (0.46192494, 0.25709322), (0.097561255, 0.31504464), (0.10139219, 0.2457094), (0.14732926, 0.28324208), (0.71829677, 0.26979938), (0.7727426, 0.21366832), (0.780921, 0.28981224), (0.5858905, 0.21517073), (0.64436746, 0.25595483), (0.57487375, 0.2815499), (0.46192494, 0.25709322), (0.5274698, 0.23775896), (0.5119458, 0.3004918), (0.046445224, 0.2915773), (0.10139219, 0.2457094), (0.097561255, 0.31504464), (0.046445224, 0.2915773), (0.033453517, 0.23203048), (0.10139219, 0.2457094), (0.0016005589, 0.27909076), (0.00068312424, 0.23855124), (0.033453517, 0.23203048), (0.033453517, 0.23203048), (0.046445224, 0.2915773), (0.0016005589, 0.27909076), (0.84588945, 0.30050582), (0.838941, 0.24391375), (0.8955659, 0.2718493), (0.7727426, 0.21366832), (0.838941, 0.24391375), (0.780921, 0.28981224), (0.64436746, 0.25595483), (0.69991773, 0.20552853), (0.71829677, 0.26979938), (0.5119458, 0.3004918), (0.5274698, 0.23775896), (0.57487375, 0.2815499), (0.25354388, 0.28022358), (0.32880542, 0.27961084), (0.29603475, 0.3369911), (0.9492914, 0.24034342), (0.99902385, 0.21318974), (0.9985201, 0.25753254), (0.95198816, 0.30374917), (0.8955659, 0.2718493), (0.9492914, 0.24034342), (0.8962604, 0.21101557), (0.9492914, 0.24034342), (0.8955659, 0.2718493), (0.19537774, 0.2595242), (0.14732926, 0.28324208), (0.16007303, 0.21995364), (0.10139219, 0.2457094), (0.16007303, 0.21995364), (0.14732926, 0.28324208), (0.69991773, 0.20552853), (0.7727426, 0.21366832), (0.71829677, 0.26979938), (0.8955659, 0.2718493), (0.838941, 0.24391375), (0.8962604, 0.21101557), (0.32880542, 0.27961084), (0.35643724, 0.2062069), (0.39476258, 0.26881495), (0.29079595, 0.2269883), (0.32880542, 0.27961084), (0.25354388, 0.28022358), (0.19537774, 0.2595242), (0.22815281, 0.20457211), (0.25354388, 0.28022358), (0.00068312424, 0.23855124), (0.0009889225, 0.1952329), (0.033453517, 0.23203048), (0.5274698, 0.23775896), (0.5858905, 0.21517073), (0.57487375, 0.2815499), (0.42303672, 0.21451646), (0.46192494, 0.25709322), (0.39476258, 0.26881495), (0.39476258, 0.26881495), (0.35643724, 0.2062069), (0.42303672, 0.21451646), (0.10139219, 0.2457094), (0.08024328, 0.19422653), (0.12736773, 0.1859922), (0.35643724, 0.2062069), (0.32880542, 0.27961084), (0.29079595, 0.2269883), (0.22815281, 0.20457211), (0.29079595, 0.2269883), (0.25354388, 0.28022358), (0.10139219, 0.2457094), (0.033453517, 0.23203048), (0.08024328, 0.19422653), (0.46192494, 0.25709322), (0.4797291, 0.18395206), (0.5274698, 0.23775896), (0.12736773, 0.1859922), (0.16007303, 0.21995364), (0.10139219, 0.2457094), (0.83966345, 0.17767256), (0.8962604, 0.21101557), (0.838941, 0.24391375), (0.5412594, 0.1838104), (0.5858905, 0.21517073), (0.5274698, 0.23775896), (0.16007303, 0.21995364), (0.22815281, 0.20457211), (0.19537774, 0.2595242), (0.9492914, 0.24034342), (0.95114326, 0.18352099), (0.99902385, 0.21318974), (0.63990414, 0.18367206), (0.69991773, 0.20552853), (0.64436746, 0.25595483), (0.4797291, 0.18395206), (0.46192494, 0.25709322), (0.42303672, 0.21451646), (0.08024328, 0.19422653), (0.10372013, 0.13117455), (0.12736773, 0.1859922), (0.838941, 0.24391375), (0.7727426, 0.21366832), (0.83966345, 0.17767256), (0.64436746, 0.25595483), (0.5858905, 0.21517073), (0.63990414, 0.18367206), (0.0009889225, 0.1952329), (0.0011824281, 0.14608546), (0.037805308, 0.1617804), (0.95114326, 0.18352099), (0.99851245, 0.16616826), (0.99902385, 0.21318974), (0.73788214, 0.15387134), (0.7727426, 0.21366832), (0.69991773, 0.20552853), (0.68512017, 0.15353687), (0.73788214, 0.15387134), (0.69991773, 0.20552853), (0.63990414, 0.18367206), (0.68512017, 0.15353687), (0.69991773, 0.20552853), (0.033453517, 0.23203048), (0.037805308, 0.1617804), (0.08024328, 0.19422653), (0.5412594, 0.1838104), (0.5274698, 0.23775896), (0.4797291, 0.18395206), (0.35643724, 0.2062069), (0.29079595, 0.2269883), (0.29348743, 0.167748), (0.29348743, 0.167748), (0.22815281, 0.20457211), (0.24292591, 0.13755697), (0.037805308, 0.1617804), (0.033453517, 0.23203048), (0.0009889225, 0.1952329), (0.8962604, 0.21101557), (0.95114326, 0.18352099), (0.9492914, 0.24034342), (0.8962604, 0.21101557), (0.83966345, 0.17767256), (0.90091705, 0.14753103), (0.7727426, 0.21366832), (0.7919852, 0.1501385), (0.83966345, 0.17767256), (0.63990414, 0.18367206), (0.6334071, 0.114084594), (0.68512017, 0.15353687), (0.4797291, 0.18395206), (0.42303672, 0.21451646), (0.414078, 0.15773451), (0.42303672, 0.21451646), (0.35643724, 0.2062069), (0.414078, 0.15773451), (0.35643724, 0.2062069), (0.29348743, 0.167748), (0.3532171, 0.12906468), (0.17782514, 0.14606626), (0.22815281, 0.20457211), (0.16007303, 0.21995364), (0.16007303, 0.21995364), (0.12736773, 0.1859922), (0.17782514, 0.14606626), (0.10372013, 0.13117455), (0.08024328, 0.19422653), (0.037805308, 0.1617804), (0.9631548, 0.12760225), (0.999474, 0.11309969), (0.99851245, 0.16616826), (0.9631548, 0.12760225), (0.99851245, 0.16616826), (0.95114326, 0.18352099), (0.90091705, 0.14753103), (0.95114326, 0.18352099), (0.8962604, 0.21101557), (0.63990414, 0.18367206), (0.5858905, 0.21517073), (0.5818294, 0.15400381), (0.5412594, 0.1838104), (0.5818294, 0.15400381), (0.5858905, 0.21517073), (0.4797291, 0.18395206), (0.5194035, 0.13328607), (0.5412594, 0.1838104), (0.17782514, 0.14606626), (0.24292591, 0.13755697), (0.22815281, 0.20457211), (0.17782514, 0.14606626), (0.12736773, 0.1859922), (0.10372013, 0.13117455), (0.9631548, 0.12760225), (0.95114326, 0.18352099), (0.90091705, 0.14753103), (0.90091705, 0.14753103), (0.9194876, 0.08535032), (0.9631548, 0.12760225), (0.7919852, 0.1501385), (0.7727426, 0.21366832), (0.73788214, 0.15387134), (0.7051908, 0.096848056), (0.73788214, 0.15387134), (0.68512017, 0.15353687), (0.68512017, 0.15353687), (0.6334071, 0.114084594), (0.7051908, 0.096848056), (0.5194035, 0.13328607), (0.5818294, 0.15400381), (0.5412594, 0.1838104), (0.46380192, 0.12657462), (0.5194035, 0.13328607), (0.4797291, 0.18395206), (0.4797291, 0.18395206), (0.414078, 0.15773451), (0.46380192, 0.12657462), (0.3532171, 0.12906468), (0.414078, 0.15773451), (0.35643724, 0.2062069), (0.83966345, 0.17767256), (0.8415955, 0.105871014), (0.90091705, 0.14753103), (0.83966345, 0.17767256), (0.7919852, 0.1501385), (0.8415955, 0.105871014), (0.73788214, 0.15387134), (0.77155757, 0.09995342), (0.7919852, 0.1501385), (0.5818294, 0.15400381), (0.6334071, 0.114084594), (0.63990414, 0.18367206), (0.46380192, 0.12657462), (0.414078, 0.15773451), (0.41377917, 0.09584495), (0.46380192, 0.12657462), (0.48506233, 0.06734939), (0.5194035, 0.13328607), (0.2930857, 0.10021649), (0.3532171, 0.12906468), (0.29348743, 0.167748), (0.24292591, 0.13755697), (0.2930857, 0.10021649), (0.29348743, 0.167748), (0.042584915, 0.09215989), (0.10372013, 0.13117455), (0.037805308, 0.1617804), (0.037805308, 0.1617804), (0.0011824281, 0.14608546), (0.0014511527, 0.11061253), (0.9958773, 0.07216998), (0.999474, 0.11309969), (0.9631548, 0.12760225), (0.7919852, 0.1501385), (0.77155757, 0.09995342), (0.8415955, 0.105871014), (0.7051908, 0.096848056), (0.77155757, 0.09995342), (0.73788214, 0.15387134), (0.3532171, 0.12906468), (0.41377917, 0.09584495), (0.414078, 0.15773451), (0.042584915, 0.09215989), (0.091593504, 0.05398657), (0.10372013, 0.13117455), (0.0014511527, 0.11061253), (0.042584915, 0.09215989), (0.037805308, 0.1617804), (0.5818294, 0.15400381), (0.5194035, 0.13328607), (0.5613961, 0.09343972), (0.10372013, 0.13117455), (0.15943536, 0.06659685), (0.17782514, 0.14606626), (0.9194876, 0.08535032), (0.9958773, 0.07216998), (0.9631548, 0.12760225), (0.6553356, 0.050880652), (0.7051908, 0.096848056), (0.6334071, 0.114084594), (0.5613961, 0.09343972), (0.6334071, 0.114084594), (0.5818294, 0.15400381), (0.46380192, 0.12657462), (0.41377917, 0.09584495), (0.48506233, 0.06734939), (0.3532171, 0.12906468), (0.2930857, 0.10021649), (0.35562056, 0.058443673), (0.9194876, 0.08535032), (0.90091705, 0.14753103), (0.8415955, 0.105871014), (0.5613961, 0.09343972), (0.5194035, 0.13328607), (0.48506233, 0.06734939), (0.3532171, 0.12906468), (0.35562056, 0.058443673), (0.41377917, 0.09584495), (0.22890396, 0.07100033), (0.2930857, 0.10021649), (0.24292591, 0.13755697), (0.10372013, 0.13117455), (0.091593504, 0.05398657), (0.15943536, 0.06659685), (0.22890396, 0.07100033), (0.2881753, 0.037988935), (0.2930857, 0.10021649), (0.042584915, 0.09215989), (0.0014511527, 0.11061253), (0, 0.051659048), (0.7051908, 0.096848056), (0.7450963, 0.046917334), (0.77155757, 0.09995342), (0.6021357, 0.05227106), (0.6553356, 0.050880652), (0.6334071, 0.114084594), (0.6021357, 0.05227106), (0.6334071, 0.114084594), (0.5613961, 0.09343972), (0.41827092, 0.04554327), (0.48506233, 0.06734939), (0.41377917, 0.09584495), (0.9194876, 0.08535032), (0.9444106, 0.032880235), (0.9958773, 0.07216998), (0.8415955, 0.105871014), (0.86963814, 0.03845079), (0.9194876, 0.08535032), (0.8016513, 0.042974878), (0.86963814, 0.03845079), (0.8415955, 0.105871014), (0.8016513, 0.042974878), (0.8415955, 0.105871014), (0.77155757, 0.09995342), (0.22890396, 0.07100033), (0.2378032, 0.0045529623), (0.2881753, 0.037988935), (0.03689986, 0.04129816), (0.091593504, 0.05398657), (0.042584915, 0.09215989), (0.9444106, 0.032880235), (0.99647546, 0.0036019234), (0.9958773, 0.07216998), (0.7051908, 0.096848056), (0.6553356, 0.050880652), (0.7001485, 0.035626747), (0.20112246, 0.0045495913), (0.22890396, 0.07100033), (0.15943536, 0.06659685), (0.091593504, 0.05398657), (0.13261434, 0.028323784), (0.15943536, 0.06659685), (0.9444106, 0.032880235), (0.9194876, 0.08535032), (0.86963814, 0.03845079), (0.7450963, 0.046917334), (0.8016513, 0.042974878), (0.77155757, 0.09995342), (0.48506233, 0.06734939), (0.54695135, 0.04410336), (0.5613961, 0.09343972), (0.35562056, 0.058443673), (0.2930857, 0.10021649), (0.2881753, 0.037988935), (0.2378032, 0.0045529623), (0.22890396, 0.07100033), (0.20112246, 0.0045495913), (0.54695135, 0.04410336), (0.6021357, 0.05227106), (0.5613961, 0.09343972), (0.35562056, 0.058443673), (0.41827092, 0.04554327), (0.41377917, 0.09584495), (0, 0.051659048), (0.03689986, 0.04129816), (0.042584915, 0.09215989), (0.7450963, 0.046917334), (0.7051908, 0.096848056), (0.7001485, 0.035626747), (0.28043994, 0.00091994466), (0.2881753, 0.037988935), (0.2378032, 0.0045529623), (0.9993608, 0.054183055), (0.9958773, 0.07216998), (0.99647546, 0.0036019234), (0.7450963, 0.046917334), (0.7656243, 0.0028669196), (0.8016513, 0.042974878), (0.7001485, 0.035626747), (0.7247539, 0.0017139645), (0.7450963, 0.046917334), (0.15943536, 0.06659685), (0.13261434, 0.028323784), (0.16517067, 0.0016972275), (0.091593504, 0.05398657), (0.06110564, 0.0022090569), (0.10533248, 0.0016978224), (0.48506233, 0.06734939), (0.5165886, 0.0024104968), (0.54695135, 0.04410336), (0.03689986, 0.04129816), (0.06110564, 0.0022090569), (0.091593504, 0.05398657), (0.99647546, 0.0036019234), (1, 0.01077178), (0.9993608, 0.054183055), (0.9344093, 0.0012517513), (0.96073055, 0.0011920214), (0.9444106, 0.032880235), (0.9444106, 0.032880235), (0.86963814, 0.03845079), (0.9055544, 0.0015366387), (0.86963814, 0.03845079), (0.8016513, 0.042974878), (0.8206956, 0.0018222004), (0.7908424, 0.0010861256), (0.8206956, 0.0018222004), (0.8016513, 0.042974878), (0.67764723, 0.0019332124), (0.7247539, 0.0017139645), (0.7001485, 0.035626747), (0.7001485, 0.035626747), (0.6553356, 0.050880652), (0.67764723, 0.0019332124), (0.6553356, 0.050880652), (0.6021357, 0.05227106), (0.63103026, 0.001976007), (0.5165886, 0.0024104968), (0.5799932, 0.002943228), (0.54695135, 0.04410336), (0.48506233, 0.06734939), (0.41827092, 0.04554327), (0.4491021, 0.0027265183), (0.4491021, 0.0027265183), (0.41827092, 0.04554327), (0.38772643, 0.0028465337), (0.38772643, 0.0028465337), (0.41827092, 0.04554327), (0.35562056, 0.058443673), (0.2881753, 0.037988935), (0.32981205, 0.0022491943), (0.35562056, 0.058443673), (0.03689986, 0.04129816), (0, 0.051659048), (0.0097172335, 0.0022933374), (0.96073055, 0.0011920214), (0.99647546, 0.0036019234), (0.9444106, 0.032880235), (0.9344093, 0.0012517513), (0.9444106, 0.032880235), (0.9055544, 0.0015366387), (0.8654667, 0.0014224934), (0.9055544, 0.0015366387), (0.86963814, 0.03845079), (0.8654667, 0.0014224934), (0.86963814, 0.03845079), (0.8206956, 0.0018222004), (0.8016513, 0.042974878), (0.7656243, 0.0028669196), (0.7908424, 0.0010861256), (0.7247539, 0.0017139645), (0.7656243, 0.0028669196), (0.7450963, 0.046917334), (0.63103026, 0.001976007), (0.67764723, 0.0019332124), (0.6553356, 0.050880652), (0.5799932, 0.002943228), (0.63103026, 0.001976007), (0.6021357, 0.05227106), (0.6021357, 0.05227106), (0.54695135, 0.04410336), (0.5799932, 0.002943228), (0.4491021, 0.0027265183), (0.5165886, 0.0024104968), (0.48506233, 0.06734939), (0.38772643, 0.0028465337), (0.35562056, 0.058443673), (0.32981205, 0.0022491943), (0.28043994, 0.00091994466), (0.32981205, 0.0022491943), (0.2881753, 0.037988935), (0.20112246, 0.0045495913), (0.15943536, 0.06659685), (0.16517067, 0.0016972275), (0.13701808, 0.0012790384), (0.16517067, 0.0016972275), (0.13261434, 0.028323784), (0.10533248, 0.0016978224), (0.13701808, 0.0012790384), (0.13261434, 0.028323784), (0.10533248, 0.0016978224), (0.13261434, 0.028323784), (0.091593504, 0.05398657), (0.0097172335, 0.0022933374), (0.06110564, 0.0022090569), (0.03689986, 0.04129816), (0.22815281, 0.20457211), (0.29348743, 0.167748), (0.29079595, 0.2269883), (0.5338444, 0.5361483), (0.51840353, 0.60384446), (0.47239193, 0.54388136), (0.4496892, 0.606283), (0.47239193, 0.54388136), (0.51840353, 0.60384446), (0.93676144, 0.37933955), (0.90497917, 0.4326522), (0.86868805, 0.3932097), (0.7384299, 0.8986373), (0.74694824, 0.9550035), (0.6856086, 0.9561156), (0.96375656, 0.99904454), (0.93188846, 0.9983087), (0.99249655, 0.9982318), (0.84304255, 0.99930215), (0.8312665, 0.9989765), (0.87610954, 0.99835414), (0.78934246, 0.99941564), (0.79610175, 0.9917683), (0.8312665, 0.9989765), (0.78934246, 0.99941564), (0.7500895, 0.9979688), (0.79610175, 0.9917683), (0.71277666, 0.998716), (0.7097288, 0.9982079), (0.7500895, 0.9979688), (0.5072823, 0.99814767), (0.47922495, 1), (0.5275988, 0.9991829), (0.47922495, 1), (0.42660525, 0.99819785), (0.5021154, 0.9937733), (0.38709387, 0.99907714), (0.35089102, 0.9971034), (0.42660525, 0.99819785), (0.2985109, 0.99890655), (0.28944963, 0.9984033), (0.35089102, 0.9971034), (0.2985109, 0.99890655), (0.2716741, 0.9985055), (0.2523501, 0.9986021), (0.2069767, 0.9986038), (0.21061864, 0.9984936), (0.2523501, 0.9986021), (0.2069767, 0.9986038), (0.16355963, 0.99850017), (0.21061864, 0.9984936), (0.11263809, 0.9990389), (0.07768829, 0.9990908), (0.11191004, 0.9948837), (0.06102931, 0.99936837), (0.03983317, 0.99915636), (0.07768829, 0.9990908), (0.0005759916, 0.95149237), (0.0020382188, 0.9430684), (0.0017911668, 0.9966733), (0.0005759916, 0.95149237), (0.0007843425, 0.9018952), (0.0020382188, 0.9430684), (0.00046901777, 0.82650584), (0.0011836189, 0.80501586), (0.0012154133, 0.8508708), (0.00064609025, 0.66717005), (0.0020683857, 0.638253), (0.0026056366, 0.6842722), (0.0009402981, 0.62608594), (0.0009904705, 0.5926684), (0.0020683857, 0.638253), (0.00045579986, 0.5484986), (0.0016772466, 0.555014), (0.0009904705, 0.5926684), (0.00045579986, 0.5484986), (0.0015828159, 0.50742894), (0.0016772466, 0.555014), (0.0008158194, 0.4552822), (0.0027419836, 0.4637001), (0.0015828159, 0.50742894), (0.0008158194, 0.4552822), (0.0021951667, 0.40686357), (0.0027419836, 0.4637001), (0.00016623616, 0.40475598), (0.00081720867, 0.364297), (0.0021951667, 0.40686357), (0.0021095877, 0.33834362), (0.00231774, 0.32247078), (0.00081720867, 0.364297), (0.00055689906, 0.100428686), (0, 0.051659048), (0.0014511527, 0.11061253), (0.04387011, 0.00085561397), (0.06110564, 0.0022090569), (0.0097172335, 0.0022933374), (0.076755136, 0.0012063391), (0.10533248, 0.0016978224), (0.06110564, 0.0022090569), (0.1998756, 0.0010381751), (0.20112246, 0.0045495913), (0.16517067, 0.0016972275), (0.24528317, 0.0037649313), (0.28043994, 0.00091994466), (0.2378032, 0.0045529623), (0.32981205, 0.0022491943), (0.28043994, 0.00091994466), (0.3154308, 0.0013539586), (0.36414418, 0.0011135316), (0.38772643, 0.0028465337), (0.32981205, 0.0022491943), (0.4193476, 0.0007568969), (0.4491021, 0.0027265183), (0.38772643, 0.0028465337), (0.48623574, 0.0009892726), (0.5165886, 0.0024104968), (0.4491021, 0.0027265183), (0.5496075, 0.00092458504), (0.5799932, 0.002943228), (0.5165886, 0.0024104968), (0.7164098, 0.0024282255), (0.7247539, 0.0017139645), (0.67764723, 0.0019332124), (0.75337535, 0.00090015365), (0.7656243, 0.0028669196), (0.7247539, 0.0017139645), (0.9131079, 0), (0.9344093, 0.0012517513), (0.9055544, 0.0015366387), (0.96073055, 0.0011920214), (0.9344093, 0.0012517513), (0.9131079, 0), (0.998542, 0.042021103), (0.9993608, 0.054183055), (1, 0.01077178), (0.9993608, 0.054183055), (0.999474, 0.11309969), (0.9958773, 0.07216998), (0.99824256, 0.15657355), (0.99851245, 0.16616826), (0.999474, 0.11309969), (0.9990669, 0.21060087), (0.99902385, 0.21318974), (0.99851245, 0.16616826), (0.99884886, 0.3251936), (0.99805105, 0.3493443), (0.99903244, 0.30300558), (0.9994823, 0.38843358), (0.9976354, 0.4134368), (0.99805105, 0.3493443), (0.99950653, 0.449067), (0.9959872, 0.49132907), (0.9976354, 0.4134368), (0.99945295, 0.5072583), (0.9983811, 0.5550002), (0.9959872, 0.49132907), (0.99855536, 0.6932463), (0.99816215, 0.687552), (0.9989402, 0.65892106), (0.99855536, 0.6932463), (0.99898654, 0.72750354), (0.99816215, 0.687552), (0.99855536, 0.6932463), (0.9988635, 0.74638695), (0.99898654, 0.72750354), (0.9991158, 0.7847815), (0.9986042, 0.80245554), (0.99857074, 0.76469004), (0.99964184, 0.89146686), (0.9950182, 0.8887283), (0.9990456, 0.8468496), (0.99964184, 0.89146686), (0.9988375, 0.92849326), (0.9950182, 0.8887283), (0.99628425, 0.9953751), (0.99249655, 0.9982318), (0.99992967, 0.9655065), (0.99890035, 0.64501965), (0.9989402, 0.65892106), (0.997919, 0.61177737), (0.99712116, 0.5468801), (0.9983811, 0.5550002), (0.99945295, 0.5072583), (0.99884886, 0.3251936), (0.9994823, 0.38843358), (0.99805105, 0.3493443), (0.99824256, 0.15657355), (0.9990669, 0.21060087), (0.99851245, 0.16616826), (0.9969495, 0.0014520808), (1, 0.01077178), (0.99647546, 0.0036019234), (0.9131079, 0), (0.9055544, 0.0015366387), (0.8654667, 0.0014224934), (0.820236, 0.0013983396), (0.8206956, 0.0018222004), (0.7908424, 0.0010861256), (0.5979309, 0.0011815111), (0.5799932, 0.002943228), (0.5496075, 0.00092458504), (0.46156856, 0.0020015093), (0.48623574, 0.0009892726), (0.4193476, 0.0007568969), (0.3830259, 0.004472093), (0.4193476, 0.0007568969), (0.36414418, 0.0011135316), (0.24528317, 0.0037649313), (0.3154308, 0.0013539586), (0.28043994, 0.00091994466), (0.0035861838, 0.0034939256), (0.0097172335, 0.0022933374), (0, 0.051659048), (0.0028821412, 0.059886154), (0, 0.051659048), (0.00055689906, 0.100428686), (0.00055689906, 0.100428686), (0.0014511527, 0.11061253), (0.0011824281, 0.14608546), (0.0021822662, 0.21685699), (0.0009889225, 0.1952329), (0.00068312424, 0.23855124), (0.0015394706, 0.26434496), (0.00068312424, 0.23855124), (0.0016005589, 0.27909076), (0.0035215232, 0.3841861), (0.0021095877, 0.33834362), (0.00081720867, 0.364297), (0.0018333212, 0.43745014), (0.0035215232, 0.3841861), (0.00016623616, 0.40475598), (0.0018333212, 0.43745014), (0.00016623616, 0.40475598), (0.0008158194, 0.4552822), (0.0011436476, 0.5906491), (0.00045579986, 0.5484986), (0.0009904705, 0.5926684), (0.0018575343, 0.6546265), (0.0009402981, 0.62608594), (0.00064609025, 0.66717005), (0.0018575343, 0.6546265), (0.00064609025, 0.66717005), (0.0017537358, 0.6966074), (0.0017537358, 0.6966074), (0.00064609025, 0.66717005), (0.0011953284, 0.7161889), (0.00064597116, 0.8675538), (0.0007843425, 0.9018952), (0.0026410036, 0.9262335), (0.0026410036, 0.9262335), (0.0007843425, 0.9018952), (0.0005759916, 0.95149237), (0.3391216, 0.9974897), (0.2985109, 0.99890655), (0.35089102, 0.9971034), (0.393973, 0.99822456), (0.3391216, 0.9974897), (0.38709387, 0.99907714), (0.44664407, 0.9987876), (0.393973, 0.99822456), (0.38709387, 0.99907714), (0.6054049, 0.99932265), (0.56206125, 0.99858797), (0.5745661, 0.9963745), (0.65030825, 0.9986709), (0.63402516, 0.99767166), (0.67333835, 0.99858725), (0.65030825, 0.9986709), (0.67333835, 0.99858725), (0.71277666, 0.998716), (0.78934246, 0.99941564), (0.8312665, 0.9989765), (0.84304255, 0.99930215), (0.9431287, 0.9980767), (0.93188846, 0.9983087), (0.96375656, 0.99904454), (0.9982249, 0.42454967), (0.99805987, 0.48342863), (0.99950653, 0.449067), (0.0008158194, 0.4552822), (0.0009575647, 0.49761692), (0.0018333212, 0.43745014), (0.3830259, 0.004472093), (0.46156856, 0.0020015093), (0.4193476, 0.0007568969), (0.3154308, 0.0013539586), (0.3830259, 0.004472093), (0.36414418, 0.0011135316), (0.99884886, 0.3251936), (0.9970043, 0.36920163), (0.9994823, 0.38843358), (0.99950653, 0.449067), (0.9994823, 0.38843358), (0.9982249, 0.42454967), (0.9970043, 0.36920163), (0.9982249, 0.42454967), (0.9994823, 0.38843358), (0.4193476, 0.0007568969), (0.38772643, 0.0028465337), (0.36414418, 0.0011135316), (0.48623574, 0.0009892726), (0.5393257, 0.0020734945), (0.5496075, 0.00092458504), (0.0009575647, 0.49761692), (0.0008158194, 0.4552822), (0.0015828159, 0.50742894), (0.48623574, 0.0009892726), (0.4491021, 0.0027265183), (0.4193476, 0.0007568969), (0.56206125, 0.99858797), (0.5072823, 0.99814767), (0.5275988, 0.9991829), (0.00016623616, 0.40475598), (0.0021951667, 0.40686357), (0.0008158194, 0.4552822), (0.99805987, 0.48342863), (0.99712116, 0.5468801), (0.99945295, 0.5072583), (0.99945295, 0.5072583), (0.99950653, 0.449067), (0.99805987, 0.48342863), (0.9994823, 0.38843358), (0.99950653, 0.449067), (0.9976354, 0.4134368), (0.99950653, 0.449067), (0.99945295, 0.5072583), (0.9959872, 0.49132907), (0.48623574, 0.0009892726), (0.46156856, 0.0020015093), (0.5393257, 0.0020734945), (0.00081720867, 0.364297), (0.00016623616, 0.40475598), (0.0035215232, 0.3841861), (0.56206125, 0.99858797), (0.5275988, 0.9991829), (0.5745661, 0.9963745), (0.997919, 0.61177737), (0.99926853, 0.606131), (0.99890035, 0.64501965), (0.00045579986, 0.5484986), (0.0009575647, 0.49761692), (0.0015828159, 0.50742894), (0.5496075, 0.00092458504), (0.5165886, 0.0024104968), (0.48623574, 0.0009892726), (0.47922495, 1), (0.5072823, 0.99814767), (0.44664407, 0.9987876), (0.44664407, 0.9987876), (0.42660525, 0.99819785), (0.47922495, 1), (0.44664407, 0.9987876), (0.38709387, 0.99907714), (0.42660525, 0.99819785), (0.35089102, 0.9971034), (0.38709387, 0.99907714), (0.3391216, 0.9974897), (0.5745661, 0.9963745), (0.5275988, 0.9991829), (0.5021154, 0.9937733), (0.0009402981, 0.62608594), (0.0011436476, 0.5906491), (0.0009904705, 0.5926684), (0.3391216, 0.9974897), (0.2716741, 0.9985055), (0.2985109, 0.99890655), (0.2716741, 0.9985055), (0.2069767, 0.9986038), (0.2523501, 0.9986021), (0.076755136, 0.0012063391), (0.06110564, 0.0022090569), (0.04387011, 0.00085561397), (0.07337084, 0.039658558), (0.11372117, 0.0014850394), (0.076755136, 0.0012063391), (0.16517067, 0.0016972275), (0.13701808, 0.0012790384), (0.15828417, 0.0024665385), (0.11372117, 0.0014850394), (0.15828417, 0.0024665385), (0.13701808, 0.0012790384), (0.00064597116, 0.8675538), (0.00046901777, 0.82650584), (0.0012154133, 0.8508708), (0.7908424, 0.0010861256), (0.7656243, 0.0028669196), (0.75337535, 0.00090015365), (0.99628425, 0.9953751), (0.9431287, 0.9980767), (0.96375656, 0.99904454), (0.77382845, 0.0021884728), (0.820236, 0.0013983396), (0.7908424, 0.0010861256), (0.9131079, 0), (0.9479851, 0.003982593), (0.96073055, 0.0011920214), (0.9479851, 0.003982593), (0.9969495, 0.0014520808), (0.96073055, 0.0011920214), (0.9969495, 0.0014520808), (0.998542, 0.042021103), (1, 0.01077178), (0.998542, 0.042021103), (0.9987348, 0.097260974), (0.9993608, 0.054183055), (0.9987348, 0.097260974), (0.99824256, 0.15657355), (0.999474, 0.11309969), (0.9990669, 0.21060087), (0.99807775, 0.21141581), (0.99802274, 0.2667656), (0.99824256, 0.15657355), (0.99807775, 0.21141581), (0.9990669, 0.21060087), (0.9985201, 0.25753254), (0.9990669, 0.21060087), (0.99802274, 0.2667656), (0.84304255, 0.99930215), (0.8878973, 0.9979172), (0.83273596, 0.99782044), (0.14404549, 0.998139), (0.11263809, 0.9990389), (0.16355963, 0.99850017), (0.06102931, 0.99936837), (0.07768829, 0.9990908), (0.11263809, 0.9990389), (0.0016631951, 0.16618079), (0.0011599219, 0.12044033), (0.0011824281, 0.14608546), (0.9991158, 0.7847815), (0.99901825, 0.8160754), (0.9986042, 0.80245554), (0.0011599219, 0.12044033), (0.0028821412, 0.059886154), (0.00055689906, 0.100428686), (0.99964184, 0.89146686), (0.9973625, 0.8568835), (0.9968267, 0.89796156), (0.9968267, 0.89796156), (0.999374, 0.9367806), (0.99964184, 0.89146686), (0.999374, 0.9367806), (0.99628425, 0.9953751), (0.99992967, 0.9655065), (0.0028821412, 0.059886154), (0.0035861838, 0.0034939256), (0, 0.051659048), (0.0017911668, 0.9966733), (0.03983317, 0.99915636), (0.0022704254, 0.9974743), (0.06102931, 0.99936837), (0.0022704254, 0.9974743), (0.03983317, 0.99915636), (0.0035861838, 0.0034939256), (0.04066161, 0.0023701217), (0.04387011, 0.00085561397), (0.0022704254, 0.9974743), (0.0026410036, 0.9262335), (0.0005759916, 0.95149237), (0.83273596, 0.99782044), (0.7853677, 0.9961374), (0.78934246, 0.99941564), (0.0015394706, 0.26434496), (0.0021822662, 0.21685699), (0.00068312424, 0.23855124), (0.5496075, 0.00092458504), (0.5393257, 0.0020734945), (0.5979309, 0.0011815111), (0.15828417, 0.0024665385), (0.1998756, 0.0010381751), (0.16517067, 0.0016972275), (0.0009475223, 0.79052293), (0.0015756313, 0.7439094), (0.0010784313, 0.7660012), (0.0010784313, 0.7660012), (0.0011836189, 0.80501586), (0.0009475223, 0.79052293), (0.99802274, 0.2667656), (0.99884886, 0.3251936), (0.99903244, 0.30300558), (0.5979309, 0.0011815111), (0.6526945, 0.0022029094), (0.63103026, 0.001976007), (0.0015756313, 0.7439094), (0.0017537358, 0.6966074), (0.0011953284, 0.7161889), (0.6526945, 0.0022029094), (0.7164098, 0.0024282255), (0.67764723, 0.0019332124), (0.9988635, 0.74638695), (0.9991158, 0.7847815), (0.99857074, 0.76469004), (0.99647546, 0.0036019234), (0.96073055, 0.0011920214), (0.9969495, 0.0014520808), (0.99964184, 0.89146686), (0.999374, 0.9367806), (0.9988375, 0.92849326), (0.84304255, 0.99930215), (0.83273596, 0.99782044), (0.78934246, 0.99941564), (0.00046901777, 0.82650584), (0.0009475223, 0.79052293), (0.0011836189, 0.80501586), (0.99901825, 0.8160754), (0.9990456, 0.8468496), (0.9986042, 0.80245554), (0.99901825, 0.8160754), (0.9973625, 0.8568835), (0.9990456, 0.8468496), (0.076755136, 0.0012063391), (0.11372117, 0.0014850394), (0.10533248, 0.0016978224), (0.13701808, 0.0012790384), (0.10533248, 0.0016978224), (0.11372117, 0.0014850394), (0.8733714, 0.003431697), (0.9131079, 0), (0.8654667, 0.0014224934), (0.9993608, 0.054183055), (0.9987348, 0.097260974), (0.999474, 0.11309969), (0.99249655, 0.9982318), (0.99628425, 0.9953751), (0.96375656, 0.99904454), (0.2069767, 0.9986038), (0.14404549, 0.998139), (0.16355963, 0.99850017), (0.8878973, 0.9979172), (0.84304255, 0.99930215), (0.87610954, 0.99835414), (0.0022704254, 0.9974743), (0.0005759916, 0.95149237), (0.0017911668, 0.9966733), (0.0035861838, 0.0034939256), (0.04387011, 0.00085561397), (0.0097172335, 0.0022933374), (0.9973625, 0.8568835), (0.99964184, 0.89146686), (0.9990456, 0.8468496), (0.0009889225, 0.1952329), (0.0016631951, 0.16618079), (0.0011824281, 0.14608546), (0.0011824281, 0.14608546), (0.0011599219, 0.12044033), (0.00055689906, 0.100428686), (0.00064597116, 0.8675538), (0.0012154133, 0.8508708), (0.0007843425, 0.9018952), (0.999374, 0.9367806), (0.99992967, 0.9655065), (0.9988375, 0.92849326), (0.04387011, 0.00085561397), (0.04066161, 0.0023701217), (0.076755136, 0.0012063391), (0.75337535, 0.00090015365), (0.77382845, 0.0021884728), (0.7908424, 0.0010861256), (0.7164098, 0.0024282255), (0.77382845, 0.0021884728), (0.75337535, 0.00090015365), (0.9983811, 0.5550002), (0.99926853, 0.606131), (0.997919, 0.61177737), (0.36414418, 0.0011135316), (0.32981205, 0.0022491943), (0.3154308, 0.0013539586), (0.0009402981, 0.62608594), (0.0020683857, 0.638253), (0.00064609025, 0.66717005), (0.67333835, 0.99858725), (0.7097288, 0.9982079), (0.71277666, 0.998716), (0.6054049, 0.99932265), (0.63402516, 0.99767166), (0.65030825, 0.9986709), (0.0010784313, 0.7660012), (0.0015756313, 0.7439094), (0.0011953284, 0.7161889), (0.99890035, 0.64501965), (0.99855536, 0.6932463), (0.9989402, 0.65892106), (0.2378032, 0.0045529623), (0.20112246, 0.0045495913), (0.1998756, 0.0010381751), (0.99802274, 0.2667656), (0.99903244, 0.30300558), (0.9985201, 0.25753254), (0.71277666, 0.998716), (0.7500895, 0.9979688), (0.75432503, 0.99866796), (0.78934246, 0.99941564), (0.75432503, 0.99866796), (0.7500895, 0.9979688), (0.63103026, 0.001976007), (0.6526945, 0.0022029094), (0.67764723, 0.0019332124), (0.99898654, 0.72750354), (0.9988635, 0.74638695), (0.99857074, 0.76469004), (0.5799932, 0.002943228), (0.5979309, 0.0011815111), (0.63103026, 0.001976007), (0.99712116, 0.5468801), (0.99926853, 0.606131), (0.9983811, 0.5550002), (0.00064609025, 0.66717005), (0.0026056366, 0.6842722), (0.0011953284, 0.7161889), (0.0021095877, 0.33834362), (0.0010020214, 0.30360508), (0.00231774, 0.32247078), (0.75337535, 0.00090015365), (0.7247539, 0.0017139645), (0.7164098, 0.0024282255), (0.1998756, 0.0010381751), (0.24528317, 0.0037649313), (0.2378032, 0.0045529623), (0.63402516, 0.99767166), (0.6054049, 0.99932265), (0.5745661, 0.9963745), (0.0010020214, 0.30360508), (0.0015394706, 0.26434496), (0.0016005589, 0.27909076), (0.0016005589, 0.27909076), (0.00231774, 0.32247078), (0.0010020214, 0.30360508), (0.24292591, 0.13755697), (0.17782514, 0.14606626), (0.22890396, 0.07100033), (0.15943536, 0.06659685), (0.22890396, 0.07100033), (0.17782514, 0.14606626), (0.38023296, 0.33421782), (0.41326776, 0.26710328), (0.3338073, 0.28643313), (0.36195996, 0.23055212), (0.3338073, 0.28643313), (0.41326776, 0.26710328), (0.65388566, 0.7325423), (0.71127254, 0.69809455), (0.6440206, 0.6710733), (0.7018264, 0.6368092), (0.6440206, 0.6710733), (0.71127254, 0.69809455), (0.96524054, 0.9416324), (0.90943944, 0.9453238), (0.9431287, 0.9980767), (0.36971068, 0.95025176), (0.3394608, 0.88962126), (0.30344275, 0.95014244), (0.27046874, 0.9029431), (0.30344275, 0.95014244), (0.3394608, 0.88962126), (0.9985201, 0.25753254), (0.99902385, 0.21318974), (0.9990669, 0.21060087), (0.28944963, 0.9984033), (0.2985109, 0.99890655), (0.2523501, 0.9986021), (0.9431287, 0.9980767), (0.8878973, 0.9979172), (0.93188846, 0.9983087), (0.87610954, 0.99835414), (0.93188846, 0.9983087), (0.8878973, 0.9979172), (0.8206956, 0.0018222004), (0.820236, 0.0013983396), (0.8654667, 0.0014224934), (0.8733714, 0.003431697), (0.8654667, 0.0014224934), (0.820236, 0.0013983396), (0.45796242, 0.37558514), (0.49830672, 0.3500177), (0.5026001, 0.4008037), (0.5618845, 0.35708392), (0.5026001, 0.4008037), (0.49830672, 0.3500177), (0.110170074, 0.948304), (0.13749087, 0.8814012), (0.05644146, 0.892985), (0.087919116, 0.8280219), (0.05644146, 0.892985), (0.13749087, 0.8814012)] (
            interpolation = "faceVarying"
        )
        int[] primvars:st:indices = None
        float primvars:uniform_scale = 12
        int[] primvars:uniform_scale:indices = None
        uniform token subdivisionScheme = "none"
        string texture_dir = "C:/Users/legen/Desktop/CoRL-Newton-demo/Assets/textures"
        string usdmaterialpath = "/Locomotion_Terrain_Small/Looks/OmniPBR"
    }

    def Scope "Looks"
    {
        def Material "OmniPBR"
        {
            token outputs:mdl:displacement.connect = </Locomotion_Terrain_Small/Looks/OmniPBR/Shader.outputs:out>
            token outputs:mdl:surface.connect = </Locomotion_Terrain_Small/Looks/OmniPBR/Shader.outputs:out>
            token outputs:mdl:volume.connect = </Locomotion_Terrain_Small/Looks/OmniPBR/Shader.outputs:out>

            def Shader "Shader"
            {
                uniform token info:implementationSource = "sourceAsset"
                uniform asset info:mdl:sourceAsset = @OmniPBR.mdl@
                uniform token info:mdl:sourceAsset:subIdentifier = "OmniPBR"
                asset inputs:ao_texture = @@
                asset inputs:detail_normalmap_texture = @@
                asset inputs:diffuse_texture = @./textures/terrain_texture/BC.JPG@
                asset inputs:emissive_color_texture = @@
                asset inputs:emissive_mask_texture = @@
                asset inputs:metallic_texture = @./textures@
                asset inputs:normalmap_texture = @./textures/terrain_texture/N.JPG@
                asset inputs:opacity_texture = @@
                asset inputs:ORM_texture = @@
                asset inputs:reflectionroughness_texture = @@
                token outputs:out
            }
        }
    }
}

