#usda 1.0
(
    defaultPrim = "Locomotion_Terrain_Collision_Mesh"
    endTimeCode = 1
    framesPerSecond = 24
    metersPerUnit = 1
    startTimeCode = 1
    timeCodesPerSecond = 24
    upAxis = "Y"
)

def Xform "Locomotion_Terrain_Collision_Mesh" (
    kind = "component"
)
{
    def Mesh "Mesh"
    {
        float3[] extent = [(-3.014697, -0.7165584, -3.0160587), (3.0144622, 0.014803522, 3.0169141)]
        int[] faceVertexCounts = [3, 3, 3, 3, 3, 3, 3, 3, 3, 3, 3, 3, 3, 3, 3, 3, 3, 3, 3, 3, 3, 3, 3, 3, 3, 3, 3, 3, 3, 3, 3, 3, 3, 3, 3, 3, 3, 3, 3, 3, 3, 3, 3, 3, 3, 3, 3, 3, 3, 3, 3, 3, 3, 3, 3, 3, 3, 3, 3, 3, 3, 3, 3, 3, 3, 3, 3, 3, 3, 3, 3, 3, 3, 3, 3, 3, 3, 3, 3, 3, 3, 3, 3, 3, 3, 3, 3, 3, 3, 3, 3, 3, 3, 3, 3, 3, 3, 3, 3, 3, 3, 3, 3, 3, 3, 3, 3, 3, 3, 3, 3, 3, 3, 3, 3, 3, 3, 3, 3, 3, 3, 3, 3, 3, 3, 3, 3, 3, 3, 3, 3, 3, 3, 3, 3, 3, 3, 3, 3, 3, 3, 3, 3, 3, 3, 3, 3, 3, 3, 3, 3, 3, 3, 3, 3, 3, 3, 3, 3, 3, 3, 3, 3, 3, 3, 3, 3, 3, 3, 3, 3, 3, 3, 3, 3, 3, 3, 3, 3, 3, 3, 3, 3, 3, 3, 3, 3, 3, 3, 3, 3, 3, 3, 3, 3, 3, 3, 3, 3, 3, 3, 3, 3, 3, 3, 3, 3, 3, 3, 3, 3, 3, 3, 3, 3, 3, 3, 3, 3, 3, 3, 3, 3, 3, 3, 3, 3, 3, 3, 3, 3, 3, 3, 3, 3, 3, 3, 3, 3, 3, 3, 3, 3, 3, 3, 3, 3, 3, 3, 3, 3, 3, 3, 3, 3, 3, 3, 3, 3, 3, 3, 3, 3, 3, 3, 3, 3, 3, 3, 3, 3, 3, 3, 3, 3, 3, 3, 3, 3, 3, 3, 3, 3, 3, 3, 3, 3, 3, 3, 3, 3, 3, 3, 3, 3, 3, 3, 3, 3, 3, 3, 3, 3, 3, 3, 3, 3, 3, 3, 3, 3, 3, 3, 3, 3, 3, 3, 3, 3, 3, 3, 3, 3, 3, 3, 3, 3, 3, 3, 3, 3, 3, 3, 3, 3, 3, 3, 3, 3, 3, 3, 3, 3, 3, 3, 3, 3, 3, 3, 3, 3, 3, 3, 3, 3, 3, 3, 3, 3, 3, 3, 3, 3, 3, 3, 3, 3, 3, 3, 3, 3, 3, 3, 3, 3, 3, 3, 3, 3, 3, 3, 3, 3, 3, 3, 3, 3, 3, 3, 3, 3, 3, 3, 3, 3, 3, 3, 3, 3, 3, 3, 3, 3, 3, 3, 3, 3, 3, 3, 3, 3, 3, 3, 3, 3, 3, 3, 3, 3, 3, 3, 3, 3, 3, 3, 3, 3, 3, 3, 3, 3, 3, 3, 3, 3, 3, 3, 3, 3, 3, 3, 3, 3, 3, 3, 3, 3, 3, 3, 3, 3, 3, 3, 3, 3, 3, 3, 3, 3, 3, 3, 3, 3, 3, 3, 3, 3, 3, 3, 3, 3, 3, 3, 3, 3, 3, 3, 3, 3, 3, 3, 3, 3, 3, 3, 3, 3, 3, 3, 3, 3, 3, 3, 3, 3, 3, 3, 3, 3, 3, 3, 3, 3, 3, 3, 3, 3, 3, 3, 3, 3, 3, 3, 3, 3, 3, 3, 3, 3, 3, 3, 3, 3, 3, 3, 3, 3, 3, 3, 3, 3, 3, 3, 3, 3, 3, 3, 3, 3, 3, 3, 3, 3, 3, 3, 3, 3, 3, 3, 3, 3, 3, 3, 3, 3, 3, 3, 3, 3, 3, 3, 3, 3, 3, 3, 3, 3, 3, 3, 3, 3, 3, 3, 3, 3, 3, 3, 3, 3, 3, 3, 3, 3, 3, 3, 3, 3, 3, 3, 3, 3, 3, 3, 3, 3, 3, 3, 3, 3, 3, 3, 3, 3, 3, 3, 3, 3, 3, 3, 3, 3, 3, 3, 3, 3, 3, 3, 3, 3, 3, 3, 3, 3, 3, 3, 3, 3, 3, 3, 3, 3, 3, 3, 3, 3, 3, 3, 3, 3, 3, 3, 3, 3, 3, 3, 3, 3, 3, 3, 3, 3, 3, 3, 3, 3, 3, 3, 3, 3, 3, 3, 3, 3, 3, 3, 3, 3, 3, 3, 3, 3, 3, 3, 3, 3, 3, 3, 3, 3, 3, 3, 3, 3, 3, 3, 3, 3, 3, 3, 3, 3, 3, 3, 3, 3, 3, 3, 3, 3, 3, 3, 3, 3, 3, 3, 3, 3, 3, 3, 3, 3, 3, 3, 3, 3, 3, 3, 3, 3, 3, 3, 3, 3, 3, 3, 3, 3, 3, 3, 3, 3, 3, 3, 3, 3, 3, 3, 3, 3, 3, 3, 3, 3, 3, 3, 3, 3, 3, 3, 3, 3, 3, 3, 3, 3, 3, 3, 3, 3, 3, 3, 3, 3, 3, 3, 3, 3, 3, 3, 3, 3, 3, 3, 3, 3, 3, 3, 3, 3, 3, 3, 3, 3, 3, 3, 3, 3, 3, 3, 3, 3, 3, 3, 3, 3, 3, 3, 3, 3, 3, 3, 3, 3, 3, 3, 3, 3, 3, 3, 3, 3, 3, 3, 3, 3, 3, 3, 3, 3, 3, 3, 3, 3, 3, 3, 3, 3, 3, 3, 3, 3, 3, 3, 3, 3, 3, 3, 3, 3, 3, 3, 3, 3, 3, 3, 3, 3, 3, 3, 3, 3, 3, 3, 3, 3, 3, 3, 3, 3, 3, 3, 3, 3, 3, 3, 3, 3, 3, 3, 3, 3, 3, 3, 3, 3, 3, 3, 3, 3, 3, 3, 3, 3, 3, 3, 3, 3, 3, 3, 3, 3, 3, 3, 3, 3, 3, 3, 3, 3, 3, 3, 3, 3, 3, 3, 3, 3, 3, 3, 3, 3, 3, 3, 3, 3, 3, 3, 3, 3, 3, 3, 3, 3, 3, 3, 3, 3, 3, 3, 3, 3, 3, 3, 3, 3, 3, 3, 3, 3, 3, 3, 3, 3, 3, 3, 3, 3, 3, 3, 3, 3, 3, 3, 3, 3, 3, 3, 3, 3, 3, 3, 3, 3, 3, 3, 3, 3, 3, 3, 3, 3, 3, 3, 3, 3, 3, 3, 3, 3, 3, 3, 3, 3, 3, 3, 3, 3, 3, 3, 3, 3, 3, 3, 3, 3, 3, 3, 3, 3, 3, 3, 3, 3, 3, 3, 3, 3, 3, 3, 3, 3, 3, 3, 3, 3, 3, 3, 3, 3, 3, 3, 3, 3, 3, 3, 3, 3, 3, 3, 3, 3, 3, 3, 3, 3, 3, 3, 3, 3, 3, 3, 3, 3, 3, 3, 3, 3, 3, 3, 3, 3, 3, 3, 3, 3, 3, 3, 3, 3, 3, 3, 3, 3, 3, 3, 3, 3, 3, 3, 3, 3, 3, 3, 3, 3, 3, 3, 3, 3, 3, 3, 3, 3, 3, 3, 3, 3, 3, 3, 3, 3, 3, 3, 3, 3, 3, 3, 3, 3, 3, 3, 3, 3, 3, 3, 3, 3, 3, 3, 3, 3, 3, 3, 3, 3, 3, 3, 3, 3, 3, 3, 3, 3, 3, 3, 3, 3, 3, 3, 3, 3, 3, 3, 3, 3, 3, 3, 3, 3, 3, 3, 3, 3, 3, 3, 3, 3, 3, 3, 3, 3, 3, 3, 3, 3, 3, 3, 3, 3, 3, 3, 3, 3, 3, 3, 3, 3, 3, 3, 3, 3, 3, 3, 3, 3, 3, 3, 3, 3, 3, 3, 3, 3, 3, 3, 3, 3, 3, 3, 3, 3, 3, 3, 3, 3, 3, 3, 3, 3, 3, 3, 3, 3, 3, 3, 3, 3, 3, 3, 3, 3, 3, 3, 3, 3, 3, 3, 3, 3, 3, 3, 3, 3, 3, 3, 3, 3, 3, 3, 3, 3, 3, 3, 3, 3, 3, 3, 3, 3, 3, 3, 3, 3, 3, 3, 3, 3, 3, 3, 3, 3, 3, 3, 3, 3, 3, 3, 3, 3, 3, 3, 3, 3, 3, 3, 3, 3, 3, 3, 3, 3, 3, 3, 3, 3, 3, 3, 3, 3, 3, 3, 3, 3, 3, 3, 3, 3, 3, 3, 3, 3, 3, 3, 3, 3, 3, 3, 3, 3, 3, 3, 3, 3, 3, 3, 3, 3, 3, 3, 3, 3, 3, 3, 3, 3, 3, 3, 3, 3, 3, 3, 3, 3, 3, 3, 3, 3, 3, 3, 3, 3, 3, 3, 3, 3, 3, 3, 3, 3, 3, 3, 3, 3, 3, 3, 3, 3, 3, 3, 3, 3, 3, 3, 3, 3, 3, 3, 3, 3, 3, 3, 3, 3, 3, 3, 3, 3, 3, 3, 3, 3, 3, 3, 3, 3, 3, 3, 3, 3, 3, 3, 3, 3, 3, 3, 3, 3, 3, 3, 3, 3, 3, 3, 3, 3, 3, 3, 3, 3, 3, 3, 3, 3, 3, 3, 3, 3, 3, 3, 3, 3, 3, 3, 3, 3, 3, 3, 3, 3, 3, 3, 3, 3, 3, 3, 3, 3, 3, 3, 3, 3, 3, 3, 3, 3, 3, 3, 3, 3, 3, 3, 3, 3, 3, 3, 3, 3, 3, 3, 3, 3, 3, 3, 3, 3, 3, 3, 3, 3, 3, 3, 3, 3, 3, 3, 3, 3, 3, 3, 3, 3, 3, 3, 3, 3, 3, 3, 3, 3, 3, 3, 3, 3, 3, 3, 3, 3, 3, 3, 3, 3, 3, 3, 3, 3, 3, 3, 3, 3, 3, 3, 3, 3, 3, 3, 3, 3, 3, 3, 3, 3, 3, 3, 3, 3, 3, 3, 3, 3, 3, 3, 3, 3, 3, 3, 3, 3, 3, 3, 3, 3, 3, 3, 3, 3, 3, 3, 3, 3, 3, 3, 3, 3, 3, 3, 3, 3, 3, 3, 3, 3, 3, 3, 3, 3, 3, 3, 3, 3, 3, 3, 3, 3, 3, 3, 3, 3, 3, 3, 3, 3, 3, 3, 3, 3, 3, 3, 3, 3, 3, 3, 3, 3, 3, 3, 3, 3, 3, 3, 3, 3, 3, 3, 3, 3, 3, 3, 3, 3, 3, 3, 3, 3, 3, 3, 3, 3, 3, 3, 3, 3, 3, 3, 3, 3, 3, 3, 3, 3, 3, 3, 3, 3, 3, 3, 3, 3, 3, 3, 3, 3, 3, 3, 3, 3, 3, 3, 3, 3, 3, 3, 3, 3, 3, 3, 3, 3, 3, 3, 3, 3, 3, 3, 3, 3, 3, 3, 3, 3, 3, 3, 3, 3, 3, 3, 3, 3, 3, 3, 3, 3, 3, 3, 3, 3, 3, 3, 3, 3, 3, 3, 3, 3, 3, 3, 3, 3, 3, 3, 3, 3, 3, 3, 3, 3, 3, 3, 3, 3, 3, 3, 3, 3, 3, 3, 3, 3, 3, 3, 3, 3, 3, 3, 3, 3, 3, 3, 3, 3, 3, 3, 3, 3, 3, 3, 3, 3, 3, 3, 3, 3, 3, 3, 3, 3, 3, 3, 3, 3, 3, 3, 3, 3, 3, 3, 3, 3, 3, 3, 3, 3, 3, 3, 3, 3, 3, 3, 3, 3, 3, 3, 3, 3, 3, 3, 3, 3, 3, 3, 3, 3, 3, 3, 3, 3, 3, 3, 3, 3, 3, 3, 3, 3, 3, 3, 3, 3, 3, 3, 3, 3, 3, 3, 3, 3, 3, 3, 3, 3, 3, 3, 3, 3, 3, 3, 3, 3, 3, 3, 3, 3, 3, 3, 3, 3, 3, 3, 3, 3, 3, 3, 3, 3, 3, 3, 3, 3, 3, 3, 3, 3, 3, 3, 3, 3, 3, 3, 3, 3, 3, 3, 3, 3, 3, 3, 3, 3, 3, 3, 3, 3, 3, 3, 3, 3, 3, 3, 3, 3, 3, 3, 3, 3, 3, 3, 3, 3, 3, 3, 3, 3, 3, 3, 3, 3, 3, 3, 3, 3, 3, 3, 3, 3, 3, 3, 3, 3, 3, 3, 3, 3, 3, 3, 3, 3, 3, 3, 3, 3, 3, 3, 3, 3, 3, 3, 3, 3, 3, 3, 3, 3, 3, 3, 3, 3, 3, 3, 3, 3, 3, 3, 3, 3, 3, 3, 3, 3, 3, 3, 3, 3, 3, 3, 3, 3, 3, 3, 3, 3, 3, 3, 3, 3, 3, 3, 3, 3, 3, 3, 3, 3, 3, 3, 3, 3, 3, 3, 3, 3, 3, 3, 3, 3, 3, 3, 3, 3, 3, 3, 3, 3, 3, 3, 3, 3, 3, 3, 3, 3, 3, 3, 3, 3, 3, 3, 3, 3, 3, 3, 3, 3, 3, 3, 3, 3, 3, 3, 3, 3, 3, 3, 3, 3, 3, 3, 3, 3, 3, 3, 3, 3, 3, 3, 3, 3, 3, 3, 3, 3, 3, 3, 3, 3, 3, 3, 3, 3, 3, 3, 3, 3, 3, 3, 3, 3, 3, 3, 3, 3, 3, 3, 3, 3, 3, 3, 3, 3, 3, 3, 3, 3, 3, 3, 3, 3, 3, 3, 3, 3, 3, 3, 3, 3, 3, 3, 3, 3, 3, 3, 3, 3, 3, 3, 3, 3, 3, 3, 3, 3, 3, 3, 3, 3, 3, 3, 3, 3, 3, 3, 3, 3, 3, 3, 3, 3, 3, 3, 3, 3, 3, 3, 3, 3, 3, 3, 3, 3, 3, 3, 3, 3, 3, 3, 3, 3, 3, 3, 3, 3, 3, 3, 3, 3, 3, 3, 3, 3, 3, 3, 3, 3, 3, 3, 3, 3, 3, 3, 3, 3, 3, 3, 3, 3, 3, 3, 3, 3, 3, 3, 3, 3, 3, 3, 3, 3, 3, 3, 3, 3, 3, 3, 3, 3, 3, 3, 3, 3, 3, 3, 3, 3, 3, 3, 3, 3, 3, 3, 3, 3, 3, 3, 3, 3, 3, 3, 3, 3, 3, 3, 3, 3, 3, 3, 3, 3, 3, 3, 3, 3, 3, 3, 3, 3, 3, 3, 3, 3, 3, 3, 3, 3, 3, 3, 3, 3, 3, 3, 3, 3, 3, 3, 3, 3, 3, 3, 3, 3, 3, 3, 3, 3, 3, 3, 3, 3, 3, 3, 3, 3, 3, 3, 3, 3, 3, 3, 3, 3, 3, 3, 3, 3, 3, 3, 3, 3, 3, 3, 3, 3, 3, 3, 3, 3, 3, 3, 3, 3, 3, 3, 3, 3, 3, 3, 3, 3, 3, 3, 3, 3, 3, 3, 3, 3, 3, 3, 3, 3, 3, 3, 3, 3, 3, 3, 3, 3, 3, 3, 3, 3, 3, 3, 3, 3, 3, 3, 3, 3, 3, 3, 3, 3, 3, 3, 3, 3, 3, 3, 3, 3, 3, 3, 3, 3, 3, 3, 3, 3, 3, 3, 3, 3, 3, 3, 3, 3, 3, 3, 3, 3, 3, 3, 3, 3, 3, 3, 3, 3, 3, 3, 3, 3, 3, 3, 3, 3, 3, 3, 3, 3, 3, 3, 3, 3, 3, 3, 3, 3, 3, 3, 3, 3, 3, 3, 3, 3, 3, 3, 3, 3, 3, 3, 3, 3, 3, 3, 3, 3, 3, 3, 3, 3, 3, 3, 3, 3, 3, 3, 3, 3, 3, 3, 3, 3, 3, 3, 3, 3, 3, 3, 3, 3, 3, 3, 3, 3, 3, 3, 3, 3, 3, 3, 3, 3, 3, 3, 3, 3, 3, 3, 3, 3, 3, 3, 3, 3, 3, 3, 3, 3, 3, 3, 3, 3, 3, 3, 3, 3, 3, 3, 3, 3, 3, 3, 3, 3, 3, 3, 3, 3, 3, 3, 3, 3, 3, 3, 3, 3, 3, 3, 3, 3, 3, 3, 3, 3, 3, 3, 3, 3, 3, 3, 3, 3, 3, 3, 3, 3, 3, 3, 3, 3, 3, 3, 3, 3, 3, 3, 3, 3, 3, 3, 3, 3, 3, 3, 3, 3, 3, 3, 3, 3, 3, 3, 3, 3, 3, 3, 3, 3, 3, 3, 3, 3, 3, 3, 3, 3, 3, 3, 3, 3, 3, 3, 3, 3, 3, 3, 3, 3, 3, 3, 3, 3, 3, 3, 3, 3, 3, 3, 3, 3, 3, 3, 3, 3, 3, 3, 3, 3, 3, 3, 3, 3, 3, 3, 3, 3, 3, 3, 3, 3, 3, 3, 3, 3, 3, 3, 3, 3, 3, 3, 3, 3, 3, 3, 3, 3, 3, 3, 3, 3, 3, 3, 3, 3, 3, 3, 3, 3, 3, 3, 3, 3, 3, 3, 3, 3, 3, 3, 3, 3, 3, 3, 3, 3, 3, 3, 3, 3, 3, 3, 3, 3, 3, 3, 3, 3, 3, 3, 3, 3, 3, 3, 3, 3, 3, 3, 3, 3, 3, 3, 3, 3, 3, 3, 3, 3, 3, 3, 3, 3, 3, 3, 3, 3, 3, 3, 3, 3, 3, 3, 3, 3, 3, 3, 3, 3, 3, 3, 3, 3, 3, 3, 3, 3, 3, 3, 3, 3, 3, 3, 3, 3, 3, 3, 3, 3, 3, 3, 3, 3, 3, 3, 3, 3, 3, 3, 3, 3, 3, 3, 3, 3, 3, 3, 3, 3, 3, 3, 3, 3, 3, 3, 3, 3, 3, 3, 3, 3, 3, 3, 3, 3, 3, 3, 3, 3, 3, 3, 3, 3, 3, 3, 3, 3, 3, 3, 3, 3, 3, 3, 3, 3, 3, 3, 3, 3, 3, 3, 3, 3, 3, 3, 3, 3, 3, 3, 3, 3, 3, 3, 3, 3, 3, 3, 3, 3, 3, 3, 3, 3, 3, 3, 3, 3, 3, 3, 3, 3, 3, 3, 3, 3, 3, 3, 3, 3, 3, 3, 3, 3, 3, 3, 3, 3, 3, 3, 3, 3, 3, 3, 3, 3, 3, 3, 3, 3, 3, 3, 3, 3, 3, 3, 3, 3, 3, 3, 3, 3, 3, 3, 3, 3, 3, 3, 3, 3, 3, 3, 3, 3, 3, 3, 3, 3, 3, 3, 3, 3, 3, 3, 3, 3, 3, 3, 3, 3, 3, 3, 3, 3, 3, 3, 3, 3, 3, 3, 3, 3, 3, 3, 3, 3, 3, 3, 3, 3, 3, 3, 3, 3, 3, 3, 3, 3, 3, 3, 3, 3, 3, 3, 3, 3, 3, 3, 3, 3, 3, 3, 3, 3, 3, 3, 3, 3, 3, 3, 3, 3, 3, 3, 3, 3, 3, 3, 3, 3, 3, 3, 3, 3, 3, 3, 3, 3, 3, 3, 3, 3, 3, 3, 3, 3, 3, 3, 3, 3, 3, 3, 3, 3, 3, 3, 3, 3, 3, 3, 3, 3, 3, 3, 3, 3, 3, 3, 3, 3, 3, 3, 3, 3, 3, 3, 3, 3, 3, 3, 3, 3, 3, 3, 3, 3, 3, 3, 3, 3, 3, 3, 3, 3, 3, 3, 3, 3, 3, 3, 3, 3, 3, 3, 3, 3, 3, 3, 3, 3, 3, 3, 3, 3, 3, 3, 3, 3, 3, 3, 3, 3, 3, 3, 3, 3, 3, 3, 3, 3, 3, 3, 3, 3, 3, 3, 3, 3, 3, 3, 3, 3, 3, 3, 3, 3, 3, 3, 3, 3, 3, 3, 3, 3, 3, 3, 3, 3, 3, 3, 3, 3, 3, 3, 3, 3, 3, 3, 3, 3, 3, 3, 3, 3, 3, 3, 3, 3, 3, 3, 3, 3, 3, 3, 3, 3, 3, 3, 3, 3, 3, 3, 3, 3, 3, 3, 3, 3, 3, 3, 3, 3, 3, 3, 3, 3, 3, 3, 3, 3, 3, 3, 3, 3, 3, 3, 3, 3, 3, 3, 3, 3, 3, 3, 3, 3, 3, 3, 3, 3, 3, 3, 3, 3, 3, 3, 3, 3, 3, 3, 3, 3, 3, 3, 3, 3, 3, 3, 3, 3, 3, 3, 3, 3, 3, 3, 3, 3, 3, 3, 3, 3, 3, 3, 3, 3, 3, 3, 3, 3, 3, 3, 3, 3, 3, 3, 3, 3, 3, 3, 3, 3, 3, 3, 3, 3, 3, 3, 3, 3, 3, 3, 3, 3, 3, 3, 3, 3, 3, 3, 3, 3, 3, 3, 3, 3, 3, 3, 3, 3, 3, 3, 3, 3, 3, 3, 3, 3, 3, 3, 3, 3, 3, 3, 3, 3, 3, 3, 3, 3, 3, 3, 3, 3, 3, 3, 3, 3, 3, 3, 3, 3, 3, 3, 3, 3, 3, 3, 3, 3, 3, 3, 3, 3, 3, 3, 3, 3, 3, 3, 3, 3, 3, 3, 3, 3, 3, 3, 3, 3, 3, 3, 3, 3, 3, 3, 3, 3, 3, 3, 3, 3, 3, 3, 3, 3, 3, 3, 3, 3, 3, 3, 3, 3, 3, 3, 3, 3, 3, 3, 3, 3, 3, 3, 3, 3, 3, 3, 3, 3, 3, 3, 3, 3, 3, 3, 3, 3, 3, 3, 3, 3, 3, 3, 3, 3, 3, 3, 3, 3, 3, 3, 3, 3, 3, 3, 3, 3, 3, 3, 3, 3, 3, 3, 3, 3, 3, 3, 3, 3, 3, 3, 3, 3, 3, 3, 3, 3, 3, 3, 3, 3, 3, 3, 3, 3, 3, 3, 3, 3, 3, 3, 3, 3, 3, 3, 3, 3, 3, 3, 3, 3, 3, 3, 3, 3, 3, 3, 3, 3, 3, 3, 3, 3, 3, 3, 3, 3, 3, 3, 3, 3, 3, 3, 3, 3, 3, 3, 3, 3, 3, 3, 3, 3, 3, 3, 3, 3, 3, 3, 3, 3, 3, 3, 3, 3, 3, 3, 3, 3, 3, 3, 3, 3, 3, 3, 3, 3, 3, 3, 3, 3, 3, 3, 3, 3, 3, 3, 3, 3, 3, 3, 3, 3, 3, 3, 3, 3, 3, 3, 3, 3, 3, 3, 3, 3, 3, 3, 3, 3, 3, 3, 3, 3, 3, 3, 3, 3, 3, 3, 3, 3, 3, 3, 3, 3, 3, 3, 3, 3, 3, 3, 3, 3, 3, 3, 3, 3, 3, 3, 3, 3, 3, 3, 3, 3, 3, 3, 3, 3, 3, 3, 3, 3, 3, 3, 3, 3, 3, 3, 3, 3, 3, 3, 3, 3, 3, 3, 3, 3, 3, 3, 3, 3, 3, 3, 3, 3, 3, 3, 3, 3, 3, 3, 3, 3, 3, 3, 3, 3, 3, 3, 3, 3, 3, 3, 3, 3, 3, 3, 3, 3, 3, 3, 3, 3, 3, 3, 3, 3, 3, 3, 3, 3, 3, 3, 3, 3, 3, 3, 3, 3, 3, 3, 3, 3, 3, 3, 3, 3, 3, 3, 3, 3, 3, 3, 3, 3, 3, 3, 3, 3, 3, 3, 3, 3, 3, 3, 3, 3, 3, 3, 3, 3, 3, 3, 3, 3, 3, 3, 3, 3, 3, 3, 3, 3, 3, 3, 3, 3, 3, 3, 3, 3, 3, 3, 3, 3, 3, 3, 3, 3, 3, 3, 3, 3, 3, 3, 3, 3, 3, 3, 3, 3, 3, 3, 3, 3, 3, 3, 3, 3, 3, 3, 3, 3, 3, 3, 3, 3, 3, 3, 3, 3, 3, 3, 3, 3, 3, 3, 3, 3, 3, 3, 3, 3, 3, 3, 3, 3, 3, 3, 3, 3, 3, 3, 3, 3, 3, 3, 3, 3, 3, 3, 3, 3, 3, 3, 3, 3, 3, 3, 3, 3, 3, 3, 3, 3, 3, 3, 3, 3, 3, 3, 3, 3, 3, 3, 3, 3, 3, 3, 3, 3, 3, 3, 3, 3, 3, 3, 3, 3, 3, 3, 3, 3, 3, 3, 3, 3, 3, 3, 3, 3, 3, 3, 3, 3, 3, 3, 3, 3, 3, 3, 3, 3, 3, 3, 3, 3, 3, 3, 3, 3, 3, 3, 3, 3, 3, 3, 3, 3, 3, 3, 3, 3, 3, 3, 3, 3, 3, 3, 3, 3, 3, 3, 3, 3, 3, 3, 3, 3, 3, 3, 3, 3, 3, 3, 3, 3, 3, 3, 3, 3, 3, 3, 3, 3, 3, 3, 3, 3, 3, 3, 3, 3, 3, 3, 3, 3, 3, 3, 3, 3, 3, 3, 3, 3, 3, 3, 3, 3, 3, 3, 3, 3, 3, 3, 3, 3, 3, 3, 3, 3, 3, 3, 3, 3, 3, 3, 3, 3, 3, 3, 3, 3, 3, 3, 3, 3, 3, 3, 3, 3, 3, 3, 3, 3, 3, 3, 3, 3, 3, 3, 3, 3, 3, 3, 3, 3, 3, 3, 3, 3, 3, 3, 3, 3, 3, 3, 3, 3, 3, 3, 3, 3, 3, 3, 3, 3, 3, 3, 3, 3, 3, 3, 3, 3, 3, 3, 3, 3, 3, 3, 3, 3, 3, 3, 3, 3, 3, 3, 3, 3, 3, 3, 3, 3, 3, 3, 3, 3, 3, 3, 3, 3, 3, 3, 3, 3, 3, 3, 3, 3, 3, 3, 3, 3, 3, 3, 3, 3, 3, 3, 3, 3, 3, 3, 3, 3, 3, 3, 3, 3, 3, 3, 3, 3, 3, 3, 3, 3, 3, 3, 3, 3, 3, 3, 3, 3, 3, 3, 3, 3, 3, 3, 3, 3, 3, 3, 3, 3, 3, 3, 3, 3, 3, 3, 3, 3, 3, 3, 3, 3, 3, 3, 3, 3, 3, 3, 3, 3, 3, 3, 3, 3, 3, 3, 3, 3, 3, 3, 3, 3, 3, 3, 3, 3, 3, 3, 3, 3, 3, 3, 3, 3, 3, 3, 3, 3, 3, 3, 3, 3, 3, 3, 3, 3, 3, 3, 3, 3, 3, 3, 3, 3, 3, 3, 3, 3, 3, 3, 3, 3, 3, 3, 3, 3, 3, 3, 3, 3, 3, 3, 3, 3, 3, 3, 3, 3, 3, 3, 3, 3, 3, 3, 3, 3, 3, 3, 3, 3, 3, 3, 3, 3, 3, 3, 3, 3, 3, 3, 3, 3, 3, 3, 3, 3, 3, 3, 3, 3, 3, 3, 3, 3, 3, 3, 3, 3, 3, 3, 3, 3, 3, 3, 3, 3, 3, 3, 3, 3, 3, 3, 3, 3, 3, 3, 3, 3, 3, 3, 3, 3, 3, 3, 3, 3, 3, 3, 3, 3, 3, 3, 3, 3, 3, 3, 3, 3, 3, 3, 3, 3, 3, 3, 3, 3, 3, 3, 3, 3, 3, 3, 3, 3, 3, 3, 3, 3, 3, 3, 3, 3, 3, 3, 3, 3, 3, 3, 3, 3, 3, 3, 3, 3, 3, 3, 3, 3, 3, 3, 3, 3, 3, 3, 3, 3, 3, 3, 3, 3, 3, 3, 3, 3, 3, 3, 3, 3, 3, 3, 3, 3, 3, 3, 3, 3, 3, 3, 3, 3, 3, 3, 3, 3, 3, 3, 3, 3, 3, 3, 3, 3, 3, 3, 3, 3, 3, 3, 3, 3, 3, 3, 3, 3, 3, 3, 3, 3, 3, 3, 3, 3, 3, 3, 3, 3, 3, 3, 3, 3, 3, 3, 3, 3, 3, 3, 3, 3, 3, 3, 3, 3, 3, 3, 3, 3, 3, 3, 3, 3, 3, 3, 3, 3, 3, 3, 3, 3, 3, 3, 3, 3, 3, 3, 3, 3, 3, 3, 3, 3, 3, 3, 3, 3, 3, 3, 3, 3, 3, 3, 3, 3, 3, 3, 3, 3, 3, 3, 3, 3, 3, 3, 3, 3, 3, 3, 3, 3, 3, 3, 3, 3, 3, 3, 3, 3, 3, 3, 3, 3, 3, 3, 3, 3, 3, 3, 3, 3, 3, 3, 3, 3, 3, 3, 3, 3, 3, 3, 3, 3, 3, 3, 3, 3, 3, 3, 3, 3, 3, 3, 3, 3, 3, 3, 3, 3, 3, 3, 3, 3, 3, 3, 3, 3, 3, 3, 3, 3, 3, 3, 3, 3, 3, 3, 3, 3, 3, 3, 3, 3, 3, 3, 3, 3, 3, 3, 3, 3, 3, 3, 3, 3, 3, 3, 3, 3, 3, 3, 3, 3, 3, 3, 3, 3, 3, 3, 3, 3, 3, 3, 3, 3, 3, 3, 3, 3, 3, 3, 3, 3, 3, 3, 3, 3, 3, 3, 3, 3, 3, 3, 3, 3, 3, 3, 3, 3, 3, 3, 3, 3, 3, 3, 3, 3, 3, 3, 3, 3, 3, 3, 3, 3, 3, 3, 3, 3, 3, 3, 3, 3, 3, 3, 3, 3, 3, 3, 3, 3, 3, 3, 3, 3, 3, 3, 3, 3, 3, 3, 3, 3, 3, 3, 3, 3, 3, 3, 3, 3, 3, 3, 3, 3, 3, 3, 3, 3, 3, 3, 3, 3, 3, 3, 3, 3, 3, 3, 3, 3, 3, 3, 3, 3, 3, 3, 3, 3, 3, 3, 3, 3, 3, 3, 3, 3, 3, 3, 3, 3, 3, 3, 3, 3, 3, 3, 3, 3, 3, 3, 3, 3, 3, 3, 3, 3, 3, 3, 3, 3, 3, 3, 3, 3, 3, 3, 3, 3, 3, 3, 3, 3, 3, 3, 3, 3, 3, 3, 3, 3, 3, 3, 3, 3, 3, 3, 3, 3, 3, 3, 3, 3, 3, 3, 3, 3, 3, 3, 3, 3, 3, 3, 3, 3, 3, 3, 3, 3, 3, 3, 3, 3, 3, 3, 3, 3, 3, 3, 3, 3, 3, 3, 3, 3, 3, 3, 3, 3, 3, 3, 3, 3, 3, 3, 3, 3, 3, 3, 3, 3, 3, 3, 3, 3, 3, 3, 3, 3, 3, 3, 3, 3, 3, 3, 3, 3, 3, 3, 3, 3, 3, 3, 3, 3, 3, 3, 3, 3, 3, 3, 3, 3, 3, 3, 3, 3, 3, 3, 3, 3, 3, 3, 3, 3, 3, 3, 3, 3, 3, 3, 3, 3, 3, 3, 3, 3, 3, 3, 3, 3, 3, 3, 3, 3, 3, 3, 3, 3, 3, 3, 3, 3, 3, 3, 3, 3, 3, 3, 3, 3, 3, 3, 3, 3, 3, 3, 3, 3, 3, 3, 3, 3, 3, 3, 3, 3, 3, 3, 3, 3, 3, 3, 3, 3, 3, 3, 3, 3, 3, 3, 3, 3, 3, 3, 3, 3, 3, 3, 3, 3, 3, 3, 3, 3, 3, 3, 3, 3, 3, 3, 3, 3, 3, 3, 3, 3, 3, 3, 3, 3, 3, 3, 3, 3, 3, 3, 3, 3, 3, 3, 3, 3, 3, 3, 3, 3, 3, 3, 3, 3, 3, 3, 3, 3, 3, 3, 3, 3, 3, 3, 3, 3, 3, 3, 3, 3, 3, 3, 3, 3, 3, 3, 3, 3, 3, 3, 3, 3, 3, 3, 3, 3, 3, 3, 3]
        int[] faceVertexIndices = [0, 3, 2, 2406, 3, 0, 29, 4, 2406, 30, 14, 29, 29, 14, 4, 144, 1, 15, 18, 2407, 16, 2407, 19, 0, 2, 2407, 0, 4, 3, 2406, 14, 5, 4, 14, 15, 5, 15, 1, 5, 6, 1, 144, 3, 4, 10, 2, 3, 24, 7, 24, 3, 3, 10, 7, 10, 4, 5, 10, 5, 8, 11, 5, 1, 5, 11, 8, 6, 155, 1, 2, 24, 9, 7, 10, 8, 1, 155, 11, 12, 11, 155, 19, 2407, 18, 13, 19, 18, 19, 2406, 0, 19, 13, 2406, 15, 14, 30, 17, 18, 16, 17, 38, 31, 18, 17, 31, 16, 21, 38, 38, 17, 16, 16, 20, 21, 38, 21, 22, 2407, 20, 16, 9, 23, 20, 20, 23, 21, 1163, 23, 9, 25, 9, 24, 7, 33, 26, 8, 11, 1168, 31, 35, 18, 18, 35, 13, 13, 27, 2406, 27, 28, 2406, 28, 44, 29, 29, 44, 30, 30, 44, 37, 15, 30, 36, 30, 37, 36, 15, 36, 144, 37, 45, 36, 32, 22, 21, 32, 1172, 22, 23, 32, 21, 25, 1163, 9, 25, 1164, 1163, 1166, 25, 26, 8, 33, 7, 1168, 33, 8, 1168, 11, 12, 155, 41, 12, 34, 35, 31, 35, 48, 13, 27, 13, 48, 27, 43, 28, 28, 43, 44, 60, 45, 37, 34, 31, 39, 39, 31, 40, 40, 31, 38, 22, 40, 38, 1168, 46, 1169, 41, 175, 42, 42, 1170, 41, 34, 66, 35, 35, 47, 48, 43, 27, 48, 49, 44, 43, 57, 37, 44, 66, 34, 39, 40, 50, 39, 22, 51, 40, 1172, 51, 22, 46, 1168, 1170, 47, 35, 66, 54, 48, 47, 54, 43, 48, 49, 43, 55, 57, 44, 49, 56, 57, 49, 37, 57, 60, 57, 58, 60, 59, 45, 60, 59, 205, 45, 39, 64, 66, 50, 40, 51, 50, 51, 67, 51, 1172, 77, 1162, 1169, 61, 62, 61, 1169, 46, 62, 1169, 53, 1170, 42, 1170, 53, 46, 53, 71, 46, 47, 65, 74, 74, 54, 47, 54, 55, 43, 54, 75, 55, 56, 49, 55, 57, 56, 58, 59, 60, 58, 39, 50, 64, 77, 67, 51, 62, 46, 71, 71, 53, 63, 63, 53, 52, 58, 92, 59, 64, 65, 66, 65, 47, 66, 64, 73, 65, 74, 65, 73, 54, 74, 75, 55, 83, 56, 75, 83, 55, 64, 50, 85, 85, 86, 64, 67, 85, 50, 68, 77, 1174, 62, 70, 61, 70, 1175, 61, 80, 70, 62, 71, 80, 62, 86, 73, 64, 73, 82, 74, 73, 87, 105, 93, 74, 82, 74, 93, 75, 93, 107, 75, 83, 91, 56, 91, 58, 56, 67, 76, 85, 77, 68, 67, 68, 76, 67, 69, 79, 78, 80, 89, 70, 90, 80, 71, 90, 71, 63, 52, 225, 63, 91, 92, 58, 236, 81, 104, 104, 81, 92, 73, 105, 82, 75, 107, 83, 83, 84, 91, 76, 86, 85, 76, 95, 86, 86, 95, 87, 110, 97, 225, 68, 1174, 98, 79, 1177, 78, 89, 69, 70, 69, 89, 100, 80, 90, 89, 97, 90, 63, 63, 225, 97, 102, 92, 91, 86, 87, 73, 82, 115, 93, 107, 84, 83, 87, 95, 94, 96, 95, 76, 96, 76, 68, 96, 68, 98, 97, 101, 90, 110, 108, 97, 1176, 111, 98, 111, 1176, 88, 88, 79, 99, 99, 79, 112, 89, 101, 100, 90, 101, 89, 91, 84, 102, 122, 84, 103, 102, 84, 122, 102, 104, 92, 102, 133, 104, 105, 87, 114, 115, 82, 105, 115, 106, 93, 93, 106, 107, 107, 106, 121, 121, 106, 116, 98, 118, 96, 101, 108, 109, 108, 101, 97, 109, 108, 125, 88, 99, 111, 129, 111, 99, 112, 79, 69, 100, 112, 69, 100, 113, 112, 100, 124, 113, 101, 124, 100, 121, 84, 107, 84, 121, 103, 122, 133, 102, 104, 133, 270, 114, 87, 94, 114, 289, 288, 114, 123, 105, 288, 123, 114, 115, 123, 116, 123, 115, 105, 115, 116, 106, 117, 94, 95, 118, 117, 96, 118, 119, 117, 101, 109, 124, 108, 120, 125, 120, 108, 110, 127, 118, 98, 130, 129, 99, 112, 130, 99, 130, 112, 113, 121, 132, 103, 133, 287, 270, 134, 121, 116, 121, 134, 132, 289, 94, 117, 96, 117, 95, 119, 289, 117, 118, 136, 119, 109, 137, 124, 137, 109, 125, 120, 126, 125, 129, 128, 127, 140, 130, 113, 113, 131, 140, 131, 141, 140, 124, 131, 113, 132, 293, 103, 103, 293, 122, 133, 122, 286, 287, 133, 286, 288, 294, 123, 294, 116, 123, 294, 134, 116, 94, 289, 114, 136, 135, 119, 136, 118, 127, 137, 131, 124, 273, 126, 120, 127, 128, 136, 138, 128, 129, 139, 138, 129, 140, 139, 130, 140, 141, 139, 144, 164, 145, 164, 165, 145, 165, 149, 145, 149, 148, 145, 167, 146, 149, 147, 146, 167, 146, 147, 153, 168, 151, 150, 184, 142, 168, 142, 151, 168, 142, 152, 151, 143, 606, 152, 6, 144, 145, 167, 149, 165, 150, 160, 153, 151, 160, 150, 143, 152, 142, 6, 145, 148, 148, 169, 6, 149, 157, 148, 146, 153, 158, 160, 151, 154, 152, 154, 151, 152, 161, 154, 161, 152, 585, 585, 152, 606, 6, 169, 155, 169, 148, 156, 157, 156, 148, 158, 149, 146, 158, 157, 149, 158, 162, 157, 158, 153, 177, 153, 160, 159, 163, 159, 160, 163, 160, 154, 161, 172, 154, 585, 593, 161, 593, 615, 161, 156, 176, 170, 157, 162, 156, 162, 158, 177, 153, 159, 177, 154, 172, 163, 144, 180, 164, 180, 144, 36, 164, 180, 165, 167, 166, 147, 166, 203, 147, 183, 168, 147, 183, 147, 203, 142, 185, 143, 143, 186, 606, 150, 147, 168, 147, 150, 153, 156, 170, 169, 176, 175, 170, 162, 176, 156, 179, 163, 172, 172, 174, 179, 172, 161, 615, 615, 174, 172, 45, 180, 36, 180, 181, 165, 167, 165, 181, 192, 166, 167, 192, 167, 181, 168, 183, 184, 185, 142, 184, 186, 143, 185, 170, 41, 169, 41, 170, 175, 187, 162, 177, 187, 176, 162, 188, 159, 171, 177, 159, 188, 163, 171, 159, 163, 178, 171, 189, 171, 178, 178, 163, 179, 173, 178, 179, 179, 174, 173, 180, 191, 201, 201, 181, 180, 181, 201, 192, 166, 192, 193, 182, 183, 203, 204, 183, 182, 204, 184, 183, 194, 185, 184, 195, 186, 185, 194, 195, 185, 644, 186, 195, 2395, 176, 187, 177, 188, 187, 171, 189, 188, 173, 174, 631, 173, 631, 190, 191, 180, 45, 45, 205, 191, 191, 205, 201, 193, 201, 208, 201, 193, 192, 166, 193, 203, 203, 193, 202, 194, 184, 204, 195, 213, 644, 175, 206, 42, 2395, 196, 216, 187, 188, 197, 188, 189, 197, 189, 220, 198, 189, 198, 197, 178, 220, 189, 200, 178, 173, 190, 200, 173, 201, 205, 208, 202, 182, 203, 182, 210, 204, 194, 212, 195, 204, 211, 194, 59, 72, 205, 213, 195, 212, 52, 53, 42, 2395, 214, 206, 207, 206, 214, 216, 214, 2395, 196, 2395, 187, 187, 197, 196, 197, 216, 196, 216, 197, 217, 200, 220, 178, 199, 219, 200, 190, 199, 200, 205, 229, 208, 208, 209, 193, 193, 209, 202, 209, 221, 202, 202, 221, 237, 202, 210, 182, 210, 202, 237, 204, 210, 211, 210, 232, 211, 211, 212, 194, 222, 212, 211, 212, 224, 213, 224, 212, 222, 224, 223, 213, 206, 52, 42, 207, 52, 206, 214, 240, 207, 215, 216, 217, 214, 216, 215, 217, 197, 198, 220, 218, 198, 218, 220, 219, 217, 198, 218, 220, 200, 219, 72, 59, 92, 229, 205, 72, 243, 229, 72, 208, 229, 209, 209, 250, 221, 250, 209, 229, 250, 230, 221, 238, 210, 237, 238, 232, 210, 222, 211, 232, 244, 222, 232, 239, 224, 222, 207, 226, 52, 226, 207, 240, 217, 227, 215, 218, 247, 217, 247, 218, 2408, 219, 199, 235, 72, 92, 81, 72, 81, 243, 250, 229, 243, 237, 221, 230, 231, 238, 237, 253, 238, 231, 238, 244, 232, 244, 239, 222, 245, 226, 240, 240, 233, 241, 233, 240, 214, 233, 215, 227, 225, 226, 245, 226, 225, 52, 233, 214, 215, 234, 227, 247, 217, 247, 227, 2408, 219, 235, 199, 658, 228, 228, 235, 199, 236, 243, 81, 250, 260, 230, 230, 231, 237, 252, 253, 231, 238, 253, 244, 691, 224, 239, 245, 110, 225, 233, 246, 241, 246, 233, 227, 235, 228, 678, 250, 259, 260, 259, 267, 260, 104, 270, 236, 254, 244, 253, 244, 255, 239, 255, 709, 239, 691, 239, 709, 246, 227, 234, 247, 2408, 248, 248, 234, 247, 2408, 235, 242, 242, 235, 678, 678, 266, 242, 2408, 249, 248, 242, 249, 2408, 243, 259, 250, 251, 230, 260, 260, 268, 251, 230, 251, 231, 251, 252, 231, 236, 259, 243, 236, 261, 259, 252, 269, 253, 269, 254, 253, 254, 255, 244, 709, 703, 691, 255, 262, 709, 245, 240, 241, 263, 110, 245, 241, 264, 245, 246, 264, 241, 276, 246, 234, 242, 257, 249, 701, 266, 678, 261, 267, 259, 268, 260, 267, 268, 267, 440, 252, 251, 268, 270, 261, 236, 271, 254, 269, 254, 271, 255, 262, 255, 271, 864, 709, 262, 262, 272, 864, 262, 271, 272, 110, 263, 120, 264, 263, 245, 283, 263, 264, 264, 265, 283, 246, 256, 264, 276, 256, 246, 248, 258, 234, 234, 258, 276, 249, 258, 248, 258, 249, 278, 257, 278, 249, 266, 285, 257, 257, 242, 266, 270, 280, 261, 280, 281, 261, 281, 267, 261, 267, 281, 440, 268, 282, 252, 282, 269, 252, 269, 442, 441, 269, 441, 271, 441, 272, 271, 273, 263, 283, 263, 273, 120, 256, 265, 264, 256, 276, 274, 275, 274, 276, 276, 258, 275, 277, 275, 258, 278, 277, 258, 285, 284, 257, 701, 735, 266, 735, 285, 266, 735, 279, 285, 287, 280, 270, 280, 443, 447, 280, 447, 281, 447, 448, 281, 281, 448, 440, 440, 449, 268, 282, 268, 449, 265, 274, 445, 274, 265, 256, 462, 274, 275, 284, 277, 278, 257, 284, 278, 132, 292, 293, 286, 122, 293, 307, 286, 305, 286, 293, 305, 286, 307, 287, 307, 443, 287, 289, 297, 288, 297, 295, 288, 294, 288, 295, 304, 132, 134, 119, 297, 289, 119, 135, 297, 136, 128, 298, 136, 298, 135, 128, 302, 298, 137, 310, 131, 126, 290, 125, 290, 137, 125, 126, 273, 291, 291, 301, 126, 302, 128, 138, 313, 302, 138, 138, 139, 313, 303, 139, 141, 304, 134, 296, 132, 304, 292, 292, 304, 316, 293, 292, 305, 307, 330, 443, 295, 320, 318, 296, 134, 294, 135, 320, 297, 299, 131, 310, 310, 137, 290, 290, 126, 301, 302, 321, 298, 139, 303, 313, 141, 315, 303, 141, 299, 315, 131, 299, 141, 304, 339, 316, 292, 317, 305, 306, 305, 317, 292, 316, 317, 305, 306, 307, 307, 306, 330, 320, 295, 297, 308, 294, 295, 294, 308, 296, 135, 309, 320, 298, 309, 135, 309, 298, 321, 310, 333, 299, 310, 290, 300, 290, 301, 300, 301, 291, 311, 323, 311, 291, 311, 323, 324, 321, 302, 312, 302, 313, 312, 314, 312, 313, 303, 314, 313, 339, 304, 296, 329, 317, 316, 318, 344, 331, 295, 318, 308, 318, 331, 342, 308, 318, 342, 342, 319, 308, 296, 308, 319, 339, 296, 319, 321, 332, 309, 322, 299, 333, 310, 300, 333, 300, 301, 311, 325, 312, 326, 326, 312, 314, 315, 327, 303, 315, 322, 327, 299, 322, 315, 319, 328, 339, 339, 340, 316, 316, 340, 329, 317, 329, 306, 329, 349, 306, 306, 350, 330, 330, 350, 481, 320, 344, 318, 342, 338, 319, 309, 344, 320, 332, 344, 309, 321, 325, 332, 325, 321, 312, 332, 325, 351, 333, 335, 334, 346, 300, 311, 324, 346, 311, 336, 326, 314, 336, 314, 327, 303, 327, 314, 337, 327, 322, 328, 340, 339, 340, 328, 348, 340, 341, 329, 349, 329, 341, 306, 349, 350, 357, 331, 344, 331, 343, 342, 342, 343, 338, 332, 351, 344, 325, 358, 351, 334, 335, 360, 335, 333, 300, 300, 346, 335, 346, 360, 335, 347, 346, 324, 325, 326, 345, 326, 336, 345, 337, 336, 327, 322, 354, 337, 354, 362, 337, 322, 333, 334, 343, 355, 338, 338, 328, 319, 328, 355, 348, 328, 338, 355, 340, 371, 341, 371, 340, 348, 341, 373, 349, 349, 356, 350, 357, 374, 331, 351, 357, 344, 334, 359, 354, 360, 359, 334, 360, 346, 352, 347, 352, 346, 347, 506, 352, 336, 353, 345, 353, 336, 362, 336, 337, 362, 334, 354, 322, 355, 343, 364, 364, 393, 355, 371, 348, 365, 371, 372, 341, 373, 341, 372, 356, 349, 373, 395, 512, 356, 357, 366, 374, 374, 343, 331, 345, 358, 325, 358, 375, 351, 358, 361, 377, 377, 375, 358, 359, 367, 378, 360, 352, 367, 361, 358, 345, 354, 363, 362, 348, 355, 393, 393, 365, 348, 356, 373, 395, 375, 357, 351, 357, 375, 366, 359, 363, 354, 388, 363, 390, 359, 390, 363, 367, 359, 360, 506, 380, 352, 506, 517, 380, 377, 361, 368, 345, 353, 361, 369, 353, 389, 389, 353, 362, 364, 383, 393, 393, 370, 365, 365, 372, 371, 372, 365, 394, 394, 384, 372, 373, 372, 385, 385, 372, 384, 373, 385, 395, 364, 343, 374, 374, 382, 364, 375, 376, 366, 377, 376, 375, 367, 379, 378, 387, 352, 380, 367, 352, 379, 398, 396, 368, 368, 361, 369, 353, 369, 361, 381, 369, 389, 363, 389, 362, 388, 389, 363, 390, 359, 378, 392, 383, 382, 364, 382, 383, 401, 393, 383, 402, 370, 401, 394, 365, 370, 385, 404, 395, 386, 366, 376, 382, 366, 386, 366, 382, 374, 386, 376, 406, 377, 406, 376, 352, 387, 379, 368, 396, 377, 396, 406, 377, 369, 381, 368, 381, 398, 368, 379, 391, 378, 387, 419, 379, 392, 401, 383, 401, 370, 393, 370, 403, 394, 403, 370, 402, 403, 384, 394, 404, 522, 395, 414, 386, 406, 413, 386, 414, 386, 413, 382, 397, 387, 534, 399, 381, 389, 399, 408, 381, 388, 399, 389, 390, 418, 388, 390, 378, 391, 391, 379, 419, 419, 400, 391, 391, 400, 418, 387, 397, 419, 392, 421, 401, 402, 432, 403, 384, 403, 424, 384, 424, 412, 384, 412, 385, 385, 412, 404, 558, 404, 412, 382, 413, 392, 413, 422, 392, 398, 407, 396, 381, 408, 398, 388, 409, 399, 418, 409, 388, 391, 418, 390, 392, 422, 421, 421, 1203, 431, 401, 421, 402, 431, 432, 402, 402, 421, 431, 424, 403, 432, 412, 411, 558, 411, 412, 424, 405, 414, 406, 406, 407, 405, 396, 407, 406, 428, 415, 418, 416, 398, 408, 416, 408, 438, 408, 399, 417, 409, 417, 399, 409, 418, 415, 415, 417, 409, 428, 418, 400, 420, 400, 419, 557, 420, 419, 420, 557, 573, 419, 397, 557, 573, 557, 576, 422, 1202, 421, 432, 423, 424, 1211, 433, 423, 424, 423, 433, 411, 424, 433, 425, 426, 414, 413, 414, 426, 422, 413, 426, 405, 425, 414, 425, 405, 434, 434, 405, 407, 434, 407, 427, 398, 416, 407, 407, 416, 427, 416, 438, 429, 417, 438, 408, 415, 1208, 417, 400, 430, 428, 420, 430, 400, 573, 439, 420, 421, 1202, 1203, 1209, 1203, 1202, 431, 1203, 1204, 431, 423, 432, 423, 431, 1204, 577, 410, 1222, 433, 1222, 411, 411, 1222, 410, 425, 1205, 426, 1225, 1205, 425, 434, 1225, 425, 427, 1213, 434, 1208, 415, 435, 428, 435, 415, 435, 428, 1207, 428, 430, 1207, 437, 427, 429, 429, 427, 416, 417, 1208, 438, 439, 430, 420, 430, 439, 1216, 436, 439, 573, 287, 443, 280, 447, 456, 448, 457, 440, 448, 440, 457, 449, 449, 459, 282, 459, 442, 282, 282, 442, 269, 442, 460, 441, 441, 450, 272, 283, 444, 273, 273, 444, 291, 265, 452, 283, 452, 444, 283, 462, 445, 274, 275, 277, 462, 463, 277, 284, 463, 462, 277, 463, 284, 454, 285, 446, 284, 284, 446, 454, 285, 279, 446, 466, 447, 443, 466, 456, 447, 449, 457, 459, 460, 442, 458, 458, 442, 459, 461, 460, 458, 460, 450, 441, 878, 272, 450, 323, 291, 444, 452, 451, 444, 452, 265, 445, 469, 452, 445, 462, 453, 445, 445, 453, 469, 462, 463, 464, 455, 446, 279, 473, 448, 456, 448, 473, 457, 473, 484, 457, 461, 450, 460, 467, 461, 474, 450, 461, 467, 459, 457, 484, 467, 878, 450, 323, 444, 451, 452, 469, 451, 472, 463, 454, 455, 883, 901, 901, 465, 455, 330, 466, 443, 456, 466, 482, 483, 484, 473, 480, 458, 485, 458, 480, 461, 330, 481, 466, 469, 476, 451, 453, 462, 464, 463, 472, 464, 454, 446, 479, 479, 446, 455, 493, 456, 482, 493, 473, 456, 473, 493, 483, 459, 485, 458, 480, 474, 461, 480, 511, 474, 467, 491, 475, 482, 466, 481, 494, 485, 484, 484, 485, 459, 323, 468, 324, 451, 468, 323, 468, 451, 476, 476, 469, 477, 453, 464, 470, 472, 470, 464, 472, 471, 470, 472, 478, 471, 454, 478, 472, 479, 478, 454, 465, 479, 455, 479, 465, 500, 492, 493, 482, 502, 485, 494, 485, 502, 480, 501, 502, 494, 491, 467, 474, 511, 491, 474, 511, 490, 491, 356, 481, 350, 482, 481, 492, 504, 483, 493, 494, 484, 483, 494, 483, 516, 347, 324, 468, 468, 476, 505, 469, 453, 477, 477, 453, 486, 470, 486, 453, 471, 486, 470, 471, 487, 486, 498, 487, 471, 478, 498, 471, 488, 498, 478, 479, 488, 478, 500, 488, 479, 465, 489, 500, 480, 502, 511, 490, 511, 503, 475, 490, 495, 492, 481, 356, 492, 514, 493, 483, 504, 516, 490, 475, 491, 490, 503, 495, 468, 505, 506, 476, 477, 505, 496, 505, 477, 496, 477, 486, 486, 487, 497, 497, 496, 486, 498, 518, 487, 499, 488, 500, 489, 925, 500, 516, 501, 494, 510, 501, 532, 510, 502, 501, 510, 511, 502, 356, 512, 492, 493, 514, 504, 514, 515, 504, 503, 939, 495, 468, 506, 347, 507, 505, 496, 497, 508, 496, 518, 497, 487, 518, 498, 520, 520, 536, 518, 488, 520, 498, 488, 499, 520, 500, 925, 509, 500, 509, 499, 530, 521, 510, 510, 521, 511, 503, 511, 521, 939, 503, 533, 513, 492, 512, 492, 513, 514, 514, 513, 523, 514, 523, 515, 504, 515, 516, 516, 515, 501, 506, 505, 517, 507, 517, 505, 496, 508, 507, 518, 519, 497, 518, 536, 519, 509, 528, 499, 953, 509, 925, 530, 510, 548, 521, 530, 541, 521, 533, 503, 395, 522, 512, 513, 522, 537, 512, 522, 513, 513, 537, 523, 523, 531, 515, 538, 524, 531, 501, 515, 524, 510, 532, 548, 380, 517, 525, 380, 525, 387, 525, 534, 387, 525, 535, 534, 507, 508, 526, 519, 508, 497, 536, 520, 527, 499, 528, 520, 528, 527, 520, 528, 545, 527, 953, 529, 509, 521, 541, 533, 541, 530, 540, 541, 549, 533, 522, 546, 537, 523, 537, 531, 537, 560, 531, 531, 524, 515, 524, 532, 501, 539, 524, 538, 532, 524, 539, 548, 532, 539, 548, 540, 530, 517, 535, 525, 535, 517, 507, 507, 526, 535, 526, 508, 552, 552, 508, 519, 519, 544, 552, 536, 544, 519, 527, 568, 536, 529, 528, 509, 953, 960, 529, 522, 404, 546, 537, 546, 560, 531, 560, 538, 560, 547, 538, 548, 562, 540, 549, 975, 533, 976, 975, 549, 535, 551, 534, 551, 535, 526, 542, 526, 552, 544, 536, 568, 545, 568, 527, 568, 545, 569, 529, 545, 528, 529, 960, 555, 556, 555, 960, 555, 545, 529, 404, 558, 546, 546, 558, 559, 561, 546, 559, 560, 546, 561, 538, 572, 539, 572, 538, 547, 572, 562, 539, 562, 548, 539, 563, 540, 562, 541, 565, 549, 540, 564, 541, 564, 565, 541, 565, 976, 549, 534, 550, 397, 534, 551, 550, 551, 526, 542, 543, 552, 544, 543, 542, 552, 544, 553, 543, 544, 568, 553, 545, 554, 569, 555, 554, 545, 554, 555, 556, 410, 559, 558, 560, 561, 578, 560, 578, 547, 578, 561, 1354, 563, 564, 540, 563, 1356, 564, 1004, 565, 580, 542, 566, 551, 542, 543, 567, 582, 567, 543, 553, 568, 569, 556, 570, 554, 554, 575, 569, 575, 554, 570, 550, 576, 557, 557, 397, 550, 550, 566, 576, 1363, 561, 559, 577, 559, 410, 1363, 559, 577, 1363, 1354, 561, 578, 571, 547, 547, 571, 1367, 572, 547, 1367, 579, 562, 572, 562, 579, 563, 563, 1369, 1356, 580, 565, 564, 576, 436, 573, 551, 566, 550, 542, 574, 566, 567, 574, 542, 553, 582, 543, 569, 583, 553, 583, 569, 575, 575, 570, 1360, 578, 1354, 571, 579, 572, 1367, 579, 1369, 563, 580, 1372, 1004, 576, 581, 436, 581, 576, 566, 574, 581, 566, 1357, 581, 574, 567, 1358, 1357, 582, 553, 583, 1360, 583, 575, 584, 570, 556, 594, 585, 607, 607, 585, 606, 607, 623, 594, 591, 590, 610, 611, 586, 610, 612, 592, 611, 586, 611, 592, 595, 612, 587, 614, 588, 587, 614, 742, 588, 594, 623, 589, 608, 589, 623, 590, 589, 608, 610, 586, 591, 591, 586, 599, 586, 592, 600, 600, 592, 595, 612, 595, 592, 595, 587, 588, 596, 595, 588, 585, 594, 593, 589, 598, 594, 598, 589, 590, 599, 586, 600, 596, 588, 597, 597, 588, 742, 590, 603, 598, 603, 602, 598, 591, 603, 590, 591, 599, 603, 599, 604, 603, 600, 605, 599, 600, 595, 596, 601, 596, 597, 597, 742, 760, 593, 617, 615, 617, 593, 594, 594, 598, 617, 605, 604, 599, 600, 619, 605, 596, 619, 600, 596, 601, 619, 601, 597, 760, 621, 607, 606, 621, 623, 607, 622, 623, 621, 623, 622, 608, 608, 628, 610, 609, 610, 628, 610, 609, 611, 624, 611, 609, 624, 612, 611, 624, 629, 612, 612, 629, 613, 613, 614, 587, 587, 612, 613, 617, 631, 615, 598, 602, 617, 640, 616, 602, 640, 602, 603, 618, 640, 603, 603, 604, 618, 605, 633, 604, 605, 626, 633, 620, 619, 601, 761, 601, 760, 186, 644, 627, 186, 627, 621, 627, 622, 621, 622, 627, 637, 608, 622, 628, 629, 630, 613, 631, 174, 615, 631, 617, 616, 602, 616, 617, 618, 604, 633, 626, 605, 619, 620, 626, 619, 620, 635, 626, 636, 635, 620, 636, 620, 761, 620, 601, 761, 645, 637, 627, 622, 637, 628, 628, 638, 609, 647, 609, 638, 609, 647, 624, 647, 649, 624, 624, 649, 629, 667, 630, 656, 625, 613, 630, 630, 774, 625, 618, 632, 640, 632, 618, 633, 626, 651, 633, 772, 643, 761, 627, 644, 645, 645, 646, 637, 628, 637, 646, 646, 638, 628, 649, 647, 648, 656, 629, 649, 629, 656, 630, 630, 667, 774, 190, 631, 639, 639, 631, 616, 650, 639, 616, 640, 650, 616, 632, 634, 640, 632, 641, 634, 632, 642, 641, 633, 642, 632, 633, 651, 642, 635, 651, 626, 651, 635, 663, 663, 635, 652, 636, 652, 635, 761, 643, 636, 643, 652, 636, 645, 213, 223, 646, 645, 653, 213, 645, 644, 646, 665, 638, 638, 666, 647, 647, 666, 648, 648, 655, 649, 656, 649, 655, 774, 667, 657, 199, 190, 658, 190, 639, 658, 659, 658, 639, 659, 639, 650, 650, 640, 634, 651, 661, 642, 641, 642, 661, 643, 801, 652, 653, 645, 223, 653, 665, 646, 665, 675, 666, 665, 666, 638, 654, 648, 666, 648, 654, 655, 655, 667, 656, 667, 811, 657, 659, 669, 658, 660, 650, 634, 660, 659, 650, 660, 634, 671, 641, 671, 634, 661, 677, 641, 651, 662, 661, 663, 662, 651, 663, 672, 662, 663, 652, 672, 672, 652, 664, 643, 782, 801, 801, 664, 652, 653, 674, 665, 675, 681, 654, 675, 654, 666, 654, 694, 655, 694, 654, 681, 676, 667, 655, 676, 811, 667, 657, 795, 789, 669, 228, 658, 670, 659, 660, 641, 677, 671, 672, 668, 662, 664, 673, 672, 664, 690, 673, 223, 691, 680, 224, 691, 223, 691, 710, 680, 223, 680, 653, 653, 680, 674, 665, 674, 675, 694, 676, 655, 694, 695, 676, 676, 695, 811, 682, 811, 695, 677, 661, 668, 672, 684, 668, 673, 684, 672, 686, 669, 670, 659, 670, 669, 688, 660, 671, 660, 688, 670, 677, 679, 671, 668, 661, 662, 690, 664, 801, 710, 691, 703, 692, 674, 680, 674, 693, 675, 681, 675, 693, 693, 712, 681, 694, 696, 695, 705, 694, 681, 682, 823, 811, 678, 686, 701, 677, 683, 679, 668, 697, 677, 668, 684, 697, 678, 228, 686, 669, 686, 228, 715, 701, 686, 715, 686, 670, 688, 687, 670, 687, 715, 670, 688, 671, 679, 673, 685, 689, 690, 685, 673, 808, 685, 690, 680, 710, 692, 692, 710, 711, 692, 704, 693, 712, 705, 681, 694, 705, 696, 696, 682, 695, 714, 696, 705, 683, 677, 697, 684, 689, 699, 673, 689, 684, 689, 685, 700, 679, 687, 688, 808, 717, 685, 721, 692, 711, 704, 712, 693, 704, 733, 712, 713, 705, 712, 682, 696, 724, 714, 724, 696, 724, 823, 682, 702, 708, 706, 697, 707, 683, 708, 683, 707, 697, 698, 707, 684, 698, 697, 684, 699, 698, 699, 729, 698, 699, 689, 700, 700, 685, 717, 702, 687, 679, 679, 708, 702, 708, 679, 683, 709, 719, 703, 719, 709, 864, 711, 710, 703, 703, 719, 711, 720, 721, 711, 692, 721, 704, 732, 704, 721, 732, 733, 704, 733, 713, 712, 713, 714, 705, 724, 714, 723, 850, 823, 724, 724, 1010, 850, 701, 725, 735, 725, 701, 715, 715, 687, 702, 702, 726, 715, 706, 726, 702, 716, 708, 707, 716, 707, 728, 707, 698, 729, 700, 737, 730, 719, 864, 731, 719, 731, 720, 721, 866, 732, 733, 868, 713, 868, 722, 713, 713, 722, 714, 723, 714, 722, 870, 1010, 724, 1010, 870, 871, 735, 725, 736, 715, 726, 725, 725, 726, 736, 706, 727, 726, 716, 706, 708, 716, 727, 706, 729, 728, 707, 874, 728, 729, 730, 699, 700, 699, 730, 729, 700, 717, 718, 864, 272, 878, 731, 878, 865, 731, 865, 720, 866, 720, 880, 866, 721, 720, 733, 732, 868, 867, 868, 732, 868, 734, 722, 869, 722, 734, 869, 723, 722, 279, 735, 736, 727, 736, 726, 727, 884, 736, 727, 872, 884, 716, 872, 727, 729, 730, 876, 730, 737, 876, 718, 737, 700, 744, 743, 757, 757, 742, 614, 742, 757, 743, 758, 745, 744, 758, 746, 745, 758, 747, 746, 750, 747, 738, 740, 750, 738, 750, 740, 739, 739, 740, 741, 748, 743, 744, 748, 744, 745, 745, 746, 752, 753, 746, 747, 750, 753, 747, 750, 749, 753, 739, 749, 750, 741, 754, 739, 742, 751, 760, 751, 742, 743, 743, 748, 751, 745, 763, 748, 752, 746, 753, 753, 756, 752, 754, 755, 739, 739, 755, 749, 760, 751, 773, 762, 751, 748, 751, 762, 773, 763, 762, 748, 752, 763, 745, 756, 753, 749, 749, 755, 1179, 755, 754, 765, 755, 765, 1179, 614, 766, 757, 766, 614, 625, 759, 738, 747, 767, 744, 757, 768, 758, 744, 747, 758, 759, 759, 758, 775, 769, 741, 740, 769, 776, 741, 771, 754, 776, 754, 771, 765, 762, 1181, 773, 763, 764, 762, 1185, 763, 752, 752, 1187, 1185, 756, 1187, 752, 749, 1179, 756, 1178, 756, 1179, 765, 1180, 1179, 625, 614, 613, 777, 766, 625, 767, 757, 766, 777, 767, 766, 777, 787, 767, 768, 767, 787, 767, 768, 744, 775, 778, 759, 778, 738, 759, 738, 770, 740, 740, 770, 769, 770, 781, 769, 768, 775, 758, 741, 776, 754, 769, 781, 776, 771, 784, 765, 761, 760, 773, 1181, 762, 764, 764, 763, 1185, 1180, 765, 784, 625, 774, 777, 777, 797, 787, 768, 785, 775, 738, 778, 770, 780, 770, 778, 781, 770, 788, 792, 776, 781, 761, 773, 772, 784, 783, 1180, 783, 1183, 1180, 785, 768, 787, 775, 785, 779, 775, 779, 778, 779, 780, 778, 780, 790, 791, 780, 788, 770, 771, 776, 792, 792, 1195, 771, 772, 1182, 782, 774, 789, 777, 797, 777, 789, 787, 786, 785, 787, 797, 786, 786, 799, 785, 799, 779, 785, 790, 779, 799, 780, 791, 788, 788, 791, 805, 805, 781, 788, 781, 805, 792, 1195, 784, 771, 643, 772, 782, 1182, 1189, 782, 783, 784, 1195, 783, 1195, 1196, 789, 774, 657, 789, 796, 797, 796, 789, 795, 790, 780, 779, 790, 813, 800, 790, 800, 791, 806, 1195, 792, 792, 805, 806, 806, 793, 1195, 1189, 794, 782, 1189, 1197, 810, 1189, 810, 794, 793, 1196, 1195, 795, 657, 811, 796, 824, 825, 798, 797, 796, 797, 798, 786, 825, 798, 796, 798, 803, 786, 786, 803, 799, 813, 799, 803, 799, 813, 790, 791, 807, 805, 806, 815, 793, 782, 802, 801, 802, 690, 801, 782, 794, 802, 809, 802, 794, 810, 809, 794, 822, 1196, 793, 824, 795, 811, 795, 824, 796, 813, 803, 812, 813, 827, 800, 804, 791, 800, 804, 800, 836, 827, 836, 800, 807, 791, 804, 804, 828, 807, 805, 807, 806, 807, 814, 806, 814, 815, 806, 815, 822, 793, 808, 690, 802, 809, 808, 802, 810, 1197, 817, 817, 1192, 818, 824, 811, 823, 823, 835, 824, 803, 2401, 812, 826, 813, 812, 826, 827, 813, 842, 827, 826, 836, 828, 804, 807, 828, 814, 815, 829, 822, 814, 829, 815, 817, 816, 810, 810, 816, 809, 1199, 837, 818, 818, 833, 819, 825, 2401, 798, 2401, 825, 839, 826, 812, 840, 827, 844, 836, 828, 845, 814, 814, 845, 829, 829, 834, 822, 830, 808, 809, 831, 830, 816, 816, 830, 809, 831, 816, 832, 832, 816, 817, 832, 817, 819, 818, 819, 817, 833, 818, 837, 822, 834, 821, 825, 824, 835, 839, 825, 835, 812, 839, 840, 840, 842, 826, 842, 844, 827, 843, 836, 844, 828, 836, 843, 828, 843, 845, 845, 846, 829, 834, 829, 846, 830, 717, 808, 832, 853, 831, 833, 837, 849, 849, 863, 833, 834, 838, 821, 823, 850, 835, 850, 856, 835, 857, 840, 839, 842, 840, 841, 841, 844, 842, 845, 843, 859, 859, 846, 845, 846, 859, 851, 717, 830, 847, 847, 830, 831, 846, 852, 834, 819, 848, 832, 853, 832, 848, 819, 833, 863, 837, 1200, 849, 856, 850, 1010, 839, 835, 856, 1029, 857, 856, 839, 856, 857, 1014, 844, 1013, 844, 1014, 843, 859, 843, 1014, 851, 859, 860, 852, 846, 851, 718, 717, 847, 831, 862, 847, 853, 862, 831, 848, 854, 853, 819, 863, 848, 1200, 1019, 849, 855, 849, 1019, 852, 1021, 834, 1011, 856, 1010, 1011, 1029, 856, 1029, 1012, 857, 857, 1012, 858, 857, 858, 840, 858, 841, 840, 858, 1031, 841, 1031, 1013, 841, 841, 1013, 844, 1014, 860, 859, 851, 1033, 852, 847, 861, 718, 861, 1015, 718, 862, 861, 847, 862, 853, 854, 1022, 852, 1033, 863, 1017, 848, 848, 1017, 854, 863, 849, 855, 852, 1022, 1021, 878, 731, 864, 880, 720, 865, 881, 867, 866, 866, 867, 732, 867, 881, 899, 899, 888, 867, 867, 888, 868, 723, 869, 870, 869, 891, 870, 883, 455, 279, 873, 716, 728, 873, 872, 716, 874, 873, 728, 876, 874, 729, 877, 876, 737, 878, 897, 865, 865, 879, 880, 879, 898, 880, 866, 880, 881, 881, 880, 898, 868, 888, 734, 734, 888, 889, 869, 734, 889, 890, 869, 889, 736, 883, 279, 883, 884, 882, 884, 883, 736, 882, 892, 883, 892, 882, 902, 873, 885, 872, 873, 874, 875, 874, 876, 875, 875, 876, 886, 877, 886, 876, 718, 877, 737, 1015, 877, 718, 1035, 905, 1015, 897, 879, 865, 907, 898, 879, 887, 898, 907, 887, 881, 898, 899, 881, 887, 900, 888, 899, 889, 888, 900, 891, 869, 890, 909, 891, 890, 891, 909, 1039, 901, 883, 892, 893, 884, 872, 893, 882, 884, 902, 882, 893, 872, 894, 893, 894, 902, 893, 872, 885, 894, 875, 885, 873, 886, 895, 875, 917, 895, 886, 896, 886, 877, 1015, 896, 877, 906, 896, 905, 896, 1015, 905, 878, 467, 897, 467, 475, 897, 911, 907, 879, 908, 899, 887, 908, 900, 899, 908, 920, 900, 912, 890, 889, 890, 912, 922, 890, 922, 909, 1039, 909, 1051, 904, 914, 885, 875, 904, 885, 875, 895, 904, 895, 917, 916, 896, 917, 886, 906, 917, 896, 906, 905, 1070, 911, 897, 475, 897, 911, 879, 911, 475, 495, 919, 887, 907, 907, 910, 919, 920, 912, 900, 912, 889, 900, 922, 923, 909, 1051, 909, 923, 901, 489, 465, 489, 901, 892, 902, 2394, 892, 903, 2394, 902, 894, 903, 902, 885, 914, 894, 904, 915, 914, 916, 904, 895, 911, 910, 907, 932, 910, 930, 932, 919, 910, 919, 908, 887, 919, 931, 908, 932, 931, 919, 920, 921, 912, 933, 921, 920, 2394, 489, 892, 903, 926, 2394, 894, 913, 903, 914, 913, 894, 915, 904, 916, 918, 917, 906, 917, 918, 916, 906, 1070, 1082, 1082, 918, 906, 911, 495, 930, 930, 910, 911, 908, 931, 920, 912, 921, 922, 921, 934, 922, 941, 921, 933, 923, 922, 934, 926, 927, 935, 903, 927, 926, 903, 913, 927, 913, 928, 927, 913, 914, 936, 915, 936, 914, 929, 916, 918, 918, 1082, 937, 929, 918, 937, 1070, 1069, 1082, 939, 930, 495, 950, 932, 949, 932, 950, 931, 933, 920, 931, 921, 941, 934, 941, 957, 934, 934, 942, 923, 957, 942, 934, 926, 935, 925, 935, 953, 925, 913, 936, 928, 916, 929, 915, 938, 1082, 1093, 930, 940, 932, 939, 940, 930, 950, 951, 931, 951, 933, 931, 951, 952, 933, 952, 941, 933, 952, 959, 941, 935, 954, 953, 927, 943, 935, 928, 943, 927, 936, 944, 928, 945, 944, 936, 915, 947, 936, 929, 947, 915, 947, 929, 946, 929, 937, 946, 938, 937, 1082, 939, 958, 940, 940, 949, 932, 949, 940, 969, 949, 970, 950, 971, 951, 950, 972, 952, 971, 959, 957, 941, 948, 942, 957, 954, 935, 943, 955, 954, 943, 943, 928, 955, 944, 955, 928, 947, 946, 964, 946, 937, 967, 956, 967, 937, 938, 1093, 2413, 957, 959, 974, 968, 948, 957, 974, 968, 957, 968, 1114, 948, 958, 939, 533, 940, 958, 969, 969, 977, 949, 949, 977, 970, 977, 989, 970, 950, 970, 971, 971, 952, 951, 972, 971, 978, 952, 972, 959, 954, 960, 953, 961, 960, 954, 955, 961, 954, 944, 962, 955, 962, 961, 955, 944, 963, 962, 945, 963, 944, 945, 964, 963, 966, 963, 964, 965, 964, 946, 946, 967, 965, 965, 966, 964, 967, 956, 973, 973, 956, 2413, 2413, 956, 938, 975, 958, 533, 958, 975, 969, 969, 988, 977, 988, 989, 977, 996, 970, 989, 996, 978, 970, 978, 971, 970, 962, 981, 961, 966, 992, 991, 992, 965, 967, 973, 992, 967, 983, 993, 973, 2413, 983, 973, 983, 2413, 1105, 972, 974, 959, 974, 972, 985, 986, 974, 985, 974, 986, 968, 1144, 1114, 968, 975, 987, 969, 987, 975, 976, 969, 987, 988, 987, 995, 988, 985, 972, 978, 556, 960, 979, 961, 979, 960, 980, 962, 963, 990, 981, 980, 982, 990, 980, 963, 966, 982, 991, 982, 966, 992, 966, 965, 993, 992, 973, 978, 984, 985, 986, 1144, 968, 986, 994, 1144, 976, 1004, 1785, 987, 976, 1785, 988, 1787, 989, 996, 997, 978, 1127, 1007, 983, 961, 1008, 979, 981, 1008, 961, 981, 962, 980, 1003, 984, 1783, 985, 984, 1003, 985, 1003, 986, 1003, 994, 986, 1003, 1795, 994, 565, 1004, 976, 1785, 995, 987, 995, 1787, 988, 1798, 1786, 1787, 1787, 1006, 989, 989, 1006, 996, 996, 1005, 997, 997, 984, 978, 993, 983, 1007, 556, 998, 584, 1008, 998, 979, 998, 556, 979, 1008, 1800, 998, 981, 990, 1806, 990, 999, 1806, 990, 1000, 999, 991, 1000, 982, 982, 1000, 990, 1000, 1001, 1802, 1001, 1000, 991, 991, 992, 1009, 1009, 992, 993, 1005, 1793, 997, 997, 1783, 984, 1784, 1795, 1003, 1795, 1796, 994, 1004, 1373, 1785, 1797, 1798, 1373, 1785, 1798, 995, 1798, 1787, 995, 1006, 1005, 996, 1002, 993, 1007, 1788, 1002, 1007, 1929, 1788, 1007, 1007, 1127, 1929, 998, 1790, 584, 981, 1791, 1008, 1806, 1791, 981, 1009, 1001, 991, 1002, 1009, 993, 1009, 1002, 1799, 1010, 871, 1011, 871, 870, 891, 1012, 1023, 858, 1013, 1024, 1014, 1014, 1024, 860, 860, 1025, 851, 1025, 1033, 851, 862, 1035, 861, 1015, 861, 1035, 862, 854, 1016, 1016, 854, 1026, 1017, 1026, 854, 855, 1019, 1018, 1018, 1019, 1027, 1020, 1027, 1019, 1021, 1022, 1020, 1020, 1022, 1027, 1038, 1022, 1033, 871, 1039, 1011, 1011, 1040, 1029, 1012, 1052, 1023, 858, 1023, 1031, 1055, 1031, 1023, 1032, 1031, 1055, 1031, 1032, 1013, 1013, 1032, 1024, 1032, 1042, 1024, 1024, 1043, 860, 1016, 1035, 862, 1026, 1037, 1016, 1017, 1047, 1026, 855, 1017, 863, 855, 1047, 1017, 1018, 1047, 855, 1022, 1028, 1027, 1022, 1038, 1028, 891, 1039, 871, 1030, 1052, 1029, 1029, 1052, 1012, 1052, 1041, 1023, 1023, 1041, 1055, 1032, 1077, 1042, 1043, 1024, 1042, 860, 1043, 1025, 1043, 1042, 1057, 1043, 1058, 1025, 1025, 1034, 1033, 1025, 1058, 1034, 1036, 1035, 1016, 1037, 1036, 1016, 1026, 1045, 1037, 1045, 1026, 1046, 1034, 1038, 1033, 1026, 1047, 1046, 1027, 1048, 1018, 1028, 1048, 1027, 1011, 1039, 1040, 1039, 1051, 1040, 1030, 1053, 1052, 1041, 1052, 1053, 1055, 1077, 1032, 1042, 1077, 1056, 1057, 1058, 1043, 1059, 905, 1035, 1059, 1070, 905, 1036, 1059, 1035, 1037, 1044, 1036, 1045, 1044, 1037, 1034, 1062, 1038, 1018, 1063, 1047, 1048, 1063, 1018, 1050, 1048, 1028, 1062, 1050, 1028, 1065, 1040, 1051, 1040, 1065, 1030, 1030, 1065, 1053, 1065, 1066, 1053, 1077, 1055, 1054, 1041, 1054, 1055, 1054, 1076, 1077, 1042, 1056, 1057, 1057, 1067, 1058, 1067, 1068, 1058, 1058, 1068, 1034, 1044, 1059, 1036, 1045, 1060, 1044, 1061, 1045, 1046, 1063, 1061, 1046, 1063, 1046, 1047, 1063, 1048, 1049, 1050, 1049, 1048, 1038, 1062, 1028, 1073, 1065, 1051, 1053, 1066, 1075, 1053, 1054, 1041, 1053, 1075, 1054, 1088, 1076, 1054, 1080, 1056, 1077, 1067, 1092, 1068, 1034, 1068, 1062, 1059, 1069, 1070, 1059, 1044, 1071, 1071, 1044, 1060, 1060, 1045, 1084, 1061, 1084, 1045, 1061, 1063, 1072, 1064, 1062, 1068, 1078, 1064, 1068, 1049, 1072, 1063, 1050, 1062, 1064, 923, 942, 924, 924, 1051, 923, 924, 1073, 1051, 1065, 1073, 1066, 1066, 1074, 1075, 1075, 1088, 1054, 1076, 1080, 1077, 1056, 1081, 1057, 1081, 1067, 1057, 1091, 1092, 2416, 1092, 1078, 1068, 1069, 1059, 1071, 1071, 1060, 1083, 1061, 1095, 1084, 1072, 1095, 1061, 1097, 1095, 1072, 1049, 1079, 1072, 1050, 1079, 1049, 1064, 1085, 1050, 1087, 1074, 1066, 1087, 1073, 924, 1087, 924, 1102, 1073, 1087, 1066, 1075, 1074, 1103, 1103, 1088, 1075, 1081, 1080, 1090, 1080, 1081, 1056, 1090, 2416, 1081, 2416, 1090, 1091, 1082, 1069, 1093, 1083, 1069, 1071, 1069, 1083, 1093, 1083, 1060, 1084, 1084, 1094, 1083, 1084, 1108, 1094, 1079, 1097, 1072, 1079, 1050, 1085, 1085, 1064, 1086, 1064, 1078, 1086, 1074, 1087, 1120, 948, 924, 942, 1102, 924, 948, 1103, 1104, 1088, 1088, 1089, 1076, 1104, 1089, 1088, 1080, 1089, 1090, 1076, 1089, 1080, 1090, 1089, 1117, 1126, 1092, 1091, 1092, 1112, 1078, 1083, 1106, 1093, 1106, 1083, 1094, 1095, 1108, 1084, 1112, 1086, 1078, 1079, 1098, 1097, 1079, 1085, 1098, 1100, 1098, 1085, 1085, 1086, 1101, 1101, 1086, 1112, 1102, 948, 1114, 1087, 1102, 1120, 1116, 1074, 1120, 1103, 1074, 1116, 1103, 1122, 1104, 1104, 1123, 1089, 1099, 1090, 1117, 1090, 1099, 1091, 1099, 1125, 1091, 1126, 1091, 1125, 1112, 1092, 1126, 1107, 1106, 1094, 1096, 1108, 1095, 1097, 1096, 1095, 1097, 1111, 1096, 1101, 1100, 1085, 1101, 1113, 1100, 1115, 1102, 1114, 1120, 1102, 1115, 1122, 1123, 1104, 1089, 1123, 1117, 1128, 1106, 1107, 1128, 1105, 1106, 1126, 1129, 1112, 1107, 1094, 1108, 1107, 1108, 1109, 1109, 1108, 1096, 1111, 1109, 1096, 1098, 1111, 1097, 1111, 1098, 2417, 2417, 1110, 1111, 1100, 2417, 1098, 1112, 1129, 1101, 1100, 1113, 2417, 1101, 1131, 1113, 1129, 1131, 1101, 1120, 1121, 1116, 1121, 1135, 1116, 1116, 1135, 1122, 1122, 1103, 1116, 1123, 1146, 1117, 1117, 1124, 1099, 1099, 1124, 1125, 1124, 1136, 1125, 1128, 1127, 1105, 1109, 1118, 1107, 1110, 1109, 1111, 1114, 1144, 1132, 1114, 1132, 1115, 1115, 1121, 1120, 1133, 1121, 1115, 1122, 1135, 2411, 1123, 1122, 1145, 2411, 1145, 1122, 1146, 1124, 1117, 1125, 1138, 1126, 1138, 1125, 1136, 1118, 1128, 1107, 1109, 1130, 1118, 1138, 1129, 1126, 1130, 1109, 1110, 1129, 1137, 1131, 1113, 1131, 1119, 1113, 1119, 1143, 1131, 1137, 1119, 1132, 1133, 1115, 1134, 1152, 1153, 1133, 1134, 1121, 1121, 1134, 1135, 1134, 2411, 1135, 2411, 1134, 1153, 1146, 1123, 1145, 1124, 1146, 1154, 1124, 1154, 1136, 1136, 1154, 1155, 1136, 1156, 1138, 1136, 1155, 1156, 1127, 983, 1105, 1128, 1139, 1127, 1118, 1139, 1128, 1140, 1139, 1118, 1130, 1140, 1118, 1129, 1138, 1137, 1137, 1138, 1157, 1137, 1157, 1161, 1141, 1130, 1110, 2417, 1142, 1110, 1110, 1142, 1141, 1143, 1159, 1142, 1159, 1141, 1142, 1161, 1119, 1137, 1143, 1119, 2419, 1151, 1144, 994, 1144, 1151, 1132, 1152, 1133, 1132, 1151, 1152, 1132, 1133, 1152, 1134, 1153, 1944, 2411, 1927, 1146, 1145, 1146, 1927, 1154, 1140, 1147, 1139, 1156, 1157, 1138, 1148, 1140, 1130, 1141, 1149, 1130, 1161, 1932, 1150, 1143, 1160, 1159, 1143, 2419, 1160, 1150, 1119, 1161, 1151, 994, 1796, 1151, 1935, 1152, 1152, 1936, 1926, 1152, 1926, 1153, 1153, 1926, 1944, 1939, 1927, 1145, 1927, 1928, 1154, 1947, 1156, 1155, 1156, 1947, 1157, 1139, 1930, 1127, 1147, 1930, 1139, 1140, 1148, 1147, 1148, 1931, 1941, 1931, 1148, 1149, 1148, 1130, 1149, 1141, 1158, 1149, 1159, 1158, 1141, 26, 24, 7, 23, 1163, 32, 24, 26, 25, 26, 33, 1162, 1164, 25, 1166, 1166, 1165, 1164, 1162, 1167, 1166, 26, 1162, 1166, 1169, 1162, 33, 1168, 1169, 33, 1170, 1168, 12, 12, 41, 1170, 1163, 1172, 32, 1163, 1171, 1172, 1163, 1164, 1171, 1164, 1165, 1171, 1167, 1165, 1166, 1175, 1165, 1167, 61, 1167, 1162, 1173, 1171, 1165, 1167, 61, 1175, 1171, 77, 1172, 1171, 1173, 77, 1173, 1165, 78, 1174, 1173, 1177, 1165, 1175, 78, 69, 1175, 70, 1173, 1174, 77, 1177, 1173, 78, 78, 1175, 69, 1177, 1176, 1174, 88, 1176, 1177, 1177, 79, 88, 98, 1174, 1176, 111, 127, 98, 129, 127, 111, 155, 169, 41, 1181, 764, 1184, 756, 1178, 1187, 1179, 1180, 1183, 1179, 1183, 1178, 773, 1181, 772, 1182, 772, 1181, 1184, 1182, 1181, 1185, 1186, 764, 1185, 1188, 1186, 1187, 1188, 1185, 1178, 1190, 1187, 1190, 1178, 1183, 1184, 1189, 1182, 1186, 1189, 1184, 1184, 764, 1186, 1190, 1188, 1187, 1183, 1193, 1190, 1183, 783, 1193, 1188, 1197, 1186, 1186, 1197, 1189, 1197, 1188, 1191, 1191, 1188, 1190, 1193, 1191, 1190, 1193, 1198, 1191, 1194, 1198, 1193, 783, 1194, 1193, 1196, 1194, 783, 1192, 1197, 1191, 1198, 1192, 1191, 1198, 1199, 1192, 1194, 1199, 1198, 1196, 820, 1194, 1199, 1194, 820, 817, 1197, 1192, 1199, 818, 1192, 822, 820, 1196, 820, 837, 1199, 822, 821, 820, 837, 820, 821, 821, 1200, 837, 838, 1200, 821, 834, 1021, 838, 838, 1020, 1200, 1019, 1200, 1020, 838, 1021, 1020, 422, 1201, 1202, 1202, 1201, 1209, 1210, 1204, 1203, 1204, 1211, 423, 1211, 1212, 433, 422, 426, 1205, 1205, 1201, 422, 1205, 1206, 1201, 434, 1213, 1225, 1213, 427, 437, 430, 1216, 1207, 1216, 1227, 1207, 1220, 429, 438, 1208, 1220, 438, 1209, 1230, 1243, 1203, 1209, 1210, 1204, 1231, 1211, 1211, 1231, 1212, 1212, 1222, 433, 1378, 1222, 1223, 1225, 1206, 1205, 437, 1215, 1213, 1213, 1214, 1225, 1214, 1213, 1215, 1214, 1234, 1225, 1218, 437, 429, 1207, 1236, 435, 439, 1217, 1216, 1217, 439, 1240, 436, 1240, 439, 1216, 1217, 1239, 1218, 429, 1219, 1220, 1219, 429, 1229, 1220, 1208, 1230, 1209, 1201, 1206, 1230, 1201, 1210, 1209, 1243, 1231, 1204, 1210, 1231, 1210, 1232, 1212, 1231, 1233, 1222, 1212, 1223, 1223, 1221, 1224, 1221, 1223, 1212, 1225, 1234, 1206, 1234, 1214, 1235, 1214, 1253, 1235, 1253, 1214, 1215, 1215, 1218, 1226, 1218, 1215, 437, 1226, 1253, 1215, 1229, 435, 1236, 1227, 1236, 1207, 1228, 1219, 1220, 1229, 1228, 1220, 435, 1229, 1208, 1249, 1230, 1206, 1249, 1260, 1230, 1230, 1260, 1243, 1243, 1244, 1210, 1232, 1210, 1244, 1233, 1221, 1212, 1234, 1249, 1206, 1252, 1249, 1234, 1256, 1229, 1236, 1237, 1256, 1236, 1227, 1237, 1236, 1227, 1216, 1239, 1239, 1238, 1227, 1239, 1217, 1240, 1241, 1257, 1240, 1374, 1241, 1240, 1226, 1218, 1242, 1242, 1219, 1228, 1242, 1218, 1219, 1242, 1255, 1226, 1228, 1256, 1248, 1229, 1256, 1228, 1249, 1280, 1260, 1244, 1243, 1260, 1250, 1251, 1244, 1244, 1251, 1232, 1251, 1233, 1232, 1232, 1233, 1231, 1233, 1245, 1221, 1221, 1262, 1224, 1221, 1245, 1262, 1234, 1235, 1252, 1246, 1253, 1226, 1238, 1237, 1227, 1239, 1247, 1238, 1239, 1240, 1257, 1257, 1247, 1239, 1255, 1248, 1279, 1248, 1255, 1242, 1228, 1248, 1242, 1280, 1249, 1252, 2399, 1250, 1260, 1280, 1269, 2399, 1244, 1260, 1250, 1233, 1251, 1245, 1261, 1262, 1245, 1235, 1263, 1252, 1263, 1273, 1252, 1254, 1235, 1253, 1254, 1253, 1246, 1255, 1246, 1226, 1256, 1267, 1248, 1256, 1275, 1267, 1256, 1237, 1275, 1237, 1238, 1264, 1247, 1265, 1238, 1416, 1257, 1241, 1279, 1259, 1255, 1261, 1245, 1271, 1262, 1261, 1430, 1280, 1252, 1273, 1254, 1263, 1235, 1283, 1254, 1246, 1255, 1283, 1246, 1259, 1283, 1255, 1267, 1279, 1248, 1275, 1237, 1264, 1238, 1265, 1264, 1257, 1266, 1247, 1266, 1265, 1247, 1277, 1265, 1266, 1266, 1257, 1258, 1416, 1258, 1257, 1273, 1268, 1280, 1269, 1280, 1268, 1250, 2399, 1269, 1270, 1250, 1269, 1250, 1281, 1251, 1250, 1270, 1281, 1281, 1271, 1251, 1281, 1282, 1271, 1271, 1245, 1251, 1261, 1271, 1292, 1272, 1273, 1263, 1254, 1272, 1263, 1272, 1254, 1283, 1286, 1289, 1267, 1267, 1275, 1286, 1276, 1275, 1264, 1265, 1287, 1264, 1264, 1287, 1276, 1258, 1288, 1266, 1301, 1269, 1268, 1269, 1290, 1270, 1290, 1269, 1301, 1291, 1282, 1281, 1281, 1270, 1291, 1282, 1291, 1304, 1282, 1292, 1271, 1304, 1292, 1282, 1430, 1261, 1292, 1273, 1272, 1305, 1268, 1273, 1305, 1274, 1293, 1272, 1274, 1272, 1283, 1294, 1274, 1283, 1259, 1294, 1283, 1276, 1286, 1275, 1277, 1287, 1265, 1288, 1277, 1266, 1288, 1298, 1297, 1298, 1288, 1258, 1278, 1298, 1258, 1279, 1289, 1259, 1259, 1289, 1300, 1284, 1259, 1300, 1267, 1289, 1279, 1308, 1301, 1268, 1290, 1316, 1302, 1292, 1304, 1318, 1292, 1441, 1430, 1305, 1272, 1293, 1268, 1305, 1308, 1294, 1320, 1274, 1284, 1294, 1259, 1286, 1285, 1289, 1295, 1276, 1287, 1277, 1296, 1287, 1297, 1277, 1288, 1300, 1314, 1299, 1299, 1284, 1300, 1308, 1316, 1301, 1301, 1316, 1290, 1317, 1302, 1316, 1290, 1302, 1270, 1291, 1270, 1302, 1302, 1327, 1291, 1292, 1318, 1441, 1318, 1468, 1441, 1274, 1310, 1293, 1320, 1294, 1284, 1286, 1306, 1285, 1306, 1276, 1295, 1276, 1306, 1286, 1287, 1296, 1295, 1296, 1321, 1295, 1307, 1296, 1277, 1284, 1299, 1320, 1299, 1314, 1313, 1300, 1285, 1314, 1285, 1300, 1289, 1285, 1315, 1314, 2410, 1346, 1316, 1303, 1291, 1327, 1303, 1304, 1291, 1303, 1329, 1304, 1329, 1318, 1304, 1468, 1318, 1330, 1293, 1308, 1305, 1308, 1293, 1309, 1310, 1309, 1293, 1274, 1320, 1310, 1313, 1320, 1299, 1306, 1315, 1285, 1295, 1311, 1306, 1311, 1295, 1321, 1321, 1296, 1307, 1307, 1312, 1321, 1297, 1307, 1277, 1314, 1315, 1325, 1346, 1317, 1316, 1327, 1302, 1317, 1329, 1330, 1318, 1330, 1329, 2418, 1319, 1308, 1309, 1336, 2410, 1319, 1332, 1310, 1320, 1313, 1332, 1320, 1315, 1306, 1311, 1311, 1326, 1315, 1321, 1340, 1311, 1312, 1340, 1321, 1307, 1322, 1312, 1297, 1322, 1307, 1323, 1322, 1297, 1455, 1323, 1297, 1464, 1324, 1455, 1324, 1333, 1323, 1313, 1314, 1325, 1326, 1325, 1315, 1336, 1346, 2410, 1347, 1327, 1317, 1347, 1317, 1345, 1327, 1347, 1334, 1327, 1328, 1303, 1327, 1334, 1328, 1303, 1328, 1329, 1328, 2418, 1329, 2418, 1331, 1330, 1348, 1319, 1309, 1335, 1319, 1348, 1348, 1309, 1310, 1348, 1310, 1332, 1342, 1332, 1313, 1311, 1340, 1326, 1322, 1341, 1312, 1333, 1351, 1322, 1333, 1322, 1323, 1326, 1344, 1325, 1326, 1340, 1353, 1345, 1317, 1346, 1337, 1346, 1336, 1335, 1336, 1319, 1336, 1335, 1511, 1336, 1511, 1337, 1348, 1332, 1338, 1342, 1338, 1332, 1340, 1339, 1353, 1312, 1350, 1340, 1341, 1350, 1312, 1322, 1351, 1341, 1325, 1343, 1313, 1343, 1342, 1313, 1343, 1325, 1344, 1353, 1509, 1326, 1345, 1501, 1347, 1345, 1337, 1512, 1347, 1501, 1334, 1501, 1502, 1334, 1328, 1334, 1502, 1349, 1511, 1335, 1337, 1345, 1346, 1339, 1340, 1350, 1351, 1333, 1506, 1507, 1343, 1344, 1344, 1326, 1509, 577, 1378, 1362, 1362, 1363, 577, 1365, 1354, 1379, 1363, 1364, 1354, 1354, 1365, 571, 579, 1367, 1355, 1367, 1368, 1355, 579, 1355, 1369, 1369, 1355, 1371, 1369, 1370, 1356, 1356, 580, 564, 580, 1356, 1370, 1372, 580, 1370, 1372, 1373, 1004, 567, 1357, 574, 2396, 1357, 1358, 582, 1358, 567, 582, 1359, 1358, 583, 1359, 582, 583, 1377, 1359, 570, 1361, 1360, 584, 1361, 570, 1790, 1361, 584, 1222, 1378, 577, 1389, 1364, 1362, 1364, 1363, 1362, 1379, 1354, 1364, 1368, 571, 1365, 571, 1368, 1367, 1368, 1365, 1366, 1355, 1368, 1366, 1366, 1398, 1355, 1355, 1398, 1371, 1370, 1369, 1371, 1372, 1370, 1380, 1372, 1382, 1373, 1382, 1812, 1373, 1374, 1240, 436, 1374, 436, 581, 1374, 581, 1392, 581, 1357, 1392, 1392, 1357, 1375, 2396, 1375, 1357, 1393, 1376, 2396, 1360, 1377, 583, 1360, 1361, 1385, 1361, 1790, 1386, 1378, 1224, 1388, 1224, 1378, 1223, 1362, 1378, 1389, 1388, 1389, 1378, 1364, 1389, 1379, 1397, 1379, 1396, 1365, 1379, 1397, 1398, 1390, 1371, 1370, 1371, 1390, 1370, 1390, 1380, 1372, 1380, 1382, 1382, 1380, 1381, 1382, 1391, 1812, 1401, 1241, 1374, 2396, 1376, 1375, 1375, 1402, 1392, 1383, 1377, 1385, 1360, 1385, 1377, 1377, 1393, 1359, 1383, 1393, 1377, 1383, 1395, 1384, 1385, 1361, 1387, 1386, 1387, 1361, 1389, 1388, 1396, 1396, 1379, 1389, 1380, 1390, 1381, 1390, 1414, 1381, 1381, 1391, 1382, 1400, 1391, 1381, 1392, 1401, 1374, 1402, 1375, 1376, 1376, 1394, 1402, 1394, 1376, 1393, 1394, 1393, 1403, 1383, 1403, 1393, 1385, 1395, 1383, 1387, 1395, 1385, 1387, 1386, 1817, 1388, 1224, 1262, 1396, 1388, 1409, 1411, 1397, 1396, 1410, 1411, 1396, 1366, 1397, 1412, 1365, 1397, 1366, 1398, 1366, 1412, 1412, 1399, 1398, 1398, 1399, 1390, 1399, 1414, 1390, 1400, 1415, 1391, 1416, 1241, 1401, 1402, 1401, 1392, 1402, 1405, 1401, 1394, 1403, 1407, 1383, 1384, 1403, 1387, 1408, 1395, 1408, 1387, 1817, 1388, 1262, 1422, 1396, 1409, 1410, 1411, 1410, 1432, 1397, 1411, 1412, 1412, 1423, 1399, 1424, 1414, 1399, 1399, 1423, 1424, 1414, 1413, 1381, 1400, 1381, 1413, 1413, 1434, 1400, 1400, 1859, 1415, 1404, 1416, 1401, 1401, 1405, 1404, 1402, 1406, 1405, 1406, 1402, 1394, 1394, 1407, 1406, 1384, 1418, 1403, 1384, 1419, 1418, 1419, 1384, 1395, 1408, 1419, 1395, 1817, 1420, 1408, 1430, 1422, 1262, 1422, 1409, 1388, 1432, 1412, 1411, 1423, 1412, 1432, 1425, 1413, 1414, 1425, 1414, 1424, 1434, 1413, 1425, 1400, 1434, 1859, 1278, 1416, 1404, 1416, 1278, 1258, 1278, 1404, 1426, 1404, 1405, 1426, 1405, 1417, 1426, 1406, 1417, 1405, 1407, 1437, 1406, 1418, 1407, 1403, 1427, 1407, 1418, 1419, 1439, 1418, 1429, 1419, 1408, 1420, 1421, 1408, 1422, 1442, 1409, 1409, 1443, 1410, 1410, 1443, 1432, 1432, 1450, 1423, 1423, 1450, 1445, 1445, 1424, 1423, 1425, 1424, 1433, 1433, 1424, 1445, 1434, 1872, 1859, 1417, 1406, 1437, 1427, 1437, 1407, 1427, 1418, 1428, 1418, 1439, 1428, 1419, 1429, 1439, 1421, 1429, 1408, 1421, 1440, 1429, 1420, 1862, 1421, 1430, 1431, 1422, 1442, 1422, 1431, 1431, 1441, 1469, 1431, 1449, 1442, 1409, 1442, 1443, 1444, 1443, 1461, 1450, 1432, 1444, 1433, 1445, 1446, 1453, 1425, 1433, 1453, 1434, 1425, 1434, 1454, 1872, 1426, 1456, 1278, 1426, 1417, 1435, 1426, 1435, 1456, 1436, 1417, 1437, 1436, 1435, 1417, 1427, 1428, 1438, 1429, 1440, 1439, 1862, 1875, 1421, 1421, 1875, 1440, 1430, 1441, 1431, 1449, 1461, 1442, 1443, 1442, 1461, 1461, 1471, 1444, 1443, 1444, 1432, 1444, 1471, 1450, 1445, 1452, 1446, 1453, 1454, 1434, 1278, 1456, 1298, 1437, 1447, 1436, 1427, 1447, 1437, 1428, 1439, 1448, 1440, 1448, 1439, 1441, 1468, 1469, 1469, 1449, 1431, 1450, 1451, 1452, 1450, 1471, 1451, 1452, 1462, 1446, 1452, 1445, 1450, 1446, 1462, 1476, 1446, 1463, 1453, 1446, 1453, 1433, 1456, 1455, 1298, 1435, 1457, 1456, 1457, 1455, 1456, 1435, 1458, 1457, 1436, 1447, 1458, 1435, 1436, 1458, 1447, 1466, 1459, 1427, 1438, 1447, 1448, 1438, 1428, 1448, 1467, 1438, 1448, 1460, 1475, 1440, 1460, 1448, 1440, 1875, 1460, 1874, 1460, 1875, 1468, 1483, 1469, 1469, 1483, 1449, 1471, 1461, 1470, 1471, 1486, 1451, 1451, 1486, 1462, 1451, 1462, 1452, 1463, 1446, 1476, 1463, 1454, 1453, 1473, 1454, 1463, 1455, 1297, 1298, 1455, 1457, 1464, 1458, 1459, 1465, 1459, 1458, 1447, 1438, 1466, 1447, 1467, 1466, 1438, 1448, 1475, 1467, 1482, 1460, 1874, 1904, 1482, 1874, 1470, 1449, 1483, 1461, 1449, 1470, 1483, 1484, 1470, 1470, 1486, 1471, 1486, 1477, 1462, 1476, 1462, 1477, 1463, 1476, 1472, 1473, 1463, 1472, 1472, 1902, 1473, 1455, 1324, 1323, 1458, 1474, 1457, 1465, 1474, 1458, 1482, 1475, 1460, 1482, 1481, 1475, 1483, 1468, 1331, 1468, 1330, 1331, 1483, 1495, 1484, 1470, 1485, 1486, 1477, 1486, 1496, 1477, 1497, 1476, 1476, 1497, 1472, 1498, 1902, 1472, 1474, 1464, 1457, 1464, 1474, 1487, 1474, 1488, 1487, 1465, 1478, 1474, 1459, 1478, 1465, 1459, 1489, 1478, 1489, 1459, 1466, 1466, 1479, 1489, 1479, 1466, 1467, 1480, 1489, 1479, 1475, 1479, 1467, 1904, 1905, 1482, 1493, 1331, 1494, 1483, 1331, 1493, 1495, 1483, 1493, 1484, 1485, 1470, 1637, 1484, 1495, 1484, 1637, 1485, 1485, 1496, 1486, 1496, 1638, 1477, 1498, 1472, 1497, 1498, 1635, 1902, 1333, 1499, 1506, 1478, 1488, 1474, 1641, 1488, 1480, 1480, 1490, 1500, 1479, 1490, 1480, 1475, 1491, 1479, 1481, 1491, 1475, 1481, 1905, 1492, 1905, 1481, 1482, 1331, 2418, 1494, 1493, 1503, 1654, 1495, 1493, 1654, 1495, 1654, 1636, 1495, 1636, 1637, 1637, 1496, 1485, 1637, 1643, 1496, 1496, 1643, 1638, 1638, 1497, 1477, 1497, 1645, 1498, 1634, 1498, 1645, 1324, 1464, 1499, 1487, 1499, 1464, 1487, 1639, 1499, 1480, 1488, 1478, 1489, 1480, 1478, 1500, 1641, 1480, 1479, 1491, 1490, 1481, 1642, 1491, 1642, 1481, 1492, 1501, 1345, 1512, 2418, 1516, 1494, 1335, 1348, 1504, 1338, 1504, 1348, 1338, 1529, 1504, 1505, 1338, 1342, 1342, 1352, 1505, 1352, 1342, 1343, 1506, 1522, 1351, 1343, 1507, 1352, 1344, 1509, 1508, 1353, 1513, 1509, 1513, 1353, 1339, 1513, 1508, 1509, 1350, 1514, 1526, 1526, 1339, 1350, 1341, 1514, 1350, 1351, 1514, 1341, 1514, 1351, 1522, 1501, 1512, 1510, 1501, 1510, 1502, 1494, 1516, 1503, 1503, 1516, 1527, 1349, 1504, 1518, 1504, 1349, 1335, 1511, 1349, 1517, 1517, 1337, 1511, 1504, 1529, 1518, 1529, 1338, 1505, 1523, 1505, 1352, 1506, 1499, 1647, 1507, 1524, 1523, 1339, 1532, 1513, 1532, 1339, 1526, 1520, 1514, 1522, 1515, 1535, 1510, 1527, 1516, 2414, 2414, 1537, 1527, 1503, 1527, 1653, 1519, 1518, 1539, 1349, 1519, 1517, 1545, 1517, 1519, 1538, 1517, 1545, 1517, 1512, 1337, 1512, 1517, 1538, 1538, 1515, 1512, 1515, 1510, 1512, 1523, 1529, 1505, 1523, 1549, 1529, 1522, 1521, 1520, 1647, 1531, 1506, 1522, 1506, 1531, 1523, 1352, 1507, 1513, 1525, 1508, 1525, 1513, 1532, 1526, 1543, 1532, 1514, 1520, 1526, 1526, 1520, 1543, 1527, 1537, 1536, 1545, 1519, 1539, 1538, 1528, 1515, 1518, 1540, 1548, 1540, 1518, 1529, 1518, 1519, 1349, 1548, 1539, 1518, 1549, 1540, 1529, 1549, 1523, 1530, 1531, 1521, 1522, 1523, 1524, 1530, 1525, 1532, 1533, 1515, 1546, 1535, 1535, 1537, 2414, 1547, 1537, 1535, 1700, 1537, 1547, 1545, 1558, 1538, 1557, 1558, 1545, 1558, 1528, 1538, 1546, 1515, 1528, 1546, 1547, 1535, 1549, 1541, 1540, 1531, 1542, 1521, 1533, 1532, 1543, 1543, 1554, 1533, 1534, 1543, 1520, 1534, 1520, 1544, 1544, 1555, 1534, 1521, 1544, 1520, 1536, 1688, 1687, 1562, 1545, 1539, 1548, 1562, 1539, 1562, 1557, 1545, 1559, 1528, 1558, 1547, 1571, 1700, 1548, 1541, 1568, 1541, 1548, 1540, 1530, 1550, 1549, 1550, 1541, 1549, 1564, 1541, 1550, 1551, 1564, 1550, 1552, 1550, 1530, 1552, 1551, 1550, 2366, 1553, 1533, 2366, 2365, 1553, 1552, 1553, 2365, 1554, 2366, 1533, 1534, 1554, 1543, 1555, 1554, 1534, 1556, 1544, 1521, 1542, 1556, 1521, 1561, 1556, 1542, 1700, 1536, 1537, 1548, 1568, 1562, 1586, 1557, 1562, 1528, 1559, 1546, 1559, 1560, 1546, 1560, 1589, 1571, 1547, 1546, 1560, 1560, 1571, 1547, 1563, 1541, 1564, 2366, 1554, 1565, 1555, 1566, 1554, 1575, 1544, 1556, 1586, 1562, 1569, 1569, 1562, 1568, 1557, 1570, 1558, 1558, 1570, 1559, 1560, 1559, 1587, 1571, 1579, 1700, 1579, 1580, 1700, 1563, 1568, 1541, 1569, 1568, 1563, 1554, 1566, 1565, 1575, 1555, 1544, 1555, 1574, 1566, 1561, 1567, 1556, 1569, 1585, 1586, 1557, 1586, 1578, 1578, 1596, 1570, 1570, 1588, 1559, 1588, 1570, 1596, 1587, 1559, 1588, 1560, 1587, 1589, 1571, 1589, 1579, 1579, 1606, 1580, 1564, 1572, 1563, 1572, 1569, 1563, 1573, 1566, 1574, 1574, 1555, 1576, 1575, 1577, 1576, 1567, 1575, 1556, 1567, 1577, 1575, 1594, 1585, 1569, 1557, 1578, 1570, 1587, 1598, 1589, 1598, 1587, 1588, 1589, 1598, 1597, 1581, 1606, 1599, 1606, 1581, 1580, 1572, 1594, 1569, 1564, 1591, 1572, 1564, 1551, 1582, 2364, 1583, 1582, 1574, 2369, 1573, 1576, 2369, 1574, 1575, 1576, 1555, 1567, 1713, 1577, 1713, 1584, 1577, 1585, 1578, 1586, 1578, 1585, 1595, 1578, 1595, 1596, 1596, 1604, 1588, 1589, 1597, 1579, 1597, 1606, 1579, 1590, 1594, 1572, 1572, 1591, 1590, 1582, 1591, 1564, 1592, 1591, 1582, 1583, 1592, 1582, 1577, 1584, 1607, 1594, 1602, 1601, 1595, 1585, 1594, 1601, 1595, 1594, 1595, 1603, 1596, 1598, 1588, 1604, 1598, 1619, 1609, 1590, 1602, 1594, 1591, 1600, 1590, 1600, 1592, 2373, 2373, 1592, 1583, 1601, 1603, 1595, 1603, 1604, 1596, 1603, 1608, 1604, 1604, 1605, 1598, 1605, 1619, 1598, 1598, 1609, 1597, 1597, 1609, 1606, 1611, 1606, 1609, 1606, 1611, 1599, 1599, 1611, 1763, 1600, 1591, 1592, 1602, 1617, 1601, 1616, 1601, 1617, 1616, 1603, 1601, 1622, 1603, 1616, 1603, 1622, 1608, 1604, 1608, 1605, 1608, 1618, 1605, 1618, 1619, 1605, 1619, 1610, 1609, 1611, 1609, 1610, 1620, 1610, 1619, 1590, 1612, 1602, 1600, 1612, 1590, 1600, 1613, 1612, 2373, 1613, 1600, 2376, 1627, 1613, 2376, 2378, 1628, 2378, 2376, 2377, 2378, 2371, 1615, 1615, 2371, 1614, 1614, 2371, 2372, 1633, 1630, 1607, 1584, 1742, 1633, 1584, 1633, 1607, 1610, 1763, 1611, 1621, 1616, 1617, 1618, 1608, 1622, 1617, 1602, 1612, 1621, 1617, 1612, 1616, 2402, 1622, 1623, 1618, 1622, 1619, 1618, 1624, 1624, 1620, 1619, 1625, 1620, 1624, 1620, 1631, 1610, 1610, 1631, 1626, 1626, 1763, 1610, 1612, 1627, 1621, 2402, 1616, 1621, 1623, 1622, 2402, 1615, 1623, 1628, 1623, 1624, 1618, 1623, 1629, 1624, 1620, 1625, 1631, 1626, 1631, 1632, 1613, 1627, 1612, 2376, 1628, 1627, 1627, 1628, 1621, 1628, 2378, 1615, 1615, 1629, 1623, 1624, 1629, 1625, 1615, 1614, 1629, 1625, 1629, 1614, 1614, 1630, 1625, 1633, 1631, 1625, 1633, 1632, 1631, 1630, 1633, 1625, 1632, 1633, 1742, 1775, 1632, 1742, 1775, 1742, 1755, 1635, 1498, 1634, 2100, 1635, 1646, 1494, 1503, 1493, 1637, 1636, 1664, 1643, 1656, 1638, 1638, 1656, 1644, 1497, 1644, 1645, 1638, 1644, 1497, 1499, 1333, 1324, 1639, 1647, 1499, 1640, 1639, 1487, 1488, 1640, 1487, 1641, 1640, 1488, 1651, 1500, 1490, 1642, 1490, 1491, 1652, 1642, 1670, 1670, 1642, 1661, 1661, 1492, 2092, 1503, 1653, 1654, 1664, 1643, 1637, 1656, 1643, 1665, 1656, 1657, 1644, 1644, 1658, 1645, 1634, 1658, 1646, 1645, 1658, 1634, 1634, 1646, 1635, 1648, 1639, 1640, 1640, 1649, 1648, 1500, 1650, 1641, 1651, 1650, 1500, 1490, 1642, 1652, 1492, 1661, 1642, 1655, 1654, 1653, 1655, 1636, 1654, 1636, 1655, 1662, 1664, 1636, 1662, 1664, 1665, 1643, 1664, 1663, 1671, 1665, 1657, 1656, 1657, 1658, 1644, 1666, 1657, 1665, 1682, 1646, 1658, 1646, 2115, 2100, 1650, 1649, 1641, 1649, 1640, 1641, 1651, 1652, 1659, 1652, 1651, 1490, 1652, 1670, 1669, 1661, 1676, 1670, 1676, 1661, 2092, 1653, 1527, 1536, 1687, 1653, 1536, 1687, 1655, 1653, 1662, 1663, 1664, 1663, 1662, 1690, 1664, 1671, 1665, 1665, 1679, 1666, 1658, 1657, 1672, 1657, 1666, 1672, 1682, 1658, 1672, 1682, 2115, 1646, 1647, 1542, 1531, 1647, 1639, 1667, 1648, 1667, 1639, 1667, 1648, 1683, 1683, 1673, 1667, 1649, 1683, 1648, 1683, 1649, 1674, 1650, 1674, 1649, 1650, 1668, 1674, 1650, 1651, 1668, 1659, 1668, 1651, 1660, 1669, 1670, 1676, 1660, 1670, 1690, 1655, 1687, 1655, 1690, 1662, 1679, 1665, 1671, 1681, 1672, 1666, 1693, 1682, 1672, 1647, 1667, 1542, 1673, 1542, 1667, 1684, 1674, 1668, 1684, 1668, 1659, 1669, 1659, 1652, 1669, 1675, 1659, 1660, 1696, 1669, 2106, 1677, 1676, 1690, 1678, 1663, 1690, 1710, 1678, 1671, 1663, 1678, 1679, 1680, 1666, 1680, 1681, 1666, 1681, 1693, 1672, 1694, 2115, 1682, 1673, 1561, 1542, 1674, 1695, 1683, 1684, 1685, 1674, 1684, 1659, 1675, 1669, 1696, 1675, 1698, 1675, 1696, 1686, 1660, 1677, 1677, 1660, 1676, 1673, 1697, 1561, 1700, 1688, 1536, 1688, 1701, 1687, 1688, 1580, 1699, 1688, 1699, 1701, 1687, 1701, 1690, 1690, 1701, 1710, 1691, 1678, 1711, 1691, 1671, 1678, 1691, 1679, 1671, 1679, 1691, 1680, 1680, 1691, 1712, 1680, 1692, 1681, 1694, 1682, 1693, 1693, 1703, 1694, 1674, 1685, 1695, 1685, 1684, 1708, 1684, 1675, 1708, 1686, 1696, 1660, 1686, 1705, 1696, 2133, 1705, 1686, 2134, 2133, 1677, 1683, 1706, 1673, 1695, 1706, 1683, 1700, 1580, 1688, 1701, 1689, 1710, 1678, 1710, 1711, 1711, 1712, 1691, 1712, 1692, 1680, 1692, 1702, 1681, 1681, 1702, 1693, 1703, 1693, 1702, 1722, 1703, 1702, 1707, 1685, 1708, 1697, 1567, 1561, 1706, 1697, 1673, 1695, 1704, 1706, 1704, 1695, 1715, 1685, 1715, 1695, 1715, 1685, 1707, 1698, 1708, 1675, 1705, 1698, 1696, 1689, 1701, 1699, 1710, 1689, 1709, 1689, 1738, 1709, 1709, 1711, 1710, 1719, 1712, 1711, 1692, 1720, 1702, 2144, 2145, 2133, 2145, 1732, 2133, 1705, 2133, 1732, 1567, 1697, 1713, 1697, 1704, 1727, 1697, 1706, 1704, 1715, 1714, 1704, 1728, 1715, 1707, 1698, 1705, 1716, 1711, 1717, 1719, 1734, 1712, 1719, 1719, 1733, 1734, 1712, 1734, 1692, 1702, 1720, 1722, 2163, 1723, 1722, 1724, 1699, 1581, 1581, 1699, 1580, 1689, 1724, 1738, 1689, 1699, 1724, 1713, 1697, 1727, 1725, 1584, 1713, 1714, 1727, 1704, 1715, 1728, 1714, 1728, 1744, 1714, 1718, 1716, 1731, 1698, 1716, 1718, 1705, 1732, 1716, 2145, 1747, 1732, 1733, 1719, 1717, 1692, 1734, 1720, 1734, 1721, 1720, 1734, 1736, 1721, 1721, 1735, 1720, 1736, 1735, 1721, 1737, 2163, 1722, 1724, 1581, 1599, 1717, 1711, 1709, 1727, 1725, 1713, 1727, 1726, 1725, 1726, 1727, 1714, 1708, 1718, 1707, 1718, 1729, 1707, 1708, 1698, 1718, 1717, 1750, 1733, 1733, 1736, 1734, 1720, 1737, 1722, 1735, 1737, 1720, 1735, 1753, 1737, 1599, 1740, 1724, 1738, 1724, 1741, 1709, 1748, 1717, 1738, 1748, 1709, 1750, 1717, 1748, 1729, 1744, 1728, 1707, 1729, 1728, 1744, 1746, 1756, 1746, 1744, 1729, 1729, 1730, 1746, 1730, 1729, 1718, 1731, 1730, 1718, 1739, 1732, 1747, 1747, 1761, 1739, 1599, 1763, 1740, 1740, 1741, 1724, 1741, 1748, 1738, 1750, 1748, 1765, 1750, 1751, 1733, 1736, 1733, 1751, 1736, 1752, 1735, 1762, 1753, 1735, 1762, 1735, 1752, 1725, 1742, 1584, 1755, 1742, 1725, 1726, 1755, 1725, 1744, 1743, 1726, 1743, 1744, 1756, 1756, 1746, 1745, 1746, 1757, 1745, 2404, 1731, 1716, 2201, 1761, 1747, 1740, 1763, 1764, 1741, 1740, 1764, 1764, 1770, 1741, 1765, 1748, 1741, 1741, 1770, 1765, 1750, 1765, 1749, 1750, 1749, 1751, 1773, 1751, 1749, 1772, 1773, 1749, 1736, 1751, 1766, 1752, 1736, 1766, 1753, 1762, 1754, 1743, 1755, 1726, 1731, 1757, 1730, 1731, 2404, 1758, 2404, 1759, 1758, 1739, 1759, 2404, 1739, 1761, 1759, 1759, 1761, 1760, 1773, 1766, 1751, 1769, 1763, 1626, 1769, 1764, 1763, 1769, 1770, 1764, 1771, 1765, 1770, 1772, 1765, 1771, 1772, 1749, 1765, 1773, 1767, 1766, 1779, 1773, 1778, 1779, 1767, 1773, 1766, 1774, 1752, 1774, 1781, 1768, 1768, 1762, 1752, 1768, 1752, 1774, 1768, 1754, 1762, 1777, 1754, 1768, 1777, 1768, 1781, 1626, 1775, 1769, 1770, 1782, 1771, 1782, 1770, 1769, 1778, 1773, 1772, 1774, 1766, 1767, 1776, 1774, 1767, 1774, 1780, 1781, 1776, 1780, 1774, 1626, 1632, 1775, 1769, 1775, 1782, 1771, 1778, 1772, 1779, 1776, 1767, 1758, 1780, 1776, 1777, 1781, 1760, 1775, 1755, 1782, 1743, 1782, 1755, 1743, 1771, 1782, 1756, 1778, 1771, 1745, 1779, 1778, 1778, 1756, 1745, 1757, 1776, 1779, 1759, 1760, 1781, 2200, 1760, 1761, 1756, 1771, 1743, 1745, 1757, 1779, 1757, 1746, 1730, 1758, 1776, 1757, 1757, 1731, 1758, 1758, 1759, 1780, 1781, 1780, 1759, 1783, 997, 1793, 1793, 1803, 1783, 1373, 1798, 1785, 1786, 1006, 1787, 1804, 1786, 1798, 1005, 1006, 1786, 1800, 1790, 998, 1791, 1800, 1008, 1792, 999, 1802, 1001, 1808, 1802, 1009, 1799, 1001, 1005, 1809, 1793, 1783, 1803, 1784, 1784, 1003, 1783, 1794, 1784, 1803, 1784, 1811, 1795, 1811, 1796, 1795, 1953, 1796, 1811, 1373, 1812, 1797, 1798, 1797, 1804, 1804, 1814, 1786, 1814, 1005, 1786, 1809, 1005, 1814, 1799, 1002, 1788, 1788, 1789, 1816, 1788, 1929, 1789, 1801, 1800, 1791, 1791, 1806, 1801, 1820, 1792, 1802, 1001, 1799, 1808, 1831, 1809, 1814, 1793, 1809, 1810, 1803, 1793, 1810, 1811, 1784, 1794, 1813, 1797, 1812, 1797, 1813, 1804, 1804, 1823, 1814, 1788, 1805, 1799, 1788, 1816, 1805, 1800, 1386, 1790, 1800, 1818, 1386, 1818, 1800, 1801, 1792, 1801, 1806, 999, 1792, 1806, 1808, 1829, 1802, 1814, 1830, 1831, 1814, 1823, 1830, 1831, 1810, 1809, 1831, 1839, 1810, 1803, 1825, 1794, 1811, 1794, 1826, 1825, 1826, 1794, 1834, 1811, 1826, 1804, 1813, 1823, 2405, 1830, 1823, 1799, 1805, 1808, 1805, 1827, 1808, 1816, 1815, 1805, 1948, 1816, 1789, 1818, 1817, 1386, 1837, 1818, 1801, 1807, 1837, 1801, 1807, 1801, 1792, 1820, 1807, 1792, 1807, 1819, 1837, 1820, 1828, 1807, 1829, 1820, 1802, 1820, 1829, 1821, 1808, 1822, 1829, 1824, 1803, 1810, 1803, 1824, 1825, 1826, 1832, 1833, 1841, 1826, 1833, 1841, 1834, 1826, 1813, 1812, 1415, 1415, 1812, 1391, 1830, 2405, 1838, 1805, 1815, 1827, 1815, 1816, 1948, 1819, 1836, 1837, 1818, 1837, 1836, 1818, 1836, 1817, 1828, 1820, 1821, 1822, 1808, 1827, 1842, 1838, 2405, 1848, 1830, 1838, 1831, 1830, 1848, 1831, 1848, 1839, 1839, 1824, 1810, 1825, 1824, 1832, 1832, 1826, 1825, 1813, 1415, 1842, 1815, 1843, 1827, 1843, 1835, 1827, 1836, 1420, 1817, 1836, 1845, 1420, 1819, 1807, 1828, 1828, 1853, 1819, 1822, 1835, 1821, 1822, 1821, 1829, 1835, 1865, 1821, 1848, 1849, 1839, 1849, 1840, 1839, 1839, 1850, 1824, 1850, 1839, 1840, 1824, 1850, 1832, 1832, 1851, 1833, 1852, 1865, 1835, 1843, 1852, 1835, 1844, 1948, 1987, 1948, 1844, 1815, 1862, 1420, 1845, 1836, 1819, 1845, 1845, 1819, 1853, 1828, 1846, 1853, 1821, 1865, 1846, 1821, 1846, 1828, 1842, 1856, 1838, 1856, 1847, 1838, 1867, 1856, 1842, 1847, 1848, 1838, 1840, 1870, 1850, 1870, 1851, 1850, 1850, 1851, 1832, 1851, 1857, 1833, 1833, 1857, 1841, 1857, 1858, 1841, 1842, 1415, 1859, 1859, 1867, 1842, 1852, 1843, 2409, 1845, 1864, 1862, 1853, 1864, 1845, 1853, 1854, 1864, 1846, 1855, 1853, 1867, 1878, 1856, 1856, 1879, 1847, 1879, 1856, 1878, 1849, 1869, 1840, 1840, 1869, 1870, 1871, 1857, 1851, 2015, 1858, 1857, 1859, 1872, 1867, 2409, 1881, 1852, 1861, 2409, 1844, 1864, 1863, 1862, 1853, 1855, 1854, 1865, 1876, 1846, 1852, 1866, 1865, 1867, 1892, 1878, 1892, 1867, 1873, 1847, 1879, 1849, 1879, 1868, 1849, 1869, 1849, 1868, 1871, 1870, 1880, 1870, 1871, 1851, 1857, 1871, 2015, 1872, 1454, 1873, 1873, 1867, 1872, 1852, 1881, 1860, 1861, 1881, 2409, 1863, 1875, 1862, 1875, 1863, 1874, 1864, 1854, 1884, 1864, 1884, 1863, 1885, 1854, 1855, 1855, 1846, 1876, 1876, 1885, 1855, 1866, 1876, 1865, 1852, 1860, 1866, 1866, 1860, 1877, 1878, 1899, 1879, 1868, 1887, 1869, 1870, 1887, 1880, 1887, 1870, 1869, 1880, 1887, 1900, 1893, 1871, 1880, 2015, 1871, 1893, 1454, 1473, 1873, 1861, 1886, 1881, 1861, 1882, 1886, 1884, 1883, 1863, 1854, 1890, 1884, 1866, 1877, 1876, 1860, 1891, 1877, 1881, 1886, 1860, 1899, 1878, 1892, 1899, 1909, 2397, 1868, 1888, 1887, 1893, 1880, 1900, 2032, 1893, 1901, 1473, 1903, 1873, 1873, 1903, 1892, 2037, 1882, 1861, 1863, 1883, 1874, 1889, 1904, 1883, 1884, 1889, 1883, 1890, 1854, 1885, 1877, 1897, 1876, 1897, 1885, 1876, 1897, 1877, 1918, 1886, 1891, 1860, 1877, 1891, 1918, 1899, 1892, 1898, 1899, 1908, 1909, 2397, 1888, 1868, 1888, 2397, 1919, 1888, 1900, 1887, 1911, 1901, 1893, 1903, 1898, 1892, 1886, 1894, 1891, 1894, 1886, 1882, 1883, 1904, 1874, 1890, 1889, 1884, 1906, 1889, 1890, 1906, 1890, 1895, 1895, 1890, 1885, 1895, 1885, 1897, 1896, 1895, 1897, 1913, 1908, 1898, 1908, 1899, 1898, 2397, 1909, 1919, 1919, 1910, 1888, 1910, 1919, 1920, 1888, 1910, 1900, 1911, 1900, 1910, 1911, 1921, 1901, 1473, 1902, 1903, 1902, 1922, 1903, 1894, 1882, 1914, 2037, 2050, 1882, 1882, 2050, 1914, 1904, 1889, 1915, 1889, 1906, 1915, 1895, 1916, 1906, 1916, 1895, 1896, 1918, 1896, 1897, 1913, 2084, 1908, 1908, 2084, 2085, 1909, 1908, 2073, 1909, 2073, 1919, 1911, 1912, 1921, 1922, 1902, 1635, 1898, 1922, 1913, 1914, 1923, 1894, 2050, 2058, 1914, 1904, 1925, 1905, 1915, 1925, 1904, 1906, 2093, 1915, 2080, 1916, 1896, 1918, 1917, 1896, 1891, 1907, 1918, 1907, 1917, 1918, 1891, 1894, 1907, 1923, 2076, 1907, 1894, 1923, 1907, 2085, 2073, 1908, 2097, 1919, 2073, 1910, 1912, 1911, 1910, 1920, 1912, 1912, 2090, 1921, 1922, 1898, 1903, 2072, 1913, 1922, 1924, 2077, 1923, 1914, 1924, 1923, 1924, 1914, 2058, 1925, 1492, 1905, 2092, 1925, 2078, 1915, 2078, 1925, 2078, 1915, 2093, 2093, 1906, 1916, 1916, 2079, 2093, 1896, 1917, 2080, 2080, 1917, 2081, 2076, 1917, 1907, 1151, 1796, 1935, 1936, 1152, 1935, 1939, 1944, 1938, 1939, 1928, 1927, 1928, 1939, 1945, 1928, 1946, 1154, 1946, 1155, 1154, 1930, 1929, 1127, 1941, 1950, 1147, 1148, 1941, 1147, 1932, 1157, 1947, 1947, 1951, 1932, 1149, 1158, 1931, 1157, 1932, 1161, 1932, 1951, 1934, 1150, 1933, 1160, 1150, 1932, 1934, 1934, 1933, 1150, 1953, 1935, 1796, 1935, 1954, 1936, 1936, 1956, 1926, 1937, 1944, 1926, 1938, 1944, 1937, 1945, 1946, 1928, 1940, 1155, 1946, 1940, 1947, 1155, 1929, 1930, 1789, 1930, 1950, 1949, 1147, 1950, 1930, 1158, 1952, 1931, 1952, 1942, 1931, 1943, 1952, 1158, 1159, 1943, 1158, 1943, 1159, 1160, 1933, 1943, 1160, 1934, 1971, 1933, 1953, 1811, 1834, 1935, 1953, 1954, 1953, 1955, 1954, 1834, 1955, 1953, 1954, 1956, 1936, 1956, 1954, 1973, 1926, 1956, 1937, 1938, 1937, 1975, 1945, 1939, 1938, 1961, 1945, 1938, 1975, 1961, 1938, 1945, 1957, 1946, 1940, 1957, 1963, 1958, 1951, 1947, 1949, 1789, 1930, 1949, 1948, 1789, 1950, 1941, 1965, 1967, 1951, 1958, 1943, 2415, 1952, 1951, 1959, 1934, 1933, 1971, 1943, 1973, 1954, 1955, 1975, 1937, 1956, 1960, 1961, 1975, 1961, 1976, 1945, 1976, 1962, 1957, 1945, 1976, 1957, 1957, 1940, 1946, 1963, 1958, 1940, 1940, 1958, 1947, 1948, 1949, 1964, 1950, 1965, 1949, 1931, 1942, 1941, 1958, 1968, 1967, 1952, 1969, 1942, 1969, 1952, 2415, 1971, 2415, 1943, 1951, 1967, 1959, 1971, 1934, 1959, 1974, 1975, 1956, 1961, 1982, 1976, 1982, 1983, 1976, 1976, 1983, 1962, 1985, 1963, 1962, 1957, 1962, 1963, 1963, 1985, 1958, 1985, 1968, 1958, 1942, 1965, 1941, 1979, 1967, 1968, 2415, 1971, 1970, 1967, 1979, 1959, 1841, 1972, 1834, 1834, 1972, 1955, 1955, 1972, 1973, 1980, 1973, 1972, 1996, 1980, 1972, 1973, 1980, 1974, 1974, 1956, 1973, 1981, 1975, 1974, 1975, 1981, 1960, 1981, 1997, 1960, 1997, 1982, 1960, 1960, 1982, 1961, 1985, 1962, 1983, 1985, 1986, 1968, 1964, 1987, 1948, 1966, 1987, 1964, 1964, 1965, 1966, 1966, 1965, 1977, 1942, 1977, 1965, 1978, 1942, 1969, 1978, 1977, 1942, 1979, 1970, 1971, 1979, 1971, 1959, 1980, 1990, 1974, 1981, 1974, 1990, 1997, 1992, 1982, 1984, 1993, 1983, 1985, 1983, 1993, 1986, 1985, 1993, 1977, 1988, 1966, 1978, 1988, 1977, 2001, 1968, 1986, 1989, 1978, 1969, 1968, 2001, 1979, 1979, 2001, 1995, 1841, 1858, 1972, 1972, 1858, 1996, 1980, 1996, 2008, 1980, 2008, 1990, 1997, 1981, 1990, 1982, 1992, 1983, 1984, 1983, 1992, 1992, 1997, 1991, 1984, 2010, 1993, 1993, 2020, 1986, 1999, 1966, 1988, 1988, 2400, 2012, 1988, 1978, 2400, 1970, 2003, 1989, 1994, 2003, 1970, 1979, 1994, 1970, 1995, 1994, 1979, 1996, 2007, 2006, 1990, 2008, 2009, 1997, 1990, 2009, 2028, 1997, 2009, 1991, 1997, 2028, 1992, 1991, 2018, 1992, 2018, 1984, 1993, 2010, 2020, 1998, 1844, 1987, 1966, 1998, 1987, 1999, 1998, 1966, 1999, 1988, 2012, 2012, 2000, 1999, 2020, 2001, 1986, 2020, 2004, 2001, 2400, 2023, 2012, 2003, 2002, 1989, 2001, 2004, 1995, 1994, 2005, 2003, 2004, 1994, 1995, 2004, 2005, 1994, 2015, 2007, 1858, 2007, 1996, 1858, 2007, 2025, 2006, 2016, 2008, 2006, 1996, 2006, 2008, 2008, 2016, 2009, 2017, 2028, 2009, 2020, 2010, 2412, 1998, 1861, 1844, 1998, 2011, 1861, 1999, 2011, 1998, 2020, 2039, 2004, 2002, 2023, 2400, 2014, 2023, 2002, 2003, 2013, 2002, 2013, 2014, 2002, 2005, 2013, 2003, 2005, 2044, 2013, 2007, 2015, 2025, 2027, 2006, 2025, 2027, 2016, 2006, 2045, 2016, 2027, 2017, 2016, 2045, 2045, 2046, 2017, 2016, 2017, 2009, 2028, 2048, 2034, 2034, 2018, 1991, 2028, 2034, 1991, 2018, 2019, 1984, 2019, 2010, 1984, 2019, 2018, 2035, 2036, 2010, 2019, 2036, 2029, 2412, 2011, 2037, 1861, 1999, 2000, 2011, 2011, 2000, 2021, 2412, 2029, 2039, 2013, 2041, 2014, 2039, 2024, 2004, 2044, 2041, 2013, 2005, 2024, 2044, 2004, 2024, 2005, 1893, 2032, 2015, 2032, 2025, 2015, 2025, 2026, 2027, 2026, 2055, 2033, 2026, 2033, 2027, 2035, 2034, 2049, 2034, 2035, 2018, 2019, 2035, 2056, 2037, 2011, 2021, 2012, 2022, 2000, 2022, 2038, 2000, 2012, 2023, 2022, 2040, 2022, 2023, 2014, 2040, 2023, 2041, 2042, 2014, 2044, 2052, 2041, 2024, 2031, 2044, 2032, 2026, 2025, 2026, 2032, 2054, 2045, 2027, 2033, 2045, 2063, 2046, 2017, 2048, 2028, 2017, 2046, 2048, 2049, 2034, 2048, 2056, 2035, 2049, 2036, 2065, 2029, 2065, 2066, 2029, 2022, 2030, 2038, 2039, 2029, 2043, 2030, 2022, 2040, 2040, 2014, 2042, 2039, 2031, 2024, 2052, 2042, 2041, 2043, 2031, 2039, 2054, 2032, 1901, 2055, 2026, 2054, 2063, 2033, 2055, 2033, 2063, 2045, 2046, 2063, 2235, 2046, 2047, 2048, 2048, 2047, 2049, 2056, 2049, 2225, 2019, 2056, 2036, 2056, 2065, 2036, 2065, 2056, 2057, 2038, 2021, 2000, 2021, 2038, 2059, 2066, 2043, 2029, 2030, 2040, 2051, 2042, 2051, 2040, 2043, 2060, 2031, 2230, 2043, 2066, 2043, 2230, 2060, 2042, 2052, 2069, 2044, 2053, 2052, 2053, 2061, 2052, 2031, 2053, 2044, 2031, 2060, 2053, 2054, 1901, 1921, 2046, 2235, 2047, 2047, 2224, 2049, 2225, 2049, 2224, 2225, 2057, 2056, 2058, 2050, 2059, 2059, 2050, 2021, 2021, 2050, 2037, 2240, 2058, 2059, 2038, 2068, 2059, 2230, 2066, 2239, 2030, 2068, 2038, 2042, 2069, 2051, 2052, 2061, 2069, 2060, 2061, 2053, 2062, 2054, 1921, 2062, 1921, 2075, 2054, 2062, 2055, 2233, 2055, 2062, 2233, 2063, 2055, 2047, 2235, 2064, 2047, 2064, 2224, 2057, 2225, 2248, 2065, 2226, 2066, 2057, 2226, 2065, 2239, 2066, 2226, 2227, 2239, 2226, 2058, 2067, 1924, 2240, 2067, 2058, 2068, 2240, 2059, 2068, 2030, 2228, 2051, 2228, 2030, 2228, 2241, 2068, 2229, 2228, 2051, 2071, 2070, 2069, 2069, 2061, 2071, 2060, 2243, 2061, 2243, 2231, 2061, 2060, 2230, 2243, 2072, 1635, 2100, 1635, 2072, 1922, 2072, 2082, 1913, 2072, 2083, 2082, 2084, 1913, 2082, 2085, 2087, 2073, 2087, 2097, 2073, 2097, 1920, 1919, 2089, 1920, 2097, 1920, 2074, 1912, 2074, 2090, 1912, 2090, 2075, 1921, 2090, 2099, 2075, 2077, 2076, 1923, 1924, 2091, 2077, 1492, 1925, 2092, 2094, 1916, 2080, 2081, 2094, 2080, 2076, 2081, 1917, 2100, 2083, 2072, 2087, 2085, 2086, 2086, 2085, 2084, 2082, 2086, 2084, 2086, 2088, 2087, 2086, 2082, 2112, 2088, 2097, 2087, 2074, 1920, 2089, 2074, 2089, 2114, 2074, 2098, 2090, 2101, 2095, 2077, 2091, 2101, 2077, 2067, 2091, 1924, 2078, 2093, 2105, 2078, 2106, 2092, 2106, 2078, 2105, 2079, 2105, 2093, 2094, 2079, 1916, 2077, 2095, 2076, 2100, 2111, 2083, 2111, 2100, 2115, 2096, 2082, 2083, 2082, 2096, 2112, 2088, 2086, 2112, 2089, 2097, 2088, 2088, 2117, 2089, 2117, 2114, 2089, 2098, 2074, 2114, 2090, 2098, 2099, 2101, 2121, 2095, 2092, 2106, 1676, 2094, 2103, 2079, 2079, 2103, 2105, 2076, 2095, 2081, 2095, 2104, 2081, 2111, 2096, 2083, 2124, 2113, 2112, 2113, 2088, 2112, 2113, 2117, 2088, 2131, 2262, 2098, 2099, 2098, 2262, 2109, 2121, 2101, 2102, 2110, 2091, 2119, 2105, 2103, 2107, 2119, 2103, 2108, 2094, 2081, 2108, 2103, 2094, 2103, 2108, 2107, 2108, 2081, 2104, 2095, 2121, 2104, 2091, 2110, 2101, 2116, 2123, 2111, 2117, 2130, 2114, 2098, 2114, 2131, 2130, 2131, 2114, 1694, 2116, 2115, 2115, 2116, 2111, 2117, 2113, 2125, 2125, 2130, 2117, 2105, 2119, 2106, 2107, 2118, 2119, 2107, 2108, 2120, 2108, 2104, 2120, 2120, 2104, 2127, 2121, 2127, 2104, 2101, 2110, 2109, 2110, 2102, 2122, 2096, 2111, 2123, 2096, 2124, 2112, 1694, 2140, 2116, 2129, 2125, 2113, 2131, 2143, 2132, 2131, 2132, 2262, 2134, 1677, 2106, 2119, 2134, 2106, 2118, 2134, 2119, 2120, 2126, 2107, 2127, 2146, 2120, 2136, 2147, 2127, 2121, 2136, 2127, 2109, 2136, 2121, 2110, 2137, 2109, 2110, 2122, 2128, 2096, 2123, 2124, 2123, 2141, 2142, 2123, 2142, 2124, 2142, 2129, 2124, 2140, 2139, 2116, 2123, 2116, 2139, 2123, 2139, 2141, 2124, 2129, 2113, 2125, 2150, 2157, 2157, 2130, 2125, 2130, 2157, 2151, 2130, 2151, 2131, 2143, 2131, 2151, 2152, 2132, 2143, 2134, 2118, 2144, 2126, 2118, 2107, 2120, 2146, 2126, 2146, 2155, 2126, 2127, 2147, 2146, 2136, 2148, 2147, 2137, 2148, 2136, 2109, 2137, 2136, 2137, 2138, 2148, 2128, 2138, 2137, 2137, 2110, 2128, 1694, 1703, 2140, 2140, 1703, 1723, 2139, 2140, 1723, 2142, 2149, 2129, 2149, 2142, 2141, 2150, 2125, 2129, 2151, 2422, 2143, 2133, 2134, 2144, 2118, 2135, 2144, 2135, 2118, 2126, 2128, 2295, 2138, 2128, 2274, 2295, 1703, 1722, 1723, 2139, 1723, 2175, 2141, 2139, 2165, 2156, 2129, 2149, 2150, 2129, 2156, 2156, 2166, 2150, 2168, 2157, 2150, 2157, 2169, 2151, 2422, 2151, 2169, 2144, 2153, 2145, 2153, 2144, 2135, 2155, 2135, 2126, 2155, 2146, 2158, 2147, 2158, 2146, 2170, 2158, 2147, 2170, 2147, 2148, 2148, 2138, 2160, 2175, 2165, 2139, 2164, 2165, 2175, 2149, 2141, 2165, 2149, 2167, 2156, 2176, 2167, 2149, 2156, 2167, 2166, 2150, 2166, 2168, 2168, 2169, 2157, 2422, 2169, 2178, 2153, 2179, 2145, 2153, 2154, 2179, 2154, 2153, 2135, 2155, 2154, 2135, 2154, 2155, 2159, 2158, 2159, 2155, 2158, 2170, 2172, 2160, 2138, 2161, 1747, 2145, 2179, 2138, 2295, 2161, 2295, 2162, 2161, 2163, 2175, 1723, 2175, 2163, 2193, 2175, 2193, 2164, 2149, 2165, 2176, 2176, 2165, 2164, 2164, 2187, 2176, 2176, 2189, 2167, 2189, 2166, 2167, 2168, 2195, 2169, 2160, 2170, 2148, 2159, 2171, 2154, 2159, 2158, 2181, 2181, 2158, 2172, 2170, 2160, 2182, 2161, 2173, 2160, 2160, 2173, 2182, 2161, 2174, 2173, 2174, 2161, 2162, 2295, 2304, 2162, 2187, 2164, 2193, 2187, 2206, 2176, 2206, 2189, 2176, 2177, 2168, 2166, 2177, 2195, 2168, 2169, 2195, 2178, 2178, 2195, 2332, 2197, 2332, 2195, 2154, 2180, 2179, 2159, 2190, 2171, 2170, 2182, 2172, 2173, 2183, 2182, 2183, 2173, 2174, 2174, 2162, 2184, 2162, 2304, 2185, 1737, 2186, 2163, 2193, 2163, 2186, 2186, 1737, 1753, 2187, 2193, 2198, 2187, 2198, 2209, 2209, 2206, 2187, 2166, 2189, 2177, 2189, 2206, 2188, 2188, 2177, 2189, 2177, 2196, 2398, 2179, 2201, 1747, 2171, 2180, 2154, 2190, 2159, 2181, 2181, 2192, 2191, 2192, 2181, 2172, 2182, 2192, 2172, 2192, 2182, 2183, 2174, 2184, 2204, 2185, 2184, 2162, 2186, 1753, 1754, 1754, 2207, 2186, 2193, 2207, 2198, 2186, 2207, 2193, 2209, 2194, 2206, 2194, 2188, 2206, 2196, 2197, 2398, 2199, 2332, 2197, 2208, 2198, 2207, 2201, 2200, 1761, 2200, 2180, 2202, 2180, 2201, 2179, 2180, 2200, 2201, 2171, 2202, 2180, 2223, 2202, 2171, 2171, 2190, 2223, 2191, 2190, 2181, 2183, 2203, 2192, 2203, 2191, 2192, 2183, 2174, 2204, 2204, 2203, 2183, 2185, 2205, 2184, 2185, 2359, 2205, 2194, 2215, 2188, 2197, 2196, 2212, 1777, 2207, 1754, 2207, 1777, 2208, 2208, 2214, 2198, 2214, 2209, 2198, 2194, 2209, 2210, 2177, 2188, 2196, 2196, 2188, 2211, 2211, 2212, 2196, 2213, 2212, 2221, 2213, 2199, 2197, 2216, 2208, 1777, 2216, 2217, 2208, 2217, 2214, 2208, 2214, 2210, 2209, 2194, 2210, 2215, 2188, 2215, 2211, 2219, 2211, 2215, 2212, 2211, 2220, 2219, 2220, 2211, 2212, 2213, 2197, 1760, 2216, 1777, 2217, 2210, 2214, 2223, 2210, 2217, 2215, 2218, 2219, 2220, 2221, 2212, 2222, 2213, 2221, 2205, 2222, 2221, 2213, 2350, 2199, 1760, 2200, 2216, 2216, 2200, 2202, 2202, 2217, 2216, 2202, 2223, 2217, 2218, 2215, 2210, 2223, 2218, 2210, 2223, 2191, 2218, 2191, 2219, 2218, 2203, 2220, 2219, 2204, 2220, 2203, 2220, 2204, 2221, 2191, 2223, 2190, 2219, 2191, 2203, 2204, 2205, 2221, 2205, 2204, 2184, 2075, 2244, 2062, 2233, 2234, 2063, 2233, 2245, 2234, 2063, 2234, 2235, 2234, 2064, 2235, 2224, 2254, 2225, 2248, 2237, 2057, 2057, 2237, 2226, 2227, 2226, 2237, 2241, 2240, 2068, 2051, 2069, 2070, 2070, 2229, 2051, 2239, 2243, 2230, 2061, 2231, 2071, 2099, 2244, 2075, 2062, 2244, 2233, 2244, 2232, 2233, 2232, 2245, 2233, 2234, 2245, 2253, 2064, 2234, 2253, 2246, 2224, 2064, 2254, 2224, 2246, 2225, 2254, 2248, 2254, 2236, 2248, 2248, 2236, 2237, 2236, 2249, 2237, 2249, 2227, 2237, 2240, 2238, 2067, 2241, 2228, 2242, 2229, 2242, 2228, 2259, 2242, 2229, 2259, 2070, 2260, 2070, 2259, 2229, 2071, 2260, 2070, 2231, 2260, 2071, 2244, 2099, 2270, 2253, 2266, 2064, 2064, 2266, 2246, 2254, 2246, 2247, 2236, 2254, 2247, 2247, 2256, 2236, 2236, 2256, 2249, 2249, 2250, 2227, 2067, 2102, 2091, 2067, 2238, 2102, 2243, 2239, 2250, 2227, 2250, 2239, 2238, 2240, 2241, 2251, 2238, 2241, 2242, 2251, 2241, 2250, 2261, 2243, 2260, 2231, 2252, 2379, 2252, 2231, 2270, 2099, 2262, 2244, 2270, 2264, 2270, 2263, 2264, 2265, 2245, 2232, 2232, 2244, 2264, 2232, 2271, 2265, 2265, 2253, 2245, 2266, 2255, 2246, 2266, 2253, 2272, 2249, 2256, 2282, 2250, 2249, 2294, 2102, 2238, 2257, 2238, 2251, 2257, 2258, 2251, 2267, 2242, 2267, 2251, 2259, 2267, 2242, 2268, 2267, 2259, 2259, 2260, 2268, 2269, 2268, 2260, 2260, 2252, 2269, 2252, 2379, 2275, 2250, 2276, 2261, 2132, 2270, 2262, 2263, 2271, 2264, 2271, 2232, 2264, 2265, 2272, 2253, 2273, 2272, 2292, 2272, 2277, 2266, 2277, 2272, 2273, 2266, 2277, 2255, 2279, 2247, 2255, 2280, 2279, 2302, 2279, 2280, 2256, 2256, 2247, 2279, 2280, 2282, 2256, 2294, 2249, 2282, 2102, 2257, 2122, 2251, 2258, 2257, 2267, 2284, 2258, 2268, 2286, 2267, 2275, 2269, 2252, 2275, 2288, 2269, 2250, 2294, 2276, 2270, 2132, 2263, 2290, 2263, 2132, 2263, 2290, 2271, 2271, 2292, 2265, 2292, 2272, 2265, 2277, 2293, 2255, 2293, 2279, 2255, 2282, 2280, 2281, 2257, 2274, 2122, 2286, 2268, 2269, 2288, 2286, 2269, 2132, 2152, 2290, 2291, 2292, 2271, 2273, 2292, 2300, 2273, 2278, 2277, 2302, 2279, 2293, 2281, 2283, 2282, 2282, 2283, 2294, 2122, 2274, 2128, 2283, 2289, 2294, 2274, 2420, 2296, 2284, 2420, 2258, 2285, 2267, 2286, 2297, 2284, 2285, 2285, 2287, 2297, 2267, 2285, 2284, 2288, 2287, 2286, 2290, 2291, 2271, 2291, 2300, 2292, 2300, 2278, 2273, 2277, 2278, 2293, 2308, 2293, 2278, 2293, 2308, 2313, 2302, 2293, 2313, 2314, 2280, 2302, 2281, 2280, 2314, 2303, 2283, 2281, 2303, 2316, 2283, 2296, 2295, 2274, 2284, 2297, 2420, 2420, 2305, 2296, 2286, 2287, 2285, 2316, 2382, 2289, 2316, 2289, 2283, 2290, 2152, 2307, 2307, 2291, 2290, 2291, 2307, 2299, 2300, 2312, 2278, 2312, 2308, 2278, 2301, 2302, 2313, 2314, 2309, 2281, 2281, 2309, 2303, 2297, 2305, 2420, 2296, 2305, 2310, 2305, 2297, 2311, 2297, 2287, 2298, 2178, 2317, 2152, 2317, 2307, 2152, 2307, 2318, 2299, 2318, 2421, 2299, 2291, 2299, 2300, 2299, 2421, 2300, 2308, 2324, 2313, 2314, 2326, 2309, 2296, 2304, 2295, 2296, 2310, 2304, 2310, 2305, 2311, 2311, 2297, 2298, 2306, 2388, 2316, 2178, 2330, 2317, 2317, 2318, 2307, 2317, 2319, 2318, 2300, 2421, 2312, 2312, 2323, 2308, 2308, 2323, 2324, 2313, 2325, 2301, 2313, 2324, 2325, 2314, 2302, 2301, 2326, 2327, 2309, 2185, 2304, 2310, 2311, 2315, 2310, 2330, 2319, 2317, 2318, 2319, 2320, 2320, 2421, 2318, 2334, 2321, 2320, 2320, 2321, 2421, 2312, 2322, 2323, 2336, 2323, 2322, 2331, 2324, 2336, 2324, 2331, 2325, 2331, 2338, 2325, 2301, 2326, 2314, 2326, 2301, 2325, 2338, 2326, 2325, 2326, 2338, 2341, 2341, 2327, 2326, 2303, 2327, 2306, 2403, 2306, 2327, 2310, 2315, 2185, 2332, 2330, 2178, 2330, 2199, 2333, 2333, 2319, 2330, 2321, 2349, 2322, 2323, 2336, 2324, 2331, 2336, 2335, 2338, 2339, 2341, 2327, 2341, 2403, 2315, 2359, 2185, 2315, 2343, 2359, 2329, 2393, 2328, 2345, 2329, 2306, 2345, 2306, 2403, 2334, 2320, 2347, 2349, 2321, 2334, 2348, 2349, 2334, 2322, 2349, 2336, 2349, 2335, 2336, 2199, 2330, 2332, 2319, 2347, 2320, 2319, 2333, 2347, 2335, 2337, 2331, 2337, 2339, 2338, 2338, 2331, 2337, 2341, 2339, 2340, 2344, 2341, 2340, 2342, 2389, 2343, 2385, 2389, 2342, 2393, 2362, 2392, 2329, 2362, 2393, 2352, 2334, 2347, 2353, 2348, 2334, 2349, 2357, 2335, 2357, 2349, 2348, 2337, 2335, 2346, 2337, 2346, 2339, 2199, 2350, 2333, 2333, 2350, 2351, 2351, 2347, 2333, 2353, 2334, 2352, 2353, 2354, 2348, 2335, 2357, 2346, 2339, 2346, 2340, 2340, 2346, 2361, 2222, 2350, 2213, 2222, 2351, 2350, 2347, 2351, 2352, 2360, 2352, 2351, 2355, 2360, 2351, 2352, 2360, 2353, 2354, 2357, 2348, 2346, 2357, 2358, 2356, 2358, 2357, 2358, 2361, 2346, 2361, 2344, 2340, 2359, 2355, 2222, 2355, 2351, 2222, 2343, 2360, 2355, 2360, 2389, 2353, 2354, 2353, 2389, 2357, 2354, 2356, 2392, 2358, 2356, 2362, 2361, 2358, 2361, 2345, 2344, 2359, 2222, 2205, 2359, 2343, 2355, 2360, 2343, 2389, 2389, 2391, 2354, 2356, 2354, 2391, 2392, 2356, 2391, 2392, 2362, 2358, 2345, 2361, 2362, 2329, 2345, 2362, 1508, 1507, 1344, 1508, 1524, 1507, 1524, 2363, 1530, 1524, 1525, 2363, 1525, 1524, 1508, 1525, 1553, 2363, 1552, 1530, 2363, 2363, 1553, 1552, 1553, 1525, 1533, 1551, 1552, 2364, 1551, 2364, 1582, 1552, 2365, 2364, 2365, 2368, 2364, 2365, 2366, 1565, 1565, 1566, 1573, 2368, 1583, 2364, 1565, 2367, 2365, 2367, 2368, 2365, 1573, 2367, 1565, 1573, 2374, 2367, 1573, 2369, 2374, 2370, 1583, 2368, 2367, 2370, 2368, 2367, 2374, 2370, 1576, 1593, 2369, 1576, 1577, 1593, 1607, 1593, 1577, 2370, 2373, 1583, 2374, 2377, 2370, 2369, 2371, 2375, 1593, 2371, 2369, 2376, 2373, 2370, 2377, 2376, 2370, 2375, 2374, 2369, 2377, 2374, 2375, 2371, 1593, 2372, 2372, 1593, 1607, 2376, 1613, 2373, 2378, 2377, 2375, 2375, 2371, 2378, 2372, 1607, 1630, 1614, 2372, 1630, 2243, 2261, 2231, 2379, 2380, 2275, 2261, 2276, 2379, 2276, 2380, 2379, 2294, 2289, 2276, 2380, 2381, 2275, 2380, 2382, 2381, 2275, 2381, 2288, 2380, 2276, 2289, 2383, 2381, 2388, 2289, 2382, 2380, 2288, 2383, 2287, 2381, 2383, 2288, 2382, 2388, 2381, 2388, 2382, 2316, 2387, 2298, 2287, 2287, 2383, 2387, 2298, 2385, 2311, 2387, 2385, 2298, 2384, 2387, 2383, 2386, 2387, 2384, 2388, 2384, 2383, 2315, 2311, 2342, 2385, 2342, 2311, 2386, 2384, 2393, 2393, 2384, 2328, 2384, 2388, 2328, 2306, 2328, 2388, 2315, 2342, 2343, 2387, 2390, 2385, 2387, 2386, 2390, 2386, 2391, 2390, 2392, 2391, 2386, 2306, 2329, 2328, 2389, 2385, 2390, 2389, 2390, 2391, 2392, 2386, 2393, 926, 925, 2394, 489, 2394, 925, 206, 175, 2395, 176, 2395, 175, 692, 693, 674, 1726, 1714, 1744, 956, 937, 938, 1358, 1359, 2396, 1393, 2396, 1359, 1827, 1835, 1822, 1029, 1040, 1030, 1802, 999, 1000, 2133, 1686, 1677, 1868, 1879, 2397, 1899, 2397, 1879, 2197, 2195, 2398, 2177, 2398, 2195, 1280, 2399, 1260, 1847, 1849, 1848, 711, 719, 720, 1978, 1989, 2400, 2002, 2400, 1989, 410, 558, 411, 839, 812, 2401, 798, 2401, 803, 2303, 2306, 2316, 1621, 1628, 2402, 1623, 2402, 1628, 590, 608, 610, 139, 129, 130, 2403, 2341, 2344, 2345, 2403, 2344, 1716, 1732, 2404, 1739, 2404, 1732, 1823, 1813, 2405, 1842, 2405, 1813, 1893, 1900, 1911, 2327, 2303, 2309, 621, 606, 186, 2231, 2261, 2379, 28, 29, 2406, 2, 9, 2407, 20, 2407, 9, 218, 219, 2408, 1843, 1815, 2409, 1844, 2409, 1815, 724, 723, 870, 1316, 1308, 2410, 1319, 2410, 1308, 1944, 1939, 2411, 1145, 2411, 1939, 2246, 2255, 2247, 2039, 2020, 2412, 2036, 2412, 2010, 1093, 1106, 2413, 1105, 2413, 1106, 1516, 1502, 2414, 1510, 2414, 1502, 1970, 1989, 2415, 1969, 2415, 1989, 1092, 1067, 2416, 1081, 2416, 1067, 1113, 1143, 2417, 1142, 2417, 1143, 1328, 1502, 2418, 1516, 2418, 1502, 964, 945, 947, 1119, 1150, 2419, 1160, 2419, 1150, 2274, 2257, 2420, 2258, 2420, 2257, 1535, 2414, 1510, 1965, 1964, 1949, 982, 980, 963, 2321, 2322, 2421, 2312, 2421, 2322, 2178, 2152, 2422, 2143, 2422, 2152, 936, 947, 945]
        normal3f[] normals = [(0.998221, 0.059359062, -0.005591088), (0.99990934, 0.013306168, 0.0020442447), (0.99994963, -0.008851055, 0.0047196327), (0.71553975, 0.6981695, -0.0237112), (0.99990934, 0.013306168, 0.0020442447), (0.998221, 0.059359062, -0.005591088), (0.7251827, 0.68845385, 0.011894491), (0.9989847, 0.044253394, 0.008442923), (0.71553975, 0.6981695, -0.0237112), (0.21201669, 0.97637314, 0.041766565), (0.865449, 0.50016755, -0.028818151), (0.7251827, 0.68845385, 0.011894491), (0.7251827, 0.68845385, 0.011894491), (0.865449, 0.50016755, -0.028818151), (0.9989847, 0.044253394, 0.008442923), (0.7487259, 0.6626044, 0.019106522), (0.99985486, 0.017035924, -0.00034044567), (0.75959104, 0.65025747, 0.013659527), (0.6844774, 0.72227496, 0.09904307), (0.99754757, 0.03605161, 0.059992973), (0.7514744, 0.027168145, 0.65920275), (0.99754757, 0.03605161, 0.059992973), (0.7064771, 0.7072297, 0.026761359), (0.998221, 0.059359062, -0.005591088), (0.99994963, -0.008851055, 0.0047196327), (0.99754757, 0.03605161, 0.059992973), (0.998221, 0.059359062, -0.005591088), (0.9989847, 0.044253394, 0.008442923), (0.99990934, 0.013306168, 0.0020442447), (0.71553975, 0.6981695, -0.0237112), (0.865449, 0.50016755, -0.028818151), (0.999964, 0.0009260985, -0.008431901), (0.9989847, 0.044253394, 0.008442923), (0.865449, 0.50016755, -0.028818151), (0.75959104, 0.65025747, 0.013659527), (0.999964, 0.0009260985, -0.008431901), (0.75959104, 0.65025747, 0.013659527), (0.99985486, 0.017035924, -0.00034044567), (0.999964, 0.0009260985, -0.008431901), (0.99999267, 0.0031655354, 0.0021780038), (0.99985486, 0.017035924, -0.00034044567), (0.7487259, 0.6626044, 0.019106522), (0.99990934, 0.013306168, 0.0020442447), (0.9989847, 0.044253394, 0.008442923), (0.9997625, -0.019382084, -0.009969786), (0.99994963, -0.008851055, 0.0047196327), (0.99990934, 0.013306168, 0.0020442447), (0.776869, -0.6280229, 0.04540851), (0.7647715, -0.6434622, -0.032877613), (0.776869, -0.6280229, 0.04540851), (0.99990934, 0.013306168, 0.0020442447), (0.99990934, 0.013306168, 0.0020442447), (0.9997625, -0.019382084, -0.009969786), (0.7647715, -0.6434622, -0.032877613), (0.9997625, -0.019382084, -0.009969786), (0.9989847, 0.044253394, 0.008442923), (0.999964, 0.0009260985, -0.008431901), (0.9997625, -0.019382084, -0.009969786), (0.999964, 0.0009260985, -0.008431901), (0.77792144, -0.62747246, -0.033414014), (0.7861272, -0.6180557, 0.0033379514), (0.999964, 0.0009260985, -0.008431901), (0.99985486, 0.017035924, -0.00034044567), (0.999964, 0.0009260985, -0.008431901), (0.7861272, -0.6180557, 0.0033379514), (0.77792144, -0.62747246, -0.033414014), (0.99999267, 0.0031655354, 0.0021780038), (0.8081072, -0.5888845, -0.013333524), (0.99985486, 0.017035924, -0.00034044567), (0.99994963, -0.008851055, 0.0047196327), (0.776869, -0.6280229, 0.04540851), (0.79784465, -0.60119605, 0.044801455), (0.7647715, -0.6434622, -0.032877613), (0.9997625, -0.019382084, -0.009969786), (0.77792144, -0.62747246, -0.033414014), (0.99985486, 0.017035924, -0.00034044567), (0.8081072, -0.5888845, -0.013333524), (0.7861272, -0.6180557, 0.0033379514), (0.16701454, -0.9858993, -0.010425796), (0.7861272, -0.6180557, 0.0033379514), (0.8081072, -0.5888845, -0.013333524), (0.7064771, 0.7072297, 0.026761359), (0.99754757, 0.03605161, 0.059992973), (0.6844774, 0.72227496, 0.09904307), (0.07424783, 0.99720734, 0.008043098), (0.7064771, 0.7072297, 0.026761359), (0.6844774, 0.72227496, 0.09904307), (0.7064771, 0.7072297, 0.026761359), (0.71553975, 0.6981695, -0.0237112), (0.998221, 0.059359062, -0.005591088), (0.7064771, 0.7072297, 0.026761359), (0.07424783, 0.99720734, 0.008043098), (0.71553975, 0.6981695, -0.0237112), (0.75959104, 0.65025747, 0.013659527), (0.865449, 0.50016755, -0.028818151), (0.21201669, 0.97637314, 0.041766565), (0.6550365, 0.5213711, 0.5468998), (0.6844774, 0.72227496, 0.09904307), (0.7514744, 0.027168145, 0.65920275), (0.6550365, 0.5213711, 0.5468998), (0.0925465, 0.044423413, 0.99471694), (0.09454226, 0.6820656, 0.725154), (0.6844774, 0.72227496, 0.09904307), (0.6550365, 0.5213711, 0.5468998), (0.09454226, 0.6820656, 0.725154), (0.7514744, 0.027168145, 0.65920275), (0.54861265, -0.1641257, 0.81980914), (0.0925465, 0.044423413, 0.99471694), (0.0925465, 0.044423413, 0.99471694), (0.6550365, 0.5213711, 0.5468998), (0.7514744, 0.027168145, 0.65920275), (0.7514744, 0.027168145, 0.65920275), (0.9723816, -0.0987421, 0.2114808), (0.54861265, -0.1641257, 0.81980914), (0.0925465, 0.044423413, 0.99471694), (0.54861265, -0.1641257, 0.81980914), (0.0065087294, -0.047029346, 0.99887234), (0.99754757, 0.03605161, 0.059992973), (0.9723816, -0.0987421, 0.2114808), (0.7514744, 0.027168145, 0.65920275), (0.79784465, -0.60119605, 0.044801455), (0.6038348, -0.70407856, 0.3737068), (0.9723816, -0.0987421, 0.2114808), (0.9723816, -0.0987421, 0.2114808), (0.6038348, -0.70407856, 0.3737068), (0.54861265, -0.1641257, 0.81980914), (0.08515673, -0.9962544, 0.015015034), (0.6038348, -0.70407856, 0.3737068), (0.79784465, -0.60119605, 0.044801455), (0.1704234, -0.98470813, 0.036134582), (0.79784465, -0.60119605, 0.044801455), (0.776869, -0.6280229, 0.04540851), (0.7647715, -0.6434622, -0.032877613), (0.09795588, -0.9942617, -0.04299225), (0.15002185, -0.98847014, 0.020502202), (0.77792144, -0.62747246, -0.033414014), (0.7861272, -0.6180557, 0.0033379514), (0.069047526, -0.99741524, -0.019882733), (0.09454226, 0.6820656, 0.725154), (0.044285737, 0.9973834, 0.057143006), (0.6844774, 0.72227496, 0.09904307), (0.6844774, 0.72227496, 0.09904307), (0.044285737, 0.9973834, 0.057143006), (0.07424783, 0.99720734, 0.008043098), (0.07424783, 0.99720734, 0.008043098), (0.07219701, 0.9971209, -0.023185968), (0.71553975, 0.6981695, -0.0237112), (0.07219701, 0.9971209, -0.023185968), (0.10430864, 0.9945255, -0.0062220464), (0.71553975, 0.6981695, -0.0237112), (0.10430864, 0.9945255, -0.0062220464), (0.11538789, 0.9920843, 0.049542706), (0.7251827, 0.68845385, 0.011894491), (0.7251827, 0.68845385, 0.011894491), (0.11538789, 0.9920843, 0.049542706), (0.21201669, 0.97637314, 0.041766565), (0.21201669, 0.97637314, 0.041766565), (0.11538789, 0.9920843, 0.049542706), (0.13186038, 0.9907947, 0.030640177), (0.75959104, 0.65025747, 0.013659527), (0.21201669, 0.97637314, 0.041766565), (0.16135137, 0.9868951, 0.0019406942), (0.21201669, 0.97637314, 0.041766565), (0.13186038, 0.9907947, 0.030640177), (0.16135137, 0.9868951, 0.0019406942), (0.75959104, 0.65025747, 0.013659527), (0.16135137, 0.9868951, 0.0019406942), (0.7487259, 0.6626044, 0.019106522), (0.13186038, 0.9907947, 0.030640177), (0.1899007, 0.9813259, 0.030614097), (0.16135137, 0.9868951, 0.0019406942), (0.053675845, -0.7376969, 0.672995), (0.0065087294, -0.047029346, 0.99887234), (0.54861265, -0.1641257, 0.81980914), (0.053675845, -0.7376969, 0.672995), (-0.005731932, -0.68374777, 0.7296959), (0.0065087294, -0.047029346, 0.99887234), (0.6038348, -0.70407856, 0.3737068), (0.053675845, -0.7376969, 0.672995), (0.54861265, -0.1641257, 0.81980914), (0.1704234, -0.98470813, 0.036134582), (0.08515673, -0.9962544, 0.015015034), (0.79784465, -0.60119605, 0.044801455), (0.1704234, -0.98470813, 0.036134582), (0.057564974, -0.9983344, 0.003802544), (0.08515673, -0.9962544, 0.015015034), (0.04371873, -0.998959, 0.013023101), (0.1704234, -0.98470813, 0.036134582), (0.15002185, -0.98847014, 0.020502202), (0.77792144, -0.62747246, -0.033414014), (0.09795588, -0.9942617, -0.04299225), (0.7647715, -0.6434622, -0.032877613), (0.069047526, -0.99741524, -0.019882733), (0.09795588, -0.9942617, -0.04299225), (0.77792144, -0.62747246, -0.033414014), (0.069047526, -0.99741524, -0.019882733), (0.7861272, -0.6180557, 0.0033379514), (0.16701454, -0.9858993, -0.010425796), (0.8081072, -0.5888845, -0.013333524), (0.057052884, -0.99745315, -0.042805634), (0.16701454, -0.9858993, -0.010425796), (-0.030714275, 0.9694095, 0.24351968), (0.044285737, 0.9973834, 0.057143006), (0.09454226, 0.6820656, 0.725154), (0.044285737, 0.9973834, 0.057143006), (0.019570695, 0.99980253, 0.0034511434), (0.07424783, 0.99720734, 0.008043098), (0.07219701, 0.9971209, -0.023185968), (0.07424783, 0.99720734, 0.008043098), (0.019570695, 0.99980253, 0.0034511434), (0.07219701, 0.9971209, -0.023185968), (0.07106923, 0.996937, 0.032645565), (0.10430864, 0.9945255, -0.0062220464), (0.10430864, 0.9945255, -0.0062220464), (0.07106923, 0.996937, 0.032645565), (0.11538789, 0.9920843, 0.049542706), (0.1671782, 0.9843131, 0.05638573), (0.1899007, 0.9813259, 0.030614097), (0.13186038, 0.9907947, 0.030640177), (-0.030714275, 0.9694095, 0.24351968), (0.09454226, 0.6820656, 0.725154), (-0.029662935, 0.5645858, 0.82484114), (-0.029662935, 0.5645858, 0.82484114), (0.09454226, 0.6820656, 0.725154), (0.015498076, 0.018217076, 0.9997139), (0.015498076, 0.018217076, 0.9997139), (0.09454226, 0.6820656, 0.725154), (0.0925465, 0.044423413, 0.99471694), (0.0065087294, -0.047029346, 0.99887234), (0.015498076, 0.018217076, 0.9997139), (0.0925465, 0.044423413, 0.99471694), (0.069047526, -0.99741524, -0.019882733), (-0.11076822, -0.9922724, -0.05591005), (-0.056928888, -0.9976924, -0.036999606), (0.057052884, -0.99745315, -0.042805634), (-0.08913886, -0.9933668, -0.07264172), (-0.15291744, -0.9859612, -0.06705788), (-0.15291744, -0.9859612, -0.06705788), (-0.09396982, -0.9951519, -0.029023914), (0.057052884, -0.99745315, -0.042805634), (-0.030714275, 0.9694095, 0.24351968), (-0.007852144, 0.9901314, 0.13992213), (0.044285737, 0.9973834, 0.057143006), (0.044285737, 0.9973834, 0.057143006), (0.0035193104, 0.999407, 0.03425273), (0.019570695, 0.99980253, 0.0034511434), (0.07106923, 0.996937, 0.032645565), (0.07219701, 0.9971209, -0.023185968), (0.019570695, 0.99980253, 0.0034511434), (0.110744864, 0.9919397, 0.06157243), (0.11538789, 0.9920843, 0.049542706), (0.07106923, 0.996937, 0.032645565), (0.12687814, 0.98949313, 0.06931943), (0.13186038, 0.9907947, 0.030640177), (0.11538789, 0.9920843, 0.049542706), (-0.007852144, 0.9901314, 0.13992213), (-0.030714275, 0.9694095, 0.24351968), (-0.029662935, 0.5645858, 0.82484114), (0.015498076, 0.018217076, 0.9997139), (-0.010127629, 0.034630667, 0.9993489), (-0.029662935, 0.5645858, 0.82484114), (0.0065087294, -0.047029346, 0.99887234), (-0.002055228, -0.036410227, 0.9993348), (0.015498076, 0.018217076, 0.9997139), (-0.005731932, -0.68374777, 0.7296959), (-0.002055228, -0.036410227, 0.9993348), (0.0065087294, -0.047029346, 0.99887234), (-0.11076822, -0.9922724, -0.05591005), (0.069047526, -0.99741524, -0.019882733), (-0.09396982, -0.9951519, -0.029023914), (0.0035193104, 0.999407, 0.03425273), (0.044285737, 0.9973834, 0.057143006), (-0.007852144, 0.9901314, 0.13992213), (0.04538357, 0.99785566, 0.047161967), (0.019570695, 0.99980253, 0.0034511434), (0.0035193104, 0.999407, 0.03425273), (0.04538357, 0.99785566, 0.047161967), (0.07106923, 0.996937, 0.032645565), (0.019570695, 0.99980253, 0.0034511434), (0.110744864, 0.9919397, 0.06157243), (0.07106923, 0.996937, 0.032645565), (0.09496284, 0.991846, 0.08499184), (0.12687814, 0.98949313, 0.06931943), (0.11538789, 0.9920843, 0.049542706), (0.110744864, 0.9919397, 0.06157243), (0.12507935, 0.9881466, 0.08900153), (0.12687814, 0.98949313, 0.06931943), (0.110744864, 0.9919397, 0.06157243), (0.13186038, 0.9907947, 0.030640177), (0.12687814, 0.98949313, 0.06931943), (0.1671782, 0.9843131, 0.05638573), (0.12687814, 0.98949313, 0.06931943), (0.15836246, 0.981893, 0.1039587), (0.1671782, 0.9843131, 0.05638573), (0.20207347, 0.9764226, 0.07592815), (0.1899007, 0.9813259, 0.030614097), (0.1671782, 0.9843131, 0.05638573), (0.20207347, 0.9764226, 0.07592815), (0.24007456, 0.96951425, 0.049054217), (0.1899007, 0.9813259, 0.030614097), (-0.029662935, 0.5645858, 0.82484114), (0.014938158, 0.7198361, 0.69398326), (-0.007852144, 0.9901314, 0.13992213), (-0.010127629, 0.034630667, 0.9993489), (0.015498076, 0.018217076, 0.9997139), (-0.002055228, -0.036410227, 0.9993348), (-0.010127629, 0.034630667, 0.9993489), (-0.002055228, -0.036410227, 0.9993348), (0.004068612, -0.018019488, 0.9998293), (-0.002055228, -0.036410227, 0.9993348), (-0.005731932, -0.68374777, 0.7296959), (0.009266687, -0.67486846, 0.7378798), (-0.02585898, -0.99935377, -0.024968617), (-0.056928888, -0.9976924, -0.036999606), (-0.057232007, -0.997353, -0.044848524), (-0.10376637, -0.99182826, -0.074224494), (-0.057232007, -0.997353, -0.044848524), (-0.056928888, -0.9976924, -0.036999606), (-0.11076822, -0.9922724, -0.05591005), (-0.10376637, -0.99182826, -0.074224494), (-0.056928888, -0.9976924, -0.036999606), (-0.15447408, -0.98608625, -0.061414927), (-0.09396982, -0.9951519, -0.029023914), (-0.15291744, -0.9859612, -0.06705788), (-0.09396982, -0.9951519, -0.029023914), (-0.15447408, -0.98608625, -0.061414927), (-0.11076822, -0.9922724, -0.05591005), (-0.15447408, -0.98608625, -0.061414927), (-0.14706156, -0.9854687, -0.08499504), (-0.11076822, -0.9922724, -0.05591005), (0.0035193104, 0.999407, 0.03425273), (-0.0023276901, 0.99684775, 0.07930394), (0.033289842, 0.9973261, 0.065057956), (0.033289842, 0.9973261, 0.065057956), (0.04538357, 0.99785566, 0.047161967), (0.0035193104, 0.999407, 0.03425273), (0.04538357, 0.99785566, 0.047161967), (0.09496284, 0.991846, 0.08499184), (0.07106923, 0.996937, 0.032645565), (0.04538357, 0.99785566, 0.047161967), (0.076836266, 0.99124265, 0.107397854), (0.09496284, 0.991846, 0.08499184), (0.12507935, 0.9881466, 0.08900153), (0.110744864, 0.9919397, 0.06157243), (0.09496284, 0.991846, 0.08499184), (0.12687814, 0.98949313, 0.06931943), (0.12507935, 0.9881466, 0.08900153), (0.15836246, 0.981893, 0.1039587), (0.20207347, 0.9764226, 0.07592815), (0.1671782, 0.9843131, 0.05638573), (0.15836246, 0.981893, 0.1039587), (-0.029662935, 0.5645858, 0.82484114), (-0.010127629, 0.034630667, 0.9993489), (0.014938158, 0.7198361, 0.69398326), (0.009266687, -0.67486846, 0.7378798), (0.004068612, -0.018019488, 0.9998293), (-0.002055228, -0.036410227, 0.9993348), (-0.10376637, -0.99182826, -0.074224494), (-0.11076822, -0.9922724, -0.05591005), (-0.14706156, -0.9854687, -0.08499504), (-0.14706156, -0.9854687, -0.08499504), (-0.15447408, -0.98608625, -0.061414927), (-0.1786363, -0.98025817, -0.08475198), (-0.1786363, -0.98025817, -0.08475198), (-0.15447408, -0.98608625, -0.061414927), (-0.16814208, -0.98379713, -0.062220983), (0.15836246, 0.981893, 0.1039587), (0.14811473, 0.98312676, 0.10734868), (0.20207347, 0.9764226, 0.07592815), (0.014938158, 0.7198361, 0.69398326), (-0.0023276901, 0.99684775, 0.07930394), (-0.007852144, 0.9901314, 0.13992213), (-0.0023276901, 0.99684775, 0.07930394), (0.0035193104, 0.999407, 0.03425273), (-0.007852144, 0.9901314, 0.13992213), (0.014938158, 0.7198361, 0.69398326), (0.032229625, 0.99538445, 0.09039368), (-0.0023276901, 0.99684775, 0.07930394), (0.033289842, 0.9973261, 0.065057956), (-0.0023276901, 0.99684775, 0.07930394), (0.032229625, 0.99538445, 0.09039368), (0.04538357, 0.99785566, 0.047161967), (0.033289842, 0.9973261, 0.065057956), (0.076836266, 0.99124265, 0.107397854), (0.09496284, 0.991846, 0.08499184), (0.11231532, 0.9869689, 0.115229286), (0.12507935, 0.9881466, 0.08900153), (0.076836266, 0.99124265, 0.107397854), (0.11231532, 0.9869689, 0.115229286), (0.09496284, 0.991846, 0.08499184), (0.014938158, 0.7198361, 0.69398326), (-0.010127629, 0.034630667, 0.9993489), (-0.0063140187, 0.05505117, 0.9984636), (-0.0063140187, 0.05505117, 0.9984636), (0.010715046, 0.6900807, 0.72365314), (0.014938158, 0.7198361, 0.69398326), (0.004068612, -0.018019488, 0.9998293), (-0.0063140187, 0.05505117, 0.9984636), (-0.010127629, 0.034630667, 0.9993489), (0.011040696, -0.5356213, 0.8443861), (0.009266687, -0.67486846, 0.7378798), (-0.007965011, -0.98814756, 0.15330036), (-0.10376637, -0.99182826, -0.074224494), (-0.10531957, -0.9907396, -0.08569135), (-0.057232007, -0.997353, -0.044848524), (-0.10531957, -0.9907396, -0.08569135), (-0.048708763, -0.99721944, -0.05639925), (-0.057232007, -0.997353, -0.044848524), (-0.16409434, -0.98157305, -0.09791502), (-0.10531957, -0.9907396, -0.08569135), (-0.10376637, -0.99182826, -0.074224494), (-0.14706156, -0.9854687, -0.08499504), (-0.16409434, -0.98157305, -0.09791502), (-0.10376637, -0.99182826, -0.074224494), (0.010715046, 0.6900807, 0.72365314), (0.032229625, 0.99538445, 0.09039368), (0.014938158, 0.7198361, 0.69398326), (0.032229625, 0.99538445, 0.09039368), (0.051283404, 0.9958999, 0.07452184), (0.033289842, 0.9973261, 0.065057956), (0.032229625, 0.99538445, 0.09039368), (-0.034121946, 0.7006371, 0.71270144), (0.009941598, 0.9941264, 0.10776741), (0.05925211, 0.99183977, 0.11288441), (0.033289842, 0.9973261, 0.065057956), (0.051283404, 0.9958999, 0.07452184), (0.033289842, 0.9973261, 0.065057956), (0.05925211, 0.99183977, 0.11288441), (0.076836266, 0.99124265, 0.107397854), (0.05925211, 0.99183977, 0.11288441), (0.09324354, 0.9853345, 0.14290425), (0.076836266, 0.99124265, 0.107397854), (0.11231532, 0.9869689, 0.115229286), (0.13993564, 0.98260945, 0.12205256), (0.12507935, 0.9881466, 0.08900153), (0.13993564, 0.98260945, 0.12205256), (0.15836246, 0.981893, 0.1039587), (0.12507935, 0.9881466, 0.08900153), (0.004068612, -0.018019488, 0.9998293), (-0.011044141, 0.014219264, 0.9998379), (-0.0063140187, 0.05505117, 0.9984636), (0.009266687, -0.67486846, 0.7378798), (0.011040696, -0.5356213, 0.8443861), (0.004068612, -0.018019488, 0.9998293), (0.011040696, -0.5356213, 0.8443861), (-0.011044141, 0.014219264, 0.9998379), (0.004068612, -0.018019488, 0.9998293), (-0.11764316, -0.9863923, -0.11484935), (-0.08673009, -0.9922399, -0.08909543), (-0.041145064, -0.9981519, -0.04471813), (-0.16409434, -0.98157305, -0.09791502), (-0.17752668, -0.97657835, -0.12156895), (-0.10531957, -0.9907396, -0.08569135), (-0.18912555, -0.97740215, -0.094427526), (-0.16409434, -0.98157305, -0.09791502), (-0.14706156, -0.9854687, -0.08499504), (-0.18912555, -0.97740215, -0.094427526), (-0.14706156, -0.9854687, -0.08499504), (-0.1786363, -0.98025817, -0.08475198), (-0.16814208, -0.98379713, -0.062220983), (-0.17144085, -0.9836833, -0.05454621), (-0.1786363, -0.98025817, -0.08475198), (0.13993564, 0.98260945, 0.12205256), (0.14811473, 0.98312676, 0.10734868), (0.15836246, 0.981893, 0.1039587), (0.055273075, 0.9943701, 0.0904046), (0.13484171, 0.9849398, 0.10821875), (0.060218092, 0.992114, 0.109925024), (0.060218092, 0.992114, 0.109925024), (0.13484171, 0.9849398, 0.10821875), (0.14811473, 0.98312676, 0.10734868), (0.032229625, 0.99538445, 0.09039368), (0.009941598, 0.9941264, 0.10776741), (0.051283404, 0.9958999, 0.07452184), (0.076836266, 0.99124265, 0.107397854), (0.09324354, 0.9853345, 0.14290425), (0.11231532, 0.9869689, 0.115229286), (0.11231532, 0.9869689, 0.115229286), (0.09425473, 0.98743695, 0.12682357), (0.13993564, 0.98260945, 0.12205256), (-0.011044141, 0.014219264, 0.9998379), (0.010715046, 0.6900807, 0.72365314), (-0.0063140187, 0.05505117, 0.9984636), (-0.011044141, 0.014219264, 0.9998379), (-0.0017045779, 0.057738464, 0.99833024), (0.010715046, 0.6900807, 0.72365314), (0.010715046, 0.6900807, 0.72365314), (-0.0017045779, 0.057738464, 0.99833024), (-0.034121946, 0.7006371, 0.71270144), (-0.09326914, -0.99446344, -0.048407685), (-0.15617089, -0.9846358, -0.07812273), (-0.17144085, -0.9836833, -0.05454621), (0.011040696, -0.5356213, 0.8443861), (-0.007965011, -0.98814756, 0.15330036), (-0.011557379, -0.69951963, 0.7145199), (-0.08673009, -0.9922399, -0.08909543), (-0.036820676, -0.99912655, -0.01975401), (-0.041145064, -0.9981519, -0.04471813), (-0.17752668, -0.97657835, -0.12156895), (-0.11764316, -0.9863923, -0.11484935), (-0.10531957, -0.9907396, -0.08569135), (-0.11764316, -0.9863923, -0.11484935), (-0.17752668, -0.97657835, -0.12156895), (-0.1460594, -0.9777601, -0.15050562), (-0.16409434, -0.98157305, -0.09791502), (-0.18912555, -0.97740215, -0.094427526), (-0.17752668, -0.97657835, -0.12156895), (-0.15617089, -0.9846358, -0.07812273), (-0.18912555, -0.97740215, -0.094427526), (-0.1786363, -0.98025817, -0.08475198), (-0.1786363, -0.98025817, -0.08475198), (-0.17144085, -0.9836833, -0.05454621), (-0.15617089, -0.9846358, -0.07812273), (0.0718924, 0.9914223, 0.109148204), (0.14811473, 0.98312676, 0.10734868), (0.13993564, 0.98260945, 0.12205256), (0.010715046, 0.6900807, 0.72365314), (-0.034121946, 0.7006371, 0.71270144), (0.032229625, 0.99538445, 0.09039368), (0.051283404, 0.9958999, 0.07452184), (0.043956418, 0.99347025, 0.10528407), (0.05925211, 0.99183977, 0.11288441), (0.09324354, 0.9853345, 0.14290425), (0.09425473, 0.98743695, 0.12682357), (0.11231532, 0.9869689, 0.115229286), (-0.034121946, 0.7006371, 0.71270144), (-0.0017045779, 0.057738464, 0.99833024), (-0.058077466, 0.59268194, 0.80334), (-0.010417489, -0.01840272, 0.9997764), (-0.0017045779, 0.057738464, 0.99833024), (-0.011044141, 0.014219264, 0.9998379), (-0.010417489, -0.01840272, 0.9997764), (-0.011044141, 0.014219264, 0.9998379), (0.011040696, -0.5356213, 0.8443861), (-0.010417489, -0.01840272, 0.9997764), (0.011040696, -0.5356213, 0.8443861), (-0.011557379, -0.69951963, 0.7145199), (-0.15617089, -0.9846358, -0.07812273), (-0.13284217, -0.9867485, -0.09316909), (-0.18912555, -0.97740215, -0.094427526), (-0.09326914, -0.99446344, -0.048407685), (-0.06496327, -0.99593997, -0.062316447), (-0.15617089, -0.9846358, -0.07812273), (-0.023911938, -0.9996455, 0.011706198), (-0.044202633, -0.99848324, -0.03282259), (-0.011557379, -0.69951963, 0.7145199), (-0.044202633, -0.99848324, -0.03282259), (-0.023911938, -0.9996455, 0.011706198), (-0.047851592, -0.9971838, -0.05774641), (-0.047851592, -0.9971838, -0.05774641), (-0.08673009, -0.9922399, -0.08909543), (-0.103386216, -0.9865065, -0.12694961), (-0.103386216, -0.9865065, -0.12694961), (-0.08673009, -0.9922399, -0.08909543), (-0.13653496, -0.97768116, -0.15967984), (-0.17752668, -0.97657835, -0.12156895), (-0.13284217, -0.9867485, -0.09316909), (-0.1460594, -0.9777601, -0.15050562), (-0.18912555, -0.97740215, -0.094427526), (-0.13284217, -0.9867485, -0.09316909), (-0.17752668, -0.97657835, -0.12156895), (0.13993564, 0.98260945, 0.12205256), (0.09425473, 0.98743695, 0.12682357), (0.0718924, 0.9914223, 0.109148204), (0.032510452, 0.9962582, 0.080079764), (0.09425473, 0.98743695, 0.12682357), (0.04466326, 0.9932812, 0.10676039), (0.0718924, 0.9914223, 0.109148204), (0.09425473, 0.98743695, 0.12682357), (0.032510452, 0.9962582, 0.080079764), (0.0718924, 0.9914223, 0.109148204), (0.060218092, 0.992114, 0.109925024), (0.14811473, 0.98312676, 0.10734868), (0.0718924, 0.9914223, 0.109148204), (0.017701367, 0.9945101, 0.10313263), (0.060218092, 0.992114, 0.109925024), (0.009941598, 0.9941264, 0.10776741), (-0.034121946, 0.7006371, 0.71270144), (-0.035134956, 0.97213197, 0.23178644), (0.043956418, 0.99347025, 0.10528407), (0.051283404, 0.9958999, 0.07452184), (0.009941598, 0.9941264, 0.10776741), (0.043956418, 0.99347025, 0.10528407), (0.075624235, 0.984654, 0.15728132), (0.05925211, 0.99183977, 0.11288441), (0.05925211, 0.99183977, 0.11288441), (0.075624235, 0.984654, 0.15728132), (0.09324354, 0.9853345, 0.14290425), (0.09324354, 0.9853345, 0.14290425), (0.075624235, 0.984654, 0.15728132), (0.06604978, 0.98526365, 0.15777531), (0.06604978, 0.98526365, 0.15777531), (0.075624235, 0.984654, 0.15728132), (0.05088476, 0.98537165, 0.16264524), (-0.011557379, -0.69951963, 0.7145199), (-0.0332809, -0.056949157, 0.99782217), (-0.010417489, -0.01840272, 0.9997764), (-0.13284217, -0.9867485, -0.09316909), (-0.06496327, -0.99593997, -0.062316447), (-0.0691511, -0.99594367, -0.057570808), (-0.06496327, -0.99593997, -0.062316447), (-0.13284217, -0.9867485, -0.09316909), (-0.15617089, -0.9846358, -0.07812273), (-0.0691511, -0.99594367, -0.057570808), (-0.06496327, -0.99593997, -0.062316447), (-0.04414589, -0.99802446, -0.044702142), (-0.047851592, -0.9971838, -0.05774641), (-0.103386216, -0.9865065, -0.12694961), (-0.044202633, -0.99848324, -0.03282259), (-0.08502956, -0.98986393, -0.11375082), (-0.044202633, -0.99848324, -0.03282259), (-0.103386216, -0.9865065, -0.12694961), (-0.13653496, -0.97768116, -0.15967984), (-0.08673009, -0.9922399, -0.08909543), (-0.11764316, -0.9863923, -0.11484935), (-0.1460594, -0.9777601, -0.15050562), (-0.13653496, -0.97768116, -0.15967984), (-0.11764316, -0.9863923, -0.11484935), (-0.1460594, -0.9777601, -0.15050562), (-0.11218229, -0.98104376, -0.15801351), (-0.13653496, -0.97768116, -0.15967984), (-0.1460594, -0.9777601, -0.15050562), (-0.09600924, -0.9890022, -0.11250222), (-0.11218229, -0.98104376, -0.15801351), (-0.13284217, -0.9867485, -0.09316909), (-0.09600924, -0.9890022, -0.11250222), (-0.1460594, -0.9777601, -0.15050562), (0.06604978, 0.98526365, 0.15777531), (0.09425473, 0.98743695, 0.12682357), (0.09324354, 0.9853345, 0.14290425), (0.09425473, 0.98743695, 0.12682357), (0.06604978, 0.98526365, 0.15777531), (0.04466326, 0.9932812, 0.10676039), (0.032510452, 0.9962582, 0.080079764), (0.017701367, 0.9945101, 0.10313263), (0.0718924, 0.9914223, 0.109148204), (0.060218092, 0.992114, 0.109925024), (0.017701367, 0.9945101, 0.10313263), (0.019627716, 0.9940241, 0.1073817), (-0.035134956, 0.97213197, 0.23178644), (-0.034121946, 0.7006371, 0.71270144), (-0.058077466, 0.59268194, 0.80334), (-0.035134956, 0.97213197, 0.23178644), (-0.006201884, 0.60533214, 0.79594886), (0.02877872, 0.9795976, 0.19889785), (-0.035134956, 0.97213197, 0.23178644), (0.019647071, 0.98931754, 0.14444652), (0.009941598, 0.9941264, 0.10776741), (0.02877872, 0.9795976, 0.19889785), (0.019647071, 0.98931754, 0.14444652), (-0.035134956, 0.97213197, 0.23178644), (0.043956418, 0.99347025, 0.10528407), (0.019647071, 0.98931754, 0.14444652), (0.05088476, 0.98537165, 0.16264524), (0.019647071, 0.98931754, 0.14444652), (0.043956418, 0.99347025, 0.10528407), (0.009941598, 0.9941264, 0.10776741), (0.043956418, 0.99347025, 0.10528407), (0.05088476, 0.98537165, 0.16264524), (0.075624235, 0.984654, 0.15728132), (-0.0035721422, 0.034682322, 0.99939203), (-0.058077466, 0.59268194, 0.80334), (-0.0017045779, 0.057738464, 0.99833024), (-0.0332809, -0.056949157, 0.99782217), (-0.0035721422, 0.034682322, 0.99939203), (-0.010417489, -0.01840272, 0.9997764), (-0.0332809, -0.056949157, 0.99782217), (-0.04213438, 0.006171555, 0.9990929), (-0.0035721422, 0.034682322, 0.99939203), (-0.13284217, -0.9867485, -0.09316909), (-0.0691511, -0.99594367, -0.057570808), (-0.09600924, -0.9890022, -0.11250222), (-0.06496327, -0.99593997, -0.062316447), (-0.041764237, -0.9973204, -0.060065415), (-0.04414589, -0.99802446, -0.044702142), (-0.041764237, -0.9973204, -0.060065415), (-0.06496327, -0.99593997, -0.062316447), (-0.09326914, -0.99446344, -0.048407685), (-0.051996537, -0.7545874, 0.65413636), (-0.0332809, -0.056949157, 0.99782217), (-0.011557379, -0.69951963, 0.7145199), (-0.111882724, -0.980655, -0.16061765), (-0.08502956, -0.98986393, -0.11375082), (-0.103386216, -0.9865065, -0.12694961), (-0.13653496, -0.97768116, -0.15967984), (-0.111882724, -0.980655, -0.16061765), (-0.103386216, -0.9865065, -0.12694961), (-0.111882724, -0.980655, -0.16061765), (-0.13653496, -0.97768116, -0.15967984), (-0.11218229, -0.98104376, -0.15801351), (0.06604978, 0.98526365, 0.15777531), (0.04655816, 0.9902163, 0.13154408), (0.04466326, 0.9932812, 0.10676039), (0.017701367, 0.9945101, 0.10313263), (0.03164848, 0.9926772, 0.11657754), (0.019627716, 0.9940241, 0.1073817), (0.056176234, 0.9840585, 0.16873899), (0.06604978, 0.98526365, 0.15777531), (0.05088476, 0.98537165, 0.16264524), (0.06604978, 0.98526365, 0.15777531), (0.056176234, 0.9840585, 0.16873899), (0.04655816, 0.9902163, 0.13154408), (-0.006201884, 0.60533214, 0.79594886), (-0.058077466, 0.59268194, 0.80334), (-0.0035721422, 0.034682322, 0.99939203), (-0.010417489, -0.01840272, 0.9997764), (-0.0035721422, 0.034682322, 0.99939203), (-0.0017045779, 0.057738464, 0.99833024), (-0.04213438, 0.006171555, 0.9990929), (-0.006201884, 0.60533214, 0.79594886), (-0.0035721422, 0.034682322, 0.99939203), (-0.0332809, -0.056949157, 0.99782217), (-0.012325937, -0.05523527, 0.99839723), (-0.04213438, 0.006171555, 0.9990929), (-0.0691511, -0.99594367, -0.057570808), (-0.047589507, -0.9971138, -0.059153076), (-0.09600924, -0.9890022, -0.11250222), (-0.047589507, -0.9971138, -0.059153076), (-0.0691511, -0.99594367, -0.057570808), (-0.04414589, -0.99802446, -0.044702142), (-0.041764237, -0.9973204, -0.060065415), (0.0027945843, -0.99905986, -0.04326091), (-0.04414589, -0.99802446, -0.044702142), (-0.08502956, -0.98986393, -0.11375082), (-0.031343266, -0.7806792, 0.62414545), (-0.051996537, -0.7545874, 0.65413636), (-0.06998816, -0.98382694, -0.16488257), (-0.111882724, -0.980655, -0.16061765), (-0.11218229, -0.98104376, -0.15801351), (-0.11218229, -0.98104376, -0.15801351), (-0.041817974, -0.99039465, -0.13179459), (-0.06998816, -0.98382694, -0.16488257), (-0.041817974, -0.99039465, -0.13179459), (0.004353517, -0.98555964, -0.16927272), (-0.06998816, -0.98382694, -0.16488257), (-0.09600924, -0.9890022, -0.11250222), (-0.041817974, -0.99039465, -0.13179459), (-0.11218229, -0.98104376, -0.15801351), (0.04655816, 0.9902163, 0.13154408), (0.040667303, 0.9962642, 0.0761833), (0.04466326, 0.9932812, 0.10676039), (0.04466326, 0.9932812, 0.10676039), (0.040667303, 0.9962642, 0.0761833), (0.032510452, 0.9962582, 0.080079764), (0.017701367, 0.9945101, 0.10313263), (0.032510452, 0.9962582, 0.080079764), (0.038058545, 0.9956491, 0.08505531), (0.03164848, 0.9926772, 0.11657754), (0.017701367, 0.9945101, 0.10313263), (0.038058545, 0.9956491, 0.08505531), (0.02877872, 0.9795976, 0.19889785), (0.039721083, 0.9841573, 0.17279056), (0.019647071, 0.98931754, 0.14444652), (0.039721083, 0.9841573, 0.17279056), (0.05088476, 0.98537165, 0.16264524), (0.019647071, 0.98931754, 0.14444652), (0.039721083, 0.9841573, 0.17279056), (0.056176234, 0.9840585, 0.16873899), (0.05088476, 0.98537165, 0.16264524), (-0.058077466, 0.59268194, 0.80334), (-0.006201884, 0.60533214, 0.79594886), (-0.035134956, 0.97213197, 0.23178644), (-0.012325937, -0.05523527, 0.99839723), (0.021620227, 0.030818865, 0.99929106), (-0.04213438, 0.006171555, 0.9990929), (-0.012325937, -0.05523527, 0.99839723), (-0.0332809, -0.056949157, 0.99782217), (-0.051996537, -0.7545874, 0.65413636), (-0.047589507, -0.9971138, -0.059153076), (-0.041817974, -0.99039465, -0.13179459), (-0.09600924, -0.9890022, -0.11250222), (-0.010551384, -0.99820155, -0.05901195), (0.0027945843, -0.99905986, -0.04326091), (-0.041764237, -0.9973204, -0.060065415), (-0.051996537, -0.7545874, 0.65413636), (-0.031343266, -0.7806792, 0.62414545), (-0.012325937, -0.05523527, 0.99839723), (-0.013472769, -0.9938484, -0.109927006), (-0.031343266, -0.7806792, 0.62414545), (-0.08502956, -0.98986393, -0.11375082), (-0.021598049, -0.98682064, -0.16036975), (-0.013472769, -0.9938484, -0.109927006), (-0.08502956, -0.98986393, -0.11375082), (-0.06998816, -0.98382694, -0.16488257), (-0.021598049, -0.98682064, -0.16036975), (-0.111882724, -0.980655, -0.16061765), (-0.06998816, -0.98382694, -0.16488257), (0.004353517, -0.98555964, -0.16927272), (-0.021598049, -0.98682064, -0.16036975), (0.7487259, 0.6626044, 0.019106522), (0.7038244, 0.71023977, 0.013815931), (0.99812996, 0.061033674, -0.0033615362), (0.7038244, 0.71023977, 0.013815931), (0.7090073, 0.7051108, -0.0112861665), (0.99812996, 0.061033674, -0.0033615362), (0.7090073, 0.7051108, -0.0112861665), (0.99959165, 0.028557299, 0.001093609), (0.99812996, 0.061033674, -0.0033615362), (0.99959165, 0.028557299, 0.001093609), (0.999784, -0.020199342, -0.0048992056), (0.99812996, 0.061033674, -0.0033615362), (0.7740462, 0.63274735, 0.02198309), (0.9990785, 0.040070243, -0.015382798), (0.99959165, 0.028557299, 0.001093609), (0.75572246, 0.6533021, 0.04560772), (0.9990785, 0.040070243, -0.015382798), (0.7740462, 0.63274735, 0.02198309), (0.9990785, 0.040070243, -0.015382798), (0.75572246, 0.6533021, 0.04560772), (0.9999066, 0.0073931236, 0.011491368), (0.739203, 0.67236453, 0.038793795), (0.9989637, 0.043974467, 0.011732014), (0.99752223, 0.065256216, 0.02628716), (0.19265391, 0.98111874, -0.017041333), (0.78346837, 0.62140846, -0.005383247), (0.739203, 0.67236453, 0.038793795), (0.78346837, 0.62140846, -0.005383247), (0.9989637, 0.043974467, 0.011732014), (0.739203, 0.67236453, 0.038793795), (0.78346837, 0.62140846, -0.005383247), (0.99947447, 0.031870585, -0.0059176055), (0.9989637, 0.043974467, 0.011732014), (0.7207375, 0.69302666, -0.015857948), (0.75991124, 0.64869076, -0.04165625), (0.99947447, 0.031870585, -0.0059176055), (0.99999267, 0.0031655354, 0.0021780038), (0.7487259, 0.6626044, 0.019106522), (0.99812996, 0.061033674, -0.0033615362), (0.7740462, 0.63274735, 0.02198309), (0.99959165, 0.028557299, 0.001093609), (0.7090073, 0.7051108, -0.0112861665), (0.99752223, 0.065256216, 0.02628716), (0.9996296, -0.026782747, 0.004830656), (0.9999066, 0.0073931236, 0.011491368), (0.9989637, 0.043974467, 0.011732014), (0.9996296, -0.026782747, 0.004830656), (0.99752223, 0.065256216, 0.02628716), (0.7207375, 0.69302666, -0.015857948), (0.99947447, 0.031870585, -0.0059176055), (0.78346837, 0.62140846, -0.005383247), (0.99999267, 0.0031655354, 0.0021780038), (0.99812996, 0.061033674, -0.0033615362), (0.999784, -0.020199342, -0.0048992056), (0.999784, -0.020199342, -0.0048992056), (0.7713355, -0.6362681, -0.014302272), (0.99999267, 0.0031655354, 0.0021780038), (0.99959165, 0.028557299, 0.001093609), (0.9995851, -0.02759477, -0.008246751), (0.999784, -0.020199342, -0.0048992056), (0.9990785, 0.040070243, -0.015382798), (0.9999066, 0.0073931236, 0.011491368), (0.9996124, -0.027816907, 0.0011734195), (0.9996296, -0.026782747, 0.004830656), (0.9989637, 0.043974467, 0.011732014), (0.9989203, -0.046317708, -0.0036197142), (0.99947447, 0.031870585, -0.0059176055), (0.9989203, -0.046317708, -0.0036197142), (0.9989637, 0.043974467, 0.011732014), (0.99947447, 0.031870585, -0.0059176055), (0.9990378, -0.04375721, -0.0029799342), (0.9989203, -0.046317708, -0.0036197142), (0.9990378, -0.04375721, -0.0029799342), (0.99947447, 0.031870585, -0.0059176055), (0.9999276, 0.010328699, 0.0061784447), (0.9999276, 0.010328699, 0.0061784447), (0.99947447, 0.031870585, -0.0059176055), (0.75991124, 0.64869076, -0.04165625), (0.99999267, 0.0031655354, 0.0021780038), (0.7713355, -0.6362681, -0.014302272), (0.8081072, -0.5888845, -0.013333524), (0.7713355, -0.6362681, -0.014302272), (0.999784, -0.020199342, -0.0048992056), (0.7862596, -0.6178603, -0.0066603245), (0.9995851, -0.02759477, -0.008246751), (0.7862596, -0.6178603, -0.0066603245), (0.999784, -0.020199342, -0.0048992056), (0.9996124, -0.027816907, 0.0011734195), (0.99959165, 0.028557299, 0.001093609), (0.9990785, 0.040070243, -0.015382798), (0.9996124, -0.027816907, 0.0011734195), (0.9995851, -0.02759477, -0.008246751), (0.99959165, 0.028557299, 0.001093609), (0.9996124, -0.027816907, 0.0011734195), (0.66903096, -0.74319786, 0.007376838), (0.9995851, -0.02759477, -0.008246751), (0.9996124, -0.027816907, 0.0011734195), (0.9999066, 0.0073931236, 0.011491368), (0.7082216, -0.70598793, 0.0017316737), (0.9999066, 0.0073931236, 0.011491368), (0.9996296, -0.026782747, 0.004830656), (0.7067141, -0.70702577, 0.025880126), (0.66648203, -0.7454927, 0.006512811), (0.7067141, -0.70702577, 0.025880126), (0.9996296, -0.026782747, 0.004830656), (0.66648203, -0.7454927, 0.006512811), (0.9996296, -0.026782747, 0.004830656), (0.9989203, -0.046317708, -0.0036197142), (0.9990378, -0.04375721, -0.0029799342), (0.6899069, -0.7238885, -0.0037182078), (0.9989203, -0.046317708, -0.0036197142), (0.9999276, 0.010328699, 0.0061784447), (0.9986073, -0.052656673, -0.0032535337), (0.9990378, -0.04375721, -0.0029799342), (0.9986073, -0.052656673, -0.0032535337), (0.7085246, -0.70507085, -0.029462487), (0.9990378, -0.04375721, -0.0029799342), (0.7862596, -0.6178603, -0.0066603245), (0.018071938, -0.9998359, 0.0012901108), (0.14325005, -0.98771346, -0.0624635), (0.9995851, -0.02759477, -0.008246751), (0.66903096, -0.74319786, 0.007376838), (0.7862596, -0.6178603, -0.0066603245), (0.66903096, -0.74319786, 0.007376838), (0.9996124, -0.027816907, 0.0011734195), (0.7082216, -0.70598793, 0.0017316737), (0.9999066, 0.0073931236, 0.011491368), (0.7067141, -0.70702577, 0.025880126), (0.7082216, -0.70598793, 0.0017316737), (0.9989203, -0.046317708, -0.0036197142), (0.6899069, -0.7238885, -0.0037182078), (0.66648203, -0.7454927, 0.006512811), (0.7487259, 0.6626044, 0.019106522), (0.157554, 0.98721236, 0.024260975), (0.7038244, 0.71023977, 0.013815931), (0.157554, 0.98721236, 0.024260975), (0.7487259, 0.6626044, 0.019106522), (0.16135137, 0.9868951, 0.0019406942), (0.7038244, 0.71023977, 0.013815931), (0.157554, 0.98721236, 0.024260975), (0.7090073, 0.7051108, -0.0112861665), (0.7740462, 0.63274735, 0.02198309), (0.2163123, 0.9730744, 0.07959386), (0.75572246, 0.6533021, 0.04560772), (0.2163123, 0.9730744, 0.07959386), (0.2093481, 0.975603, 0.066123165), (0.75572246, 0.6533021, 0.04560772), (0.18995596, 0.98005396, 0.058404654), (0.739203, 0.67236453, 0.038793795), (0.75572246, 0.6533021, 0.04560772), (0.18995596, 0.98005396, 0.058404654), (0.75572246, 0.6533021, 0.04560772), (0.2093481, 0.975603, 0.066123165), (0.78346837, 0.62140846, -0.005383247), (0.16799633, 0.9848049, -0.044004094), (0.7207375, 0.69302666, -0.015857948), (0.7207375, 0.69302666, -0.015857948), (0.15812124, 0.9869128, -0.03163621), (0.75991124, 0.64869076, -0.04165625), (0.99752223, 0.065256216, 0.02628716), (0.75572246, 0.6533021, 0.04560772), (0.739203, 0.67236453, 0.038793795), (0.75572246, 0.6533021, 0.04560772), (0.99752223, 0.065256216, 0.02628716), (0.9999066, 0.0073931236, 0.011491368), (0.7862596, -0.6178603, -0.0066603245), (0.14325005, -0.98771346, -0.0624635), (0.7713355, -0.6362681, -0.014302272), (0.018071938, -0.9998359, 0.0012901108), (-0.08913886, -0.9933668, -0.07264172), (0.14325005, -0.98771346, -0.0624635), (0.66903096, -0.74319786, 0.007376838), (0.018071938, -0.9998359, 0.0012901108), (0.7862596, -0.6178603, -0.0066603245), (-0.012869079, -0.9998942, 0.0067774113), (0.66648203, -0.7454927, 0.006512811), (0.6899069, -0.7238885, -0.0037182078), (0.6899069, -0.7238885, -0.0037182078), (0.016406514, -0.9994404, -0.02915147), (-0.012869079, -0.9998942, 0.0067774113), (0.6899069, -0.7238885, -0.0037182078), (0.9990378, -0.04375721, -0.0029799342), (0.7085246, -0.70507085, -0.029462487), (0.7085246, -0.70507085, -0.029462487), (0.016406514, -0.9994404, -0.02915147), (0.6899069, -0.7238885, -0.0037182078), (0.1899007, 0.9813259, 0.030614097), (0.157554, 0.98721236, 0.024260975), (0.16135137, 0.9868951, 0.0019406942), (0.157554, 0.98721236, 0.024260975), (0.16713785, 0.9859323, 0.0015788368), (0.7090073, 0.7051108, -0.0112861665), (0.7740462, 0.63274735, 0.02198309), (0.7090073, 0.7051108, -0.0112861665), (0.16713785, 0.9859323, 0.0015788368), (0.20198211, 0.9784507, 0.04286501), (0.2163123, 0.9730744, 0.07959386), (0.7740462, 0.63274735, 0.02198309), (0.20198211, 0.9784507, 0.04286501), (0.7740462, 0.63274735, 0.02198309), (0.16713785, 0.9859323, 0.0015788368), (0.739203, 0.67236453, 0.038793795), (0.18995596, 0.98005396, 0.058404654), (0.19265391, 0.98111874, -0.017041333), (0.16799633, 0.9848049, -0.044004094), (0.78346837, 0.62140846, -0.005383247), (0.19265391, 0.98111874, -0.017041333), (0.15812124, 0.9869128, -0.03163621), (0.7207375, 0.69302666, -0.015857948), (0.16799633, 0.9848049, -0.044004094), (0.14325005, -0.98771346, -0.0624635), (0.057052884, -0.99745315, -0.042805634), (0.7713355, -0.6362681, -0.014302272), (0.057052884, -0.99745315, -0.042805634), (0.14325005, -0.98771346, -0.0624635), (-0.08913886, -0.9933668, -0.07264172), (-0.062015977, -0.99806017, -0.0054732533), (0.66903096, -0.74319786, 0.007376838), (0.7082216, -0.70598793, 0.0017316737), (-0.062015977, -0.99806017, -0.0054732533), (0.018071938, -0.9998359, 0.0012901108), (0.66903096, -0.74319786, 0.007376838), (-0.03529191, -0.99913067, 0.022189876), (0.7067141, -0.70702577, 0.025880126), (-0.013504123, -0.99963117, 0.023562625), (0.7082216, -0.70598793, 0.0017316737), (0.7067141, -0.70702577, 0.025880126), (-0.03529191, -0.99913067, 0.022189876), (0.66648203, -0.7454927, 0.006512811), (-0.013504123, -0.99963117, 0.023562625), (0.7067141, -0.70702577, 0.025880126), (0.66648203, -0.7454927, 0.006512811), (-0.0963961, -0.9953405, 0.0022769636), (-0.013504123, -0.99963117, 0.023562625), (-0.12599838, -0.9918753, 0.017544003), (-0.013504123, -0.99963117, 0.023562625), (-0.0963961, -0.9953405, 0.0022769636), (-0.0963961, -0.9953405, 0.0022769636), (0.66648203, -0.7454927, 0.006512811), (-0.012869079, -0.9998942, 0.0067774113), (-0.10837747, -0.99410963, 0.0005081646), (-0.0963961, -0.9953405, 0.0022769636), (-0.012869079, -0.9998942, 0.0067774113), (-0.012869079, -0.9998942, 0.0067774113), (0.016406514, -0.9994404, -0.02915147), (-0.10837747, -0.99410963, 0.0005081646), (0.157554, 0.98721236, 0.024260975), (0.21569832, 0.97582304, 0.035264622), (0.21604167, 0.9759481, 0.029179387), (0.21604167, 0.9759481, 0.029179387), (0.16713785, 0.9859323, 0.0015788368), (0.157554, 0.98721236, 0.024260975), (0.16713785, 0.9859323, 0.0015788368), (0.21604167, 0.9759481, 0.029179387), (0.20198211, 0.9784507, 0.04286501), (0.2163123, 0.9730744, 0.07959386), (0.20198211, 0.9784507, 0.04286501), (0.23592497, 0.9694373, 0.06731104), (0.1799348, 0.98331726, 0.026656039), (0.18995596, 0.98005396, 0.058404654), (0.2093481, 0.975603, 0.066123165), (0.16388898, 0.9864461, 0.008024873), (0.18995596, 0.98005396, 0.058404654), (0.1799348, 0.98331726, 0.026656039), (0.16388898, 0.9864461, 0.008024873), (0.19265391, 0.98111874, -0.017041333), (0.18995596, 0.98005396, 0.058404654), (0.17439604, 0.98348796, -0.048348755), (0.16799633, 0.9848049, -0.044004094), (0.19265391, 0.98111874, -0.017041333), (0.17707223, 0.98299867, -0.048570063), (0.15812124, 0.9869128, -0.03163621), (0.16799633, 0.9848049, -0.044004094), (0.17439604, 0.98348796, -0.048348755), (0.17707223, 0.98299867, -0.048570063), (0.16799633, 0.9848049, -0.044004094), (0.1584585, 0.98731774, -0.009734529), (0.15812124, 0.9869128, -0.03163621), (0.17707223, 0.98299867, -0.048570063), (-0.1263244, -0.991769, -0.020885639), (0.018071938, -0.9998359, 0.0012901108), (-0.062015977, -0.99806017, -0.0054732533), (0.7082216, -0.70598793, 0.0017316737), (-0.03529191, -0.99913067, 0.022189876), (-0.062015977, -0.99806017, -0.0054732533), (-0.013504123, -0.99963117, 0.023562625), (-0.12599838, -0.9918753, 0.017544003), (-0.03529191, -0.99913067, 0.022189876), (-0.10837747, -0.99410963, 0.0005081646), (0.016406514, -0.9994404, -0.02915147), (-0.035121046, -0.99934614, -0.008590714), (-0.10837747, -0.99410963, 0.0005081646), (-0.035121046, -0.99934614, -0.008590714), (-0.12525162, -0.9918956, 0.021332746), (0.21569832, 0.97582304, 0.035264622), (0.157554, 0.98721236, 0.024260975), (0.1899007, 0.9813259, 0.030614097), (0.1899007, 0.9813259, 0.030614097), (0.24007456, 0.96951425, 0.049054217), (0.21569832, 0.97582304, 0.035264622), (0.21569832, 0.97582304, 0.035264622), (0.24007456, 0.96951425, 0.049054217), (0.21604167, 0.9759481, 0.029179387), (0.23592497, 0.9694373, 0.06731104), (0.21604167, 0.9759481, 0.029179387), (0.26260045, 0.9638576, 0.04493994), (0.21604167, 0.9759481, 0.029179387), (0.23592497, 0.9694373, 0.06731104), (0.20198211, 0.9784507, 0.04286501), (0.2163123, 0.9730744, 0.07959386), (0.23592497, 0.9694373, 0.06731104), (0.2093481, 0.975603, 0.066123165), (0.2093481, 0.975603, 0.066123165), (0.23592497, 0.9694373, 0.06731104), (0.22366409, 0.974265, 0.02796802), (0.17439604, 0.98348796, -0.048348755), (0.19265391, 0.98111874, -0.017041333), (0.16388898, 0.9864461, 0.008024873), (0.17707223, 0.98299867, -0.048570063), (0.18542074, 0.981498, -0.047757775), (0.1584585, 0.98731774, -0.009734529), (-0.08913886, -0.9933668, -0.07264172), (-0.15263152, -0.986854, -0.053129558), (-0.15291744, -0.9859612, -0.06705788), (-0.1263244, -0.991769, -0.020885639), (-0.13979737, -0.99013215, -0.009752706), (-0.13596831, -0.99070823, -0.0031528396), (-0.062015977, -0.99806017, -0.0054732533), (-0.03529191, -0.99913067, 0.022189876), (-0.13377269, -0.9908766, 0.016383462), (-0.03529191, -0.99913067, 0.022189876), (-0.12599838, -0.9918753, 0.017544003), (-0.13377269, -0.9908766, 0.016383462), (-0.12599838, -0.9918753, 0.017544003), (-0.18281128, -0.98298717, -0.0177836), (-0.1645761, -0.9863621, 0.0021147556), (-0.12599838, -0.9918753, 0.017544003), (-0.1645761, -0.9863621, 0.0021147556), (-0.13377269, -0.9908766, 0.016383462), (-0.0963961, -0.9953405, 0.0022769636), (-0.18281128, -0.98298717, -0.0177836), (-0.12599838, -0.9918753, 0.017544003), (-0.17339064, -0.98471963, 0.016217433), (-0.0963961, -0.9953405, 0.0022769636), (-0.10837747, -0.99410963, 0.0005081646), (-0.12525162, -0.9918956, 0.021332746), (-0.17339064, -0.98471963, 0.016217433), (-0.10837747, -0.99410963, 0.0005081646), (0.21604167, 0.9759481, 0.029179387), (0.24007456, 0.96951425, 0.049054217), (0.26260045, 0.9638576, 0.04493994), (0.22366409, 0.974265, 0.02796802), (0.1799348, 0.98331726, 0.026656039), (0.2093481, 0.975603, 0.066123165), (0.1799348, 0.98331726, 0.026656039), (0.18360317, 0.98296374, 0.008504179), (0.16388898, 0.9864461, 0.008024873), (0.17439604, 0.98348796, -0.048348755), (0.21667671, 0.974392, -0.060093854), (0.17707223, 0.98299867, -0.048570063), (0.16388898, 0.9864461, 0.008024873), (0.19600268, 0.98056823, -0.008297359), (0.17439604, 0.98348796, -0.048348755), (0.20207347, 0.9764226, 0.07592815), (0.19704507, 0.97680396, 0.083829224), (0.24007456, 0.96951425, 0.049054217), (0.18542074, 0.981498, -0.047757775), (0.17707223, 0.98299867, -0.048570063), (0.21667671, 0.974392, -0.060093854), (-0.16814208, -0.98379713, -0.062220983), (-0.15447408, -0.98608625, -0.061414927), (-0.15291744, -0.9859612, -0.06705788), (-0.1263244, -0.991769, -0.020885639), (-0.13876165, -0.99022853, -0.013876641), (-0.15263152, -0.986854, -0.053129558), (-0.15088457, -0.9877006, -0.041005906), (-0.15263152, -0.986854, -0.053129558), (-0.13876165, -0.99022853, -0.013876641), (-0.13596831, -0.99070823, -0.0031528396), (-0.13876165, -0.99022853, -0.013876641), (-0.1263244, -0.991769, -0.020885639), (-0.13979737, -0.99013215, -0.009752706), (-0.1263244, -0.991769, -0.020885639), (-0.062015977, -0.99806017, -0.0054732533), (-0.062015977, -0.99806017, -0.0054732533), (-0.13377269, -0.9908766, 0.016383462), (-0.13979737, -0.99013215, -0.009752706), (-0.13377269, -0.9908766, 0.016383462), (-0.13596831, -0.99070823, -0.0031528396), (-0.13979737, -0.99013215, -0.009752706), (-0.13596831, -0.99070823, -0.0031528396), (-0.13377269, -0.9908766, 0.016383462), (-0.10856582, -0.9940653, 0.0069015766), (-0.17339064, -0.98471963, 0.016217433), (-0.18281128, -0.98298717, -0.0177836), (-0.0963961, -0.9953405, 0.0022769636), (-0.13023461, -0.98977757, 0.058131415), (-0.10845115, -0.99410164, -0.0005259502), (-0.17339064, -0.98471963, 0.016217433), (-0.12525162, -0.9918956, 0.021332746), (-0.13023461, -0.98977757, 0.058131415), (-0.17339064, -0.98471963, 0.016217433), (0.24007456, 0.96951425, 0.049054217), (0.23636979, 0.96985495, 0.059251346), (0.26260045, 0.9638576, 0.04493994), (0.26260045, 0.9638576, 0.04493994), (0.2565537, 0.9652017, 0.05065392), (0.23592497, 0.9694373, 0.06731104), (0.23592497, 0.9694373, 0.06731104), (0.2565537, 0.9652017, 0.05065392), (0.22366409, 0.974265, 0.02796802), (0.2565537, 0.9652017, 0.05065392), (0.21073991, 0.97735316, 0.019221235), (0.22366409, 0.974265, 0.02796802), (0.22366409, 0.974265, 0.02796802), (0.21073991, 0.97735316, 0.019221235), (0.16860087, 0.98554283, -0.016706755), (0.22366409, 0.974265, 0.02796802), (0.18360317, 0.98296374, 0.008504179), (0.1799348, 0.98331726, 0.026656039), (0.18360317, 0.98296374, 0.008504179), (0.22366409, 0.974265, 0.02796802), (0.16860087, 0.98554283, -0.016706755), (0.16388898, 0.9864461, 0.008024873), (0.18360317, 0.98296374, 0.008504179), (0.19600268, 0.98056823, -0.008297359), (0.18360317, 0.98296374, 0.008504179), (0.15011528, 0.98856753, 0.014128175), (0.19600268, 0.98056823, -0.008297359), (0.19600268, 0.98056823, -0.008297359), (0.21667671, 0.974392, -0.060093854), (0.17439604, 0.98348796, -0.048348755), (0.14412333, 0.98878825, -0.039068446), (0.21667671, 0.974392, -0.060093854), (0.19600268, 0.98056823, -0.008297359), (0.21667671, 0.974392, -0.060093854), (0.14004722, 0.9861932, -0.088372834), (0.18542074, 0.981498, -0.047757775), (0.14004722, 0.9861932, -0.088372834), (0.21667671, 0.974392, -0.060093854), (0.14412333, 0.98878825, -0.039068446), (0.14004722, 0.9861932, -0.088372834), (0.11802525, 0.9914279, -0.056042515), (0.18542074, 0.981498, -0.047757775), (-0.15263152, -0.986854, -0.053129558), (-0.16814208, -0.98379713, -0.062220983), (-0.15291744, -0.9859612, -0.06705788), (-0.15088457, -0.9877006, -0.041005906), (-0.16814208, -0.98379713, -0.062220983), (-0.15263152, -0.986854, -0.053129558), (-0.13876165, -0.99022853, -0.013876641), (-0.14523678, -0.98932797, -0.01167854), (-0.15088457, -0.9877006, -0.041005906), (-0.1104008, -0.99384844, 0.008772275), (-0.13596831, -0.99070823, -0.0031528396), (-0.10856582, -0.9940653, 0.0069015766), (-0.13876165, -0.99022853, -0.013876641), (-0.13596831, -0.99070823, -0.0031528396), (-0.1104008, -0.99384844, 0.008772275), (-0.10856582, -0.9940653, 0.0069015766), (-0.13377269, -0.9908766, 0.016383462), (-0.1645761, -0.9863621, 0.0021147556), (-0.18281128, -0.98298717, -0.0177836), (-0.10047592, -0.9947201, -0.020891484), (-0.1645761, -0.9863621, 0.0021147556), (-0.10047592, -0.9947201, -0.020891484), (-0.18281128, -0.98298717, -0.0177836), (-0.10845115, -0.99410164, -0.0005259502), (-0.10856582, -0.9940653, 0.0069015766), (-0.1645761, -0.9863621, 0.0021147556), (-0.10047592, -0.9947201, -0.020891484), (-0.18281128, -0.98298717, -0.0177836), (-0.17339064, -0.98471963, 0.016217433), (-0.10845115, -0.99410164, -0.0005259502), (0.19704507, 0.97680396, 0.083829224), (0.20207347, 0.9764226, 0.07592815), (0.14811473, 0.98312676, 0.10734868), (0.23636979, 0.96985495, 0.059251346), (0.24007456, 0.96951425, 0.049054217), (0.19704507, 0.97680396, 0.083829224), (0.14965686, 0.98545665, 0.08048629), (0.23636979, 0.96985495, 0.059251346), (0.19704507, 0.97680396, 0.083829224), (0.26260045, 0.9638576, 0.04493994), (0.23636979, 0.96985495, 0.059251346), (0.2565537, 0.9652017, 0.05065392), (0.2565537, 0.9652017, 0.05065392), (0.15538384, 0.98732835, 0.032228652), (0.21073991, 0.97735316, 0.019221235), (0.15538384, 0.98732835, 0.032228652), (0.2565537, 0.9652017, 0.05065392), (0.23636979, 0.96985495, 0.059251346), (0.15538384, 0.98732835, 0.032228652), (0.10378772, 0.99455255, -0.009664364), (0.21073991, 0.97735316, 0.019221235), (0.12185629, 0.9925239, -0.0068734027), (0.18360317, 0.98296374, 0.008504179), (0.16860087, 0.98554283, -0.016706755), (0.12185629, 0.9925239, -0.0068734027), (0.15011528, 0.98856753, 0.014128175), (0.18360317, 0.98296374, 0.008504179), (0.14412333, 0.98878825, -0.039068446), (0.19600268, 0.98056823, -0.008297359), (0.15011528, 0.98856753, 0.014128175), (0.07307758, 0.9971027, -0.021116257), (0.14412333, 0.98878825, -0.039068446), (0.15011528, 0.98856753, 0.014128175), (0.058583215, 0.99484885, -0.08272754), (0.14004722, 0.9861932, -0.088372834), (0.14412333, 0.98878825, -0.039068446), (-0.15088457, -0.9877006, -0.041005906), (-0.16507894, -0.9857224, -0.033171628), (-0.16814208, -0.98379713, -0.062220983), (-0.16507894, -0.9857224, -0.033171628), (-0.15088457, -0.9877006, -0.041005906), (-0.14523678, -0.98932797, -0.01167854), (-0.10856582, -0.9940653, 0.0069015766), (-0.08300684, -0.99597317, 0.033872567), (-0.1104008, -0.99384844, 0.008772275), (-0.10047592, -0.9947201, -0.020891484), (-0.048483763, -0.9987396, 0.012983122), (-0.10856582, -0.9940653, 0.0069015766), (-0.048483763, -0.9987396, 0.012983122), (-0.10047592, -0.9947201, -0.020891484), (-0.018780814, -0.9997138, -0.014818786), (-0.10845115, -0.99410164, -0.0005259502), (-0.13023461, -0.98977757, 0.058131415), (-0.044633735, -0.9989334, 0.011830285), (0.19704507, 0.97680396, 0.083829224), (0.14811473, 0.98312676, 0.10734868), (0.13484171, 0.9849398, 0.10821875), (0.19704507, 0.97680396, 0.083829224), (0.13484171, 0.9849398, 0.10821875), (0.14965686, 0.98545665, 0.08048629), (0.15538384, 0.98732835, 0.032228652), (0.23636979, 0.96985495, 0.059251346), (0.14965686, 0.98545665, 0.08048629), (0.16860087, 0.98554283, -0.016706755), (0.21073991, 0.97735316, 0.019221235), (0.10378772, 0.99455255, -0.009664364), (0.08449019, 0.9961009, -0.025384838), (0.12185629, 0.9925239, -0.0068734027), (0.16860087, 0.98554283, -0.016706755), (0.06109532, 0.9980304, -0.014237681), (0.12185629, 0.9925239, -0.0068734027), (0.08449019, 0.9961009, -0.025384838), (0.12185629, 0.9925239, -0.0068734027), (0.07307758, 0.9971027, -0.021116257), (0.15011528, 0.98856753, 0.014128175), (0.07307758, 0.9971027, -0.021116257), (0.058583215, 0.99484885, -0.08272754), (0.14412333, 0.98878825, -0.039068446), (-0.12203919, -0.9924298, -0.013765307), (-0.16507894, -0.9857224, -0.033171628), (-0.14523678, -0.98932797, -0.01167854), (-0.14523678, -0.98932797, -0.01167854), (-0.11675123, -0.9928762, 0.023792323), (-0.10943943, -0.9937481, 0.022083797), (-0.11675123, -0.9928762, 0.023792323), (-0.14523678, -0.98932797, -0.01167854), (-0.13876165, -0.99022853, -0.013876641), (-0.11675123, -0.9928762, 0.023792323), (-0.1104008, -0.99384844, 0.008772275), (-0.08300684, -0.99597317, 0.033872567), (-0.17144085, -0.9836833, -0.05454621), (-0.16507894, -0.9857224, -0.033171628), (-0.12203919, -0.9924298, -0.013765307), (-0.16507894, -0.9857224, -0.033171628), (-0.17144085, -0.9836833, -0.05454621), (-0.16814208, -0.98379713, -0.062220983), (-0.11675123, -0.9928762, 0.023792323), (-0.13876165, -0.99022853, -0.013876641), (-0.1104008, -0.99384844, 0.008772275), (-0.044664, -0.99740314, 0.056499742), (-0.08300684, -0.99597317, 0.033872567), (-0.048483763, -0.9987396, 0.012983122), (-0.10856582, -0.9940653, 0.0069015766), (-0.048483763, -0.9987396, 0.012983122), (-0.08300684, -0.99597317, 0.033872567), (-0.018780814, -0.9997138, -0.014818786), (-0.10845115, -0.99410164, -0.0005259502), (-0.044633735, -0.9989334, 0.011830285), (-0.13023461, -0.98977757, 0.058131415), (-0.11438649, -0.992954, 0.030954825), (-0.10116144, -0.9933179, 0.055552512), (-0.10116144, -0.9933179, 0.055552512), (-0.044633735, -0.9989334, 0.011830285), (-0.13023461, -0.98977757, 0.058131415), (0.055273075, 0.9943701, 0.0904046), (0.14965686, 0.98545665, 0.08048629), (0.13484171, 0.9849398, 0.10821875), (0.15538384, 0.98732835, 0.032228652), (0.050358992, 0.9987311, -0.00041889912), (0.10378772, 0.99455255, -0.009664364), (0.10378772, 0.99455255, -0.009664364), (0.08449019, 0.9961009, -0.025384838), (0.16860087, 0.98554283, -0.016706755), (0.03226267, 0.9992921, -0.019352445), (0.06109532, 0.9980304, -0.014237681), (0.08449019, 0.9961009, -0.025384838), (0.12185629, 0.9925239, -0.0068734027), (0.06109532, 0.9980304, -0.014237681), (0.07307758, 0.9971027, -0.021116257), (0.067593776, 0.9944492, -0.08063442), (0.14004722, 0.9861932, -0.088372834), (0.058583215, 0.99484885, -0.08272754), (-0.12203919, -0.9924298, -0.013765307), (-0.09326914, -0.99446344, -0.048407685), (-0.17144085, -0.9836833, -0.05454621), (-0.11675123, -0.9928762, 0.023792323), (-0.07835065, -0.99529386, 0.05701968), (-0.10943943, -0.9937481, 0.022083797), (-0.07835065, -0.99529386, 0.05701968), (-0.11675123, -0.9928762, 0.023792323), (-0.08300684, -0.99597317, 0.033872567), (-0.044633735, -0.9989334, 0.011830285), (-0.10116144, -0.9933179, 0.055552512), (-0.037832197, -0.99924225, 0.009157067), (0.15538384, 0.98732835, 0.032228652), (0.055673786, 0.99783355, 0.035050925), (0.050358992, 0.9987311, -0.00041889912), (0.055673786, 0.99783355, 0.035050925), (0.02378956, 0.99965817, 0.010839019), (0.050358992, 0.9987311, -0.00041889912), (0.060218092, 0.992114, 0.109925024), (0.019627716, 0.9940241, 0.1073817), (0.055273075, 0.9943701, 0.0904046), (0.035101462, 0.9988551, -0.03250228), (0.07307758, 0.9971027, -0.021116257), (0.06109532, 0.9980304, -0.014237681), (0.07307758, 0.9971027, -0.021116257), (0.032878738, 0.99700105, -0.070056975), (0.058583215, 0.99484885, -0.08272754), (0.032878738, 0.99700105, -0.070056975), (0.036884222, 0.9956717, -0.08530733), (0.058583215, 0.99484885, -0.08272754), (0.067593776, 0.9944492, -0.08063442), (0.058583215, 0.99484885, -0.08272754), (0.036884222, 0.9956717, -0.08530733), (-0.07835065, -0.99529386, 0.05701968), (-0.08300684, -0.99597317, 0.033872567), (-0.044664, -0.99740314, 0.056499742), (-0.048483763, -0.9987396, 0.012983122), (-0.018780814, -0.9997138, -0.014818786), (-0.02675228, -0.9994053, 0.02175598), (-0.02675228, -0.9994053, 0.02175598), (-0.044664, -0.99740314, 0.056499742), (-0.048483763, -0.9987396, 0.012983122), (-0.018780814, -0.9997138, -0.014818786), (-0.044633735, -0.9989334, 0.011830285), (-0.010430338, -0.99975276, -0.019639129), (-0.010430338, -0.99975276, -0.019639129), (-0.044633735, -0.9989334, 0.011830285), (-0.037832197, -0.99924225, 0.009157067), (-0.037832197, -0.99924225, 0.009157067), (-0.006937552, -0.99988973, -0.013126634), (-0.010430338, -0.99975276, -0.019639129), (-0.018780814, -0.9997138, -0.014818786), (-0.03160325, -0.9994992, 0.0016355522), (-0.02675228, -0.9994053, 0.02175598), (-0.010430338, -0.99975276, -0.019639129), (-0.03160325, -0.9994992, 0.0016355522), (-0.018780814, -0.9997138, -0.014818786), (0.14965686, 0.98545665, 0.08048629), (0.055673786, 0.99783355, 0.035050925), (0.15538384, 0.98732835, 0.032228652), (0.047674168, 0.99877894, -0.012952869), (0.10378772, 0.99455255, -0.009664364), (0.050358992, 0.9987311, -0.00041889912), (0.050358992, 0.9987311, -0.00041889912), (0.01016104, 0.99982095, -0.015963687), (0.047674168, 0.99877894, -0.012952869), (0.10378772, 0.99455255, -0.009664364), (0.047674168, 0.99877894, -0.012952869), (0.08449019, 0.9961009, -0.025384838), (0.047674168, 0.99877894, -0.012952869), (0.03226267, 0.9992921, -0.019352445), (0.08449019, 0.9961009, -0.025384838), (0.055273075, 0.9943701, 0.0904046), (0.055673786, 0.99783355, 0.035050925), (0.14965686, 0.98545665, 0.08048629), (0.055273075, 0.9943701, 0.0904046), (0.019947076, 0.99783933, 0.06260046), (0.055673786, 0.99783355, 0.035050925), (0.03226267, 0.9992921, -0.019352445), (0.012907621, 0.9997076, -0.020446103), (0.06109532, 0.9980304, -0.014237681), (0.012907621, 0.9997076, -0.020446103), (0.035101462, 0.9988551, -0.03250228), (0.06109532, 0.9980304, -0.014237681), (0.035101462, 0.9988551, -0.03250228), (0.032878738, 0.99700105, -0.070056975), (0.07307758, 0.9971027, -0.021116257), (0.036884222, 0.9956717, -0.08530733), (0.050214108, 0.9968258, -0.06178077), (0.067593776, 0.9944492, -0.08063442), (0.032878738, 0.99700105, -0.070056975), (0.022674648, 0.99681455, -0.07646224), (0.036884222, 0.9956717, -0.08530733), (-0.12203919, -0.9924298, -0.013765307), (-0.14523678, -0.98932797, -0.01167854), (-0.10943943, -0.9937481, 0.022083797), (-0.061550032, -0.9976982, -0.028461242), (-0.09326914, -0.99446344, -0.048407685), (-0.12203919, -0.9924298, -0.013765307), (-0.10943943, -0.9937481, 0.022083797), (-0.07708489, -0.99684453, 0.018944351), (-0.12203919, -0.9924298, -0.013765307), (-0.07835065, -0.99529386, 0.05701968), (-0.07708489, -0.99684453, 0.018944351), (-0.10943943, -0.9937481, 0.022083797), (-0.06620115, -0.9940187, 0.08685677), (-0.07835065, -0.99529386, 0.05701968), (-0.044664, -0.99740314, 0.056499742), (-0.010430338, -0.99975276, -0.019639129), (-0.028999709, -0.99955696, 0.006704828), (-0.03160325, -0.9994992, 0.0016355522), (-0.025703413, -0.9996395, 0.007757672), (-0.006937552, -0.99988973, -0.013126634), (-0.037832197, -0.99924225, 0.009157067), (0.019947076, 0.99783933, 0.06260046), (0.02378956, 0.99965817, 0.010839019), (0.055673786, 0.99783355, 0.035050925), (0.01016104, 0.99982095, -0.015963687), (0.050358992, 0.9987311, -0.00041889912), (0.02378956, 0.99965817, 0.010839019), (0.01016104, 0.99982095, -0.015963687), (0.02378956, 0.99965817, 0.010839019), (0.0021274802, 0.9998166, -0.019033458), (0.03226267, 0.9992921, -0.019352445), (0.047674168, 0.99877894, -0.012952869), (0.01016104, 0.99982095, -0.015963687), (0.019627716, 0.9940241, 0.1073817), (0.019947076, 0.99783933, 0.06260046), (0.055273075, 0.9943701, 0.0904046), (0.013334459, 0.99832964, -0.056214515), (0.035101462, 0.9988551, -0.03250228), (0.012907621, 0.9997076, -0.020446103), (0.035101462, 0.9988551, -0.03250228), (0.013334459, 0.99832964, -0.056214515), (0.032878738, 0.99700105, -0.070056975), (0.022674648, 0.99681455, -0.07646224), (0.032878738, 0.99700105, -0.070056975), (0.013334459, 0.99832964, -0.056214515), (0.027826294, 0.99682033, -0.07466584), (0.036884222, 0.9956717, -0.08530733), (0.022674648, 0.99681455, -0.07646224), (0.022674648, 0.99681455, -0.07646224), (0.019256763, 0.9978973, -0.06188894), (0.027826294, 0.99682033, -0.07466584), (0.022674648, 0.99681455, -0.07646224), (0.013334459, 0.99832964, -0.056214515), (0.019256763, 0.9978973, -0.06188894), (-0.09326914, -0.99446344, -0.048407685), (-0.061550032, -0.9976982, -0.028461242), (-0.041764237, -0.9973204, -0.060065415), (-0.07708489, -0.99684453, 0.018944351), (-0.061550032, -0.9976982, -0.028461242), (-0.12203919, -0.9924298, -0.013765307), (-0.04352381, -0.99888134, -0.01848783), (-0.061550032, -0.9976982, -0.028461242), (-0.07708489, -0.99684453, 0.018944351), (-0.07708489, -0.99684453, 0.018944351), (-0.052953165, -0.9976607, 0.043233193), (-0.04352381, -0.99888134, -0.01848783), (-0.07835065, -0.99529386, 0.05701968), (-0.07365735, -0.9949394, 0.068339065), (-0.07708489, -0.99684453, 0.018944351), (-0.06620115, -0.9940187, 0.08685677), (-0.07365735, -0.9949394, 0.068339065), (-0.07835065, -0.99529386, 0.05701968), (-0.02675228, -0.9994053, 0.02175598), (-0.054846514, -0.997697, 0.03990724), (-0.044664, -0.99740314, 0.056499742), (-0.044664, -0.99740314, 0.056499742), (-0.054846514, -0.997697, 0.03990724), (-0.06620115, -0.9940187, 0.08685677), (-0.03160325, -0.9994992, 0.0016355522), (-0.054846514, -0.997697, 0.03990724), (-0.02675228, -0.9994053, 0.02175598), (-0.054846514, -0.997697, 0.03990724), (-0.03160325, -0.9994992, 0.0016355522), (-0.0556534, -0.99828345, 0.018246902), (-0.028999709, -0.99955696, 0.006704828), (-0.0556534, -0.99828345, 0.018246902), (-0.03160325, -0.9994992, 0.0016355522), (-0.006937552, -0.99988973, -0.013126634), (-0.020789167, -0.9997838, -0.00021714704), (-0.028999709, -0.99955696, 0.006704828), (-0.028999709, -0.99955696, 0.006704828), (-0.010430338, -0.99975276, -0.019639129), (-0.006937552, -0.99988973, -0.013126634), (0.019627716, 0.9940241, 0.1073817), (0.027489288, 0.99633235, 0.08103272), (0.019947076, 0.99783933, 0.06260046), (0.027489288, 0.99633235, 0.08103272), (0.016643627, 0.9993648, 0.031510677), (0.019947076, 0.99783933, 0.06260046), (0.016643627, 0.9993648, 0.031510677), (0.02378956, 0.99965817, 0.010839019), (0.019947076, 0.99783933, 0.06260046), (0.02378956, 0.99965817, 0.010839019), (0.016643627, 0.9993648, 0.031510677), (0.0021274802, 0.9998166, -0.019033458), (0.01016104, 0.99982095, -0.015963687), (-0.0096096005, 0.99991095, -0.009258571), (0.03226267, 0.9992921, -0.019352445), (-0.0096096005, 0.99991095, -0.009258571), (0.012907621, 0.9997076, -0.020446103), (0.03226267, 0.9992921, -0.019352445), (0.012907621, 0.9997076, -0.020446103), (0.007989409, 0.99996793, 0.00056015357), (0.012864964, 0.999302, -0.035069793), (0.012907621, 0.9997076, -0.020446103), (0.012864964, 0.999302, -0.035069793), (0.013334459, 0.99832964, -0.056214515), (0.012864964, 0.999302, -0.035069793), (0.019256763, 0.9978973, -0.06188894), (0.013334459, 0.99832964, -0.056214515), (-0.010551384, -0.99820155, -0.05901195), (-0.061550032, -0.9976982, -0.028461242), (-0.04352381, -0.99888134, -0.01848783), (-0.061550032, -0.9976982, -0.028461242), (-0.010551384, -0.99820155, -0.05901195), (-0.041764237, -0.9973204, -0.060065415), (-0.07365735, -0.9949394, 0.068339065), (-0.052953165, -0.9976607, 0.043233193), (-0.07708489, -0.99684453, 0.018944351), (-0.07365735, -0.9949394, 0.068339065), (-0.06620115, -0.9940187, 0.08685677), (-0.059167355, -0.99540925, 0.07523092), (-0.08292025, -0.99378514, 0.07426496), (-0.059167355, -0.99540925, 0.07523092), (-0.06620115, -0.9940187, 0.08685677), (-0.06620115, -0.9940187, 0.08685677), (-0.054846514, -0.997697, 0.03990724), (-0.08292025, -0.99378514, 0.07426496), (-0.06951737, -0.9963395, 0.04974872), (-0.08292025, -0.99378514, 0.07426496), (-0.054846514, -0.997697, 0.03990724), (-0.0556534, -0.99828345, 0.018246902), (-0.06951737, -0.9963395, 0.04974872), (-0.054846514, -0.997697, 0.03990724), (-0.020789167, -0.9997838, -0.00021714704), (-0.03518039, -0.99863434, 0.03862304), (-0.028999709, -0.99955696, 0.006704828), (-0.025703413, -0.9996395, 0.007757672), (-0.01798761, -0.99968725, -0.01737549), (-0.006937552, -0.99988973, -0.013126634), (-0.01798761, -0.99968725, -0.01737549), (-0.020789167, -0.9997838, -0.00021714704), (-0.006937552, -0.99988973, -0.013126634), (-0.01798761, -0.99968725, -0.01737549), (-0.0233786, -0.99946404, -0.022916479), (-0.020789167, -0.9997838, -0.00021714704), (0.03164848, 0.9926772, 0.11657754), (0.027489288, 0.99633235, 0.08103272), (0.019627716, 0.9940241, 0.1073817), (0.027489288, 0.99633235, 0.08103272), (0.027552918, 0.99535924, 0.092199706), (0.014685524, 0.998678, 0.049261156), (0.027489288, 0.99633235, 0.08103272), (0.014685524, 0.998678, 0.049261156), (0.016643627, 0.9993648, 0.031510677), (0.014685524, 0.998678, 0.049261156), (0.000015927693, 0.99999493, -0.0031593614), (0.016643627, 0.9993648, 0.031510677), (0.016643627, 0.9993648, 0.031510677), (0.000015927693, 0.99999493, -0.0031593614), (0.0021274802, 0.9998166, -0.019033458), (0.0021274802, 0.9998166, -0.019033458), (-0.0059107277, 0.99955845, -0.029122764), (0.01016104, 0.99982095, -0.015963687), (-0.0096096005, 0.99991095, -0.009258571), (0.01016104, 0.99982095, -0.015963687), (-0.0059107277, 0.99955845, -0.029122764), (-0.052953165, -0.9976607, 0.043233193), (-0.059167355, -0.99540925, 0.07523092), (-0.00277514, -0.99831, 0.058047257), (-0.059167355, -0.99540925, 0.07523092), (-0.052953165, -0.9976607, 0.043233193), (-0.07365735, -0.9949394, 0.068339065), (-0.031644985, -0.9977151, 0.05969303), (-0.059167355, -0.99540925, 0.07523092), (-0.08292025, -0.99378514, 0.07426496), (-0.03518039, -0.99863434, 0.03862304), (-0.06951737, -0.9963395, 0.04974872), (-0.0556534, -0.99828345, 0.018246902), (-0.028999709, -0.99955696, 0.006704828), (-0.03518039, -0.99863434, 0.03862304), (-0.0556534, -0.99828345, 0.018246902), (0.04655816, 0.9902163, 0.13154408), (0.06178608, 0.99360627, 0.094493605), (0.040667303, 0.9962642, 0.0761833), (0.038058545, 0.9956491, 0.08505531), (0.032510452, 0.9962582, 0.080079764), (0.040667303, 0.9962642, 0.0761833), (0.050240155, 0.9938531, 0.098651156), (0.038058545, 0.9956491, 0.08505531), (0.06097847, 0.9956898, 0.0698821), (0.038058545, 0.9956491, 0.08505531), (0.040667303, 0.9962642, 0.0761833), (0.06097847, 0.9956898, 0.0698821), (0.038058545, 0.9956491, 0.08505531), (0.050240155, 0.9938531, 0.098651156), (0.03164848, 0.9926772, 0.11657754), (0.050240155, 0.9938531, 0.098651156), (0.027552918, 0.99535924, 0.092199706), (0.03164848, 0.9926772, 0.11657754), (-0.006201884, 0.60533214, 0.79594886), (0.014109782, 0.6757832, 0.7369655), (0.02877872, 0.9795976, 0.19889785), (0.014109782, 0.6757832, 0.7369655), (0.02136339, 0.98029315, 0.19638956), (0.02877872, 0.9795976, 0.19889785), (0.039721083, 0.9841573, 0.17279056), (0.02877872, 0.9795976, 0.19889785), (0.02136339, 0.98029315, 0.19638956), (0.0699169, 0.98668164, 0.14687048), (0.04655816, 0.9902163, 0.13154408), (0.056176234, 0.9840585, 0.16873899), (-0.04213438, 0.006171555, 0.9990929), (0.014109782, 0.6757832, 0.7369655), (-0.006201884, 0.60533214, 0.79594886), (-0.04213438, 0.006171555, 0.9990929), (0.021620227, 0.030818865, 0.99929106), (0.014109782, 0.6757832, 0.7369655), (-0.012325937, -0.05523527, 0.99839723), (-0.031343266, -0.7806792, 0.62414545), (0.050445944, -0.025752528, 0.9983948), (-0.012325937, -0.05523527, 0.99839723), (0.050445944, -0.025752528, 0.9983948), (0.021620227, 0.030818865, 0.99929106), (-0.031343266, -0.7806792, 0.62414545), (0.0041085705, -0.7408969, 0.6716062), (0.050445944, -0.025752528, 0.9983948), (-0.047589507, -0.9971138, -0.059153076), (0.018859982, -0.996855, -0.076969385), (-0.041817974, -0.99039465, -0.13179459), (0.0027945843, -0.99905986, -0.04326091), (0.004205958, -0.99961674, -0.02736315), (-0.04414589, -0.99802446, -0.044702142), (0.004205958, -0.99961674, -0.02736315), (-0.047589507, -0.9971138, -0.059153076), (-0.04414589, -0.99802446, -0.044702142), (0.0027945843, -0.99905986, -0.04326091), (-0.010551384, -0.99820155, -0.05901195), (0.04008087, -0.9978091, -0.052635778), (0.04008087, -0.9978091, -0.052635778), (0.027572142, -0.99953145, -0.013290919), (0.0027945843, -0.99905986, -0.04326091), (0.0041085705, -0.7408969, 0.6716062), (-0.031343266, -0.7806792, 0.62414545), (-0.013472769, -0.9938484, -0.109927006), (0.0027442356, -0.998119, -0.061245963), (0.0041085705, -0.7408969, 0.6716062), (-0.013472769, -0.9938484, -0.109927006), (-0.013472769, -0.9938484, -0.109927006), (-0.021598049, -0.98682064, -0.16036975), (0.0027442356, -0.998119, -0.061245963), (0.01963647, -0.98336196, -0.18059196), (-0.021598049, -0.98682064, -0.16036975), (0.004353517, -0.98555964, -0.16927272), (0.0699169, 0.98668164, 0.14687048), (0.056176234, 0.9840585, 0.16873899), (0.06519777, 0.97936726, 0.1912822), (0.04655816, 0.9902163, 0.13154408), (0.0699169, 0.98668164, 0.14687048), (0.06178608, 0.99360627, 0.094493605), (0.06178608, 0.99360627, 0.094493605), (0.0699169, 0.98668164, 0.14687048), (0.045334492, 0.9938935, 0.10060053), (0.040667303, 0.9962642, 0.0761833), (0.06178608, 0.99360627, 0.094493605), (0.06097847, 0.9956898, 0.0698821), (0.050240155, 0.9938531, 0.098651156), (0.020093925, 0.997234, 0.07155789), (0.027552918, 0.99535924, 0.092199706), (0.02136339, 0.98029315, 0.19638956), (0.03341844, 0.63241965, 0.77390474), (0.031195097, 0.97140634, 0.23536484), (0.06519777, 0.97936726, 0.1912822), (0.056176234, 0.9840585, 0.16873899), (0.039721083, 0.9841573, 0.17279056), (0.021620227, 0.030818865, 0.99929106), (0.03341844, 0.63241965, 0.77390474), (0.014109782, 0.6757832, 0.7369655), (0.023329696, -0.99101204, -0.13172302), (-0.041817974, -0.99039465, -0.13179459), (0.018859982, -0.996855, -0.076969385), (0.018859982, -0.996855, -0.076969385), (-0.047589507, -0.9971138, -0.059153076), (0.004205958, -0.99961674, -0.02736315), (0.004205958, -0.99961674, -0.02736315), (0.0027945843, -0.99905986, -0.04326091), (0.027572142, -0.99953145, -0.013290919), (0.0041085705, -0.7408969, 0.6716062), (0.030253885, -0.035407566, 0.9989149), (0.050445944, -0.025752528, 0.9983948), (-0.021598049, -0.98682064, -0.16036975), (0.01963647, -0.98336196, -0.18059196), (0.0027442356, -0.998119, -0.061245963), (0.004353517, -0.98555964, -0.16927272), (0.021234727, -0.9835753, -0.17924534), (0.01963647, -0.98336196, -0.18059196), (0.004353517, -0.98555964, -0.16927272), (0.023329696, -0.99101204, -0.13172302), (0.021234727, -0.9835753, -0.17924534), (-0.041817974, -0.99039465, -0.13179459), (0.023329696, -0.99101204, -0.13172302), (0.004353517, -0.98555964, -0.16927272), (0.0699169, 0.98668164, 0.14687048), (0.05823608, 0.98638713, 0.1537821), (0.045334492, 0.9938935, 0.10060053), (0.06178608, 0.99360627, 0.094493605), (0.048797213, 0.99608535, 0.07370797), (0.06097847, 0.9956898, 0.0698821), (0.040113796, 0.99647117, 0.07372976), (0.06097847, 0.9956898, 0.0698821), (0.048797213, 0.99608535, 0.07370797), (0.06178608, 0.99360627, 0.094493605), (0.045334492, 0.9938935, 0.10060053), (0.048797213, 0.99608535, 0.07370797), (0.06097847, 0.9956898, 0.0698821), (0.040113796, 0.99647117, 0.07372976), (0.050240155, 0.9938531, 0.098651156), (0.050240155, 0.9938531, 0.098651156), (0.040113796, 0.99647117, 0.07372976), (0.020093925, 0.997234, 0.07155789), (0.03341844, 0.63241965, 0.77390474), (0.02136339, 0.98029315, 0.19638956), (0.014109782, 0.6757832, 0.7369655), (0.046672035, 0.97862625, 0.20028098), (0.039721083, 0.9841573, 0.17279056), (0.02136339, 0.98029315, 0.19638956), (0.039721083, 0.9841573, 0.17279056), (0.046672035, 0.97862625, 0.20028098), (0.06519777, 0.97936726, 0.1912822), (0.021620227, 0.030818865, 0.99929106), (0.038162686, 0.030807953, 0.99879646), (0.03341844, 0.63241965, 0.77390474), (0.050445944, -0.025752528, 0.9983948), (0.038162686, 0.030807953, 0.99879646), (0.021620227, 0.030818865, 0.99929106), (0.038162686, 0.030807953, 0.99879646), (0.050445944, -0.025752528, 0.9983948), (0.030253885, -0.035407566, 0.9989149), (0.018859982, -0.996855, -0.076969385), (0.028954467, -0.9957528, -0.08739669), (0.023329696, -0.99101204, -0.13172302), (0.018859982, -0.996855, -0.076969385), (0.004205958, -0.99961674, -0.02736315), (0.022691527, -0.99906147, -0.036896672), (0.004205958, -0.99961674, -0.02736315), (0.027572142, -0.99953145, -0.013290919), (0.022691527, -0.99906147, -0.036896672), (0.027572142, -0.99953145, -0.013290919), (0.04008087, -0.9978091, -0.052635778), (0.017720401, -0.99978757, -0.010535505), (0.036887474, -0.99731046, -0.06333374), (0.017720401, -0.99978757, -0.010535505), (0.04008087, -0.9978091, -0.052635778), (0.017720401, -0.99978757, -0.010535505), (0.036887474, -0.99731046, -0.06333374), (-0.0017709004, -0.999687, -0.024955481), (0.030253885, -0.035407566, 0.9989149), (0.0041085705, -0.7408969, 0.6716062), (-0.002934086, -0.6907284, 0.72310823), (0.0041085705, -0.7408969, 0.6716062), (0.0027442356, -0.998119, -0.061245963), (-0.002934086, -0.6907284, 0.72310823), (0.0008992803, -0.9985458, -0.053903203), (-0.002934086, -0.6907284, 0.72310823), (0.0027442356, -0.998119, -0.061245963), (0.01963647, -0.98336196, -0.18059196), (0.0008992803, -0.9985458, -0.053903203), (0.0027442356, -0.998119, -0.061245963), (0.05823608, 0.98638713, 0.1537821), (0.0699169, 0.98668164, 0.14687048), (0.06519777, 0.97936726, 0.1912822), (0.0261939, 0.99674153, 0.07628903), (0.048797213, 0.99608535, 0.07370797), (0.045334492, 0.9938935, 0.10060053), (0.031195097, 0.97140634, 0.23536484), (0.031619594, 0.58089066, 0.8133672), (0.09080516, 0.96189535, 0.25789875), (0.02136339, 0.98029315, 0.19638956), (0.031195097, 0.97140634, 0.23536484), (0.046672035, 0.97862625, 0.20028098), (0.031195097, 0.97140634, 0.23536484), (0.09080516, 0.96189535, 0.25789875), (0.07024355, 0.97209954, 0.22380382), (0.046672035, 0.97862625, 0.20028098), (0.031195097, 0.97140634, 0.23536484), (0.07024355, 0.97209954, 0.22380382), (0.07024355, 0.97209954, 0.22380382), (0.06940188, 0.974987, 0.21114889), (0.046672035, 0.97862625, 0.20028098), (0.06519777, 0.97936726, 0.1912822), (0.046672035, 0.97862625, 0.20028098), (0.06940188, 0.974987, 0.21114889), (0.05823608, 0.98638713, 0.1537821), (0.06519777, 0.97936726, 0.1912822), (0.06940188, 0.974987, 0.21114889), (0.030253885, -0.035407566, 0.9989149), (0.0039949575, 0.011846368, 0.99992186), (0.038162686, 0.030807953, 0.99879646), (0.02214746, -0.9901966, -0.13791332), (0.023329696, -0.99101204, -0.13172302), (0.028954467, -0.9957528, -0.08739669), (0.018859982, -0.996855, -0.076969385), (0.022691527, -0.99906147, -0.036896672), (0.028954467, -0.9957528, -0.08739669), (0.022691527, -0.99906147, -0.036896672), (0.027572142, -0.99953145, -0.013290919), (0.017720401, -0.99978757, -0.010535505), (-0.0071928794, -0.11280867, 0.99359065), (-0.002934086, -0.6907284, 0.72310823), (-0.012941222, -0.8191304, 0.57346135), (-0.012941222, -0.8191304, 0.57346135), (-0.002934086, -0.6907284, 0.72310823), (0.0008992803, -0.9985458, -0.053903203), (0.021234727, -0.9835753, -0.17924534), (0.0098376535, -0.98470145, -0.17397204), (0.01963647, -0.98336196, -0.18059196), (0.021234727, -0.9835753, -0.17924534), (0.02214746, -0.9901966, -0.13791332), (0.0098376535, -0.98470145, -0.17397204), (0.023329696, -0.99101204, -0.13172302), (0.02214746, -0.9901966, -0.13791332), (0.021234727, -0.9835753, -0.17924534), (0.06940188, 0.974987, 0.21114889), (0.038520258, 0.9881398, 0.14864667), (0.05823608, 0.98638713, 0.1537821), (0.05823608, 0.98638713, 0.1537821), (0.024709761, 0.99467975, 0.10000811), (0.045334492, 0.9938935, 0.10060053), (0.045334492, 0.9938935, 0.10060053), (0.024709761, 0.99467975, 0.10000811), (0.0261939, 0.99674153, 0.07628903), (0.048797213, 0.99608535, 0.07370797), (0.0261939, 0.99674153, 0.07628903), (0.040113796, 0.99647117, 0.07372976), (0.0261939, 0.99674153, 0.07628903), (0.0024093736, 0.9984378, 0.05582083), (0.040113796, 0.99647117, 0.07372976), (0.040113796, 0.99647117, 0.07372976), (0.0011520359, 0.99900985, 0.04447407), (0.020093925, 0.997234, 0.07155789), (0.020093925, 0.997234, 0.07155789), (0.0011520359, 0.99900985, 0.04447407), (-0.01851425, 0.99933654, 0.03136382), (0.03341844, 0.63241965, 0.77390474), (0.031619594, 0.58089066, 0.8133672), (0.031195097, 0.97140634, 0.23536484), (0.07024355, 0.97209954, 0.22380382), (0.067911014, 0.9763162, 0.20541358), (0.06940188, 0.974987, 0.21114889), (0.038162686, 0.030807953, 0.99879646), (0.031619594, 0.58089066, 0.8133672), (0.03341844, 0.63241965, 0.77390474), (0.0039949575, 0.011846368, 0.99992186), (0.031619594, 0.58089066, 0.8133672), (0.038162686, 0.030807953, 0.99879646), (0.030253885, -0.035407566, 0.9989149), (-0.0071928794, -0.11280867, 0.99359065), (0.0039949575, 0.011846368, 0.99992186), (-0.0071928794, -0.11280867, 0.99359065), (0.030253885, -0.035407566, 0.9989149), (-0.002934086, -0.6907284, 0.72310823), (0.0039949575, 0.011846368, 0.99992186), (-0.0071928794, -0.11280867, 0.99359065), (-0.012598226, 0.01987528, 0.99972296), (0.028954467, -0.9957528, -0.08739669), (0.02095896, -0.9978387, -0.062280044), (0.024418958, -0.99563074, -0.09012833), (0.011286955, -0.9996231, -0.025022762), (0.022691527, -0.99906147, -0.036896672), (0.017720401, -0.99978757, -0.010535505), (-0.0017709004, -0.999687, -0.024955481), (0.011286955, -0.9996231, -0.025022762), (0.017720401, -0.99978757, -0.010535505), (-0.01736972, -0.99637973, -0.083219804), (-0.012941222, -0.8191304, 0.57346135), (0.0008992803, -0.9985458, -0.053903203), (-0.01736972, -0.99637973, -0.083219804), (0.0008992803, -0.9985458, -0.053903203), (0.0098376535, -0.98470145, -0.17397204), (0.01963647, -0.98336196, -0.18059196), (0.0098376535, -0.98470145, -0.17397204), (0.0008992803, -0.9985458, -0.053903203), (0.0165439, -0.98604465, -0.16565715), (0.0098376535, -0.98470145, -0.17397204), (0.02214746, -0.9901966, -0.13791332), (0.038520258, 0.9881398, 0.14864667), (0.024709761, 0.99467975, 0.10000811), (0.05823608, 0.98638713, 0.1537821), (0.024709761, 0.99467975, 0.10000811), (0.038520258, 0.9881398, 0.14864667), (0.020204542, 0.9930612, 0.1158493), (0.024709761, 0.99467975, 0.10000811), (0.0044839783, 0.99787223, 0.06504461), (0.0261939, 0.99674153, 0.07628903), (0.0024093736, 0.9984378, 0.05582083), (0.0261939, 0.99674153, 0.07628903), (0.0044839783, 0.99787223, 0.06504461), (0.040113796, 0.99647117, 0.07372976), (0.0024093736, 0.9984378, 0.05582083), (0.0011520359, 0.99900985, 0.04447407), (0.048115328, 0.6246854, 0.77939266), (0.09080516, 0.96189535, 0.25789875), (0.031619594, 0.58089066, 0.8133672), (0.09080516, 0.96189535, 0.25789875), (0.08173303, 0.9754523, 0.2044811), (0.07024355, 0.97209954, 0.22380382), (0.07024355, 0.97209954, 0.22380382), (0.08173303, 0.9754523, 0.2044811), (0.067911014, 0.9763162, 0.20541358), (0.0039949575, 0.011846368, 0.99992186), (-0.012598226, 0.01987528, 0.99972296), (0.031619594, 0.58089066, 0.8133672), (-0.0071928794, -0.11280867, 0.99359065), (-0.005768937, -0.048890453, 0.99878746), (-0.012598226, 0.01987528, 0.99972296), (0.024418958, -0.99563074, -0.09012833), (0.02095896, -0.9978387, -0.062280044), (0.03667755, -0.99767953, -0.057360508), (0.02095896, -0.9978387, -0.062280044), (0.028954467, -0.9957528, -0.08739669), (0.022691527, -0.99906147, -0.036896672), (0.022691527, -0.99906147, -0.036896672), (0.011286955, -0.9996231, -0.025022762), (0.02095896, -0.9978387, -0.062280044), (0.011286955, -0.9996231, -0.025022762), (0.03667755, -0.99767953, -0.057360508), (0.02095896, -0.9978387, -0.062280044), (0.004851044, -0.9997942, -0.019698547), (0.011286955, -0.9996231, -0.025022762), (-0.0017709004, -0.999687, -0.024955481), (-0.0071928794, -0.11280867, 0.99359065), (-0.012941222, -0.8191304, 0.57346135), (-0.016681207, -0.7430477, 0.66903055), (-0.012941222, -0.8191304, 0.57346135), (-0.01736972, -0.99637973, -0.083219804), (-0.016681207, -0.7430477, 0.66903055), (0.0165439, -0.98604465, -0.16565715), (-0.01736972, -0.99637973, -0.083219804), (0.0098376535, -0.98470145, -0.17397204), (0.02214746, -0.9901966, -0.13791332), (0.007836406, -0.99152845, -0.12965252), (0.0165439, -0.98604465, -0.16565715), (0.007836406, -0.99152845, -0.12965252), (-0.03140968, -0.98906904, -0.14406854), (0.0165439, -0.98604465, -0.16565715), (0.02214746, -0.9901966, -0.13791332), (0.028954467, -0.9957528, -0.08739669), (0.024418958, -0.99563074, -0.09012833), (0.08173303, 0.9754523, 0.2044811), (0.035528, 0.98799515, 0.15034407), (0.067911014, 0.9763162, 0.20541358), (0.067911014, 0.9763162, 0.20541358), (0.038520258, 0.9881398, 0.14864667), (0.06940188, 0.974987, 0.21114889), (0.038520258, 0.9881398, 0.14864667), (0.035528, 0.98799515, 0.15034407), (0.020204542, 0.9930612, 0.1158493), (0.038520258, 0.9881398, 0.14864667), (0.067911014, 0.9763162, 0.20541358), (0.035528, 0.98799515, 0.15034407), (0.024709761, 0.99467975, 0.10000811), (0.012238782, 0.99660504, 0.0814163), (0.0044839783, 0.99787223, 0.06504461), (0.012238782, 0.99660504, 0.0814163), (0.024709761, 0.99467975, 0.10000811), (0.020204542, 0.9930612, 0.1158493), (0.0044839783, 0.99787223, 0.06504461), (-0.009607534, 0.9990478, 0.042558886), (0.0024093736, 0.9984378, 0.05582083), (0.0024093736, 0.9984378, 0.05582083), (-0.013976403, 0.99945354, 0.02995249), (0.0011520359, 0.99900985, 0.04447407), (0.048115328, 0.6246854, 0.77939266), (0.081564255, 0.97045857, 0.22706252), (0.09080516, 0.96189535, 0.25789875), (-0.012598226, 0.01987528, 0.99972296), (0.048115328, 0.6246854, 0.77939266), (0.031619594, 0.58089066, 0.8133672), (0.024418958, -0.99563074, -0.09012833), (0.030282807, -0.9976258, -0.061852463), (0.007836406, -0.99152845, -0.12965252), (0.03667755, -0.99767953, -0.057360508), (0.030282807, -0.9976258, -0.061852463), (0.024418958, -0.99563074, -0.09012833), (0.03667755, -0.99767953, -0.057360508), (0.011286955, -0.9996231, -0.025022762), (0.05409202, -0.9980107, -0.032383796), (0.004851044, -0.9997942, -0.019698547), (0.05409202, -0.9980107, -0.032383796), (0.011286955, -0.9996231, -0.025022762), (0.004851044, -0.9997942, -0.019698547), (0.05190936, -0.9986389, -0.005070525), (0.05409202, -0.9980107, -0.032383796), (-0.01736972, -0.99637973, -0.083219804), (-0.043644235, -0.9975014, -0.055552408), (-0.016681207, -0.7430477, 0.66903055), (-0.043644235, -0.9975014, -0.055552408), (-0.01736972, -0.99637973, -0.083219804), (-0.03140968, -0.98906904, -0.14406854), (-0.01736972, -0.99637973, -0.083219804), (0.0165439, -0.98604465, -0.16565715), (-0.03140968, -0.98906904, -0.14406854), (0.024418958, -0.99563074, -0.09012833), (0.007836406, -0.99152845, -0.12965252), (0.02214746, -0.9901966, -0.13791332), (0.035528, 0.98799515, 0.15034407), (0.08173303, 0.9754523, 0.2044811), (0.045875207, 0.987241, 0.15248175), (0.045875207, 0.987241, 0.15248175), (0.028036235, 0.99275404, 0.11684745), (0.035528, 0.98799515, 0.15034407), (0.012238782, 0.99660504, 0.0814163), (0.020204542, 0.9930612, 0.1158493), (0.012641907, 0.9966266, 0.08108941), (0.012238782, 0.99660504, 0.0814163), (-0.0029287033, 0.99869114, 0.051063582), (0.0044839783, 0.99787223, 0.06504461), (-0.009607534, 0.9990478, 0.042558886), (0.0044839783, 0.99787223, 0.06504461), (-0.0029287033, 0.99869114, 0.051063582), (-0.013976403, 0.99945354, 0.02995249), (0.0024093736, 0.9984378, 0.05582083), (-0.009607534, 0.9990478, 0.042558886), (-0.006321811, 0.99950737, 0.030743774), (-0.00983173, 0.9996635, 0.024005078), (-0.013976403, 0.99945354, 0.02995249), (0.048115328, 0.6246854, 0.77939266), (0.03433821, 0.6802763, 0.732151), (0.081564255, 0.97045857, 0.22706252), (0.081564255, 0.97045857, 0.22706252), (0.08173303, 0.9754523, 0.2044811), (0.09080516, 0.96189535, 0.25789875), (-0.016681207, -0.7430477, 0.66903055), (-0.005768937, -0.048890453, 0.99878746), (-0.0071928794, -0.11280867, 0.99359065), (-0.005768937, -0.048890453, 0.99878746), (0.0017346382, 0.05360744, 0.99856067), (-0.012598226, 0.01987528, 0.99972296), (-0.005768937, -0.048890453, 0.99878746), (-0.012483546, -0.7468904, 0.66482997), (0.009113567, -0.034207813, 0.9993732), (0.009113567, -0.034207813, 0.9993732), (0.0017346382, 0.05360744, 0.99856067), (-0.005768937, -0.048890453, 0.99878746), (0.030282807, -0.9976258, -0.061852463), (0.06545317, -0.9961843, -0.057729617), (0.048818696, -0.9982867, -0.032254238), (0.03667755, -0.99767953, -0.057360508), (0.05409202, -0.9980107, -0.032383796), (0.06545317, -0.9961843, -0.057729617), (-0.012483546, -0.7468904, 0.66482997), (-0.005768937, -0.048890453, 0.99878746), (-0.016681207, -0.7430477, 0.66903055), (0.007836406, -0.99152845, -0.12965252), (-0.033250924, -0.9942276, -0.10200931), (-0.03140968, -0.98906904, -0.14406854), (0.020204542, 0.9930612, 0.1158493), (0.035528, 0.98799515, 0.15034407), (0.028036235, 0.99275404, 0.11684745), (0.028036235, 0.99275404, 0.11684745), (0.012641907, 0.9966266, 0.08108941), (0.020204542, 0.9930612, 0.1158493), (-0.013976403, 0.99945354, 0.02995249), (-0.009607534, 0.9990478, 0.042558886), (-0.006321811, 0.99950737, 0.030743774), (0.0017346382, 0.05360744, 0.99856067), (0.048115328, 0.6246854, 0.77939266), (-0.012598226, 0.01987528, 0.99972296), (0.048115328, 0.6246854, 0.77939266), (0.0017346382, 0.05360744, 0.99856067), (0.03433821, 0.6802763, 0.732151), (0.030282807, -0.9976258, -0.061852463), (-0.033250924, -0.9942276, -0.10200931), (0.007836406, -0.99152845, -0.12965252), (-0.026377816, -0.9971886, -0.07013748), (-0.033250924, -0.9942276, -0.10200931), (0.0027257134, -0.99994683, -0.009944625), (0.030282807, -0.9976258, -0.061852463), (0.0027257134, -0.99994683, -0.009944625), (-0.033250924, -0.9942276, -0.10200931), (0.06545317, -0.9961843, -0.057729617), (0.030282807, -0.9976258, -0.061852463), (0.03667755, -0.99767953, -0.057360508), (0.05190936, -0.9986389, -0.005070525), (0.07490579, -0.9971757, 0.005448646), (0.05409202, -0.9980107, -0.032383796), (0.05190936, -0.9986389, -0.005070525), (0.071554266, -0.9974367, 0.00025882383), (0.07490579, -0.9971757, 0.005448646), (0.009113567, -0.034207813, 0.9993732), (-0.012483546, -0.7468904, 0.66482997), (-0.0034150586, -0.7623691, 0.6471335), (-0.016681207, -0.7430477, 0.66903055), (-0.043644235, -0.9975014, -0.055552408), (-0.012483546, -0.7468904, 0.66482997), (-0.04653117, -0.9963, -0.07225811), (-0.043644235, -0.9975014, -0.055552408), (-0.060872883, -0.9907079, -0.12162405), (-0.060872883, -0.9907079, -0.12162405), (-0.043644235, -0.9975014, -0.055552408), (-0.03140968, -0.98906904, -0.14406854), (0.045875207, 0.987241, 0.15248175), (0.03421886, 0.990759, 0.1312461), (0.028036235, 0.99275404, 0.11684745), (0.028036235, 0.99275404, 0.11684745), (0.019293914, 0.9969619, 0.07546282), (0.012641907, 0.9966266, 0.08108941), (0.012641907, 0.9966266, 0.08108941), (-0.0029287033, 0.99869114, 0.051063582), (0.012238782, 0.99660504, 0.0814163), (-0.0029287033, 0.99869114, 0.051063582), (0.012641907, 0.9966266, 0.08108941), (0.004067291, 0.99875224, 0.049774654), (0.004067291, 0.99875224, 0.049774654), (0.0035721895, 0.99900115, 0.044541094), (-0.0029287033, 0.99869114, 0.051063582), (-0.009607534, 0.9990478, 0.042558886), (-0.0029287033, 0.99869114, 0.051063582), (-0.0019024962, 0.99931085, 0.037073143), (-0.0019024962, 0.99931085, 0.037073143), (-0.0029287033, 0.99869114, 0.051063582), (0.0035721895, 0.99900115, 0.044541094), (-0.009607534, 0.9990478, 0.042558886), (-0.0019024962, 0.99931085, 0.037073143), (-0.006321811, 0.99950737, 0.030743774), (0.045875207, 0.987241, 0.15248175), (0.08173303, 0.9754523, 0.2044811), (0.081564255, 0.97045857, 0.22706252), (0.081564255, 0.97045857, 0.22706252), (0.038211208, 0.98111176, 0.1896301), (0.045875207, 0.987241, 0.15248175), (0.0017346382, 0.05360744, 0.99856067), (0.010297309, 0.11976799, 0.9927485), (0.03433821, 0.6802763, 0.732151), (0.009113567, -0.034207813, 0.9993732), (0.010297309, 0.11976799, 0.9927485), (0.0017346382, 0.05360744, 0.99856067), (0.06545317, -0.9961843, -0.057729617), (0.062236525, -0.99724454, -0.04037302), (0.048818696, -0.9982867, -0.032254238), (0.064678736, -0.9977729, -0.016306007), (0.05409202, -0.9980107, -0.032383796), (0.07490579, -0.9971757, 0.005448646), (0.06545317, -0.9961843, -0.057729617), (0.05409202, -0.9980107, -0.032383796), (0.062236525, -0.99724454, -0.04037302), (-0.0028277256, -0.7932186, 0.6089305), (-0.0021727667, -0.07582133, 0.997119), (-0.0034150586, -0.7623691, 0.6471335), (-0.0034150586, -0.7623691, 0.6471335), (-0.012483546, -0.7468904, 0.66482997), (-0.04653117, -0.9963, -0.07225811), (-0.043644235, -0.9975014, -0.055552408), (-0.04653117, -0.9963, -0.07225811), (-0.012483546, -0.7468904, 0.66482997), (-0.014289859, -0.99350446, -0.11289148), (-0.04653117, -0.9963, -0.07225811), (-0.060872883, -0.9907079, -0.12162405), (-0.033250924, -0.9942276, -0.10200931), (-0.060872883, -0.9907079, -0.12162405), (-0.03140968, -0.98906904, -0.14406854), (-0.026377816, -0.9971886, -0.07013748), (-0.060872883, -0.9907079, -0.12162405), (-0.033250924, -0.9942276, -0.10200931), (0.0027257134, -0.99994683, -0.009944625), (0.030282807, -0.9976258, -0.061852463), (0.048818696, -0.9982867, -0.032254238), (0.021754446, 0.98874575, 0.14801565), (0.03421886, 0.990759, 0.1312461), (0.038211208, 0.98111176, 0.1896301), (0.045875207, 0.987241, 0.15248175), (0.038211208, 0.98111176, 0.1896301), (0.03421886, 0.990759, 0.1312461), (0.034595598, 0.9936911, 0.10668337), (0.028036235, 0.99275404, 0.11684745), (0.03421886, 0.990759, 0.1312461), (0.032455355, 0.9973942, 0.06443163), (0.019293914, 0.9969619, 0.07546282), (0.034595598, 0.9936911, 0.10668337), (0.004067291, 0.99875224, 0.049774654), (0.012641907, 0.9966266, 0.08108941), (0.019293914, 0.9969619, 0.07546282), (-0.0019024962, 0.99931085, 0.037073143), (-0.013814829, 0.9997041, 0.020021012), (-0.006321811, 0.99950737, 0.030743774), (0.039921958, 0.71531516, 0.6976606), (0.03433821, 0.6802763, 0.732151), (0.010297309, 0.11976799, 0.9927485), (0.038211208, 0.98111176, 0.1896301), (0.03433821, 0.6802763, 0.732151), (0.039921958, 0.71531516, 0.6976606), (0.03433821, 0.6802763, 0.732151), (0.038211208, 0.98111176, 0.1896301), (0.081564255, 0.97045857, 0.22706252), (0.039921958, 0.71531516, 0.6976606), (0.010297309, 0.11976799, 0.9927485), (0.017245399, 0.062785365, 0.9978781), (0.009113567, -0.034207813, 0.9993732), (0.017245399, 0.062785365, 0.9978781), (0.010297309, 0.11976799, 0.9927485), (0.05409202, -0.9980107, -0.032383796), (0.064678736, -0.9977729, -0.016306007), (0.062236525, -0.99724454, -0.04037302), (-0.0034150586, -0.7623691, 0.6471335), (-0.0021727667, -0.07582133, 0.997119), (0.009113567, -0.034207813, 0.9993732), (-0.0021727667, -0.07582133, 0.997119), (0.017245399, 0.062785365, 0.9978781), (0.009113567, -0.034207813, 0.9993732), (-0.04653117, -0.9963, -0.07225811), (-0.014289859, -0.99350446, -0.11289148), (-0.0034150586, -0.7623691, 0.6471335), (-0.014289859, -0.99350446, -0.11289148), (-0.0028277256, -0.7932186, 0.6089305), (-0.0034150586, -0.7623691, 0.6471335), (0.062236525, -0.99724454, -0.04037302), (0.013430299, -0.9999026, -0.0037920147), (0.048818696, -0.9982867, -0.032254238), (0.064678736, -0.9977729, -0.016306007), (0.02845493, -0.99939334, -0.020079156), (0.062236525, -0.99724454, -0.04037302), (0.021754446, 0.98874575, 0.14801565), (0.034595598, 0.9936911, 0.10668337), (0.03421886, 0.990759, 0.1312461), (0.034595598, 0.9936911, 0.10668337), (0.019293914, 0.9969619, 0.07546282), (0.028036235, 0.99275404, 0.11684745), (0.019293914, 0.9969619, 0.07546282), (0.016131831, 0.99900544, 0.041567586), (0.004067291, 0.99875224, 0.049774654), (0.016131831, 0.99900544, 0.041567586), (0.019293914, 0.9969619, 0.07546282), (0.032455355, 0.9973942, 0.06443163), (0.016131831, 0.99900544, 0.041567586), (0.0035721895, 0.99900115, 0.044541094), (0.004067291, 0.99875224, 0.049774654), (-0.013814829, 0.9997041, 0.020021012), (-0.012936849, 0.9997937, 0.015659312), (-0.006321811, 0.99950737, 0.030743774), (0.023135612, 0.6510301, 0.7586993), (0.039921958, 0.71531516, 0.6976606), (0.017245399, 0.062785365, 0.9978781), (0.009493861, 0.9799818, 0.19886109), (0.039921958, 0.71531516, 0.6976606), (0.023135612, 0.6510301, 0.7586993), (0.039921958, 0.71531516, 0.6976606), (0.009493861, 0.9799818, 0.19886109), (0.038211208, 0.98111176, 0.1896301), (0.03673376, -0.9992307, -0.013738187), (0.064678736, -0.9977729, -0.016306007), (0.04114896, -0.9991432, -0.0044393903), (-0.02448329, -0.99157465, -0.12720245), (-0.014289859, -0.99350446, -0.11289148), (-0.060872883, -0.9907079, -0.12162405), (-0.02448329, -0.99157465, -0.12720245), (-0.010879737, -0.99083954, -0.13460515), (-0.014289859, -0.99350446, -0.11289148), (-0.026377816, -0.9971886, -0.07013748), (-0.02448329, -0.99157465, -0.12720245), (-0.060872883, -0.9907079, -0.12162405), (0.0027257134, -0.99994683, -0.009944625), (-0.017049862, -0.99985445, -0.0006609166), (-0.026377816, -0.9971886, -0.07013748), (0.0027257134, -0.99994683, -0.009944625), (0.048818696, -0.9982867, -0.032254238), (0.013430299, -0.9999026, -0.0037920147), (0.013430299, -0.9999026, -0.0037920147), (0.062236525, -0.99724454, -0.04037302), (0.02845493, -0.99939334, -0.020079156), (0.02845493, -0.99939334, -0.020079156), (-0.027348328, -0.9992474, 0.027511753), (0.013430299, -0.9999026, -0.0037920147), (0.013430299, -0.9999026, -0.0037920147), (-0.027348328, -0.9992474, 0.027511753), (-0.017049862, -0.99985445, -0.0006609166), (0.064678736, -0.9977729, -0.016306007), (0.03673376, -0.9992307, -0.013738187), (0.02845493, -0.99939334, -0.020079156), (0.021754446, 0.98874575, 0.14801565), (0.0291478, 0.99199355, 0.12287837), (0.034595598, 0.9936911, 0.10668337), (0.032455355, 0.9973942, 0.06443163), (0.020668698, 0.9995237, 0.022916129), (0.016131831, 0.99900544, 0.041567586), (0.0035721895, 0.99900115, 0.044541094), (0.016131831, 0.99900544, 0.041567586), (-0.0097284, 0.9997182, 0.021652214), (0.0035721895, 0.99900115, 0.044541094), (-0.0097284, 0.9997182, 0.021652214), (-0.012038593, 0.99964595, 0.023730366), (0.0035721895, 0.99900115, 0.044541094), (-0.012038593, 0.99964595, 0.023730366), (-0.0019024962, 0.99931085, 0.037073143), (-0.0019024962, 0.99931085, 0.037073143), (-0.012038593, 0.99964595, 0.023730366), (-0.013814829, 0.9997041, 0.020021012), (-0.026615469, 0.9995806, 0.01141469), (-0.013814829, 0.9997041, 0.020021012), (-0.012038593, 0.99964595, 0.023730366), (0.038211208, 0.98111176, 0.1896301), (0.009493861, 0.9799818, 0.19886109), (0.021754446, 0.98874575, 0.14801565), (0.009493861, 0.9799818, 0.19886109), (-0.021047227, 0.98137283, 0.19095592), (0.021754446, 0.98874575, 0.14801565), (-0.0028277256, -0.7932186, 0.6089305), (-0.0063182632, -0.044370696, 0.9989951), (-0.0021727667, -0.07582133, 0.997119), (-0.014289859, -0.99350446, -0.11289148), (-0.010879737, -0.99083954, -0.13460515), (-0.0028277256, -0.7932186, 0.6089305), (-0.026377816, -0.9971886, -0.07013748), (-0.000660101, -0.9978008, -0.066279724), (-0.02448329, -0.99157465, -0.12720245), (-0.017049862, -0.99985445, -0.0006609166), (-0.000660101, -0.9978008, -0.066279724), (-0.026377816, -0.9971886, -0.07013748), (0.013430299, -0.9999026, -0.0037920147), (-0.017049862, -0.99985445, -0.0006609166), (0.0027257134, -0.99994683, -0.009944625), (0.021754446, 0.98874575, 0.14801565), (-0.021047227, 0.98137283, 0.19095592), (0.0291478, 0.99199355, 0.12287837), (0.0291478, 0.99199355, 0.12287837), (0.008154181, 0.9963238, 0.08527817), (0.01828648, 0.99900854, 0.04058867), (0.034595598, 0.9936911, 0.10668337), (0.0291478, 0.99199355, 0.12287837), (0.032455355, 0.9973942, 0.06443163), (0.01828648, 0.99900854, 0.04058867), (0.020668698, 0.9995237, 0.022916129), (0.032455355, 0.9973942, 0.06443163), (0.032455355, 0.9973942, 0.06443163), (0.0291478, 0.99199355, 0.12287837), (0.01828648, 0.99900854, 0.04058867), (-0.0097284, 0.9997182, 0.021652214), (0.016131831, 0.99900544, 0.041567586), (0.020668698, 0.9995237, 0.022916129), (-0.012038593, 0.99964595, 0.023730366), (-0.032679506, 0.99935424, 0.0149359135), (-0.026615469, 0.9995806, 0.01141469), (-0.032679506, 0.99935424, 0.0149359135), (-0.012038593, 0.99964595, 0.023730366), (-0.0097284, 0.9997182, 0.021652214), (-0.0039376603, 0.046504717, 0.9989103), (0.023135612, 0.6510301, 0.7586993), (0.017245399, 0.062785365, 0.9978781), (0.017245399, 0.062785365, 0.9978781), (-0.0063182632, -0.044370696, 0.9989951), (-0.0039376603, 0.046504717, 0.9989103), (-0.0021727667, -0.07582133, 0.997119), (-0.0063182632, -0.044370696, 0.9989951), (0.017245399, 0.062785365, 0.9978781), (-0.06669072, -0.997769, -0.0030406674), (-0.03552513, -0.9972838, -0.06452031), (-0.017049862, -0.99985445, -0.0006609166), (-0.043896012, -0.7643384, 0.6433194), (-0.0028277256, -0.7932186, 0.6089305), (-0.010879737, -0.99083954, -0.13460515), (-0.043896012, -0.7643384, 0.6433194), (-0.010879737, -0.99083954, -0.13460515), (0.0018886263, -0.9908119, -0.1352339), (-0.010879737, -0.99083954, -0.13460515), (-0.02448329, -0.99157465, -0.12720245), (-0.014495851, -0.9929076, -0.11800164), (-0.000660101, -0.9978008, -0.066279724), (-0.014495851, -0.9929076, -0.11800164), (-0.02448329, -0.99157465, -0.12720245), (-0.000660101, -0.9978008, -0.066279724), (-0.017049862, -0.99985445, -0.0006609166), (-0.03552513, -0.9972838, -0.06452031), (-0.03552513, -0.9972838, -0.06452031), (-0.014495851, -0.9929076, -0.11800164), (-0.000660101, -0.9978008, -0.066279724), (-0.06669072, -0.997769, -0.0030406674), (-0.017049862, -0.99985445, -0.0006609166), (-0.027348328, -0.9992474, 0.027511753), (-0.033832267, -0.99940574, 0.0066118804), (-0.027348328, -0.9992474, 0.027511753), (0.02845493, -0.99939334, -0.020079156), (0.010067556, -0.99978334, -0.018220674), (-0.033832267, -0.99940574, 0.0066118804), (0.02845493, -0.99939334, -0.020079156), (-0.033832267, -0.99940574, 0.0066118804), (0.010067556, -0.99978334, -0.018220674), (-0.049255047, -0.9987341, -0.010207621), (0.02845493, -0.99939334, -0.020079156), (0.03673376, -0.9992307, -0.013738187), (0.010067556, -0.99978334, -0.018220674), (-0.049255047, -0.9987341, -0.010207621), (0.010067556, -0.99978334, -0.018220674), (-0.03135261, -0.99932307, -0.019248758), (-0.021047227, 0.98137283, 0.19095592), (0.0067952457, 0.98320377, 0.1823847), (0.0291478, 0.99199355, 0.12287837), (0.020668698, 0.9995237, 0.022916129), (-0.009086377, 0.9999581, -0.0011320427), (-0.0097284, 0.9997182, 0.021652214), (-0.022821914, 0.9995694, -0.018439263), (-0.032206748, 0.9994797, 0.0017695058), (-0.009086377, 0.9999581, -0.0011320427), (-0.0097284, 0.9997182, 0.021652214), (-0.009086377, 0.9999581, -0.0011320427), (-0.032206748, 0.9994797, 0.0017695058), (-0.032679506, 0.99935424, 0.0149359135), (-0.0097284, 0.9997182, 0.021652214), (-0.032206748, 0.9994797, 0.0017695058), (-0.043367136, 0.6374399, 0.76927865), (-0.04558005, 0.9745931, 0.21929619), (0.023135612, 0.6510301, 0.7586993), (0.009493861, 0.9799818, 0.19886109), (0.023135612, 0.6510301, 0.7586993), (-0.04558005, 0.9745931, 0.21929619), (-0.021047227, 0.98137283, 0.19095592), (0.009493861, 0.9799818, 0.19886109), (-0.04558005, 0.9745931, 0.21929619), (-0.0039376603, 0.046504717, 0.9989103), (-0.043367136, 0.6374399, 0.76927865), (0.023135612, 0.6510301, 0.7586993), (-0.043367136, 0.6374399, 0.76927865), (-0.0039376603, 0.046504717, 0.9989103), (-0.0072512343, 0.02792657, 0.9995837), (-0.0072512343, 0.02792657, 0.9995837), (-0.0039376603, 0.046504717, 0.9989103), (-0.0063182632, -0.044370696, 0.9989951), (-0.0072512343, 0.02792657, 0.9995837), (-0.0063182632, -0.044370696, 0.9989951), (-0.008241952, -0.09111165, 0.99580663), (-0.0028277256, -0.7932186, 0.6089305), (-0.043896012, -0.7643384, 0.6433194), (-0.0063182632, -0.044370696, 0.9989951), (-0.0063182632, -0.044370696, 0.9989951), (-0.043896012, -0.7643384, 0.6433194), (-0.008241952, -0.09111165, 0.99580663), (-0.043896012, -0.7643384, 0.6433194), (0.0018886263, -0.9908119, -0.1352339), (0.03030654, -0.85784376, 0.5130163), (-0.014495851, -0.9929076, -0.11800164), (0.0018886263, -0.9908119, -0.1352339), (-0.010879737, -0.99083954, -0.13460515), (-0.03552513, -0.9972838, -0.06452031), (-0.0149132, -0.990495, -0.1367375), (-0.014495851, -0.9929076, -0.11800164), (-0.027348328, -0.9992474, 0.027511753), (-0.085918546, -0.9954043, 0.042288635), (-0.06669072, -0.997769, -0.0030406674), (-0.033832267, -0.99940574, 0.0066118804), (-0.085918546, -0.9954043, 0.042288635), (-0.027348328, -0.9992474, 0.027511753), (-0.049255047, -0.9987341, -0.010207621), (-0.09737162, -0.995035, 0.020596607), (-0.033832267, -0.99940574, 0.0066118804), (0.0291478, 0.99199355, 0.12287837), (0.0067952457, 0.98320377, 0.1823847), (0.008154181, 0.9963238, 0.08527817), (0.002401045, 0.9853849, 0.17032614), (0.008154181, 0.9963238, 0.08527817), (0.0067952457, 0.98320377, 0.1823847), (0.01828648, 0.99900854, 0.04058867), (0.008154181, 0.9963238, 0.08527817), (-0.013017402, 0.9998818, 0.008181098), (0.01828648, 0.99900854, 0.04058867), (-0.009086377, 0.9999581, -0.0011320427), (0.020668698, 0.9995237, 0.022916129), (-0.009086377, 0.9999581, -0.0011320427), (0.01828648, 0.99900854, 0.04058867), (-0.013017402, 0.9998818, 0.008181098), (-0.038657546, 0.9992247, 0.007459381), (-0.035147622, 0.99934435, 0.008695348), (-0.03833328, 0.9992001, 0.0113923), (-0.032206748, 0.9994797, 0.0017695058), (-0.03833328, 0.9992001, 0.0113923), (-0.032679506, 0.99935424, 0.0149359135), (-0.032679506, 0.99935424, 0.0149359135), (-0.03833328, 0.9992001, 0.0113923), (-0.035147622, 0.99934435, 0.008695348), (-0.043367136, 0.6374399, 0.76927865), (-0.056662656, 0.9727829, 0.22468393), (-0.04558005, 0.9745931, 0.21929619), (-0.037432663, 0.64176154, 0.76599026), (-0.056662656, 0.9727829, 0.22468393), (-0.043367136, 0.6374399, 0.76927865), (-0.0072512343, 0.02792657, 0.9995837), (-0.037432663, 0.64176154, 0.76599026), (-0.043367136, 0.6374399, 0.76927865), (-0.008241952, -0.09111165, 0.99580663), (-0.0027350853, 0.027692696, 0.9996127), (-0.0072512343, 0.02792657, 0.9995837), (-0.0149132, -0.990495, -0.1367375), (-0.03552513, -0.9972838, -0.06452031), (-0.057575062, -0.9939587, -0.0934412), (-0.06669072, -0.997769, -0.0030406674), (-0.057575062, -0.9939587, -0.0934412), (-0.03552513, -0.9972838, -0.06452031), (-0.057575062, -0.9939587, -0.0934412), (-0.06669072, -0.997769, -0.0030406674), (-0.06679666, -0.9977302, -0.008528821), (-0.06669072, -0.997769, -0.0030406674), (-0.085918546, -0.9954043, 0.042288635), (-0.06679666, -0.9977302, -0.008528821), (0.06103668, -0.1542306, 0.9861478), (-0.008241952, -0.09111165, 0.99580663), (0.03030654, -0.85784376, 0.5130163), (0.03030654, -0.85784376, 0.5130163), (-0.008241952, -0.09111165, 0.99580663), (-0.043896012, -0.7643384, 0.6433194), (-0.014495851, -0.9929076, -0.11800164), (-0.0149132, -0.990495, -0.1367375), (0.0018886263, -0.9908119, -0.1352339), (-0.09737162, -0.995035, 0.020596607), (-0.085918546, -0.9954043, 0.042288635), (-0.033832267, -0.99940574, 0.0066118804), (-0.085918546, -0.9954043, 0.042288635), (-0.09737162, -0.995035, 0.020596607), (-0.07719015, -0.9966061, 0.028599104), (-0.07637571, -0.997079, -0.00043596159), (-0.09737162, -0.995035, 0.020596607), (-0.049255047, -0.9987341, -0.010207621), (0.03164848, 0.9926772, 0.11657754), (0.027552918, 0.99535924, 0.092199706), (0.027489288, 0.99633235, 0.08103272), (0.014685524, 0.998678, 0.049261156), (-0.024411986, 0.9994833, 0.020909108), (0.000015927693, 0.99999493, -0.0031593614), (-0.020619279, 0.9990457, -0.038503896), (0.0021274802, 0.9998166, -0.019033458), (0.000015927693, 0.99999493, -0.0031593614), (0.0021274802, 0.9998166, -0.019033458), (-0.020619279, 0.9990457, -0.038503896), (-0.0059107277, 0.99955845, -0.029122764), (-0.0059107277, 0.99955845, -0.029122764), (-0.0059656426, 0.9999732, 0.004254421), (-0.0096096005, 0.99991095, -0.009258571), (-0.0059656426, 0.9999732, 0.004254421), (0.007989409, 0.99996793, 0.00056015357), (-0.0096096005, 0.99991095, -0.009258571), (-0.0096096005, 0.99991095, -0.009258571), (0.007989409, 0.99996793, 0.00056015357), (0.012907621, 0.9997076, -0.020446103), (0.007989409, 0.99996793, 0.00056015357), (0.023305824, 0.9996071, -0.015568535), (0.012864964, 0.999302, -0.035069793), (0.012864964, 0.999302, -0.035069793), (0.022949526, 0.99835736, -0.05249859), (0.019256763, 0.9978973, -0.06188894), (-0.04352381, -0.99888134, -0.01848783), (0.03206941, -0.996725, -0.074234016), (-0.010551384, -0.99820155, -0.05901195), (-0.010551384, -0.99820155, -0.05901195), (0.03206941, -0.996725, -0.074234016), (0.04008087, -0.9978091, -0.052635778), (-0.052953165, -0.9976607, 0.043233193), (0.008908759, -0.9999535, 0.0036703593), (-0.04352381, -0.99888134, -0.01848783), (0.008908759, -0.9999535, 0.0036703593), (0.03206941, -0.996725, -0.074234016), (-0.04352381, -0.99888134, -0.01848783), (-0.031644985, -0.9977151, 0.05969303), (-0.00277514, -0.99831, 0.058047257), (-0.059167355, -0.99540925, 0.07523092), (-0.08292025, -0.99378514, 0.07426496), (-0.06951737, -0.9963395, 0.04974872), (-0.031644985, -0.9977151, 0.05969303), (-0.038855612, -0.9975943, 0.057409648), (-0.06951737, -0.9963395, 0.04974872), (-0.03518039, -0.99863434, 0.03862304), (-0.038855612, -0.9975943, 0.057409648), (-0.031644985, -0.9977151, 0.05969303), (-0.06951737, -0.9963395, 0.04974872), (-0.038855612, -0.9975943, 0.057409648), (-0.03518039, -0.99863434, 0.03862304), (-0.03975098, -0.9980025, 0.049098257), (-0.020789167, -0.9997838, -0.00021714704), (-0.031133061, -0.99940723, 0.0146944905), (-0.03518039, -0.99863434, 0.03862304), (-0.03518039, -0.99863434, 0.03862304), (-0.031133061, -0.99940723, 0.0146944905), (-0.03975098, -0.9980025, 0.049098257), (-0.020789167, -0.9997838, -0.00021714704), (-0.0233786, -0.99946404, -0.022916479), (-0.031133061, -0.99940723, 0.0146944905), (-0.012271258, 0.9983793, 0.055571754), (0.014685524, 0.998678, 0.049261156), (0.027552918, 0.99535924, 0.092199706), (-0.012271258, 0.9983793, 0.055571754), (-0.024411986, 0.9994833, 0.020909108), (0.014685524, 0.998678, 0.049261156), (-0.0059107277, 0.99955845, -0.029122764), (-0.020619279, 0.9990457, -0.038503896), (-0.0059656426, 0.9999732, 0.004254421), (0.023305824, 0.9996071, -0.015568535), (0.007989409, 0.99996793, 0.00056015357), (0.012869742, 0.9998538, 0.011255593), (0.012869742, 0.9998538, 0.011255593), (0.007989409, 0.99996793, 0.00056015357), (-0.0059656426, 0.9999732, 0.004254421), (0.017365571, 0.9994613, -0.027848909), (0.023305824, 0.9996071, -0.015568535), (0.012869742, 0.9998538, 0.011255593), (0.023305824, 0.9996071, -0.015568535), (0.022949526, 0.99835736, -0.05249859), (0.012864964, 0.999302, -0.035069793), (0.022552542, 0.99750245, -0.06693422), (0.019256763, 0.9978973, -0.06188894), (0.022949526, 0.99835736, -0.05249859), (0.036887474, -0.99731046, -0.06333374), (0.04008087, -0.9978091, -0.052635778), (0.03206941, -0.996725, -0.074234016), (0.008908759, -0.9999535, 0.0036703593), (0.048856754, -0.99739236, -0.05311748), (0.03206941, -0.996725, -0.074234016), (0.008908759, -0.9999535, 0.0036703593), (-0.052953165, -0.9976607, 0.043233193), (-0.00277514, -0.99831, 0.058047257), (0.04073491, -0.99896055, 0.020458464), (0.008908759, -0.9999535, 0.0036703593), (-0.00277514, -0.99831, 0.058047257), (-0.031644985, -0.9977151, 0.05969303), (0.017525489, -0.9991306, 0.037827425), (-0.00277514, -0.99831, 0.058047257), (-0.00277514, -0.99831, 0.058047257), (0.017525489, -0.9991306, 0.037827425), (0.04073491, -0.99896055, 0.020458464), (-0.031644985, -0.9977151, 0.05969303), (-0.038855612, -0.9975943, 0.057409648), (-0.003562317, -0.9992619, 0.038250025), (-0.029960645, -0.99942136, -0.016102925), (-0.031133061, -0.99940723, 0.0146944905), (-0.0233786, -0.99946404, -0.022916479), (-0.043018274, 0.99824786, -0.04062753), (0.000015927693, 0.99999493, -0.0031593614), (-0.024411986, 0.9994833, 0.020909108), (0.000015927693, 0.99999493, -0.0031593614), (-0.043018274, 0.99824786, -0.04062753), (-0.020619279, 0.9990457, -0.038503896), (-0.043018274, 0.99824786, -0.04062753), (-0.033239007, 0.9994392, -0.0040592607), (-0.020619279, 0.9990457, -0.038503896), (0.017365571, 0.9994613, -0.027848909), (0.022949526, 0.99835736, -0.05249859), (0.023305824, 0.9996071, -0.015568535), (0.022801839, 0.99788, -0.06095596), (0.017365571, 0.9994613, -0.027848909), (0.006869774, 0.99943626, -0.032861017), (0.022949526, 0.99835736, -0.05249859), (0.017365571, 0.9994613, -0.027848909), (0.022801839, 0.99788, -0.06095596), (-0.0059656426, 0.9999732, 0.004254421), (-0.020619279, 0.9990457, -0.038503896), (-0.033239007, 0.9994392, -0.0040592607), (0.022801839, 0.99788, -0.06095596), (0.022552542, 0.99750245, -0.06693422), (0.022949526, 0.99835736, -0.05249859), (0.036887474, -0.99731046, -0.06333374), (0.03206941, -0.996725, -0.074234016), (0.048856754, -0.99739236, -0.05311748), (0.008908759, -0.9999535, 0.0036703593), (0.04073491, -0.99896055, 0.020458464), (0.048856754, -0.99739236, -0.05311748), (-0.009255242, -0.9992466, 0.03769095), (-0.038855612, -0.9975943, 0.057409648), (-0.03975098, -0.9980025, 0.049098257), (-0.029960645, -0.99942136, -0.016102925), (-0.02411478, -0.99951655, -0.019623129), (-0.022688236, -0.99944985, -0.024190335), (-0.022688236, -0.99944985, -0.024190335), (-0.029700143, -0.9995522, 0.003641978), (-0.029960645, -0.99942136, -0.016102925), (0.020093925, 0.997234, 0.07155789), (-0.012271258, 0.9983793, 0.055571754), (0.027552918, 0.99535924, 0.092199706), (-0.024411986, 0.9994833, 0.020909108), (-0.012271258, 0.9983793, 0.055571754), (-0.037991814, 0.99875104, 0.032452058), (-0.035056565, 0.99902374, -0.026880756), (-0.033239007, 0.9994392, -0.0040592607), (-0.043018274, 0.99824786, -0.04062753), (0.002613712, 0.9999966, 0.00018148756), (0.012869742, 0.9998538, 0.011255593), (-0.0006014473, 0.9992247, 0.03936397), (0.012869742, 0.9998538, 0.011255593), (0.002613712, 0.9999966, 0.00018148756), (0.017365571, 0.9994613, -0.027848909), (0.020093925, 0.997234, 0.07155789), (-0.01851425, 0.99933654, 0.03136382), (-0.012271258, 0.9983793, 0.055571754), (0.04073491, -0.99896055, 0.020458464), (0.049193893, -0.99855083, -0.02182386), (0.048856754, -0.99739236, -0.05311748), (0.017525489, -0.9991306, 0.037827425), (-0.031644985, -0.9977151, 0.05969303), (-0.003562317, -0.9992619, 0.038250025), (-0.038855612, -0.9975943, 0.057409648), (-0.009255242, -0.9992466, 0.03769095), (-0.003562317, -0.9992619, 0.038250025), (-0.03975098, -0.9980025, 0.049098257), (-0.031133061, -0.99940723, 0.0146944905), (-0.038433068, -0.99886316, 0.02819873), (-0.038433068, -0.99886316, 0.02819873), (-0.031133061, -0.99940723, 0.0146944905), (-0.029960645, -0.99942136, -0.016102925), (-0.043998484, 0.99893224, -0.014088591), (-0.024411986, 0.9994833, 0.020909108), (-0.037991814, 0.99875104, 0.032452058), (-0.043998484, 0.99893224, -0.014088591), (-0.043018274, 0.99824786, -0.04062753), (-0.024411986, 0.9994833, 0.020909108), (-0.043018274, 0.99824786, -0.04062753), (-0.043998484, 0.99893224, -0.014088591), (-0.035056565, 0.99902374, -0.026880756), (-0.0059656426, 0.9999732, 0.004254421), (-0.0006014473, 0.9992247, 0.03936397), (0.012869742, 0.9998538, 0.011255593), (0.002613712, 0.9999966, 0.00018148756), (0.006869774, 0.99943626, -0.032861017), (0.017365571, 0.9994613, -0.027848909), (0.002613712, 0.9999966, 0.00018148756), (0.0053540305, 0.9999063, -0.012592996), (0.006869774, 0.99943626, -0.032861017), (0.022801839, 0.99788, -0.06095596), (0.012950007, 0.9987063, -0.049173467), (0.031438284, 0.9980116, -0.054629385), (-0.037991814, 0.99875104, 0.032452058), (-0.012271258, 0.9983793, 0.055571754), (-0.01851425, 0.99933654, 0.03136382), (-0.0019415758, 0.9989437, 0.04591187), (-0.0006014473, 0.9992247, 0.03936397), (-0.033239007, 0.9994392, -0.0040592607), (-0.033239007, 0.9994392, -0.0040592607), (-0.0006014473, 0.9992247, 0.03936397), (-0.0059656426, 0.9999732, 0.004254421), (0.036887474, -0.99731046, -0.06333374), (0.024242373, -0.9986491, -0.045959022), (-0.0017709004, -0.999687, -0.024955481), (0.048856754, -0.99739236, -0.05311748), (0.024242373, -0.9986491, -0.045959022), (0.036887474, -0.99731046, -0.06333374), (0.024242373, -0.9986491, -0.045959022), (0.048856754, -0.99739236, -0.05311748), (0.049193893, -0.99855083, -0.02182386), (0.049193893, -0.99855083, -0.02182386), (0.04073491, -0.99896055, 0.020458464), (0.04383054, -0.99898595, 0.010300847), (0.017525489, -0.9991306, 0.037827425), (-0.003562317, -0.9992619, 0.038250025), (0.016816549, -0.9993575, 0.031650443), (-0.009255242, -0.9992466, 0.03769095), (0.016816549, -0.9993575, 0.031650443), (-0.003562317, -0.9992619, 0.038250025), (-0.009255242, -0.9992466, 0.03769095), (0.0089206, -0.9998018, 0.017799864), (0.016816549, -0.9993575, 0.031650443), (-0.009255242, -0.9992466, 0.03769095), (-0.018602224, -0.999483, 0.026222264), (0.0089206, -0.9998018, 0.017799864), (-0.03975098, -0.9980025, 0.049098257), (-0.018602224, -0.999483, 0.026222264), (-0.009255242, -0.9992466, 0.03769095), (-0.038433068, -0.99886316, 0.02819873), (-0.018602224, -0.999483, 0.026222264), (-0.03975098, -0.9980025, 0.049098257), (-0.029700143, -0.9995522, 0.003641978), (-0.038433068, -0.99886316, 0.02819873), (-0.029960645, -0.99942136, -0.016102925), (-0.038433068, -0.99886316, 0.02819873), (-0.029700143, -0.9995522, 0.003641978), (-0.019197762, -0.9997136, 0.0142907845), (-0.01773753, 0.99962914, 0.020664576), (-0.043998484, 0.99893224, -0.014088591), (-0.037991814, 0.99875104, 0.032452058), (-0.0027855488, 0.9995739, 0.029054832), (-0.0006014473, 0.9992247, 0.03936397), (-0.0019415758, 0.9989437, 0.04591187), (-0.0006014473, 0.9992247, 0.03936397), (-0.0027855488, 0.9995739, 0.029054832), (0.002613712, 0.9999966, 0.00018148756), (-0.007514098, 0.9991365, 0.04086513), (-0.0027855488, 0.9995739, 0.029054832), (-0.0019415758, 0.9989437, 0.04591187), (0.012950007, 0.9987063, -0.049173467), (0.022801839, 0.99788, -0.06095596), (0.006869774, 0.99943626, -0.032861017), (0.0053540305, 0.9999063, -0.012592996), (0.012950007, 0.9987063, -0.049173467), (0.006869774, 0.99943626, -0.032861017), (0.0053540305, 0.9999063, -0.012592996), (0.016705474, 0.99907964, -0.03950613), (0.012950007, 0.9987063, -0.049173467), (-0.013976403, 0.99945354, 0.02995249), (-0.01851425, 0.99933654, 0.03136382), (0.0011520359, 0.99900985, 0.04447407), (-0.037991814, 0.99875104, 0.032452058), (-0.01851425, 0.99933654, 0.03136382), (-0.01773753, 0.99962914, 0.020664576), (-0.016589109, 0.99941367, -0.02995519), (-0.035056565, 0.99902374, -0.026880756), (-0.043998484, 0.99893224, -0.014088591), (-0.0019415758, 0.9989437, 0.04591187), (-0.033239007, 0.9994392, -0.0040592607), (-0.035056565, 0.99902374, -0.026880756), (-0.0019415758, 0.9989437, 0.04591187), (-0.035056565, 0.99902374, -0.026880756), (0.0029991027, 0.9998402, 0.017619506), (0.004851044, -0.9997942, -0.019698547), (-0.0017709004, -0.999687, -0.024955481), (0.024242373, -0.9986491, -0.045959022), (0.024242373, -0.9986491, -0.045959022), (0.049193893, -0.99855083, -0.02182386), (0.0648487, -0.9977156, -0.018920455), (0.04073491, -0.99896055, 0.020458464), (0.017525489, -0.9991306, 0.037827425), (0.04383054, -0.99898595, 0.010300847), (0.04383054, -0.99898595, 0.010300847), (0.017525489, -0.9991306, 0.037827425), (0.022218503, -0.9994993, 0.022527078), (0.016816549, -0.9993575, 0.031650443), (0.022218503, -0.9994993, 0.022527078), (0.017525489, -0.9991306, 0.037827425), (0.0089206, -0.9998018, 0.017799864), (0.022218503, -0.9994993, 0.022527078), (0.016816549, -0.9993575, 0.031650443), (0.0089206, -0.9998018, 0.017799864), (-0.0019844053, -0.99993205, 0.011484185), (0.022218503, -0.9994993, 0.022527078), (-0.017765777, -0.9998413, -0.0013189815), (-0.0019844053, -0.99993205, 0.011484185), (0.0089206, -0.9998018, 0.017799864), (-0.018602224, -0.999483, 0.026222264), (-0.017765777, -0.9998413, -0.0013189815), (0.0089206, -0.9998018, 0.017799864), (-0.01755711, -0.9995462, 0.024479084), (-0.017765777, -0.9998413, -0.0013189815), (-0.018602224, -0.999483, 0.026222264), (-0.038433068, -0.99886316, 0.02819873), (-0.01755711, -0.9995462, 0.024479084), (-0.018602224, -0.999483, 0.026222264), (-0.019197762, -0.9997136, 0.0142907845), (-0.01755711, -0.9995462, 0.024479084), (-0.038433068, -0.99886316, 0.02819873), (-0.029700143, -0.9995522, 0.003641978), (-0.02143952, -0.9997358, -0.008290341), (-0.019197762, -0.9997136, 0.0142907845), (0.002613712, 0.9999966, 0.00018148756), (-0.0027855488, 0.9995739, 0.029054832), (0.0053540305, 0.9999063, -0.012592996), (0.016705474, 0.99907964, -0.03950613), (0.0053540305, 0.9999063, -0.012592996), (0.009169614, 0.9993794, -0.03401027), (0.031438284, 0.9980116, -0.054629385), (0.016705474, 0.99907964, -0.03950613), (0.02834498, 0.99869764, -0.04242006), (-0.01773753, 0.99962914, 0.020664576), (-0.01851425, 0.99933654, 0.03136382), (-0.013976403, 0.99945354, 0.02995249), (-0.01773753, 0.99962914, 0.020664576), (-0.020248542, 0.99967813, -0.015280459), (-0.043998484, 0.99893224, -0.014088591), (-0.035056565, 0.99902374, -0.026880756), (-0.016589109, 0.99941367, -0.02995519), (0.0029991027, 0.9998402, 0.017619506), (0.016705474, 0.99907964, -0.03950613), (0.031438284, 0.9980116, -0.054629385), (0.012950007, 0.9987063, -0.049173467), (0.016705474, 0.99907964, -0.03950613), (0.009169614, 0.9993794, -0.03401027), (0.02834498, 0.99869764, -0.04242006), (0.024242373, -0.9986491, -0.045959022), (0.0648487, -0.9977156, -0.018920455), (0.05190936, -0.9986389, -0.005070525), (0.049193893, -0.99855083, -0.02182386), (0.04383054, -0.99898595, 0.010300847), (0.0648487, -0.9977156, -0.018920455), (0.0583141, -0.9981771, -0.015557381), (0.0648487, -0.9977156, -0.018920455), (0.04383054, -0.99898595, 0.010300847), (0.0583141, -0.9981771, -0.015557381), (0.04383054, -0.99898595, 0.010300847), (0.022218503, -0.9994993, 0.022527078), (0.022218503, -0.9994993, 0.022527078), (-0.0019844053, -0.99993205, 0.011484185), (0.031686097, -0.9994393, -0.010815545), (0.031686097, -0.9994393, -0.010815545), (0.0583141, -0.9981771, -0.015557381), (0.022218503, -0.9994993, 0.022527078), (-0.017765777, -0.9998413, -0.0013189815), (0.0075784377, -0.9998923, -0.012570187), (-0.0019844053, -0.99993205, 0.011484185), (0.004732226, -0.99944955, 0.032833725), (-0.01755711, -0.9995462, 0.024479084), (-0.019197762, -0.9997136, 0.0142907845), (-0.02143952, -0.9997358, -0.008290341), (-0.025226494, -0.99963385, -0.009785353), (-0.019197762, -0.9997136, 0.0142907845), (0.0029991027, 0.9998402, 0.017619506), (-0.007514098, 0.9991365, 0.04086513), (-0.0019415758, 0.9989437, 0.04591187), (-0.016696505, 0.9994969, 0.026965667), (-0.007514098, 0.9991365, 0.04086513), (-0.029141063, 0.9988995, 0.036749955), (-0.016696505, 0.9994969, 0.026965667), (-0.0027855488, 0.9995739, 0.029054832), (-0.007514098, 0.9991365, 0.04086513), (-0.016696505, 0.9994969, 0.026965667), (0.0053540305, 0.9999063, -0.012592996), (-0.0027855488, 0.9995739, 0.029054832), (-0.013976403, 0.99945354, 0.02995249), (-0.00983173, 0.9996635, 0.024005078), (-0.01773753, 0.99962914, 0.020664576), (-0.043998484, 0.99893224, -0.014088591), (-0.020248542, 0.99967813, -0.015280459), (-0.016589109, 0.99941367, -0.02995519), (-0.020248542, 0.99967813, -0.015280459), (-0.008525716, 0.99996364, -0.00016677222), (-0.016589109, 0.99941367, -0.02995519), (0.009169614, 0.9993794, -0.03401027), (-0.0033334396, 0.99889433, -0.046894796), (0.02834498, 0.99869764, -0.04242006), (0.024242373, -0.9986491, -0.045959022), (0.05190936, -0.9986389, -0.005070525), (0.004851044, -0.9997942, -0.019698547), (0.06851025, -0.99734503, -0.02468126), (0.0648487, -0.9977156, -0.018920455), (0.0583141, -0.9981771, -0.015557381), (0.031686097, -0.9994393, -0.010815545), (0.062471695, -0.99744314, -0.034707066), (0.0583141, -0.9981771, -0.015557381), (0.0075784377, -0.9998923, -0.012570187), (0.031686097, -0.9994393, -0.010815545), (-0.0019844053, -0.99993205, 0.011484185), (0.0075784377, -0.9998923, -0.012570187), (-0.017765777, -0.9998413, -0.0013189815), (0.005654687, -0.9998484, 0.016469508), (0.005654687, -0.9998484, 0.016469508), (0.046447724, -0.99875635, -0.018119717), (0.0075784377, -0.9998923, -0.012570187), (-0.01755711, -0.9995462, 0.024479084), (0.005654687, -0.9998484, 0.016469508), (-0.017765777, -0.9998413, -0.0013189815), (-0.01755711, -0.9995462, 0.024479084), (0.004732226, -0.99944955, 0.032833725), (0.005654687, -0.9998484, 0.016469508), (-0.019197762, -0.9997136, 0.0142907845), (-0.025226494, -0.99963385, -0.009785353), (-0.012743619, -0.99990016, -0.0061059995), (-0.019197762, -0.9997136, 0.0142907845), (-0.012743619, -0.99990016, -0.0061059995), (0.004732226, -0.99944955, 0.032833725), (-0.05093324, 0.998337, 0.02700351), (-0.0067539467, 0.9998977, -0.012614372), (-0.016696505, 0.9994969, 0.026965667), (-0.016696505, 0.9994969, 0.026965667), (-0.0067539467, 0.9998977, -0.012614372), (0.0053540305, 0.9999063, -0.012592996), (0.009169614, 0.9993794, -0.03401027), (0.0053540305, 0.9999063, -0.012592996), (-0.0067539467, 0.9998977, -0.012614372), (-0.0033334396, 0.99889433, -0.046894796), (0.009169614, 0.9993794, -0.03401027), (-0.022224337, 0.9988676, -0.042067964), (-0.013891531, 0.99988353, 0.006317132), (-0.01773753, 0.99962914, 0.020664576), (-0.00983173, 0.9996635, 0.024005078), (-0.01773753, 0.99962914, 0.020664576), (-0.013891531, 0.99988353, 0.006317132), (-0.020248542, 0.99967813, -0.015280459), (-0.020248542, 0.99967813, -0.015280459), (-0.013891531, 0.99988353, 0.006317132), (-0.017455079, 0.9997419, -0.0145371575), (-0.020248542, 0.99967813, -0.015280459), (-0.017455079, 0.9997419, -0.0145371575), (-0.008525716, 0.99996364, -0.00016677222), (-0.016589109, 0.99941367, -0.02995519), (-0.008525716, 0.99996364, -0.00016677222), (0.0029991027, 0.9998402, 0.017619506), (0.0029991027, 0.9998402, 0.017619506), (-0.008525716, 0.99996364, -0.00016677222), (-0.007514098, 0.9991365, 0.04086513), (0.05190936, -0.9986389, -0.005070525), (0.0648487, -0.9977156, -0.018920455), (0.071554266, -0.9974367, 0.00025882383), (0.06851025, -0.99734503, -0.02468126), (0.071554266, -0.9974367, 0.00025882383), (0.0648487, -0.9977156, -0.018920455), (0.0583141, -0.9981771, -0.015557381), (0.062471695, -0.99744314, -0.034707066), (0.06851025, -0.99734503, -0.02468126), (0.0075784377, -0.9998923, -0.012570187), (0.052573968, -0.9980414, -0.033901334), (0.031686097, -0.9994393, -0.010815545), (0.0075784377, -0.9998923, -0.012570187), (0.046447724, -0.99875635, -0.018119717), (0.052573968, -0.9980414, -0.033901334), (-0.012743619, -0.99990016, -0.0061059995), (0.005124756, -0.99980056, 0.019303532), (0.004732226, -0.99944955, 0.032833725), (-0.023684256, -0.9995118, -0.020377278), (-0.012743619, -0.99990016, -0.0061059995), (-0.025226494, -0.99963385, -0.009785353), (-0.05093324, 0.998337, 0.02700351), (-0.016696505, 0.9994969, 0.026965667), (-0.049697336, 0.99826664, 0.031528145), (-0.0067539467, 0.9998977, -0.012614372), (-0.05093324, 0.998337, 0.02700351), (-0.07218908, 0.997384, -0.0037293762), (-0.0067539467, 0.9998977, -0.012614372), (-0.022224337, 0.9988676, -0.042067964), (0.009169614, 0.9993794, -0.03401027), (-0.006321811, 0.99950737, 0.030743774), (-0.012936849, 0.9997937, 0.015659312), (-0.00983173, 0.9996635, 0.024005078), (-0.013891531, 0.99988353, 0.006317132), (-0.012936849, 0.9997937, 0.015659312), (-0.017142247, 0.99984694, -0.003504561), (-0.00983173, 0.9996635, 0.024005078), (-0.012936849, 0.9997937, 0.015659312), (-0.013891531, 0.99988353, 0.006317132), (-0.013891531, 0.99988353, 0.006317132), (-0.017142247, 0.99984694, -0.003504561), (-0.017455079, 0.9997419, -0.0145371575), (-0.017455079, 0.9997419, -0.0145371575), (-0.011475025, 0.999904, -0.0077635036), (-0.008525716, 0.99996364, -0.00016677222), (-0.012106028, 0.9999231, 0.0026889765), (-0.017658776, 0.99969834, 0.01706964), (-0.011475025, 0.999904, -0.0077635036), (-0.007514098, 0.9991365, 0.04086513), (-0.008525716, 0.99996364, -0.00016677222), (-0.017658776, 0.99969834, 0.01706964), (-0.016696505, 0.9994969, 0.026965667), (-0.029141063, 0.9988995, 0.036749955), (-0.049697336, 0.99826664, 0.031528145), (0.07490579, -0.9971757, 0.005448646), (0.071554266, -0.9974367, 0.00025882383), (0.062309787, -0.99805665, 0.00068746955), (0.07490579, -0.9971757, 0.005448646), (0.062309787, -0.99805665, 0.00068746955), (0.064678736, -0.9977729, -0.016306007), (0.062309787, -0.99805665, 0.00068746955), (0.04114896, -0.9991432, -0.0044393903), (0.064678736, -0.9977729, -0.016306007), (0.062309787, -0.99805665, 0.00068746955), (0.050973363, -0.99861175, -0.013280775), (0.04114896, -0.9991432, -0.0044393903), (0.06851025, -0.99734503, -0.02468126), (0.062471695, -0.99744314, -0.034707066), (0.046907768, -0.99850357, -0.028111124), (0.052573968, -0.9980414, -0.033901334), (0.062471695, -0.99744314, -0.034707066), (0.031686097, -0.9994393, -0.010815545), (0.046447724, -0.99875635, -0.018119717), (0.005654687, -0.9998484, 0.016469508), (0.034475185, -0.99936867, 0.008580116), (0.004732226, -0.99944955, 0.032833725), (0.005124756, -0.99980056, 0.019303532), (0.005654687, -0.9998484, 0.016469508), (0.005124756, -0.99980056, 0.019303532), (0.034475185, -0.99936867, 0.008580116), (0.005654687, -0.9998484, 0.016469508), (0.005124756, -0.99980056, 0.019303532), (0.019714415, -0.9997057, -0.014136945), (0.034475185, -0.99936867, 0.008580116), (-0.023684256, -0.9995118, -0.020377278), (-0.015649488, -0.9996379, -0.021887861), (-0.012743619, -0.99990016, -0.0061059995), (-0.0067539467, 0.9998977, -0.012614372), (-0.07218908, 0.997384, -0.0037293762), (-0.022224337, 0.9988676, -0.042067964), (-0.07218908, 0.997384, -0.0037293762), (-0.05093324, 0.998337, 0.02700351), (-0.0858167, 0.9962034, 0.014640532), (-0.07218908, 0.997384, -0.0037293762), (-0.058650356, 0.99769306, -0.034183014), (-0.022224337, 0.9988676, -0.042067964), (-0.012936849, 0.9997937, 0.015659312), (-0.024645641, 0.9996811, 0.005504329), (-0.017142247, 0.99984694, -0.003504561), (-0.017455079, 0.9997419, -0.0145371575), (-0.017142247, 0.99984694, -0.003504561), (-0.011475025, 0.999904, -0.0077635036), (-0.017142247, 0.99984694, -0.003504561), (-0.021828795, 0.99975854, -0.0025285846), (-0.011475025, 0.999904, -0.0077635036), (-0.011475025, 0.999904, -0.0077635036), (-0.017658776, 0.99969834, 0.01706964), (-0.008525716, 0.99996364, -0.00016677222), (-0.017658776, 0.99969834, 0.01706964), (-0.029141063, 0.9988995, 0.036749955), (-0.007514098, 0.9991365, 0.04086513), (-0.025691252, 0.9995709, 0.014068549), (-0.017658776, 0.99969834, 0.01706964), (-0.012106028, 0.9999231, 0.0026889765), (-0.029141063, 0.9988995, 0.036749955), (-0.017658776, 0.99969834, 0.01706964), (-0.025691252, 0.9995709, 0.014068549), (-0.049697336, 0.99826664, 0.031528145), (-0.029141063, 0.9988995, 0.036749955), (-0.025691252, 0.9995709, 0.014068549), (-0.049697336, 0.99826664, 0.031528145), (-0.0858167, 0.9962034, 0.014640532), (-0.05093324, 0.998337, 0.02700351), (0.071554266, -0.9974367, 0.00025882383), (0.050973363, -0.99861175, -0.013280775), (0.062309787, -0.99805665, 0.00068746955), (0.050973363, -0.99861175, -0.013280775), (0.071554266, -0.9974367, 0.00025882383), (0.06851025, -0.99734503, -0.02468126), (0.06851025, -0.99734503, -0.02468126), (0.046907768, -0.99850357, -0.028111124), (0.050973363, -0.99861175, -0.013280775), (0.046907768, -0.99850357, -0.028111124), (0.062471695, -0.99744314, -0.034707066), (0.0533172, -0.99802536, -0.033206355), (0.0533172, -0.99802536, -0.033206355), (0.062471695, -0.99744314, -0.034707066), (0.052573968, -0.9980414, -0.033901334), (0.052573968, -0.9980414, -0.033901334), (0.064427696, -0.99750596, -0.02882373), (0.0533172, -0.99802536, -0.033206355), (0.046447724, -0.99875635, -0.018119717), (0.064427696, -0.99750596, -0.02882373), (0.052573968, -0.9980414, -0.033901334), (0.034475185, -0.99936867, 0.008580116), (0.056820158, -0.9980744, -0.024878193), (0.046447724, -0.99875635, -0.018119717), (-0.015649488, -0.9996379, -0.021887861), (0.005124756, -0.99980056, 0.019303532), (-0.012743619, -0.99990016, -0.0061059995), (-0.023684256, -0.9995118, -0.020377278), (-0.0071874233, -0.9995764, -0.028202223), (-0.015649488, -0.9996379, -0.021887861), (-0.012936849, 0.9997937, 0.015659312), (-0.013814829, 0.9997041, 0.020021012), (-0.024645641, 0.9996811, 0.005504329), (-0.017142247, 0.99984694, -0.003504561), (-0.024645641, 0.9996811, 0.005504329), (-0.021828795, 0.99975854, -0.0025285846), (-0.011475025, 0.999904, -0.0077635036), (-0.021828795, 0.99975854, -0.0025285846), (-0.012106028, 0.9999231, 0.0026889765), (-0.021828795, 0.99975854, -0.0025285846), (-0.029749453, 0.9995301, 0.0073739258), (-0.012106028, 0.9999231, 0.0026889765), (-0.049697336, 0.99826664, 0.031528145), (-0.041797098, 0.99907655, -0.009951854), (-0.0858167, 0.9962034, 0.014640532), (-0.058650356, 0.99769306, -0.034183014), (-0.03176918, 0.998392, -0.04694731), (-0.022224337, 0.9988676, -0.042067964), (-0.07297494, 0.997216, -0.015329176), (-0.03176918, 0.998392, -0.04694731), (-0.058650356, 0.99769306, -0.034183014), (0.050973363, -0.99861175, -0.013280775), (0.022470988, -0.9996294, -0.015366777), (0.04114896, -0.9991432, -0.0044393903), (0.022470988, -0.9996294, -0.015366777), (0.050973363, -0.99861175, -0.013280775), (0.046907768, -0.99850357, -0.028111124), (0.003971049, -0.9998037, -0.019410213), (0.046907768, -0.99850357, -0.028111124), (0.0533172, -0.99802536, -0.033206355), (0.064427696, -0.99750596, -0.02882373), (0.046447724, -0.99875635, -0.018119717), (0.056820158, -0.9980744, -0.024878193), (0.019714415, -0.9997057, -0.014136945), (0.056820158, -0.9980744, -0.024878193), (0.034475185, -0.99936867, 0.008580116), (0.056820158, -0.9980744, -0.024878193), (0.019714415, -0.9997057, -0.014136945), (0.033687964, -0.99871093, -0.03796785), (-0.015649488, -0.9996379, -0.021887861), (0.019714415, -0.9997057, -0.014136945), (0.005124756, -0.99980056, 0.019303532), (-0.015649488, -0.9996379, -0.021887861), (-0.0071874233, -0.9995764, -0.028202223), (0.012254383, -0.999605, -0.025291849), (0.024561586, -0.9987716, -0.043035038), (0.012254383, -0.999605, -0.025291849), (-0.0071874233, -0.9995764, -0.028202223), (0.012254383, -0.999605, -0.025291849), (0.019714415, -0.9997057, -0.014136945), (-0.015649488, -0.9996379, -0.021887861), (-0.013814829, 0.9997041, 0.020021012), (-0.026615469, 0.9995806, 0.01141469), (-0.024645641, 0.9996811, 0.005504329), (-0.024645641, 0.9996811, 0.005504329), (-0.026615469, 0.9995806, 0.01141469), (-0.033399895, 0.9994288, 0.0051440755), (-0.034920745, 0.99939, -0.00018875292), (-0.024645641, 0.9996811, 0.005504329), (-0.033399895, 0.9994288, 0.0051440755), (-0.021828795, 0.99975854, -0.0025285846), (-0.024645641, 0.9996811, 0.005504329), (-0.034920745, 0.99939, -0.00018875292), (-0.012106028, 0.9999231, 0.0026889765), (-0.021538027, 0.9997671, -0.0013503222), (-0.025691252, 0.9995709, 0.014068549), (-0.021538027, 0.9997671, -0.0013503222), (-0.012106028, 0.9999231, 0.0026889765), (-0.029749453, 0.9995301, 0.0073739258), (-0.021538027, 0.9997671, -0.0013503222), (-0.041797098, 0.99907655, -0.009951854), (-0.025691252, 0.9995709, 0.014068549), (-0.041797098, 0.99907655, -0.009951854), (-0.049697336, 0.99826664, 0.031528145), (-0.025691252, 0.9995709, 0.014068549), (-0.059643272, 0.99767196, -0.033066437), (-0.0858167, 0.9962034, 0.014640532), (-0.041797098, 0.99907655, -0.009951854), (-0.07218908, 0.997384, -0.0037293762), (-0.10679746, 0.9942785, 0.0021329501), (-0.058650356, 0.99769306, -0.034183014), (-0.0858167, 0.9962034, 0.014640532), (-0.100309856, 0.9949537, 0.002235212), (-0.07218908, 0.997384, -0.0037293762), (-0.100309856, 0.9949537, 0.002235212), (-0.10679746, 0.9942785, 0.0021329501), (-0.07218908, 0.997384, -0.0037293762), (-0.10679746, 0.9942785, 0.0021329501), (-0.07297494, 0.997216, -0.015329176), (-0.058650356, 0.99769306, -0.034183014), (0.04114896, -0.9991432, -0.0044393903), (0.012633808, -0.99987775, -0.009223391), (0.03673376, -0.9992307, -0.013738187), (0.04114896, -0.9991432, -0.0044393903), (0.022470988, -0.9996294, -0.015366777), (0.012633808, -0.99987775, -0.009223391), (0.022470988, -0.9996294, -0.015366777), (0.046907768, -0.99850357, -0.028111124), (0.003971049, -0.9998037, -0.019410213), (0.019248696, -0.99968684, -0.01599152), (0.0533172, -0.99802536, -0.033206355), (0.064427696, -0.99750596, -0.02882373), (0.019248696, -0.99968684, -0.01599152), (0.003971049, -0.9998037, -0.019410213), (0.0533172, -0.99802536, -0.033206355), (0.064427696, -0.99750596, -0.02882373), (0.033505626, -0.9990728, -0.027037954), (0.019248696, -0.99968684, -0.01599152), (0.064427696, -0.99750596, -0.02882373), (0.056820158, -0.9980744, -0.024878193), (0.033505626, -0.9990728, -0.027037954), (0.019714415, -0.9997057, -0.014136945), (0.032707702, -0.99904525, -0.02896395), (0.033687964, -0.99871093, -0.03796785), (0.012254383, -0.999605, -0.025291849), (0.032707702, -0.99904525, -0.02896395), (0.019714415, -0.9997057, -0.014136945), (0.032707702, -0.99904525, -0.02896395), (0.012254383, -0.999605, -0.025291849), (0.024561586, -0.9987716, -0.043035038), (-0.035147622, 0.99934435, 0.008695348), (-0.033399895, 0.9994288, 0.0051440755), (-0.026615469, 0.9995806, 0.01141469), (-0.021828795, 0.99975854, -0.0025285846), (-0.034920745, 0.99939, -0.00018875292), (-0.03830329, 0.9992564, 0.004434632), (-0.021828795, 0.99975854, -0.0025285846), (-0.03830329, 0.9992564, 0.004434632), (-0.029749453, 0.9995301, 0.0073739258), (-0.03830329, 0.9992564, 0.004434632), (-0.034920745, 0.99939, -0.00018875292), (-0.041133463, 0.99915355, 0.00034073857), (-0.059643272, 0.99767196, -0.033066437), (-0.100309856, 0.9949537, 0.002235212), (-0.0858167, 0.9962034, 0.014640532), (-0.059643272, 0.99767196, -0.033066437), (-0.068817034, 0.9970069, -0.035233825), (-0.100309856, 0.9949537, 0.002235212), (-0.068693005, 0.99738264, 0.022563834), (-0.10679746, 0.9942785, 0.0021329501), (-0.0825401, 0.9965859, -0.0019134532), (0.003971049, -0.9998037, -0.019410213), (-0.023415176, -0.9994886, -0.021780957), (0.022470988, -0.9996294, -0.015366777), (0.003971049, -0.9998037, -0.019410213), (0.019248696, -0.99968684, -0.01599152), (-0.023992604, -0.9997037, -0.004098453), (-0.012993602, -0.9999108, -0.0031291978), (-0.023992604, -0.9997037, -0.004098453), (0.019248696, -0.99968684, -0.01599152), (0.033505626, -0.9990728, -0.027037954), (0.056820158, -0.9980744, -0.024878193), (0.033687964, -0.99871093, -0.03796785), (0.024561586, -0.9987716, -0.043035038), (0.03290623, -0.99898845, -0.030646855), (0.032707702, -0.99904525, -0.02896395), (0.032707702, -0.99904525, -0.02896395), (0.033485204, -0.9990128, -0.029192124), (0.033687964, -0.99871093, -0.03796785), (0.033485204, -0.9990128, -0.029192124), (0.032707702, -0.99904525, -0.02896395), (0.03290623, -0.99898845, -0.030646855), (0.012633808, -0.99987775, -0.009223391), (-0.03135261, -0.99932307, -0.019248758), (0.010067556, -0.99978334, -0.018220674), (0.010067556, -0.99978334, -0.018220674), (0.03673376, -0.9992307, -0.013738187), (0.012633808, -0.99987775, -0.009223391), (0.012633808, -0.99987775, -0.009223391), (-0.023415176, -0.9994886, -0.021780957), (-0.03135261, -0.99932307, -0.019248758), (-0.039218836, 0.9992305, -0.0004655693), (-0.034920745, 0.99939, -0.00018875292), (-0.033399895, 0.9994288, 0.0051440755), (-0.038657546, 0.9992247, 0.007459381), (-0.033399895, 0.9994288, 0.0051440755), (-0.035147622, 0.99934435, 0.008695348), (-0.039218836, 0.9992305, -0.0004655693), (-0.033399895, 0.9994288, 0.0051440755), (-0.038657546, 0.9992247, 0.007459381), (-0.039218836, 0.9992305, -0.0004655693), (-0.041133463, 0.99915355, 0.00034073857), (-0.034920745, 0.99939, -0.00018875292), (-0.03830329, 0.9992564, 0.004434632), (-0.045862295, 0.99890614, 0.009120768), (-0.029749453, 0.9995301, 0.0073739258), (-0.029749453, 0.9995301, 0.0073739258), (-0.045862295, 0.99890614, 0.009120768), (-0.04450794, 0.9989906, 0.0060641575), (-0.021538027, 0.9997671, -0.0013503222), (-0.029749453, 0.9995301, 0.0073739258), (-0.04450794, 0.9989906, 0.0060641575), (-0.040212236, 0.9987439, -0.029893763), (-0.041797098, 0.99907655, -0.009951854), (-0.021538027, 0.9997671, -0.0013503222), (-0.041797098, 0.99907655, -0.009951854), (-0.040212236, 0.9987439, -0.029893763), (-0.059643272, 0.99767196, -0.033066437), (-0.059643272, 0.99767196, -0.033066437), (-0.058364328, 0.9966785, -0.056793254), (-0.068817034, 0.9970069, -0.035233825), (-0.0825401, 0.9965859, -0.0019134532), (-0.10679746, 0.9942785, 0.0021329501), (-0.100309856, 0.9949537, 0.002235212), (-0.03135261, -0.99932307, -0.019248758), (-0.07637571, -0.997079, -0.00043596159), (-0.049255047, -0.9987341, -0.010207621), (0.022470988, -0.9996294, -0.015366777), (-0.023415176, -0.9994886, -0.021780957), (0.012633808, -0.99987775, -0.009223391), (0.003971049, -0.9998037, -0.019410213), (-0.032689795, -0.9993108, -0.01758183), (-0.023415176, -0.9994886, -0.021780957), (-0.023992604, -0.9997037, -0.004098453), (-0.032689795, -0.9993108, -0.01758183), (0.003971049, -0.9998037, -0.019410213), (0.033505626, -0.9990728, -0.027037954), (-0.012993602, -0.9999108, -0.0031291978), (0.019248696, -0.99968684, -0.01599152), (0.033687964, -0.99871093, -0.03796785), (0.008693964, -0.9997895, -0.018589515), (0.033505626, -0.9990728, -0.027037954), (0.008693964, -0.9997895, -0.018589515), (0.033687964, -0.99871093, -0.03796785), (0.033485204, -0.9990128, -0.029192124), (0.033485204, -0.9990128, -0.029192124), (0.03290623, -0.99898845, -0.030646855), (0.017835647, -0.99962556, -0.020756138), (-0.03830329, 0.9992564, 0.004434632), (-0.041133463, 0.99915355, 0.00034073857), (-0.045862295, 0.99890614, 0.009120768), (-0.040212236, 0.9987439, -0.029893763), (-0.021538027, 0.9997671, -0.0013503222), (-0.04450794, 0.9989906, 0.0060641575), (-0.040212236, 0.9987439, -0.029893763), (-0.058364328, 0.9966785, -0.056793254), (-0.059643272, 0.99767196, -0.033066437), (-0.0825401, 0.9965859, -0.0019134532), (-0.022268167, 0.9994415, 0.02491531), (-0.068693005, 0.99738264, 0.022563834), (-0.03135261, -0.99932307, -0.019248758), (-0.051211074, -0.9985437, -0.01696945), (-0.07637571, -0.997079, -0.00043596159), (-0.051211074, -0.9985437, -0.01696945), (-0.03135261, -0.99932307, -0.019248758), (-0.023415176, -0.9994886, -0.021780957), (-0.032689795, -0.9993108, -0.01758183), (-0.051211074, -0.9985437, -0.01696945), (-0.023415176, -0.9994886, -0.021780957), (-0.034584757, -0.99940115, -0.0011190042), (-0.051211074, -0.9985437, -0.01696945), (-0.032689795, -0.9993108, -0.01758183), (-0.023992604, -0.9997037, -0.004098453), (-0.018778184, -0.9998179, 0.0034110767), (-0.034584757, -0.99940115, -0.0011190042), (-0.012993602, -0.9999108, -0.0031291978), (0.033505626, -0.9990728, -0.027037954), (0.008693964, -0.9997895, -0.018589515), (0.017835647, -0.99962556, -0.020756138), (0.008693964, -0.9997895, -0.018589515), (0.033485204, -0.9990128, -0.029192124), (0.020342976, -0.9980583, -0.05887038), (0.03290623, -0.99898845, -0.030646855), (0.024561586, -0.9987716, -0.043035038), (0.9998992, -0.012907302, 0.005926519), (0.9999276, 0.010328699, 0.0061784447), (0.89033616, 0.44783086, -0.08215329), (0.89033616, 0.44783086, -0.08215329), (0.9999276, 0.010328699, 0.0061784447), (0.75991124, 0.64869076, -0.04165625), (0.89033616, 0.44783086, -0.08215329), (0.88939345, 0.45621896, 0.02904114), (0.9998992, -0.012907302, 0.005926519), (0.9999889, 0.0037878512, 0.0028063762), (0.99985707, 0.012361079, -0.011536703), (0.79352546, 0.6085059, -0.0061605894), (0.70737594, 0.7067959, -0.0076820264), (0.999652, 0.026132971, 0.0036043813), (0.79352546, 0.6085059, -0.0061605894), (0.75271606, 0.6564551, -0.04985194), (0.99849063, 0.053356238, -0.013022046), (0.70737594, 0.7067959, -0.0076820264), (0.999652, 0.026132971, 0.0036043813), (0.70737594, 0.7067959, -0.0076820264), (0.99849063, 0.053356238, -0.013022046), (0.9993579, 0.035744116, -0.0024997292), (0.75271606, 0.6564551, -0.04985194), (0.780508, 0.62512356, -0.0052786972), (0.740964, 0.67153126, -0.0042667836), (0.99974155, 0.022704445, -0.0011716996), (0.780508, 0.62512356, -0.0052786972), (0.740964, 0.67153126, -0.0042667836), (0.9999187, 0.008917492, 0.00911658), (0.99974155, 0.022704445, -0.0011716996), (0.9998992, -0.012907302, 0.005926519), (0.88939345, 0.45621896, 0.02904114), (0.99960077, 0.028055632, 0.0033504933), (0.7516891, 0.6583629, 0.039011866), (0.99960077, 0.028055632, 0.0033504933), (0.88939345, 0.45621896, 0.02904114), (0.99985707, 0.012361079, -0.011536703), (0.99960077, 0.028055632, 0.0033504933), (0.7516891, 0.6583629, 0.039011866), (0.79352546, 0.6085059, -0.0061605894), (0.999652, 0.026132971, 0.0036043813), (0.9999889, 0.0037878512, 0.0028063762), (0.9999889, 0.0037878512, 0.0028063762), (0.999652, 0.026132971, 0.0036043813), (0.9980853, -0.061849587, -0.0006481327), (0.999652, 0.026132971, 0.0036043813), (0.99849063, 0.053356238, -0.013022046), (0.9994267, -0.033625145, -0.003933814), (0.9994267, -0.033625145, -0.003933814), (0.99849063, 0.053356238, -0.013022046), (0.9993579, 0.035744116, -0.0024997292), (0.75271606, 0.6564551, -0.04985194), (0.9993579, 0.035744116, -0.0024997292), (0.99849063, 0.053356238, -0.013022046), (0.9993579, 0.035744116, -0.0024997292), (0.780508, 0.62512356, -0.0052786972), (0.99974155, 0.022704445, -0.0011716996), (0.9995038, -0.031010764, 0.005521185), (0.9993579, 0.035744116, -0.0024997292), (0.99974155, 0.022704445, -0.0011716996), (0.9999276, 0.010328699, 0.0061784447), (0.9998992, -0.012907302, 0.005926519), (0.9986073, -0.052656673, -0.0032535337), (0.99960077, 0.028055632, 0.0033504933), (0.9961558, -0.08756457, 0.0024623983), (0.9998992, -0.012907302, 0.005926519), (0.9961558, -0.08756457, 0.0024623983), (0.99960077, 0.028055632, 0.0033504933), (0.99985707, 0.012361079, -0.011536703), (0.9980853, -0.061849587, -0.0006481327), (0.999652, 0.026132971, 0.0036043813), (0.9994267, -0.033625145, -0.003933814), (0.9995038, -0.031010764, 0.005521185), (0.99974155, 0.022704445, -0.0011716996), (0.9997475, -0.022445412, 0.001094099), (0.9997475, -0.022445412, 0.001094099), (0.99974155, 0.022704445, -0.0011716996), (0.9999187, 0.008917492, 0.00911658), (0.99985707, 0.012361079, -0.011536703), (0.8358097, -0.5477755, 0.03693516), (0.9961558, -0.08756457, 0.0024623983), (0.8358097, -0.5477755, 0.03693516), (0.6196226, -0.78342915, -0.048027568), (0.9961558, -0.08756457, 0.0024623983), (0.9999889, 0.0037878512, 0.0028063762), (0.8358097, -0.5477755, 0.03693516), (0.99985707, 0.012361079, -0.011536703), (0.9999889, 0.0037878512, 0.0028063762), (0.9980853, -0.061849587, -0.0006481327), (0.8358097, -0.5477755, 0.03693516), (0.9980853, -0.061849587, -0.0006481327), (0.6231019, -0.7821339, 0.0032812885), (0.8358097, -0.5477755, 0.03693516), (0.9994267, -0.033625145, -0.003933814), (0.6649101, -0.74691814, 0.0028139567), (0.9980853, -0.061849587, -0.0006481327), (0.9994267, -0.033625145, -0.003933814), (0.9993579, 0.035744116, -0.0024997292), (0.9995038, -0.031010764, 0.005521185), (0.7761264, -0.6305397, -0.0068867593), (0.9995038, -0.031010764, 0.005521185), (0.9997475, -0.022445412, 0.001094099), (0.9997475, -0.022445412, 0.001094099), (0.9999187, 0.008917492, 0.00911658), (0.7830276, -0.6204445, 0.04377599), (0.9986073, -0.052656673, -0.0032535337), (0.690855, -0.72299266, -0.0009521394), (0.7085246, -0.70507085, -0.029462487), (0.690855, -0.72299266, -0.0009521394), (0.9986073, -0.052656673, -0.0032535337), (0.9998992, -0.012907302, 0.005926519), (0.9998992, -0.012907302, 0.005926519), (0.9961558, -0.08756457, 0.0024623983), (0.690855, -0.72299266, -0.0009521394), (0.6649101, -0.74691814, 0.0028139567), (0.6231019, -0.7821339, 0.0032812885), (0.9980853, -0.061849587, -0.0006481327), (0.9994267, -0.033625145, -0.003933814), (0.6544288, -0.7558762, 0.019344069), (0.6649101, -0.74691814, 0.0028139567), (0.9995038, -0.031010764, 0.005521185), (0.6544288, -0.7558762, 0.019344069), (0.9994267, -0.033625145, -0.003933814), (0.9995038, -0.031010764, 0.005521185), (0.7761264, -0.6305397, -0.0068867593), (0.6544288, -0.7558762, 0.019344069), (0.7761264, -0.6305397, -0.0068867593), (0.9997475, -0.022445412, 0.001094099), (0.7830276, -0.6204445, 0.04377599), (0.3530556, 0.93250936, -0.0760125), (0.89033616, 0.44783086, -0.08215329), (0.75991124, 0.64869076, -0.04165625), (0.3530556, 0.93250936, -0.0760125), (0.88939345, 0.45621896, 0.02904114), (0.89033616, 0.44783086, -0.08215329), (0.27755937, 0.95999306, 0.037068438), (0.88939345, 0.45621896, 0.02904114), (0.3530556, 0.93250936, -0.0760125), (0.88939345, 0.45621896, 0.02904114), (0.27755937, 0.95999306, 0.037068438), (0.7516891, 0.6583629, 0.039011866), (0.7516891, 0.6583629, 0.039011866), (0.16699222, 0.9854923, -0.030309107), (0.79352546, 0.6085059, -0.0061605894), (0.15264294, 0.988268, 0.0051471177), (0.79352546, 0.6085059, -0.0061605894), (0.16699222, 0.9854923, -0.030309107), (0.79352546, 0.6085059, -0.0061605894), (0.15264294, 0.988268, 0.0051471177), (0.70737594, 0.7067959, -0.0076820264), (0.12414017, 0.9901453, -0.06481964), (0.70737594, 0.7067959, -0.0076820264), (0.15264294, 0.988268, 0.0051471177), (0.12414017, 0.9901453, -0.06481964), (0.75271606, 0.6564551, -0.04985194), (0.70737594, 0.7067959, -0.0076820264), (0.12414017, 0.9901453, -0.06481964), (0.13530877, 0.9897316, -0.046077028), (0.75271606, 0.6564551, -0.04985194), (0.75271606, 0.6564551, -0.04985194), (0.13530877, 0.9897316, -0.046077028), (0.16221838, 0.98671544, -0.008815524), (0.16221838, 0.98671544, -0.008815524), (0.740964, 0.67153126, -0.0042667836), (0.780508, 0.62512356, -0.0052786972), (0.780508, 0.62512356, -0.0052786972), (0.75271606, 0.6564551, -0.04985194), (0.16221838, 0.98671544, -0.008815524), (0.690855, -0.72299266, -0.0009521394), (-0.035121046, -0.99934614, -0.008590714), (0.7085246, -0.70507085, -0.029462487), (0.9961558, -0.08756457, 0.0024623983), (0.6196226, -0.78342915, -0.048027568), (0.690855, -0.72299266, -0.0009521394), (0.0062919785, -0.9997481, -0.021544721), (-0.032280274, -0.999477, -0.0019586738), (0.6196226, -0.78342915, -0.048027568), (0.0062919785, -0.9997481, -0.021544721), (0.6196226, -0.78342915, -0.048027568), (0.8358097, -0.5477755, 0.03693516), (0.14600672, -0.98397774, 0.102322415), (0.0062919785, -0.9997481, -0.021544721), (0.8358097, -0.5477755, 0.03693516), (0.8358097, -0.5477755, 0.03693516), (0.6231019, -0.7821339, 0.0032812885), (0.14600672, -0.98397774, 0.102322415), (0.6649101, -0.74691814, 0.0028139567), (-0.09269701, -0.99512017, -0.033810023), (0.6231019, -0.7821339, 0.0032812885), (0.6649101, -0.74691814, 0.0028139567), (-0.08733797, -0.99478275, 0.052719567), (-0.09269701, -0.99512017, -0.033810023), (0.028635796, -0.99919605, 0.028056221), (0.6544288, -0.7558762, 0.019344069), (0.7761264, -0.6305397, -0.0068867593), (0.0761615, -0.9961351, 0.043754518), (0.7761264, -0.6305397, -0.0068867593), (0.7830276, -0.6204445, 0.04377599), (0.15812124, 0.9869128, -0.03163621), (0.1584585, 0.98731774, -0.009734529), (0.15386005, 0.98808, -0.0049987356), (0.15812124, 0.9869128, -0.03163621), (0.15386005, 0.98808, -0.0049987356), (0.3530556, 0.93250936, -0.0760125), (0.15386005, 0.98808, -0.0049987356), (0.27755937, 0.95999306, 0.037068438), (0.3530556, 0.93250936, -0.0760125), (0.27755937, 0.95999306, 0.037068438), (0.15386005, 0.98808, -0.0049987356), (0.14537059, 0.98937535, -0.001985037), (0.7516891, 0.6583629, 0.039011866), (0.27755937, 0.95999306, 0.037068438), (0.16699222, 0.9854923, -0.030309107), (0.13530877, 0.9897316, -0.046077028), (0.11830941, 0.99283636, -0.016695531), (0.16221838, 0.98671544, -0.008815524), (-0.035121046, -0.99934614, -0.008590714), (0.016406514, -0.9994404, -0.02915147), (0.7085246, -0.70507085, -0.029462487), (-0.035121046, -0.99934614, -0.008590714), (0.690855, -0.72299266, -0.0009521394), (-0.032280274, -0.999477, -0.0019586738), (0.6196226, -0.78342915, -0.048027568), (-0.032280274, -0.999477, -0.0019586738), (0.690855, -0.72299266, -0.0009521394), (0.14600672, -0.98397774, 0.102322415), (0.6231019, -0.7821339, 0.0032812885), (-0.09269701, -0.99512017, -0.033810023), (-0.08733797, -0.99478275, 0.052719567), (0.6649101, -0.74691814, 0.0028139567), (0.6544288, -0.7558762, 0.019344069), (0.028635796, -0.99919605, 0.028056221), (-0.08733797, -0.99478275, 0.052719567), (0.6544288, -0.7558762, 0.019344069), (0.028635796, -0.99919605, 0.028056221), (-0.16053106, -0.98357683, 0.08250044), (-0.08733797, -0.99478275, 0.052719567), (-0.13138184, -0.98964995, 0.05772291), (-0.16053106, -0.98357683, 0.08250044), (0.028635796, -0.99919605, 0.028056221), (-0.13138184, -0.98964995, 0.05772291), (0.028635796, -0.99919605, 0.028056221), (0.0761615, -0.9961351, 0.043754518), (0.028635796, -0.99919605, 0.028056221), (0.7761264, -0.6305397, -0.0068867593), (0.0761615, -0.9961351, 0.043754518), (0.14040646, 0.98993444, -0.01776835), (0.14537059, 0.98937535, -0.001985037), (0.15386005, 0.98808, -0.0049987356), (0.27755937, 0.95999306, 0.037068438), (0.14537059, 0.98937535, -0.001985037), (0.16699222, 0.9854923, -0.030309107), (0.16699222, 0.9854923, -0.030309107), (0.12055974, 0.99207187, -0.03547909), (0.15264294, 0.988268, 0.0051471177), (0.11452139, 0.99310154, -0.025184778), (0.15264294, 0.988268, 0.0051471177), (0.12055974, 0.99207187, -0.03547909), (0.15264294, 0.988268, 0.0051471177), (0.11452139, 0.99310154, -0.025184778), (0.12414017, 0.9901453, -0.06481964), (0.11452139, 0.99310154, -0.025184778), (0.10019072, 0.9931664, -0.05985355), (0.12414017, 0.9901453, -0.06481964), (0.12414017, 0.9901453, -0.06481964), (0.10019072, 0.9931664, -0.05985355), (0.13530877, 0.9897316, -0.046077028), (0.12539083, 0.9920069, -0.014123159), (0.11830941, 0.99283636, -0.016695531), (0.11978983, 0.9922134, -0.03410439), (0.121650346, 0.9924964, -0.012329831), (0.16221838, 0.98671544, -0.008815524), (0.11830941, 0.99283636, -0.016695531), (0.11830941, 0.99283636, -0.016695531), (0.12038877, 0.99242586, -0.024444187), (0.121650346, 0.9924964, -0.012329831), (0.14600672, -0.98397774, 0.102322415), (-0.10122032, -0.9936636, -0.048858926), (0.0062919785, -0.9997481, -0.021544721), (-0.10122032, -0.9936636, -0.048858926), (0.14600672, -0.98397774, 0.102322415), (-0.09269701, -0.99512017, -0.033810023), (-0.08733797, -0.99478275, 0.052719567), (-0.13516283, -0.99081326, 0.004467783), (-0.09269701, -0.99512017, -0.033810023), (-0.06919373, -0.99657506, 0.04528142), (-0.15806398, -0.985039, 0.06865746), (0.0761615, -0.9961351, 0.043754518), (0.15386005, 0.98808, -0.0049987356), (0.1584585, 0.98731774, -0.009734529), (0.14040646, 0.98993444, -0.01776835), (0.14040646, 0.98993444, -0.01776835), (0.11714127, 0.9928743, -0.021877421), (0.14537059, 0.98937535, -0.001985037), (0.16699222, 0.9854923, -0.030309107), (0.14537059, 0.98937535, -0.001985037), (0.11714127, 0.9928743, -0.021877421), (0.11714127, 0.9928743, -0.021877421), (0.12055974, 0.99207187, -0.03547909), (0.16699222, 0.9854923, -0.030309107), (0.10019072, 0.9931664, -0.05985355), (0.11452139, 0.99310154, -0.025184778), (0.10788081, 0.99283123, -0.051457513), (0.11978983, 0.9922134, -0.03410439), (0.13530877, 0.9897316, -0.046077028), (0.10019072, 0.9931664, -0.05985355), (0.13530877, 0.9897316, -0.046077028), (0.11978983, 0.9922134, -0.03410439), (0.11830941, 0.99283636, -0.016695531), (0.11830941, 0.99283636, -0.016695531), (0.12539083, 0.9920069, -0.014123159), (0.12038877, 0.99242586, -0.024444187), (-0.12525162, -0.9918956, 0.021332746), (-0.035121046, -0.99934614, -0.008590714), (-0.10661255, -0.9942986, -0.0020616206), (-0.10661255, -0.9942986, -0.0020616206), (-0.035121046, -0.99934614, -0.008590714), (-0.032280274, -0.999477, -0.0019586738), (-0.11388468, -0.99348325, -0.0046332856), (-0.10661255, -0.9942986, -0.0020616206), (-0.032280274, -0.999477, -0.0019586738), (0.0062919785, -0.9997481, -0.021544721), (-0.11388468, -0.99348325, -0.0046332856), (-0.032280274, -0.999477, -0.0019586738), (-0.10122032, -0.9936636, -0.048858926), (-0.11842944, -0.9927312, -0.02143191), (0.0062919785, -0.9997481, -0.021544721), (-0.10122032, -0.9936636, -0.048858926), (-0.11560736, -0.99173594, -0.055629794), (-0.11842944, -0.9927312, -0.02143191), (-0.10122032, -0.9936636, -0.048858926), (-0.12003899, -0.9907591, -0.063145496), (-0.11560736, -0.99173594, -0.055629794), (-0.09269701, -0.99512017, -0.033810023), (-0.12003899, -0.9907591, -0.063145496), (-0.10122032, -0.9936636, -0.048858926), (-0.09269701, -0.99512017, -0.033810023), (-0.13516283, -0.99081326, 0.004467783), (-0.12003899, -0.9907591, -0.063145496), (-0.16053106, -0.98357683, 0.08250044), (-0.13516283, -0.99081326, 0.004467783), (-0.08733797, -0.99478275, 0.052719567), (-0.13516283, -0.99081326, 0.004467783), (-0.16053106, -0.98357683, 0.08250044), (-0.15515332, -0.98714626, 0.038337316), (-0.15515332, -0.98714626, 0.038337316), (-0.16053106, -0.98357683, 0.08250044), (-0.17892876, -0.98102933, 0.07460525), (-0.13138184, -0.98964995, 0.05772291), (-0.17892876, -0.98102933, 0.07460525), (-0.16053106, -0.98357683, 0.08250044), (0.0761615, -0.9961351, 0.043754518), (-0.15806398, -0.985039, 0.06865746), (-0.13138184, -0.98964995, 0.05772291), (-0.15806398, -0.985039, 0.06865746), (-0.17892876, -0.98102933, 0.07460525), (-0.13138184, -0.98964995, 0.05772291), (0.14040646, 0.98993444, -0.01776835), (0.18542074, 0.981498, -0.047757775), (0.11802525, 0.9914279, -0.056042515), (0.11714127, 0.9928743, -0.021877421), (0.14040646, 0.98993444, -0.01776835), (0.10264466, 0.9942032, -0.032001313), (0.18542074, 0.981498, -0.047757775), (0.14040646, 0.98993444, -0.01776835), (0.1584585, 0.98731774, -0.009734529), (0.11714127, 0.9928743, -0.021877421), (0.10200631, 0.99433994, -0.029711522), (0.12055974, 0.99207187, -0.03547909), (0.12055974, 0.99207187, -0.03547909), (0.109680854, 0.9933819, -0.034095943), (0.11452139, 0.99310154, -0.025184778), (0.11452139, 0.99310154, -0.025184778), (0.109680854, 0.9933819, -0.034095943), (0.10788081, 0.99283123, -0.051457513), (0.10788081, 0.99283123, -0.051457513), (0.10642401, 0.9935577, -0.03894978), (0.10019072, 0.9931664, -0.05985355), (0.11978983, 0.9922134, -0.03410439), (0.10019072, 0.9931664, -0.05985355), (0.10642401, 0.9935577, -0.03894978), (0.12038877, 0.99242586, -0.024444187), (0.12539083, 0.9920069, -0.014123159), (0.12626627, 0.99136144, -0.035485618), (-0.13023461, -0.98977757, 0.058131415), (-0.12525162, -0.9918956, 0.021332746), (-0.11438649, -0.992954, 0.030954825), (-0.12525162, -0.9918956, 0.021332746), (-0.10661255, -0.9942986, -0.0020616206), (-0.11438649, -0.992954, 0.030954825), (-0.094559506, -0.99548054, -0.008772546), (-0.11438649, -0.992954, 0.030954825), (-0.10661255, -0.9942986, -0.0020616206), (-0.094559506, -0.99548054, -0.008772546), (-0.10661255, -0.9942986, -0.0020616206), (-0.11388468, -0.99348325, -0.0046332856), (-0.11388468, -0.99348325, -0.0046332856), (0.0062919785, -0.9997481, -0.021544721), (-0.11842944, -0.9927312, -0.02143191), (-0.13516283, -0.99081326, 0.004467783), (-0.1101657, -0.9925397, -0.052234534), (-0.12003899, -0.9907591, -0.063145496), (-0.11560736, -0.99173594, -0.055629794), (-0.12003899, -0.9907591, -0.063145496), (-0.1101657, -0.9925397, -0.052234534), (-0.15806398, -0.985039, 0.06865746), (-0.12557733, -0.9877346, 0.09279377), (-0.17892876, -0.98102933, 0.07460525), (0.10264466, 0.9942032, -0.032001313), (0.14040646, 0.98993444, -0.01776835), (0.11802525, 0.9914279, -0.056042515), (0.10264466, 0.9942032, -0.032001313), (0.10200631, 0.99433994, -0.029711522), (0.11714127, 0.9928743, -0.021877421), (0.10200631, 0.99433994, -0.029711522), (0.060812723, 0.9973098, -0.040926713), (0.109680854, 0.9933819, -0.034095943), (0.10200631, 0.99433994, -0.029711522), (0.109680854, 0.9933819, -0.034095943), (0.12055974, 0.99207187, -0.03547909), (0.07947892, 0.9957485, -0.046561133), (0.10788081, 0.99283123, -0.051457513), (0.109680854, 0.9933819, -0.034095943), (0.10788081, 0.99283123, -0.051457513), (0.07947892, 0.9957485, -0.046561133), (0.10642401, 0.9935577, -0.03894978), (0.10642401, 0.9935577, -0.03894978), (0.12539083, 0.9920069, -0.014123159), (0.11978983, 0.9922134, -0.03410439), (0.12539083, 0.9920069, -0.014123159), (0.12072287, 0.99265933, -0.007308467), (0.12626627, 0.99136144, -0.035485618), (-0.094559506, -0.99548054, -0.008772546), (-0.1032865, -0.9942425, 0.028528035), (-0.11438649, -0.992954, 0.030954825), (-0.09407933, -0.9954763, -0.013262206), (-0.11388468, -0.99348325, -0.0046332856), (-0.11842944, -0.9927312, -0.02143191), (-0.09407933, -0.9954763, -0.013262206), (-0.094559506, -0.99548054, -0.008772546), (-0.11388468, -0.99348325, -0.0046332856), (-0.09407933, -0.9954763, -0.013262206), (-0.11842944, -0.9927312, -0.02143191), (-0.086408734, -0.9956259, -0.035533622), (-0.11560736, -0.99173594, -0.055629794), (-0.086408734, -0.9956259, -0.035533622), (-0.11842944, -0.9927312, -0.02143191), (-0.1101657, -0.9925397, -0.052234534), (-0.06365707, -0.996255, -0.058512565), (-0.11560736, -0.99173594, -0.055629794), (-0.13516283, -0.99081326, 0.004467783), (-0.11093241, -0.993765, -0.01118913), (-0.1101657, -0.9925397, -0.052234534), (-0.15515332, -0.98714626, 0.038337316), (-0.11093241, -0.993765, -0.01118913), (-0.13516283, -0.99081326, 0.004467783), (-0.15515332, -0.98714626, 0.038337316), (-0.081726044, -0.99616605, 0.031208137), (-0.11093241, -0.993765, -0.01118913), (-0.15515332, -0.98714626, 0.038337316), (-0.17892876, -0.98102933, 0.07460525), (-0.081726044, -0.99616605, 0.031208137), (-0.081726044, -0.99616605, 0.031208137), (-0.17892876, -0.98102933, 0.07460525), (-0.0806787, -0.99417454, 0.07146897), (-0.15806398, -0.985039, 0.06865746), (-0.13625097, -0.9872927, 0.08178536), (-0.12557733, -0.9877346, 0.09279377), (-0.12557733, -0.9877346, 0.09279377), (-0.0806787, -0.99417454, 0.07146897), (-0.17892876, -0.98102933, 0.07460525), (0.10264466, 0.9942032, -0.032001313), (0.06645627, 0.9969799, -0.0401821), (0.10200631, 0.99433994, -0.029711522), (0.060812723, 0.9973098, -0.040926713), (0.057062384, 0.9979464, -0.029100087), (0.07947892, 0.9957485, -0.046561133), (0.060812723, 0.9973098, -0.040926713), (0.07947892, 0.9957485, -0.046561133), (0.109680854, 0.9933819, -0.034095943), (0.07947892, 0.9957485, -0.046561133), (0.08962718, 0.9958633, -0.014943318), (0.10642401, 0.9935577, -0.03894978), (0.08962718, 0.9958633, -0.014943318), (0.07947892, 0.9957485, -0.046561133), (0.057062384, 0.9979464, -0.029100087), (0.11364364, 0.99349374, -0.0074260514), (0.12539083, 0.9920069, -0.014123159), (0.10642401, 0.9935577, -0.03894978), (0.11364364, 0.99349374, -0.0074260514), (0.12072287, 0.99265933, -0.007308467), (0.12539083, 0.9920069, -0.014123159), (0.12626627, 0.99136144, -0.035485618), (0.14599371, 0.98827434, -0.0447179), (0.116989754, 0.9914298, -0.05814172), (-0.1032865, -0.9942425, 0.028528035), (-0.10116144, -0.9933179, 0.055552512), (-0.11438649, -0.992954, 0.030954825), (-0.08079063, -0.99669516, 0.008457725), (-0.094559506, -0.99548054, -0.008772546), (-0.09407933, -0.9954763, -0.013262206), (-0.11560736, -0.99173594, -0.055629794), (-0.06365707, -0.996255, -0.058512565), (-0.086408734, -0.9956259, -0.035533622), (-0.081726044, -0.99616605, 0.031208137), (-0.062118694, -0.9977731, -0.024292238), (-0.11093241, -0.993765, -0.01118913), (-0.0806787, -0.99417454, 0.07146897), (-0.033800926, -0.9981371, 0.05079203), (-0.081726044, -0.99616605, 0.031208137), (-0.0806787, -0.99417454, 0.07146897), (-0.05814829, -0.9946359, 0.085546836), (-0.033800926, -0.9981371, 0.05079203), (0.11802525, 0.9914279, -0.056042515), (0.067593776, 0.9944492, -0.08063442), (0.07578543, 0.9960334, -0.046627853), (0.14004722, 0.9861932, -0.088372834), (0.067593776, 0.9944492, -0.08063442), (0.11802525, 0.9914279, -0.056042515), (0.067593776, 0.9944492, -0.08063442), (0.0609507, 0.9966904, -0.05378985), (0.07578543, 0.9960334, -0.046627853), (0.11802525, 0.9914279, -0.056042515), (0.07578543, 0.9960334, -0.046627853), (0.10264466, 0.9942032, -0.032001313), (0.10264466, 0.9942032, -0.032001313), (0.07578543, 0.9960334, -0.046627853), (0.06645627, 0.9969799, -0.0401821), (0.10200631, 0.99433994, -0.029711522), (0.06645627, 0.9969799, -0.0401821), (0.060812723, 0.9973098, -0.040926713), (0.08962718, 0.9958633, -0.014943318), (0.11364364, 0.99349374, -0.0074260514), (0.10642401, 0.9935577, -0.03894978), (0.08962718, 0.9958633, -0.014943318), (0.10307969, 0.9946718, -0.0016501652), (0.11364364, 0.99349374, -0.0074260514), (0.11364364, 0.99349374, -0.0074260514), (0.10307969, 0.9946718, -0.0016501652), (0.12072287, 0.99265933, -0.007308467), (0.10374942, 0.99459696, 0.0035812561), (0.12072287, 0.99265933, -0.007308467), (0.10307969, 0.9946718, -0.0016501652), (-0.06365707, -0.996255, -0.058512565), (-0.1101657, -0.9925397, -0.052234534), (-0.062118694, -0.9977731, -0.024292238), (-0.081726044, -0.99616605, 0.031208137), (-0.0023324261, -0.9998546, 0.016892556), (-0.062118694, -0.9977731, -0.024292238), (-0.033800926, -0.9981371, 0.05079203), (-0.0023324261, -0.9998546, 0.016892556), (-0.081726044, -0.99616605, 0.031208137), (-0.0878761, -0.99535906, 0.039220024), (-0.1032865, -0.9942425, 0.028528035), (-0.08079063, -0.99669516, 0.008457725), (-0.094559506, -0.99548054, -0.008772546), (-0.08079063, -0.99669516, 0.008457725), (-0.1032865, -0.9942425, 0.028528035), (-0.060605705, -0.9980169, -0.017005328), (-0.09407933, -0.9954763, -0.013262206), (-0.086408734, -0.9956259, -0.035533622), (-0.09407933, -0.9954763, -0.013262206), (-0.060605705, -0.9980169, -0.017005328), (-0.08079063, -0.99669516, 0.008457725), (-0.06365707, -0.996255, -0.058512565), (-0.054406848, -0.99812007, -0.028219065), (-0.086408734, -0.9956259, -0.035533622), (-0.062118694, -0.9977731, -0.024292238), (-0.1101657, -0.9925397, -0.052234534), (-0.11093241, -0.993765, -0.01118913), (-0.05814829, -0.9946359, 0.085546836), (-0.0806787, -0.99417454, 0.07146897), (-0.12557733, -0.9877346, 0.09279377), (0.0609507, 0.9966904, -0.05378985), (0.067593776, 0.9944492, -0.08063442), (0.050214108, 0.9968258, -0.06178077), (0.056306165, 0.9970475, -0.052211367), (0.06645627, 0.9969799, -0.0401821), (0.07578543, 0.9960334, -0.046627853), (0.06645627, 0.9969799, -0.0401821), (0.04884061, 0.99778765, -0.04510326), (0.060812723, 0.9973098, -0.040926713), (0.057062384, 0.9979464, -0.029100087), (0.060812723, 0.9973098, -0.040926713), (0.04884061, 0.99778765, -0.04510326), (0.04884061, 0.99778765, -0.04510326), (0.06727716, 0.997557, -0.01881232), (0.057062384, 0.9979464, -0.029100087), (0.08962718, 0.9958633, -0.014943318), (0.09409597, 0.99552894, 0.008247606), (0.10307969, 0.9946718, -0.0016501652), (0.08083382, 0.99672526, 0.002168575), (0.08962718, 0.9958633, -0.014943318), (0.057062384, 0.9979464, -0.029100087), (0.10374942, 0.99459696, 0.0035812561), (0.10615885, 0.9943261, 0.0067713517), (0.12072287, 0.99265933, -0.007308467), (-0.037832197, -0.99924225, 0.009157067), (-0.0878761, -0.99535906, 0.039220024), (-0.025703413, -0.9996395, 0.007757672), (-0.06365707, -0.996255, -0.058512565), (-0.023450883, -0.9989543, -0.039246656), (-0.054406848, -0.99812007, -0.028219065), (-0.062118694, -0.9977731, -0.024292238), (-0.0029245496, -0.99942863, -0.033672687), (-0.06365707, -0.996255, -0.058512565), (-0.062118694, -0.9977731, -0.024292238), (-0.0023324261, -0.9998546, 0.016892556), (-0.0029245496, -0.99942863, -0.033672687), (-0.037832197, -0.99924225, 0.009157067), (-0.10116144, -0.9933179, 0.055552512), (-0.0878761, -0.99535906, 0.039220024), (-0.1032865, -0.9942425, 0.028528035), (-0.0878761, -0.99535906, 0.039220024), (-0.10116144, -0.9933179, 0.055552512), (-0.0670695, -0.9975392, 0.02042493), (-0.025703413, -0.9996395, 0.007757672), (-0.0878761, -0.99535906, 0.039220024), (-0.0670695, -0.9975392, 0.02042493), (-0.0878761, -0.99535906, 0.039220024), (-0.08079063, -0.99669516, 0.008457725), (-0.060605705, -0.9980169, -0.017005328), (-0.078983404, -0.996874, -0.0020051175), (-0.08079063, -0.99669516, 0.008457725), (-0.078983404, -0.996874, -0.0020051175), (-0.0670695, -0.9975392, 0.02042493), (-0.08079063, -0.99669516, 0.008457725), (-0.060605705, -0.9980169, -0.017005328), (-0.086408734, -0.9956259, -0.035533622), (-0.054406848, -0.99812007, -0.028219065), (-0.033800926, -0.9981371, 0.05079203), (-0.053894956, -0.99741745, 0.04747387), (-0.012325338, -0.9996253, 0.024438336), (-0.05814829, -0.9946359, 0.085546836), (-0.053894956, -0.99741745, 0.04747387), (-0.033800926, -0.9981371, 0.05079203), (-0.08219827, -0.9941943, 0.06943399), (-0.053894956, -0.99741745, 0.04747387), (-0.05814829, -0.9946359, 0.085546836), (0.07578543, 0.9960334, -0.046627853), (0.0609507, 0.9966904, -0.05378985), (0.056306165, 0.9970475, -0.052211367), (0.056306165, 0.9970475, -0.052211367), (0.0609507, 0.9966904, -0.05378985), (0.040084127, 0.99801767, -0.048518777), (0.056306165, 0.9970475, -0.052211367), (0.06319298, 0.99701256, -0.044414047), (0.04884061, 0.99778765, -0.04510326), (0.06727716, 0.997557, -0.01881232), (0.08083382, 0.99672526, 0.002168575), (0.057062384, 0.9979464, -0.029100087), (0.08962718, 0.9958633, -0.014943318), (0.08083382, 0.99672526, 0.002168575), (0.09409597, 0.99552894, 0.008247606), (0.09409597, 0.99552894, 0.008247606), (0.10374942, 0.99459696, 0.0035812561), (0.10307969, 0.9946718, -0.0016501652), (0.09177585, 0.99556607, 0.020627001), (0.09409597, 0.99552894, 0.008247606), (0.08083382, 0.99672526, 0.002168575), (-0.023450883, -0.9989543, -0.039246656), (-0.06365707, -0.996255, -0.058512565), (-0.0029245496, -0.99942863, -0.033672687), (-0.0023324261, -0.9998546, 0.016892556), (-0.012325338, -0.9996253, 0.024438336), (-0.019729871, -0.9998052, 0.00054242933), (-0.033800926, -0.9981371, 0.05079203), (-0.012325338, -0.9996253, 0.024438336), (-0.0023324261, -0.9998546, 0.016892556), (-0.012325338, -0.9996253, 0.024438336), (-0.053894956, -0.99741745, 0.04747387), (-0.06276731, -0.9980253, -0.0024367722), (-0.054406848, -0.99812007, -0.028219065), (-0.078983404, -0.996874, -0.0020051175), (-0.060605705, -0.9980169, -0.017005328), (-0.08219827, -0.9941943, 0.06943399), (-0.08573171, -0.99570096, 0.035068817), (-0.053894956, -0.99741745, 0.04747387), (0.029053727, 0.9985572, -0.04516031), (0.056306165, 0.9970475, -0.052211367), (0.040084127, 0.99801767, -0.048518777), (0.06319298, 0.99701256, -0.044414047), (0.06727716, 0.997557, -0.01881232), (0.04884061, 0.99778765, -0.04510326), (0.06319298, 0.99701256, -0.044414047), (0.07523105, 0.99702287, -0.016900457), (0.06727716, 0.997557, -0.01881232), (0.07966528, 0.9967975, 0.006938926), (0.08083382, 0.99672526, 0.002168575), (0.06727716, 0.997557, -0.01881232), (0.10374942, 0.99459696, 0.0035812561), (0.09409597, 0.99552894, 0.008247606), (0.10645076, 0.9942586, 0.010864566), (0.09177585, 0.99556607, 0.020627001), (0.10645076, 0.9942586, 0.010864566), (0.09409597, 0.99552894, 0.008247606), (0.10645076, 0.9942586, 0.010864566), (0.10615885, 0.9943261, 0.0067713517), (0.10374942, 0.99459696, 0.0035812561), (-0.061218526, -0.9980999, 0.0069854734), (-0.042768363, -0.99908125, -0.0027443347), (-0.04317114, -0.999026, 0.009128541), (-0.0029245496, -0.99942863, -0.033672687), (-0.026911058, -0.9995319, -0.014548833), (-0.023450883, -0.9989543, -0.039246656), (-0.042768363, -0.99908125, -0.0027443347), (-0.023450883, -0.9989543, -0.039246656), (-0.026911058, -0.9995319, -0.014548833), (-0.0029245496, -0.99942863, -0.033672687), (0.0019160116, -0.99998146, -0.0057755904), (-0.026911058, -0.9995319, -0.014548833), (-0.0023324261, -0.9998546, 0.016892556), (0.0019160116, -0.99998146, -0.0057755904), (-0.0029245496, -0.99942863, -0.033672687), (-0.0023324261, -0.9998546, 0.016892556), (-0.019729871, -0.9998052, 0.00054242933), (0.0019160116, -0.99998146, -0.0057755904), (-0.019729871, -0.9998052, 0.00054242933), (-0.0653703, -0.9977696, -0.01351348), (0.0019160116, -0.99998146, -0.0057755904), (-0.019729871, -0.9998052, 0.00054242933), (-0.012325338, -0.9996253, 0.024438336), (-0.06276731, -0.9980253, -0.0024367722), (-0.06276731, -0.9980253, -0.0024367722), (-0.053894956, -0.99741745, 0.04747387), (-0.08573171, -0.99570096, 0.035068817), (-0.061218526, -0.9980999, 0.0069854734), (-0.078983404, -0.996874, -0.0020051175), (-0.054406848, -0.99812007, -0.028219065), (-0.054406848, -0.99812007, -0.028219065), (-0.042768363, -0.99908125, -0.0027443347), (-0.061218526, -0.9980999, 0.0069854734), (-0.042768363, -0.99908125, -0.0027443347), (-0.054406848, -0.99812007, -0.028219065), (-0.023450883, -0.9989543, -0.039246656), (0.036884222, 0.9956717, -0.08530733), (0.030774519, 0.9973674, -0.06566049), (0.050214108, 0.9968258, -0.06178077), (0.030774519, 0.9973674, -0.06566049), (0.036884222, 0.9956717, -0.08530733), (0.027826294, 0.99682033, -0.07466584), (0.040084127, 0.99801767, -0.048518777), (0.0609507, 0.9966904, -0.05378985), (0.050214108, 0.9968258, -0.06178077), (0.050214108, 0.9968258, -0.06178077), (0.030774519, 0.9973674, -0.06566049), (0.040084127, 0.99801767, -0.048518777), (0.013924923, 0.99806464, -0.060606003), (0.029053727, 0.9985572, -0.04516031), (0.040084127, 0.99801767, -0.048518777), (0.056306165, 0.9970475, -0.052211367), (0.029053727, 0.9985572, -0.04516031), (0.06319298, 0.99701256, -0.044414047), (0.043257225, 0.99889845, -0.018185185), (0.06319298, 0.99701256, -0.044414047), (0.029053727, 0.9985572, -0.04516031), (0.043257225, 0.99889845, -0.018185185), (0.07523105, 0.99702287, -0.016900457), (0.06319298, 0.99701256, -0.044414047), (0.07523105, 0.99702287, -0.016900457), (0.07966528, 0.9967975, 0.006938926), (0.06727716, 0.997557, -0.01881232), (0.07966528, 0.9967975, 0.006938926), (0.09177585, 0.99556607, 0.020627001), (0.08083382, 0.99672526, 0.002168575), (0.10645076, 0.9942586, 0.010864566), (0.09177585, 0.99556607, 0.020627001), (0.09486391, 0.99494934, 0.032812726), (0.104473256, 0.99452627, 0.001659885), (0.10615885, 0.9943261, 0.0067713517), (0.10645076, 0.9942586, 0.010864566), (0.10645076, 0.9942586, 0.010864566), (0.08614001, 0.99627924, -0.002786874), (0.104473256, 0.99452627, 0.001659885), (-0.025703413, -0.9996395, 0.007757672), (-0.028034853, -0.9996066, 0.0007800243), (-0.01798761, -0.99968725, -0.01737549), (-0.028034853, -0.9996066, 0.0007800243), (-0.025703413, -0.9996395, 0.007757672), (-0.0670695, -0.9975392, 0.02042493), (-0.0670695, -0.9975392, 0.02042493), (-0.078983404, -0.996874, -0.0020051175), (-0.061218526, -0.9980999, 0.0069854734), (-0.061218526, -0.9980999, 0.0069854734), (-0.04164298, -0.99910605, 0.007277296), (-0.0670695, -0.9975392, 0.02042493), (-0.04317114, -0.999026, 0.009128541), (-0.04164298, -0.99910605, 0.007277296), (-0.061218526, -0.9980999, 0.0069854734), (-0.054775376, -0.9984707, -0.007471947), (-0.042768363, -0.99908125, -0.0027443347), (-0.026911058, -0.9995319, -0.014548833), (-0.054775376, -0.9984707, -0.007471947), (-0.026911058, -0.9995319, -0.014548833), (-0.075352624, -0.99705905, -0.013973922), (-0.026911058, -0.9995319, -0.014548833), (0.0019160116, -0.99998146, -0.0057755904), (-0.0653703, -0.9977696, -0.01351348), (-0.06276731, -0.9980253, -0.0024367722), (-0.07394189, -0.9972295, -0.008113318), (-0.08302393, -0.9963405, -0.020315204), (0.030774519, 0.9973674, -0.06566049), (0.027826294, 0.99682033, -0.07466584), (0.028939562, 0.9971061, -0.070299216), (0.030774519, 0.9973674, -0.06566049), (0.028939562, 0.9971061, -0.070299216), (0.013924923, 0.99806464, -0.060606003), (0.029053727, 0.9985572, -0.04516031), (-0.004821667, 0.99962026, -0.027132036), (0.043257225, 0.99889845, -0.018185185), (0.07523105, 0.99702287, -0.016900457), (0.05694762, 0.9983683, 0.0042025647), (0.07966528, 0.9967975, 0.006938926), (0.05694762, 0.9983683, 0.0042025647), (0.07541547, 0.99673605, 0.028802304), (0.07966528, 0.9967975, 0.006938926), (0.07966528, 0.9967975, 0.006938926), (0.07541547, 0.99673605, 0.028802304), (0.09177585, 0.99556607, 0.020627001), (0.09486391, 0.99494934, 0.032812726), (0.09177585, 0.99556607, 0.020627001), (0.07541547, 0.99673605, 0.028802304), (0.067477964, 0.9976717, 0.009898005), (0.08614001, 0.99627924, -0.002786874), (0.10645076, 0.9942586, 0.010864566), (0.08614001, 0.99627924, -0.002786874), (0.067477964, 0.9976717, 0.009898005), (0.03805344, 0.9992592, 0.0057503614), (-0.01798761, -0.99968725, -0.01737549), (-0.028034853, -0.9996066, 0.0007800243), (-0.03186579, -0.9994602, -0.007984079), (-0.0670695, -0.9975392, 0.02042493), (-0.04164298, -0.99910605, 0.007277296), (-0.028034853, -0.9996066, 0.0007800243), (-0.028034853, -0.9996066, 0.0007800243), (-0.04164298, -0.99910605, 0.007277296), (-0.03186579, -0.9994602, -0.007984079), (-0.04317114, -0.999026, 0.009128541), (-0.038978964, -0.99922836, 0.004818355), (-0.04164298, -0.99910605, 0.007277296), (-0.054775376, -0.9984707, -0.007471947), (-0.04317114, -0.999026, 0.009128541), (-0.042768363, -0.99908125, -0.0027443347), (-0.054775376, -0.9984707, -0.007471947), (-0.038978964, -0.99922836, 0.004818355), (-0.04317114, -0.999026, 0.009128541), (-0.0653703, -0.9977696, -0.01351348), (-0.075352624, -0.99705905, -0.013973922), (-0.026911058, -0.9995319, -0.014548833), (-0.08551318, -0.99613255, -0.020184757), (-0.075352624, -0.99705905, -0.013973922), (-0.0653703, -0.9977696, -0.01351348), (-0.08302393, -0.9963405, -0.020315204), (-0.019729871, -0.9998052, 0.00054242933), (-0.06276731, -0.9980253, -0.0024367722), (-0.019729871, -0.9998052, 0.00054242933), (-0.08302393, -0.9963405, -0.020315204), (-0.0653703, -0.9977696, -0.01351348), (-0.06276731, -0.9980253, -0.0024367722), (-0.08573171, -0.99570096, 0.035068817), (-0.06572197, -0.9977489, 0.013334128), (0.027826294, 0.99682033, -0.07466584), (0.019256763, 0.9978973, -0.06188894), (0.022552542, 0.99750245, -0.06693422), (0.028939562, 0.9971061, -0.070299216), (0.022552542, 0.99750245, -0.06693422), (0.0232412, 0.99687046, -0.07555876), (0.028939562, 0.9971061, -0.070299216), (0.0232412, 0.99687046, -0.07555876), (0.013924923, 0.99806464, -0.060606003), (-0.004821667, 0.99962026, -0.027132036), (0.013924923, 0.99806464, -0.060606003), (0.011269693, 0.9971002, -0.075260416), (-0.004821667, 0.99962026, -0.027132036), (0.029053727, 0.9985572, -0.04516031), (0.013924923, 0.99806464, -0.060606003), (0.07523105, 0.99702287, -0.016900457), (0.043257225, 0.99889845, -0.018185185), (0.05694762, 0.9983683, 0.0042025647), (0.014321557, 0.9997017, 0.019787045), (0.05694762, 0.9983683, 0.0042025647), (0.043257225, 0.99889845, -0.018185185), (0.05694762, 0.9983683, 0.0042025647), (0.05560085, 0.9979559, 0.031507), (0.07541547, 0.99673605, 0.028802304), (0.04429589, 0.99851143, 0.03182328), (0.07541547, 0.99673605, 0.028802304), (0.05560085, 0.9979559, 0.031507), (0.04429589, 0.99851143, 0.03182328), (0.09486391, 0.99494934, 0.032812726), (0.07541547, 0.99673605, 0.028802304), (-0.0233786, -0.99946404, -0.022916479), (-0.01798761, -0.99968725, -0.01737549), (-0.03186579, -0.9994602, -0.007984079), (-0.038978964, -0.99922836, 0.004818355), (-0.03186579, -0.9994602, -0.007984079), (-0.04164298, -0.99910605, 0.007277296), (-0.038978964, -0.99922836, 0.004818355), (-0.03593546, -0.9993532, -0.0013750456), (-0.03186579, -0.9994602, -0.007984079), (-0.038978964, -0.99922836, 0.004818355), (-0.041353177, -0.9990355, -0.014761743), (-0.03593546, -0.9993532, -0.0013750456), (-0.054775376, -0.9984707, -0.007471947), (-0.041353177, -0.9990355, -0.014761743), (-0.038978964, -0.99922836, 0.004818355), (-0.0653703, -0.9977696, -0.01351348), (-0.08302393, -0.9963405, -0.020315204), (-0.07051811, -0.99746096, -0.009943099), (-0.08302393, -0.9963405, -0.020315204), (-0.07394189, -0.9972295, -0.008113318), (-0.07051811, -0.99746096, -0.009943099), (-0.06572197, -0.9977489, 0.013334128), (-0.07394189, -0.9972295, -0.008113318), (-0.06276731, -0.9980253, -0.0024367722), (0.8496961, 0.52558374, -0.04217068), (0.99983996, 0.017416533, -0.004062392), (0.7747395, 0.63177526, -0.025270749), (0.7747395, 0.63177526, -0.025270749), (0.9999187, 0.008917492, 0.00911658), (0.740964, 0.67153126, -0.0042667836), (0.9999187, 0.008917492, 0.00911658), (0.7747395, 0.63177526, -0.025270749), (0.99983996, 0.017416533, -0.004062392), (0.7902806, 0.61205435, 0.02908728), (0.99996465, -0.0080362605, 0.0024718822), (0.8496961, 0.52558374, -0.04217068), (0.7902806, 0.61205435, 0.02908728), (0.9999696, 0.0035858196, -0.006932794), (0.99996465, -0.0080362605, 0.0024718822), (0.7902806, 0.61205435, 0.02908728), (0.96559083, 0.26003, 0.0043355115), (0.9999696, 0.0035858196, -0.006932794), (0.99844027, 0.055528373, -0.0058196466), (0.96559083, 0.26003, 0.0043355115), (0.6893492, 0.7244062, -0.0057847854), (0.7165379, 0.6900619, -0.10192171), (0.99844027, 0.055528373, -0.0058196466), (0.6893492, 0.7244062, -0.0057847854), (0.99844027, 0.055528373, -0.0058196466), (0.7165379, 0.6900619, -0.10192171), (0.99893, 0.03900697, -0.024843933), (0.99893, 0.03900697, -0.024843933), (0.7165379, 0.6900619, -0.10192171), (0.6779001, 0.40671545, -0.6124001), (0.9996898, -0.022979032, -0.009601325), (0.99983996, 0.017416533, -0.004062392), (0.8496961, 0.52558374, -0.04217068), (0.9996898, -0.022979032, -0.009601325), (0.8496961, 0.52558374, -0.04217068), (0.99996465, -0.0080362605, 0.0024718822), (0.99996465, -0.0080362605, 0.0024718822), (0.9999696, 0.0035858196, -0.006932794), (0.81025106, -0.58600336, -0.00964612), (0.99993515, -0.011386441, -0.00020767766), (0.9999696, 0.0035858196, -0.006932794), (0.96559083, 0.26003, 0.0043355115), (0.99844027, 0.055528373, -0.0058196466), (0.99993515, -0.011386441, -0.00020767766), (0.96559083, 0.26003, 0.0043355115), (0.99844027, 0.055528373, -0.0058196466), (0.99888927, -0.046798, 0.005490584), (0.99993515, -0.011386441, -0.00020767766), (0.99893, 0.03900697, -0.024843933), (0.99888927, -0.046798, 0.005490584), (0.99844027, 0.055528373, -0.0058196466), (0.6779001, 0.40671545, -0.6124001), (0.71343106, -0.012114544, -0.7006207), (0.99893, 0.03900697, -0.024843933), (0.9999187, 0.008917492, 0.00911658), (0.9363899, -0.34835303, 0.04270938), (0.7830276, -0.6204445, 0.04377599), (0.9363899, -0.34835303, 0.04270938), (0.9999187, 0.008917492, 0.00911658), (0.99983996, 0.017416533, -0.004062392), (0.99983996, 0.017416533, -0.004062392), (0.9996898, -0.022979032, -0.009601325), (0.9363899, -0.34835303, 0.04270938), (0.99996465, -0.0080362605, 0.0024718822), (0.74062896, -0.6714252, -0.025631495), (0.9996898, -0.022979032, -0.009601325), (0.81025106, -0.58600336, -0.00964612), (0.9999696, 0.0035858196, -0.006932794), (0.99993515, -0.011386441, -0.00020767766), (0.99993515, -0.011386441, -0.00020767766), (0.76729625, -0.63888055, 0.05557123), (0.81025106, -0.58600336, -0.00964612), (0.71343106, -0.012114544, -0.7006207), (0.99482906, -0.08840369, -0.049998887), (0.99893, 0.03900697, -0.024843933), (0.99893, 0.03900697, -0.024843933), (0.99482906, -0.08840369, -0.049998887), (0.99888927, -0.046798, 0.005490584), (0.7830276, -0.6204445, 0.04377599), (0.9363899, -0.34835303, 0.04270938), (0.3498395, -0.9361142, 0.036089797), (0.72406137, -0.6897186, -0.0048594866), (0.9363899, -0.34835303, 0.04270938), (0.9996898, -0.022979032, -0.009601325), (0.9363899, -0.34835303, 0.04270938), (0.72406137, -0.6897186, -0.0048594866), (0.3498395, -0.9361142, 0.036089797), (0.74062896, -0.6714252, -0.025631495), (0.72406137, -0.6897186, -0.0048594866), (0.9996898, -0.022979032, -0.009601325), (0.81025106, -0.58600336, -0.00964612), (0.74062896, -0.6714252, -0.025631495), (0.99996465, -0.0080362605, 0.0024718822), (0.76729625, -0.63888055, 0.05557123), (0.99993515, -0.011386441, -0.00020767766), (0.99888927, -0.046798, 0.005490584), (0.99888927, -0.046798, 0.005490584), (0.99482906, -0.08840369, -0.049998887), (0.66741276, -0.74427557, -0.024779717), (0.99482906, -0.08840369, -0.049998887), (0.71343106, -0.012114544, -0.7006207), (0.5557926, -0.56654173, -0.608379), (0.99482906, -0.08840369, -0.049998887), (0.5557926, -0.56654173, -0.608379), (0.66741276, -0.74427557, -0.024779717), (0.740964, 0.67153126, -0.0042667836), (0.14741325, 0.9890723, 0.0023118365), (0.7747395, 0.63177526, -0.025270749), (0.14741325, 0.9890723, 0.0023118365), (0.740964, 0.67153126, -0.0042667836), (0.121650346, 0.9924964, -0.012329831), (0.44045264, 0.8931933, 0.09059363), (0.6893492, 0.7244062, -0.0057847854), (0.96559083, 0.26003, 0.0043355115), (0.24493362, 0.9674081, -0.0642573), (0.8496961, 0.52558374, -0.04217068), (0.7747395, 0.63177526, -0.025270749), (0.19407, 0.9802886, -0.037027474), (0.7902806, 0.61205435, 0.02908728), (0.8496961, 0.52558374, -0.04217068), (0.96559083, 0.26003, 0.0043355115), (0.7902806, 0.61205435, 0.02908728), (0.44045264, 0.8931933, 0.09059363), (0.44045264, 0.8931933, 0.09059363), (0.7902806, 0.61205435, 0.02908728), (0.1049487, 0.99396914, 0.03180027), (0.10418313, 0.66197634, -0.7422488), (0.6779001, 0.40671545, -0.6124001), (0.7165379, 0.6900619, -0.10192171), (0.10418313, 0.66197634, -0.7422488), (0.06380413, 0.029282054, -0.9975327), (0.6779001, 0.40671545, -0.6124001), (0.047927797, -0.041494302, -0.9979885), (0.71343106, -0.012114544, -0.7006207), (0.06380413, 0.029282054, -0.9975327), (0.71343106, -0.012114544, -0.7006207), (0.047927797, -0.041494302, -0.9979885), (0.5557926, -0.56654173, -0.608379), (0.72406137, -0.6897186, -0.0048594866), (0.033812635, -0.999163, 0.023027353), (0.3498395, -0.9361142, 0.036089797), (0.74062896, -0.6714252, -0.025631495), (0.09135385, -0.9957867, 0.00794705), (0.72406137, -0.6897186, -0.0048594866), (0.13375139, -0.9909034, -0.014869905), (0.74062896, -0.6714252, -0.025631495), (0.81025106, -0.58600336, -0.00964612), (0.81025106, -0.58600336, -0.00964612), (0.14228116, -0.9892692, 0.03320226), (0.13375139, -0.9909034, -0.014869905), (0.76729625, -0.63888055, 0.05557123), (0.14228116, -0.9892692, 0.03320226), (0.81025106, -0.58600336, -0.00964612), (0.99888927, -0.046798, 0.005490584), (0.66741276, -0.74427557, -0.024779717), (0.76729625, -0.63888055, 0.05557123), (0.11942843, -0.9922262, 0.03498476), (0.76729625, -0.63888055, 0.05557123), (0.66741276, -0.74427557, -0.024779717), (0.5557926, -0.56654173, -0.608379), (0.01704637, -0.9788215, -0.20400424), (0.66741276, -0.74427557, -0.024779717), (0.121650346, 0.9924964, -0.012329831), (0.740964, 0.67153126, -0.0042667836), (0.16221838, 0.98671544, -0.008815524), (0.07968824, 0.9966715, -0.01719419), (0.14741325, 0.9890723, 0.0023118365), (0.121650346, 0.9924964, -0.012329831), (0.24493362, 0.9674081, -0.0642573), (0.7747395, 0.63177526, -0.025270749), (0.14741325, 0.9890723, 0.0023118365), (0.07968824, 0.9966715, -0.01719419), (0.24493362, 0.9674081, -0.0642573), (0.14741325, 0.9890723, 0.0023118365), (0.07968824, 0.9966715, -0.01719419), (0.04256097, 0.9988775, -0.020793902), (0.24493362, 0.9674081, -0.0642573), (0.19407, 0.9802886, -0.037027474), (0.24493362, 0.9674081, -0.0642573), (0.04256097, 0.9988775, -0.020793902), (0.24493362, 0.9674081, -0.0642573), (0.19407, 0.9802886, -0.037027474), (0.8496961, 0.52558374, -0.04217068), (0.1049487, 0.99396914, 0.03180027), (0.043639723, 0.9987946, 0.022467077), (0.44045264, 0.8931933, 0.09059363), (0.043639723, 0.9987946, 0.022467077), (0.6893492, 0.7244062, -0.0057847854), (0.44045264, 0.8931933, 0.09059363), (0.6893492, 0.7244062, -0.0057847854), (0.054027952, 0.98978513, -0.13193321), (0.7165379, 0.6900619, -0.10192171), (0.7165379, 0.6900619, -0.10192171), (0.054027952, 0.98978513, -0.13193321), (0.10418313, 0.66197634, -0.7422488), (0.054027952, 0.98978513, -0.13193321), (0.033845387, 0.5718752, -0.81964225), (0.10418313, 0.66197634, -0.7422488), (0.19407, 0.9802886, -0.037027474), (0.1049487, 0.99396914, 0.03180027), (0.7902806, 0.61205435, 0.02908728), (0.6779001, 0.40671545, -0.6124001), (0.06380413, 0.029282054, -0.9975327), (0.71343106, -0.012114544, -0.7006207), (0.10418313, 0.66197634, -0.7422488), (0.033845387, 0.5718752, -0.81964225), (0.06380413, 0.029282054, -0.9975327), (0.047927797, -0.041494302, -0.9979885), (-0.008214257, -0.5761809, -0.817281), (0.5557926, -0.56654173, -0.608379), (0.0761615, -0.9961351, 0.043754518), (0.7830276, -0.6204445, 0.04377599), (0.3498395, -0.9361142, 0.036089797), (0.033812635, -0.999163, 0.023027353), (0.72406137, -0.6897186, -0.0048594866), (0.09135385, -0.9957867, 0.00794705), (0.09135385, -0.9957867, 0.00794705), (0.74062896, -0.6714252, -0.025631495), (0.13375139, -0.9909034, -0.014869905), (0.01704637, -0.9788215, -0.20400424), (0.5557926, -0.56654173, -0.608379), (-0.008214257, -0.5761809, -0.817281), (0.121650346, 0.9924964, -0.012329831), (0.12038877, 0.99242586, -0.024444187), (0.07968824, 0.9966715, -0.01719419), (0.07968824, 0.9966715, -0.01719419), (0.07606688, 0.99580693, -0.050816253), (0.04256097, 0.9988775, -0.020793902), (0.19407, 0.9802886, -0.037027474), (0.04904514, 0.99841285, -0.027683377), (0.1049487, 0.99396914, 0.03180027), (0.6893492, 0.7244062, -0.0057847854), (0.043639723, 0.9987946, 0.022467077), (0.054027952, 0.98978513, -0.13193321), (0.0102225635, 0.9999007, -0.009700355), (0.054027952, 0.98978513, -0.13193321), (0.043639723, 0.9987946, 0.022467077), (0.033845387, 0.5718752, -0.81964225), (0.054027952, 0.98978513, -0.13193321), (0.06391384, 0.9813473, -0.18130782), (-0.0046766223, 0.030272555, -0.9995307), (0.06380413, 0.029282054, -0.9975327), (0.033845387, 0.5718752, -0.81964225), (0.0761615, -0.9961351, 0.043754518), (0.3498395, -0.9361142, 0.036089797), (-0.06919373, -0.99657506, 0.04528142), (-0.008214257, -0.5761809, -0.817281), (0.021207867, -0.97756135, -0.20958057), (0.01704637, -0.9788215, -0.20400424), (0.021207867, -0.97756135, -0.20958057), (0.020490972, -0.999526, -0.02297768), (0.01704637, -0.9788215, -0.20400424), (0.04904514, 0.99841285, -0.027683377), (0.19407, 0.9802886, -0.037027474), (0.04256097, 0.9988775, -0.020793902), (0.1049487, 0.99396914, 0.03180027), (0.04904514, 0.99841285, -0.027683377), (0.027552173, 0.9995373, 0.012888547), (0.1049487, 0.99396914, 0.03180027), (0.027552173, 0.9995373, 0.012888547), (0.043639723, 0.9987946, 0.022467077), (0.027552173, 0.9995373, 0.012888547), (0.0102225635, 0.9999007, -0.009700355), (0.043639723, 0.9987946, 0.022467077), (0.0102225635, 0.9999007, -0.009700355), (0.0031153278, 0.9999948, -0.0008017294), (-0.0039373212, 0.9985372, -0.05392534), (0.0102225635, 0.9999007, -0.009700355), (0.06391384, 0.9813473, -0.18130782), (0.054027952, 0.98978513, -0.13193321), (0.047927797, -0.041494302, -0.9979885), (0.06380413, 0.029282054, -0.9975327), (-0.0046766223, 0.030272555, -0.9995307), (-0.0046766223, 0.030272555, -0.9995307), (0.026005613, -0.49378568, -0.8691947), (0.047927797, -0.041494302, -0.9979885), (-0.06919373, -0.99657506, 0.04528142), (-0.10540122, -0.9919074, 0.07078427), (-0.13625097, -0.9872927, 0.08178536), (0.12038877, 0.99242586, -0.024444187), (0.116989754, 0.9914298, -0.05814172), (0.07968824, 0.9966715, -0.01719419), (0.07606688, 0.99580693, -0.050816253), (0.07968824, 0.9966715, -0.01719419), (0.116989754, 0.9914298, -0.05814172), (0.04256097, 0.9988775, -0.020793902), (0.034424696, 0.99876994, -0.03568651), (0.04904514, 0.99841285, -0.027683377), (0.04256097, 0.9988775, -0.020793902), (0.07606688, 0.99580693, -0.050816253), (0.034424696, 0.99876994, -0.03568651), (0.034424696, 0.99876994, -0.03568651), (0.01752323, 0.99963236, -0.020689415), (0.04904514, 0.99841285, -0.027683377), (0.01752323, 0.99963236, -0.020689415), (0.027552173, 0.9995373, 0.012888547), (0.04904514, 0.99841285, -0.027683377), (0.0031153278, 0.9999948, -0.0008017294), (0.027552173, 0.9995373, 0.012888547), (0.01752323, 0.99963236, -0.020689415), (0.0102225635, 0.9999007, -0.009700355), (-0.0039373212, 0.9985372, -0.05392534), (0.06391384, 0.9813473, -0.18130782), (0.06391384, 0.9813473, -0.18130782), (-0.0039373212, 0.9985372, -0.05392534), (0.037272852, 0.69742, -0.71569264), (0.037272852, 0.69742, -0.71569264), (0.033845387, 0.5718752, -0.81964225), (0.06391384, 0.9813473, -0.18130782), (0.033845387, 0.5718752, -0.81964225), (0.037272852, 0.69742, -0.71569264), (-0.0046766223, 0.030272555, -0.9995307), (0.026005613, -0.49378568, -0.8691947), (-0.008214257, -0.5761809, -0.817281), (0.047927797, -0.041494302, -0.9979885), (-0.15806398, -0.985039, 0.06865746), (-0.06919373, -0.99657506, 0.04528142), (-0.13625097, -0.9872927, 0.08178536), (-0.10540122, -0.9919074, 0.07078427), (-0.09774655, -0.99038476, 0.09789573), (-0.13625097, -0.9872927, 0.08178536), (0.021207867, -0.97756135, -0.20958057), (-0.008214257, -0.5761809, -0.817281), (0.026005613, -0.49378568, -0.8691947), (0.021207867, -0.97756135, -0.20958057), (0.026005613, -0.49378568, -0.8691947), (0.02921796, -0.89386195, -0.44738942), (0.116989754, 0.9914298, -0.05814172), (0.12038877, 0.99242586, -0.024444187), (0.12626627, 0.99136144, -0.035485618), (0.116989754, 0.9914298, -0.05814172), (0.1553388, 0.984131, -0.085767545), (0.07606688, 0.99580693, -0.050816253), (0.1553388, 0.984131, -0.085767545), (0.116989754, 0.9914298, -0.05814172), (0.14599371, 0.98827434, -0.0447179), (0.0031153278, 0.9999948, -0.0008017294), (0.0102225635, 0.9999007, -0.009700355), (0.027552173, 0.9995373, 0.012888547), (0.0031153278, 0.9999948, -0.0008017294), (0.046549823, 0.99834746, -0.03369777), (0.012976792, 0.9997167, -0.019951835), (0.0031153278, 0.9999948, -0.0008017294), (0.012976792, 0.9997167, -0.019951835), (-0.0039373212, 0.9985372, -0.05392534), (-0.009930519, 0.013427409, -0.9998606), (0.026005613, -0.49378568, -0.8691947), (-0.0046766223, 0.030272555, -0.9995307), (-0.0046766223, 0.030272555, -0.9995307), (0.037272852, 0.69742, -0.71569264), (-0.009930519, 0.013427409, -0.9998606), (-0.009930519, 0.013427409, -0.9998606), (0.02353123, -0.2934135, -0.955696), (0.026005613, -0.49378568, -0.8691947), (-0.09774655, -0.99038476, 0.09789573), (-0.105193295, -0.9884463, 0.109125115), (-0.13625097, -0.9872927, 0.08178536), (-0.09774655, -0.99038476, 0.09789573), (-0.060503535, -0.9965947, 0.05602126), (-0.10487463, -0.98757577, 0.117027126), (-0.09774655, -0.99038476, 0.09789573), (-0.10487463, -0.98757577, 0.117027126), (-0.105193295, -0.9884463, 0.109125115), (0.02353123, -0.2934135, -0.955696), (0.02921796, -0.89386195, -0.44738942), (0.026005613, -0.49378568, -0.8691947), (0.14599371, 0.98827434, -0.0447179), (0.12626627, 0.99136144, -0.035485618), (0.12072287, 0.99265933, -0.007308467), (0.1553388, 0.984131, -0.085767545), (0.14343932, 0.9890883, -0.0336075), (0.15489562, 0.9820747, -0.10740973), (0.120852046, 0.9874003, -0.10215429), (0.07606688, 0.99580693, -0.050816253), (0.1553388, 0.984131, -0.085767545), (0.07606688, 0.99580693, -0.050816253), (0.120852046, 0.9874003, -0.10215429), (0.034424696, 0.99876994, -0.03568651), (0.15489562, 0.9820747, -0.10740973), (0.120852046, 0.9874003, -0.10215429), (0.1553388, 0.984131, -0.085767545), (0.120852046, 0.9874003, -0.10215429), (0.07605591, 0.9948041, -0.06767835), (0.034424696, 0.99876994, -0.03568651), (0.034424696, 0.99876994, -0.03568651), (0.07605591, 0.9948041, -0.06767835), (0.01752323, 0.99963236, -0.020689415), (0.046549823, 0.99834746, -0.03369777), (0.01752323, 0.99963236, -0.020689415), (0.07605591, 0.9948041, -0.06767835), (0.01752323, 0.99963236, -0.020689415), (0.046549823, 0.99834746, -0.03369777), (0.0031153278, 0.9999948, -0.0008017294), (-0.0039373212, 0.9985372, -0.05392534), (0.008148748, 0.7028165, -0.7113246), (0.037272852, 0.69742, -0.71569264), (-0.009930519, 0.013427409, -0.9998606), (-0.0057058134, -0.036700528, -0.99931), (0.02353123, -0.2934135, -0.955696), (-0.13625097, -0.9872927, 0.08178536), (-0.084474355, -0.9925246, 0.08808488), (-0.12557733, -0.9877346, 0.09279377), (-0.084474355, -0.9925246, 0.08808488), (-0.05814829, -0.9946359, 0.085546836), (-0.12557733, -0.9877346, 0.09279377), (-0.13625097, -0.9872927, 0.08178536), (-0.105193295, -0.9884463, 0.109125115), (-0.084474355, -0.9925246, 0.08808488), (-0.09686165, -0.99150646, 0.086791925), (-0.084474355, -0.9925246, 0.08808488), (-0.105193295, -0.9884463, 0.109125115), (-0.10487463, -0.98757577, 0.117027126), (-0.09686165, -0.99150646, 0.086791925), (-0.105193295, -0.9884463, 0.109125115), (-0.03169786, -0.6680814, -0.7434126), (0.02921796, -0.89386195, -0.44738942), (0.02353123, -0.2934135, -0.955696), (0.14343932, 0.9890883, -0.0336075), (0.14599371, 0.98827434, -0.0447179), (0.12072287, 0.99265933, -0.007308467), (0.14599371, 0.98827434, -0.0447179), (0.14343932, 0.9890883, -0.0336075), (0.1553388, 0.984131, -0.085767545), (0.046549823, 0.99834746, -0.03369777), (0.07605591, 0.9948041, -0.06767835), (0.13844699, 0.9833729, -0.117516816), (0.046549823, 0.99834746, -0.03369777), (0.060377005, 0.9970461, -0.047472928), (0.012976792, 0.9997167, -0.019951835), (-0.0060093505, 0.99805576, -0.06203757), (-0.0039373212, 0.9985372, -0.05392534), (0.012976792, 0.9997167, -0.019951835), (-0.0060093505, 0.99805576, -0.06203757), (0.012976792, 0.9997167, -0.019951835), (0.0091128815, 0.99742293, -0.07116504), (0.060377005, 0.9970461, -0.047472928), (0.0091128815, 0.99742293, -0.07116504), (0.012976792, 0.9997167, -0.019951835), (0.008148748, 0.7028165, -0.7113246), (-0.0039373212, 0.9985372, -0.05392534), (-0.0060093505, 0.99805576, -0.06203757), (-0.0060093505, 0.99805576, -0.06203757), (-0.0104815485, 0.73594266, -0.67696285), (0.008148748, 0.7028165, -0.7113246), (0.037272852, 0.69742, -0.71569264), (0.008148748, 0.7028165, -0.7113246), (-0.009930519, 0.013427409, -0.9998606), (0.008148748, 0.7028165, -0.7113246), (0.00003287166, 0.04919155, -0.9987893), (-0.009930519, 0.013427409, -0.9998606), (0.00003287166, 0.04919155, -0.9987893), (-0.0057058134, -0.036700528, -0.99931), (-0.009930519, 0.013427409, -0.9998606), (-0.0057058134, -0.036700528, -0.99931), (-0.03169786, -0.6680814, -0.7434126), (0.02353123, -0.2934135, -0.955696), (-0.08219827, -0.9941943, 0.06943399), (-0.05814829, -0.9946359, 0.085546836), (-0.084474355, -0.9925246, 0.08808488), (-0.09686165, -0.99150646, 0.086791925), (-0.08219827, -0.9941943, 0.06943399), (-0.084474355, -0.9925246, 0.08808488), (-0.10487463, -0.98757577, 0.117027126), (-0.060503535, -0.9965947, 0.05602126), (-0.10505263, -0.9891685, 0.10251656), (-0.10505263, -0.9891685, 0.10251656), (-0.049143635, -0.9979012, 0.042169016), (-0.07815461, -0.99440247, 0.07110142), (0.14343932, 0.9890883, -0.0336075), (0.12072287, 0.99265933, -0.007308467), (0.10615885, 0.9943261, 0.0067713517), (0.10615885, 0.9943261, 0.0067713517), (0.111678794, 0.9930757, -0.03644581), (0.14343932, 0.9890883, -0.0336075), (0.07605591, 0.9948041, -0.06767835), (0.15344039, 0.9774595, -0.14501378), (0.13844699, 0.9833729, -0.117516816), (0.115586974, 0.99018097, -0.07862052), (0.046549823, 0.99834746, -0.03369777), (0.13844699, 0.9833729, -0.117516816), (0.115586974, 0.99018097, -0.07862052), (0.060377005, 0.9970461, -0.047472928), (0.046549823, 0.99834746, -0.03369777), (0.124823175, 0.9865807, -0.10525), (0.060377005, 0.9970461, -0.047472928), (0.115586974, 0.99018097, -0.07862052), (0.0091128815, 0.99742293, -0.07116504), (-0.0104815485, 0.73594266, -0.67696285), (-0.0060093505, 0.99805576, -0.06203757), (0.008148748, 0.7028165, -0.7113246), (-0.0104815485, 0.73594266, -0.67696285), (0.00003287166, 0.04919155, -0.9987893), (-0.0057058134, -0.036700528, -0.99931), (0.0036540076, -0.009585285, -0.99994737), (-0.03169786, -0.6680814, -0.7434126), (0.00003287166, 0.04919155, -0.9987893), (0.0036540076, -0.009585285, -0.99994737), (-0.0057058134, -0.036700528, -0.99931), (-0.10505263, -0.9891685, 0.10251656), (-0.11914768, -0.9875494, 0.10271291), (-0.10487463, -0.98757577, 0.117027126), (-0.10487463, -0.98757577, 0.117027126), (-0.11914768, -0.9875494, 0.10271291), (-0.09686165, -0.99150646, 0.086791925), (-0.02926422, -0.99919343, 0.027498314), (-0.05450385, -0.9977872, 0.038079042), (-0.07815461, -0.99440247, 0.07110142), (-0.07815461, -0.99440247, 0.07110142), (-0.12083771, -0.98777515, 0.098480694), (-0.14176528, -0.9833546, 0.11364968), (0.15489562, 0.9820747, -0.10740973), (0.15344039, 0.9774595, -0.14501378), (0.120852046, 0.9874003, -0.10215429), (0.15344039, 0.9774595, -0.14501378), (0.15489562, 0.9820747, -0.10740973), (0.15190269, 0.98231727, -0.1094454), (0.115586974, 0.99018097, -0.07862052), (0.13844699, 0.9833729, -0.117516816), (0.17220277, 0.9751234, -0.13957264), (0.060377005, 0.9970461, -0.047472928), (0.05573321, 0.9895301, -0.13313207), (0.0091128815, 0.99742293, -0.07116504), (-0.0104815485, 0.73594266, -0.67696285), (-0.048169967, 0.5786427, -0.8141574), (0.00003287166, 0.04919155, -0.9987893), (0.00003287166, 0.04919155, -0.9987893), (-0.048169967, 0.5786427, -0.8141574), (0.0036540076, -0.009585285, -0.99994737), (0.0036540076, -0.009585285, -0.99994737), (0.044639785, -0.5315903, -0.84582454), (-0.03169786, -0.6680814, -0.7434126), (-0.10459375, -0.9924851, 0.06350969), (-0.08219827, -0.9941943, 0.06943399), (-0.09686165, -0.99150646, 0.086791925), (-0.11897314, -0.9908182, 0.06422351), (-0.10459375, -0.9924851, 0.06350969), (-0.11914768, -0.9875494, 0.10271291), (-0.11914768, -0.9875494, 0.10271291), (-0.10459375, -0.9924851, 0.06350969), (-0.09686165, -0.99150646, 0.086791925), (-0.11897314, -0.9908182, 0.06422351), (-0.11914768, -0.9875494, 0.10271291), (-0.14135952, -0.9837233, 0.11093199), (-0.14135952, -0.9837233, 0.11093199), (-0.11914768, -0.9875494, 0.10271291), (-0.10505263, -0.9891685, 0.10251656), (-0.14135952, -0.9837233, 0.11093199), (-0.10505263, -0.9891685, 0.10251656), (-0.14176528, -0.9833546, 0.11364968), (-0.07815461, -0.99440247, 0.07110142), (-0.14176528, -0.9833546, 0.11364968), (-0.10505263, -0.9891685, 0.10251656), (-0.12083771, -0.98777515, 0.098480694), (-0.07815461, -0.99440247, 0.07110142), (-0.05450385, -0.9977872, 0.038079042), (-0.03169786, -0.6680814, -0.7434126), (0.044639785, -0.5315903, -0.84582454), (-0.011619695, -0.9888099, -0.14872774), (0.15489562, 0.9820747, -0.10740973), (0.14343932, 0.9890883, -0.0336075), (0.111678794, 0.9930757, -0.03644581), (0.15190269, 0.98231727, -0.1094454), (0.15489562, 0.9820747, -0.10740973), (0.111678794, 0.9930757, -0.03644581), (0.13844699, 0.9833729, -0.117516816), (0.15190269, 0.98231727, -0.1094454), (0.17220277, 0.9751234, -0.13957264), (0.17220277, 0.9751234, -0.13957264), (0.124823175, 0.9865807, -0.10525), (0.115586974, 0.99018097, -0.07862052), (0.124823175, 0.9865807, -0.10525), (0.05573321, 0.9895301, -0.13313207), (0.060377005, 0.9970461, -0.047472928), (-0.020709597, 0.9831595, -0.18157229), (0.0091128815, 0.99742293, -0.07116504), (0.05573321, 0.9895301, -0.13313207), (-0.0104815485, 0.73594266, -0.67696285), (0.0091128815, 0.99742293, -0.07116504), (-0.020709597, 0.9831595, -0.18157229), (-0.0104815485, 0.73594266, -0.67696285), (-0.020709597, 0.9831595, -0.18157229), (-0.048169967, 0.5786427, -0.8141574), (-0.048169967, 0.5786427, -0.8141574), (0.0030973728, 0.008654406, -0.9999578), (0.0036540076, -0.009585285, -0.99994737), (0.044639785, -0.5315903, -0.84582454), (0.0036540076, -0.009585285, -0.99994737), (0.0030973728, 0.008654406, -0.9999578), (-0.10459375, -0.9924851, 0.06350969), (-0.08573171, -0.99570096, 0.035068817), (-0.08219827, -0.9941943, 0.06943399), (-0.14135952, -0.9837233, 0.11093199), (-0.1436134, -0.98736614, 0.066958144), (-0.11897314, -0.9908182, 0.06422351), (-0.12083771, -0.98777515, 0.098480694), (-0.05450385, -0.9977872, 0.038079042), (-0.06974403, -0.9862588, 0.14976436), (-0.06974403, -0.9862588, 0.14976436), (-0.124133855, -0.9826166, 0.13804111), (-0.12083771, -0.98777515, 0.098480694), (0.044639785, -0.5315903, -0.84582454), (0.10075669, -0.9820308, -0.1595733), (-0.011619695, -0.9888099, -0.14872774), (0.10615885, 0.9943261, 0.0067713517), (0.104473256, 0.99452627, 0.001659885), (0.111678794, 0.9930757, -0.03644581), (0.104473256, 0.99452627, 0.001659885), (0.12008397, 0.9926712, -0.013553742), (0.111678794, 0.9930757, -0.03644581), (0.18190248, 0.9792407, -0.089438386), (0.17220277, 0.9751234, -0.13957264), (0.15190269, 0.98231727, -0.1094454), (0.124823175, 0.9865807, -0.10525), (0.17220277, 0.9751234, -0.13957264), (0.13168176, 0.9764621, -0.17082602), (0.13168176, 0.9764621, -0.17082602), (0.05573321, 0.9895301, -0.13313207), (0.124823175, 0.9865807, -0.10525), (-0.048169967, 0.5786427, -0.8141574), (-0.020709597, 0.9831595, -0.18157229), (0.0045634275, 0.6301681, -0.7764454), (0.0045634275, 0.6301681, -0.7764454), (0.0030973728, 0.008654406, -0.9999578), (-0.048169967, 0.5786427, -0.8141574), (0.0030973728, 0.008654406, -0.9999578), (0.0045634275, 0.6301681, -0.7764454), (-0.0028220536, 0.037751917, -0.99928313), (-0.08573171, -0.99570096, 0.035068817), (-0.10459375, -0.9924851, 0.06350969), (-0.0882934, -0.9952736, 0.040434062), (-0.0882934, -0.9952736, 0.040434062), (-0.10459375, -0.9924851, 0.06350969), (-0.11897314, -0.9908182, 0.06422351), (0.0030973728, 0.008654406, -0.9999578), (-0.0045977663, -0.027935715, -0.9995991), (0.044639785, -0.5315903, -0.84582454), (-0.14176528, -0.9833546, 0.11364968), (-0.15225732, -0.98073494, 0.12237894), (-0.14135952, -0.9837233, 0.11093199), (-0.1436134, -0.98736614, 0.066958144), (-0.14135952, -0.9837233, 0.11093199), (-0.15225732, -0.98073494, 0.12237894), (-0.14176528, -0.9833546, 0.11364968), (-0.12083771, -0.98777515, 0.098480694), (-0.124133855, -0.9826166, 0.13804111), (-0.05450385, -0.9977872, 0.038079042), (-0.0074530784, -0.9980019, 0.062742986), (-0.06974403, -0.9862588, 0.14976436), (0.12008397, 0.9926712, -0.013553742), (0.104473256, 0.99452627, 0.001659885), (0.08614001, 0.99627924, -0.002786874), (0.15190269, 0.98231727, -0.1094454), (0.111678794, 0.9930757, -0.03644581), (0.12008397, 0.9926712, -0.013553742), (0.09122609, 0.9956459, 0.019155383), (0.18190248, 0.9792407, -0.089438386), (0.12008397, 0.9926712, -0.013553742), (0.15190269, 0.98231727, -0.1094454), (0.12008397, 0.9926712, -0.013553742), (0.18190248, 0.9792407, -0.089438386), (0.04526223, 0.98164415, -0.18527314), (0.05573321, 0.9895301, -0.13313207), (0.09418152, 0.9740043, -0.20602249), (0.05573321, 0.9895301, -0.13313207), (0.04526223, 0.98164415, -0.18527314), (-0.020709597, 0.9831595, -0.18157229), (0.0045634275, 0.6301681, -0.7764454), (-0.020709597, 0.9831595, -0.18157229), (0.04526223, 0.98164415, -0.18527314), (-0.0028220536, 0.037751917, -0.99928313), (0.0045634275, 0.6301681, -0.7764454), (0.04228444, 0.6824763, -0.72968364), (-0.0045977663, -0.027935715, -0.9995991), (0.0030973728, 0.008654406, -0.9999578), (-0.0028220536, 0.037751917, -0.99928313), (-0.06572197, -0.9977489, 0.013334128), (-0.08573171, -0.99570096, 0.035068817), (-0.0882934, -0.9952736, 0.040434062), (-0.11897314, -0.9908182, 0.06422351), (-0.09353311, -0.9953972, 0.020878043), (-0.0882934, -0.9952736, 0.040434062), (-0.1436134, -0.98736614, 0.066958144), (-0.09353311, -0.9953972, 0.020878043), (-0.11897314, -0.9908182, 0.06422351), (-0.15225732, -0.98073494, 0.12237894), (-0.11984714, -0.9896551, 0.07886416), (-0.1436134, -0.98736614, 0.066958144), (-0.14176528, -0.9833546, 0.11364968), (-0.124133855, -0.9826166, 0.13804111), (-0.15225732, -0.98073494, 0.12237894), (-0.0074530784, -0.9980019, 0.062742986), (-0.04940817, -0.98562527, 0.16156007), (-0.06974403, -0.9862588, 0.14976436), (-0.091362946, -0.975633, 0.19948205), (-0.06974403, -0.9862588, 0.14976436), (-0.04940817, -0.98562527, 0.16156007), (-0.0045977663, -0.027935715, -0.9995991), (-0.035486963, -0.7314746, -0.6809447), (0.044639785, -0.5315903, -0.84582454), (0.062248904, 0.9974154, 0.03588356), (0.12008397, 0.9926712, -0.013553742), (0.08614001, 0.99627924, -0.002786874), (0.062248904, 0.9974154, 0.03588356), (0.09122609, 0.9956459, 0.019155383), (0.12008397, 0.9926712, -0.013553742), (0.09122609, 0.9956459, 0.019155383), (0.13509011, 0.9842638, -0.11390942), (0.18190248, 0.9792407, -0.089438386), (0.18190248, 0.9792407, -0.089438386), (0.13509011, 0.9842638, -0.11390942), (0.17686091, 0.96743643, -0.18107177), (0.18190248, 0.9792407, -0.089438386), (0.17686091, 0.96743643, -0.18107177), (0.17220277, 0.9751234, -0.13957264), (0.17686091, 0.96743643, -0.18107177), (0.13168176, 0.9764621, -0.17082602), (0.17220277, 0.9751234, -0.13957264), (0.17686091, 0.96743643, -0.18107177), (0.13100776, 0.9657951, -0.22377875), (0.13168176, 0.9764621, -0.17082602), (0.13100776, 0.9657951, -0.22377875), (0.09418152, 0.9740043, -0.20602249), (0.13168176, 0.9764621, -0.17082602), (0.13168176, 0.9764621, -0.17082602), (0.09418152, 0.9740043, -0.20602249), (0.05573321, 0.9895301, -0.13313207), (0.04526223, 0.98164415, -0.18527314), (0.04228444, 0.6824763, -0.72968364), (0.0045634275, 0.6301681, -0.7764454), (-0.0028220536, 0.037751917, -0.99928313), (0.007920172, -0.02025765, -0.9997635), (-0.0045977663, -0.027935715, -0.9995991), (-0.0882934, -0.9952736, 0.040434062), (-0.061539724, -0.9978913, 0.020638047), (-0.06572197, -0.9977489, 0.013334128), (-0.061539724, -0.9978913, 0.020638047), (-0.038298253, -0.9992437, 0.006720785), (-0.06572197, -0.9977489, 0.013334128), (-0.09353311, -0.9953972, 0.020878043), (-0.061539724, -0.9978913, 0.020638047), (-0.0882934, -0.9952736, 0.040434062), (-0.09353311, -0.9953972, 0.020878043), (-0.1436134, -0.98736614, 0.066958144), (-0.11984714, -0.9896551, 0.07886416), (-0.022992192, -0.6171631, -0.78649914), (-0.0045977663, -0.027935715, -0.9995991), (0.007920172, -0.02025765, -0.9997635), (-0.124133855, -0.9826166, 0.13804111), (-0.11907945, -0.97964007, 0.16163403), (-0.15225732, -0.98073494, 0.12237894), (-0.15225732, -0.98073494, 0.12237894), (-0.11907945, -0.97964007, 0.16163403), (-0.11984714, -0.9896551, 0.07886416), (-0.124133855, -0.9826166, 0.13804111), (-0.06974403, -0.9862588, 0.14976436), (-0.091362946, -0.975633, 0.19948205), (-0.0045977663, -0.027935715, -0.9995991), (-0.022992192, -0.6171631, -0.78649914), (-0.035486963, -0.7314746, -0.6809447), (0.022552542, 0.99750245, -0.06693422), (0.028939562, 0.9971061, -0.070299216), (0.027826294, 0.99682033, -0.07466584), (0.011269693, 0.9971002, -0.075260416), (0.013924923, 0.99806464, -0.060606003), (0.0232412, 0.99687046, -0.07555876), (0.012257695, 0.99990535, -0.0062477724), (0.014321557, 0.9997017, 0.019787045), (-0.004821667, 0.99962026, -0.027132036), (-0.004821667, 0.99962026, -0.027132036), (0.014321557, 0.9997017, 0.019787045), (0.043257225, 0.99889845, -0.018185185), (0.014321557, 0.9997017, 0.019787045), (0.012257695, 0.99990535, -0.0062477724), (0.02204601, 0.99928766, 0.030629179), (0.02204601, 0.99928766, 0.030629179), (0.032096725, 0.9991554, 0.025656732), (0.014321557, 0.9997017, 0.019787045), (0.014321557, 0.9997017, 0.019787045), (0.032096725, 0.9991554, 0.025656732), (0.05694762, 0.9983683, 0.0042025647), (0.09486391, 0.99494934, 0.032812726), (0.04429589, 0.99851143, 0.03182328), (0.067477964, 0.9976717, 0.009898005), (0.04429589, 0.99851143, 0.03182328), (0.021608679, 0.9996965, 0.011831248), (0.067477964, 0.9976717, 0.009898005), (-0.02411478, -0.99951655, -0.019623129), (-0.029960645, -0.99942136, -0.016102925), (-0.0233786, -0.99946404, -0.022916479), (-0.06390497, -0.99751633, -0.02962032), (-0.054775376, -0.9984707, -0.007471947), (-0.075352624, -0.99705905, -0.013973922), (-0.06390497, -0.99751633, -0.02962032), (-0.041353177, -0.9990355, -0.014761743), (-0.054775376, -0.9984707, -0.007471947), (-0.08551318, -0.99613255, -0.020184757), (-0.06390497, -0.99751633, -0.02962032), (-0.075352624, -0.99705905, -0.013973922), (-0.07051811, -0.99746096, -0.009943099), (-0.08551318, -0.99613255, -0.020184757), (-0.0653703, -0.9977696, -0.01351348), (-0.039127085, -0.99922675, 0.003855257), (-0.07051811, -0.99746096, -0.009943099), (-0.07394189, -0.9972295, -0.008113318), (0.022552542, 0.99750245, -0.06693422), (0.029262707, 0.997402, -0.065824024), (0.0232412, 0.99687046, -0.07555876), (0.0232412, 0.99687046, -0.07555876), (0.044760108, 0.9958337, -0.07944642), (0.011269693, 0.9971002, -0.075260416), (0.044760108, 0.9958337, -0.07944642), (0.049363, 0.9963514, -0.06962244), (0.011269693, 0.9971002, -0.075260416), (-0.004821667, 0.99962026, -0.027132036), (0.011269693, 0.9971002, -0.075260416), (0.012257695, 0.99990535, -0.0062477724), (0.012257695, 0.99990535, -0.0062477724), (0.011269693, 0.9971002, -0.075260416), (0.049363, 0.9963514, -0.06962244), (0.05694762, 0.9983683, 0.0042025647), (0.032096725, 0.9991554, 0.025656732), (0.05560085, 0.9979559, 0.031507), (0.05560085, 0.9979559, 0.031507), (0.032096725, 0.9991554, 0.025656732), (0.027147561, 0.99918574, 0.02984492), (0.04429589, 0.99851143, 0.03182328), (0.05560085, 0.9979559, 0.031507), (0.027147561, 0.99918574, 0.02984492), (0.017741768, 0.9996836, 0.017830769), (0.04429589, 0.99851143, 0.03182328), (0.027147561, 0.99918574, 0.02984492), (-0.03186579, -0.9994602, -0.007984079), (-0.02411478, -0.99951655, -0.019623129), (-0.0233786, -0.99946404, -0.022916479), (-0.02411478, -0.99951655, -0.019623129), (-0.03593546, -0.9993532, -0.0013750456), (-0.020074291, -0.9997524, -0.009595883), (-0.03593546, -0.9993532, -0.0013750456), (-0.02411478, -0.99951655, -0.019623129), (-0.03186579, -0.9994602, -0.007984079), (-0.020074291, -0.9997524, -0.009595883), (-0.011610685, -0.9998495, -0.012890695), (-0.02411478, -0.99951655, -0.019623129), (-0.011610685, -0.9998495, -0.012890695), (-0.020074291, -0.9997524, -0.009595883), (-0.008300655, -0.99992365, -0.0091507975), (-0.06390497, -0.99751633, -0.02962032), (-0.021946158, -0.99911815, -0.03579568), (-0.041353177, -0.9990355, -0.014761743), (-0.06390497, -0.99751633, -0.02962032), (-0.08551318, -0.99613255, -0.020184757), (-0.041334756, -0.9989588, -0.01930878), (-0.08551318, -0.99613255, -0.020184757), (-0.07051811, -0.99746096, -0.009943099), (-0.041334756, -0.9989588, -0.01930878), (-0.041334756, -0.9989588, -0.01930878), (-0.07051811, -0.99746096, -0.009943099), (-0.031220378, -0.99944353, 0.011744981), (-0.039127085, -0.99922675, 0.003855257), (-0.031220378, -0.99944353, 0.011744981), (-0.07051811, -0.99746096, -0.009943099), (-0.06572197, -0.9977489, 0.013334128), (-0.039127085, -0.99922675, 0.003855257), (-0.07394189, -0.9972295, -0.008113318), (-0.038298253, -0.9992437, 0.006720785), (-0.039127085, -0.99922675, 0.003855257), (-0.06572197, -0.9977489, 0.013334128), (-0.051728286, -0.998661, -0.00063865585), (-0.033584055, -0.99942136, -0.0053723147), (-0.038298253, -0.9992437, 0.006720785), (0.029262707, 0.997402, -0.065824024), (0.044760108, 0.9958337, -0.07944642), (0.0232412, 0.99687046, -0.07555876), (0.071362056, 0.9956234, -0.060345277), (0.049363, 0.9963514, -0.06962244), (0.044760108, 0.9958337, -0.07944642), (0.06479868, 0.9976846, -0.020650417), (0.049363, 0.9963514, -0.06962244), (0.071362056, 0.9956234, -0.060345277), (0.06479868, 0.9976846, -0.020650417), (0.012257695, 0.99990535, -0.0062477724), (0.049363, 0.9963514, -0.06962244), (0.02204601, 0.99928766, 0.030629179), (0.012257695, 0.99990535, -0.0062477724), (0.06479868, 0.9976846, -0.020650417), (0.018433549, 0.99928254, 0.033084225), (0.032096725, 0.9991554, 0.025656732), (0.02204601, 0.99928766, 0.030629179), (0.027147561, 0.99918574, 0.02984492), (0.032096725, 0.9991554, 0.025656732), (0.018433549, 0.99928254, 0.033084225), (0.021608679, 0.9996965, 0.011831248), (0.04429589, 0.99851143, 0.03182328), (0.017741768, 0.9996836, 0.017830769), (0.023542587, 0.9994921, 0.02147599), (0.021608679, 0.9996965, 0.011831248), (0.017741768, 0.9996836, 0.017830769), (0.021608679, 0.9996965, 0.011831248), (0.023542587, 0.9994921, 0.02147599), (0.031306192, 0.9992195, 0.024092628), (-0.022688236, -0.99944985, -0.024190335), (-0.02411478, -0.99951655, -0.019623129), (-0.011610685, -0.9998495, -0.012890695), (-0.024208752, -0.99970526, -0.0018466198), (-0.03593546, -0.9993532, -0.0013750456), (-0.041353177, -0.9990355, -0.014761743), (-0.024208752, -0.99970526, -0.0018466198), (-0.020074291, -0.9997524, -0.009595883), (-0.03593546, -0.9993532, -0.0013750456), (-0.008300655, -0.99992365, -0.0091507975), (-0.020074291, -0.9997524, -0.009595883), (-0.024208752, -0.99970526, -0.0018466198), (-0.041353177, -0.9990355, -0.014761743), (-0.01734569, -0.99968135, -0.018344576), (-0.024208752, -0.99970526, -0.0018466198), (-0.01734569, -0.99968135, -0.018344576), (-0.008300655, -0.99992365, -0.0091507975), (-0.024208752, -0.99970526, -0.0018466198), (-0.041353177, -0.9990355, -0.014761743), (-0.021946158, -0.99911815, -0.03579568), (-0.01734569, -0.99968135, -0.018344576), (-0.041334756, -0.9989588, -0.01930878), (-0.021946158, -0.99911815, -0.03579568), (-0.06390497, -0.99751633, -0.02962032), (-0.031220378, -0.99944353, 0.011744981), (-0.0165877, -0.9998572, -0.0032383294), (-0.041334756, -0.9989588, -0.01930878), (-0.027531698, -0.9995647, 0.010611687), (-0.0165877, -0.9998572, -0.0032383294), (-0.031220378, -0.99944353, 0.011744981), (-0.024477739, -0.99968636, 0.005298365), (-0.031220378, -0.99944353, 0.011744981), (-0.039127085, -0.99922675, 0.003855257), (-0.038298253, -0.9992437, 0.006720785), (-0.024477739, -0.99968636, 0.005298365), (-0.039127085, -0.99922675, 0.003855257), (-0.042843867, -0.9990788, -0.002394976), (-0.024477739, -0.99968636, 0.005298365), (-0.033584055, -0.99942136, -0.0053723147), (-0.024477739, -0.99968636, 0.005298365), (-0.038298253, -0.9992437, 0.006720785), (-0.033584055, -0.99942136, -0.0053723147), (0.022552542, 0.99750245, -0.06693422), (0.022801839, 0.99788, -0.06095596), (0.029262707, 0.997402, -0.065824024), (0.022801839, 0.99788, -0.06095596), (0.031438284, 0.9980116, -0.054629385), (0.029262707, 0.997402, -0.065824024), (0.045190405, 0.9975641, -0.053139977), (0.071362056, 0.9956234, -0.060345277), (0.044760108, 0.9958337, -0.07944642), (0.044829715, 0.99899364, 0.0014608722), (0.02204601, 0.99928766, 0.030629179), (0.06479868, 0.9976846, -0.020650417), (0.044829715, 0.99899364, 0.0014608722), (0.018433549, 0.99928254, 0.033084225), (0.02204601, 0.99928766, 0.030629179), (0.044829715, 0.99899364, 0.0014608722), (0.028110575, 0.9993472, 0.022694144), (0.018433549, 0.99928254, 0.033084225), (0.018978544, 0.9994271, 0.028024508), (0.017741768, 0.9996836, 0.017830769), (0.027147561, 0.99918574, 0.02984492), (0.017741768, 0.9996836, 0.017830769), (0.018978544, 0.9994271, 0.028024508), (0.027818492, 0.9994256, 0.01935853), (0.017741768, 0.9996836, 0.017830769), (0.027818492, 0.9994256, 0.01935853), (0.023542587, 0.9994921, 0.02147599), (0.031306192, 0.9992195, 0.024092628), (0.023542587, 0.9994921, 0.02147599), (0.026026588, 0.99928856, 0.027293451), (-0.012954962, -0.99938077, -0.032712914), (-0.024073474, -0.99927723, -0.0294179), (-0.021946158, -0.99911815, -0.03579568), (-0.041334756, -0.9989588, -0.01930878), (-0.012954962, -0.99938077, -0.032712914), (-0.021946158, -0.99911815, -0.03579568), (-0.041334756, -0.9989588, -0.01930878), (-0.0165877, -0.9998572, -0.0032383294), (-0.012954962, -0.99938077, -0.032712914), (-0.0165877, -0.9998572, -0.0032383294), (-0.027531698, -0.9995647, 0.010611687), (-0.02713021, -0.99953604, -0.013841845), (-0.024477739, -0.99968636, 0.005298365), (-0.027531698, -0.9995647, 0.010611687), (-0.031220378, -0.99944353, 0.011744981), (-0.042843867, -0.9990788, -0.002394976), (-0.027531698, -0.9995647, 0.010611687), (-0.024477739, -0.99968636, 0.005298365), (-0.042843867, -0.9990788, -0.002394976), (-0.033584055, -0.99942136, -0.0053723147), (-0.050102778, -0.99867356, -0.011865399), (0.045190405, 0.9975641, -0.053139977), (0.029262707, 0.997402, -0.065824024), (0.031438284, 0.9980116, -0.054629385), (0.029262707, 0.997402, -0.065824024), (0.045190405, 0.9975641, -0.053139977), (0.044760108, 0.9958337, -0.07944642), (0.045190405, 0.9975641, -0.053139977), (0.031438284, 0.9980116, -0.054629385), (0.02834498, 0.99869764, -0.04242006), (0.054430816, 0.9977631, -0.03880809), (0.06479868, 0.9976846, -0.020650417), (0.071362056, 0.9956234, -0.060345277), (0.071362056, 0.9956234, -0.060345277), (0.039750893, 0.9978308, -0.052474435), (0.054430816, 0.9977631, -0.03880809), (0.028110575, 0.9993472, 0.022694144), (0.018978544, 0.9994271, 0.028024508), (0.018433549, 0.99928254, 0.033084225), (0.018978544, 0.9994271, 0.028024508), (0.027147561, 0.99918574, 0.02984492), (0.018433549, 0.99928254, 0.033084225), (0.027818492, 0.9994256, 0.01935853), (0.034636404, 0.9991688, 0.021496436), (0.023542587, 0.9994921, 0.02147599), (0.026026588, 0.99928856, 0.027293451), (0.023542587, 0.9994921, 0.02147599), (0.034636404, 0.9991688, 0.021496436), (-0.022688236, -0.99944985, -0.024190335), (-0.02143952, -0.9997358, -0.008290341), (-0.029700143, -0.9995522, 0.003641978), (-0.02143952, -0.9997358, -0.008290341), (-0.022688236, -0.99944985, -0.024190335), (-0.011610685, -0.9998495, -0.012890695), (-0.008300655, -0.99992365, -0.0091507975), (-0.018327395, -0.9998014, -0.007835065), (-0.011610685, -0.9998495, -0.012890695), (-0.020149305, -0.999687, -0.014826202), (-0.018327395, -0.9998014, -0.007835065), (-0.008300655, -0.99992365, -0.0091507975), (-0.01734569, -0.99968135, -0.018344576), (-0.020149305, -0.999687, -0.014826202), (-0.008300655, -0.99992365, -0.0091507975), (-0.021946158, -0.99911815, -0.03579568), (-0.024073474, -0.99927723, -0.0294179), (-0.01734569, -0.99968135, -0.018344576), (-0.012954962, -0.99938077, -0.032712914), (-0.03242344, -0.9989778, -0.031497985), (-0.024073474, -0.99927723, -0.0294179), (-0.02713021, -0.99953604, -0.013841845), (-0.012954962, -0.99938077, -0.032712914), (-0.0165877, -0.9998572, -0.0032383294), (0.045190405, 0.9975641, -0.053139977), (0.039750893, 0.9978308, -0.052474435), (0.071362056, 0.9956234, -0.060345277), (0.008190613, 0.9992865, -0.036871012), (0.039750893, 0.9978308, -0.052474435), (0.015455176, 0.9985072, -0.05238655), (0.008190613, 0.9992865, -0.036871012), (0.054430816, 0.9977631, -0.03880809), (0.039750893, 0.9978308, -0.052474435), (0.054430816, 0.9977631, -0.03880809), (0.044829715, 0.99899364, 0.0014608722), (0.06479868, 0.9976846, -0.020650417), (0.054430816, 0.9977631, -0.03880809), (0.033654287, 0.99933803, -0.013815735), (0.044829715, 0.99899364, 0.0014608722), (0.008190613, 0.9992865, -0.036871012), (0.033654287, 0.99933803, -0.013815735), (0.054430816, 0.9977631, -0.03880809), (0.028110575, 0.9993472, 0.022694144), (0.03809954, 0.99868906, 0.034182925), (0.018978544, 0.9994271, 0.028024508), (0.040218137, 0.9987287, 0.030388238), (0.03809954, 0.99868906, 0.034182925), (0.028110575, 0.9993472, 0.022694144), (-0.018327395, -0.9998014, -0.007835065), (-0.02143952, -0.9997358, -0.008290341), (-0.011610685, -0.9998495, -0.012890695), (-0.020149305, -0.999687, -0.014826202), (-0.030093774, -0.9995214, -0.0071635726), (-0.018327395, -0.9998014, -0.007835065), (-0.01734569, -0.99968135, -0.018344576), (-0.03158556, -0.9992197, -0.023712406), (-0.020149305, -0.999687, -0.014826202), (-0.024073474, -0.99927723, -0.0294179), (-0.03158556, -0.9992197, -0.023712406), (-0.01734569, -0.99968135, -0.018344576), (-0.03242344, -0.9989778, -0.031497985), (-0.012954962, -0.99938077, -0.032712914), (-0.02713021, -0.99953604, -0.013841845), (-0.041506667, -0.9991245, -0.005220516), (-0.027531698, -0.9995647, 0.010611687), (-0.042843867, -0.9990788, -0.002394976), (-0.027531698, -0.9995647, 0.010611687), (-0.041506667, -0.9991245, -0.005220516), (-0.02713021, -0.99953604, -0.013841845), (-0.042843867, -0.9990788, -0.002394976), (-0.050102778, -0.99867356, -0.011865399), (-0.056563813, -0.9982811, -0.01533926), (-0.056563813, -0.9982811, -0.01533926), (-0.041506667, -0.9991245, -0.005220516), (-0.042843867, -0.9990788, -0.002394976), (0.045190405, 0.9975641, -0.053139977), (0.02834498, 0.99869764, -0.04242006), (0.015455176, 0.9985072, -0.05238655), (0.015455176, 0.9985072, -0.05238655), (0.039750893, 0.9978308, -0.052474435), (0.045190405, 0.9975641, -0.053139977), (0.044829715, 0.99899364, 0.0014608722), (0.033654287, 0.99933803, -0.013815735), (0.028110575, 0.9993472, 0.022694144), (0.018978544, 0.9994271, 0.028024508), (0.03809954, 0.99868906, 0.034182925), (0.027818492, 0.9994256, 0.01935853), (0.03809954, 0.99868906, 0.034182925), (0.058300477, 0.99814355, 0.017621782), (0.027818492, 0.9994256, 0.01935853), (0.0629223, 0.9969152, 0.046912782), (0.03809954, 0.99868906, 0.034182925), (0.040218137, 0.9987287, 0.030388238), (0.034636404, 0.9991688, 0.021496436), (0.027818492, 0.9994256, 0.01935853), (0.058300477, 0.99814355, 0.017621782), (-0.030093774, -0.9995214, -0.0071635726), (-0.033267736, -0.99932736, -0.015426591), (-0.030082207, -0.9994982, -0.009916108), (-0.020149305, -0.999687, -0.014826202), (-0.033267736, -0.99932736, -0.015426591), (-0.030093774, -0.9995214, -0.0071635726), (-0.020149305, -0.999687, -0.014826202), (-0.03158556, -0.9992197, -0.023712406), (-0.033267736, -0.99932736, -0.015426591), (-0.03158556, -0.9992197, -0.023712406), (-0.03703747, -0.99892664, -0.027816484), (-0.033267736, -0.99932736, -0.015426591), (-0.03158556, -0.9992197, -0.023712406), (-0.024073474, -0.99927723, -0.0294179), (-0.04044298, -0.998762, -0.028962929), (-0.03242344, -0.9989778, -0.031497985), (-0.04044298, -0.998762, -0.028962929), (-0.024073474, -0.99927723, -0.0294179), (-0.033655737, -0.99924487, -0.01941247), (-0.02713021, -0.99953604, -0.013841845), (-0.041506667, -0.9991245, -0.005220516), (-0.041506667, -0.9991245, -0.005220516), (-0.056563813, -0.9982811, -0.01533926), (-0.05009047, -0.99852717, -0.020839171), (-0.033655737, -0.99924487, -0.01941247), (-0.041506667, -0.9991245, -0.005220516), (-0.05009047, -0.99852717, -0.020839171), (-0.050102778, -0.99867356, -0.011865399), (-0.062407937, -0.9979678, -0.012860379), (-0.056563813, -0.9982811, -0.01533926), (-0.0033334396, 0.99889433, -0.046894796), (0.015455176, 0.9985072, -0.05238655), (0.02834498, 0.99869764, -0.04242006), (0.006904113, 0.9999605, -0.0056008087), (0.008190613, 0.9992865, -0.036871012), (-0.009656278, 0.99975294, -0.020018004), (0.008190613, 0.9992865, -0.036871012), (0.006904113, 0.9999605, -0.0056008087), (0.033654287, 0.99933803, -0.013815735), (0.040218137, 0.9987287, 0.030388238), (0.028110575, 0.9993472, 0.022694144), (0.033654287, 0.99933803, -0.013815735), (0.03809954, 0.99868906, 0.034182925), (0.0629223, 0.9969152, 0.046912782), (0.058300477, 0.99814355, 0.017621782), (0.0629223, 0.9969152, 0.046912782), (0.07773776, 0.99647796, 0.03143898), (0.058300477, 0.99814355, 0.017621782), (0.058300477, 0.99814355, 0.017621782), (0.08758181, 0.9959774, 0.018930407), (0.034636404, 0.9991688, 0.021496436), (0.07773776, 0.99647796, 0.03143898), (0.08758181, 0.9959774, 0.018930407), (0.058300477, 0.99814355, 0.017621782), (-0.030093774, -0.9995214, -0.0071635726), (-0.030082207, -0.9994982, -0.009916108), (-0.025226494, -0.99963385, -0.009785353), (-0.030082207, -0.9994982, -0.009916108), (-0.023684256, -0.9995118, -0.020377278), (-0.025226494, -0.99963385, -0.009785353), (-0.03158556, -0.9992197, -0.023712406), (-0.04044298, -0.998762, -0.028962929), (-0.03703747, -0.99892664, -0.027816484), (-0.02713021, -0.99953604, -0.013841845), (-0.033655737, -0.99924487, -0.01941247), (-0.03242344, -0.9989778, -0.031497985), (-0.06941446, -0.99715257, -0.029467061), (-0.056563813, -0.9982811, -0.01533926), (-0.079124145, -0.99659044, -0.02338517), (0.015455176, 0.9985072, -0.05238655), (-0.016873535, 0.9983309, -0.0552356), (0.008190613, 0.9992865, -0.036871012), (-0.0033334396, 0.99889433, -0.046894796), (-0.016873535, 0.9983309, -0.0552356), (0.015455176, 0.9985072, -0.05238655), (0.006904113, 0.9999605, -0.0056008087), (0.029693855, 0.99951446, 0.009433651), (0.033654287, 0.99933803, -0.013815735), (0.029693855, 0.99951446, 0.009433651), (0.040218137, 0.9987287, 0.030388238), (0.033654287, 0.99933803, -0.013815735), (0.029693855, 0.99951446, 0.009433651), (0.05301682, 0.99683154, 0.059295617), (0.040218137, 0.9987287, 0.030388238), (0.05301682, 0.99683154, 0.059295617), (0.0629223, 0.9969152, 0.046912782), (0.040218137, 0.9987287, 0.030388238), (0.05301682, 0.99683154, 0.059295617), (0.068039484, 0.9958527, 0.06039871), (0.0629223, 0.9969152, 0.046912782), (-0.030082207, -0.9994982, -0.009916108), (-0.02467526, -0.9995847, -0.014886969), (-0.023684256, -0.9995118, -0.020377278), (-0.033267736, -0.99932736, -0.015426591), (-0.031262167, -0.999433, -0.012509116), (-0.030082207, -0.9994982, -0.009916108), (-0.03703747, -0.99892664, -0.027816484), (-0.031262167, -0.999433, -0.012509116), (-0.033267736, -0.99932736, -0.015426591), (-0.04044298, -0.998762, -0.028962929), (-0.044521358, -0.9984014, -0.03481943), (-0.03703747, -0.99892664, -0.027816484), (-0.046009365, -0.9985434, -0.028180711), (-0.044521358, -0.9984014, -0.03481943), (-0.04044298, -0.998762, -0.028962929), (-0.03242344, -0.9989778, -0.031497985), (-0.03951233, -0.99889404, -0.025482297), (-0.04044298, -0.998762, -0.028962929), (-0.033655737, -0.99924487, -0.01941247), (-0.03951233, -0.99889404, -0.025482297), (-0.03242344, -0.9989778, -0.031497985), (-0.03951233, -0.99889404, -0.025482297), (-0.033655737, -0.99924487, -0.01941247), (-0.045673054, -0.9987176, -0.021845508), (-0.033655737, -0.99924487, -0.01941247), (-0.05009047, -0.99852717, -0.020839171), (-0.045673054, -0.9987176, -0.021845508), (-0.06941446, -0.99715257, -0.029467061), (-0.05009047, -0.99852717, -0.020839171), (-0.056563813, -0.9982811, -0.01533926), (-0.0033334396, 0.99889433, -0.046894796), (-0.025044724, 0.9980784, -0.056675613), (-0.016873535, 0.9983309, -0.0552356), (-0.016873535, 0.9983309, -0.0552356), (-0.009656278, 0.99975294, -0.020018004), (0.008190613, 0.9992865, -0.036871012), (-0.009656278, 0.99975294, -0.020018004), (-0.016873535, 0.9983309, -0.0552356), (-0.016336534, 0.9988629, -0.044789515), (-0.009656278, 0.99975294, -0.020018004), (0.014778716, 0.9995394, 0.026509978), (0.006904113, 0.9999605, -0.0056008087), (0.035370044, 0.9983402, 0.045450836), (0.029693855, 0.99951446, 0.009433651), (0.006904113, 0.9999605, -0.0056008087), (0.058666643, 0.9954861, 0.074603625), (0.05301682, 0.99683154, 0.059295617), (0.035370044, 0.9983402, 0.045450836), (0.068039484, 0.9958527, 0.06039871), (0.07773776, 0.99647796, 0.03143898), (0.0629223, 0.9969152, 0.046912782), (0.075920165, 0.9968519, 0.022858698), (0.08758181, 0.9959774, 0.018930407), (0.07773776, 0.99647796, 0.03143898), (-0.02467526, -0.9995847, -0.014886969), (-0.030082207, -0.9994982, -0.009916108), (-0.031262167, -0.999433, -0.012509116), (-0.035987977, -0.99895173, -0.028287446), (-0.02467526, -0.9995847, -0.014886969), (-0.031262167, -0.999433, -0.012509116), (-0.031262167, -0.999433, -0.012509116), (-0.03703747, -0.99892664, -0.027816484), (-0.035987977, -0.99895173, -0.028287446), (-0.044521358, -0.9984014, -0.03481943), (-0.035987977, -0.99895173, -0.028287446), (-0.03703747, -0.99892664, -0.027816484), (-0.03951233, -0.99889404, -0.025482297), (-0.045673054, -0.9987176, -0.021845508), (-0.050811958, -0.99845606, -0.022444487), (-0.045673054, -0.9987176, -0.021845508), (-0.05009047, -0.99852717, -0.020839171), (-0.060738403, -0.99758804, -0.03360228), (-0.068227254, -0.99703246, -0.03565271), (-0.060738403, -0.99758804, -0.03360228), (-0.05009047, -0.99852717, -0.020839171), (-0.06941446, -0.99715257, -0.029467061), (-0.079124145, -0.99659044, -0.02338517), (-0.08261521, -0.9955692, -0.044907015), (0.07773776, 0.99647796, 0.03143898), (0.068039484, 0.9958527, 0.06039871), (0.046386242, 0.99827033, 0.03612045), (0.021976415, 0.9996634, 0.013787937), (0.075920165, 0.9968519, 0.022858698), (0.07773776, 0.99647796, 0.03143898), (0.046386242, 0.99827033, 0.03612045), (0.021976415, 0.9996634, 0.013787937), (0.07773776, 0.99647796, 0.03143898), (0.021976415, 0.9996634, 0.013787937), (0.0052184532, 0.9999849, 0.0017195347), (0.075920165, 0.9968519, 0.022858698), (-0.025044724, 0.9980784, -0.056675613), (-0.0033334396, 0.99889433, -0.046894796), (-0.022224337, 0.9988676, -0.042067964), (-0.016873535, 0.9983309, -0.0552356), (-0.025044724, 0.9980784, -0.056675613), (-0.016336534, 0.9988629, -0.044789515), (-0.016336534, 0.9988629, -0.044789515), (-0.003172162, 0.9999086, -0.0131428335), (-0.009656278, 0.99975294, -0.020018004), (-0.009656278, 0.99975294, -0.020018004), (-0.003172162, 0.9999086, -0.0131428335), (0.014778716, 0.9995394, 0.026509978), (-0.003172162, 0.9999086, -0.0131428335), (0.033648185, 0.99936587, 0.011651853), (0.014778716, 0.9995394, 0.026509978), (0.006904113, 0.9999605, -0.0056008087), (0.014778716, 0.9995394, 0.026509978), (0.035370044, 0.9983402, 0.045450836), (0.035370044, 0.9983402, 0.045450836), (0.05301682, 0.99683154, 0.059295617), (0.029693855, 0.99951446, 0.009433651), (0.058666643, 0.9954861, 0.074603625), (0.035370044, 0.9983402, 0.045450836), (0.049425524, 0.9956499, 0.07898354), (0.05301682, 0.99683154, 0.059295617), (0.058666643, 0.9954861, 0.074603625), (0.068039484, 0.9958527, 0.06039871), (-0.02467526, -0.9995847, -0.014886969), (-0.0071874233, -0.9995764, -0.028202223), (-0.023684256, -0.9995118, -0.020377278), (-0.026008254, -0.99911666, -0.033007268), (-0.0071874233, -0.9995764, -0.028202223), (-0.02467526, -0.9995847, -0.014886969), (-0.035987977, -0.99895173, -0.028287446), (-0.026008254, -0.99911666, -0.033007268), (-0.02467526, -0.9995847, -0.014886969), (-0.044521358, -0.9984014, -0.03481943), (-0.043002725, -0.99820673, -0.04164272), (-0.035987977, -0.99895173, -0.028287446), (-0.043002725, -0.99820673, -0.04164272), (-0.026008254, -0.99911666, -0.033007268), (-0.035987977, -0.99895173, -0.028287446), (-0.044521358, -0.9984014, -0.03481943), (-0.055552468, -0.9978734, -0.03409374), (-0.043002725, -0.99820673, -0.04164272), (-0.046009365, -0.9985434, -0.028180711), (-0.055552468, -0.9978734, -0.03409374), (-0.044521358, -0.9984014, -0.03481943), (-0.046009365, -0.9985434, -0.028180711), (-0.050811958, -0.99845606, -0.022444487), (-0.055552468, -0.9978734, -0.03409374), (-0.06788884, -0.99744654, -0.022168415), (-0.055552468, -0.9978734, -0.03409374), (-0.050811958, -0.99845606, -0.022444487), (-0.05599423, -0.99810684, -0.025443817), (-0.050811958, -0.99845606, -0.022444487), (-0.045673054, -0.9987176, -0.021845508), (-0.045673054, -0.9987176, -0.021845508), (-0.060738403, -0.99758804, -0.03360228), (-0.05599423, -0.99810684, -0.025443817), (-0.05599423, -0.99810684, -0.025443817), (-0.06788884, -0.99744654, -0.022168415), (-0.050811958, -0.99845606, -0.022444487), (-0.060738403, -0.99758804, -0.03360228), (-0.068227254, -0.99703246, -0.03565271), (-0.059792068, -0.997234, -0.044150483), (-0.059792068, -0.997234, -0.044150483), (-0.068227254, -0.99703246, -0.03565271), (-0.08261521, -0.9955692, -0.044907015), (-0.08261521, -0.9955692, -0.044907015), (-0.068227254, -0.99703246, -0.03565271), (-0.06941446, -0.99715257, -0.029467061), (-0.03176918, 0.998392, -0.04694731), (-0.025044724, 0.9980784, -0.056675613), (-0.022224337, 0.9988676, -0.042067964), (-0.025044724, 0.9980784, -0.056675613), (-0.03176918, 0.998392, -0.04694731), (-0.016336534, 0.9988629, -0.044789515), (-0.016336534, 0.9988629, -0.044789515), (0.011571037, 0.99977916, -0.01754074), (-0.003172162, 0.9999086, -0.0131428335), (0.011571037, 0.99977916, -0.01754074), (0.033648185, 0.99936587, 0.011651853), (-0.003172162, 0.9999086, -0.0131428335), (0.04930941, 0.99682224, 0.06256217), (0.014778716, 0.9995394, 0.026509978), (0.033648185, 0.99936587, 0.011651853), (0.04930941, 0.99682224, 0.06256217), (0.049425524, 0.9956499, 0.07898354), (0.014778716, 0.9995394, 0.026509978), (0.049425524, 0.9956499, 0.07898354), (0.035370044, 0.9983402, 0.045450836), (0.014778716, 0.9995394, 0.026509978), (-0.043002725, -0.99820673, -0.04164272), (-0.03165628, -0.99787265, -0.056992084), (-0.026008254, -0.99911666, -0.033007268), (-0.06788884, -0.99744654, -0.022168415), (-0.05648125, -0.99805576, -0.02635323), (-0.065103054, -0.9978326, -0.009581527), (-0.05648125, -0.99805576, -0.02635323), (-0.05599423, -0.99810684, -0.025443817), (-0.060738403, -0.99758804, -0.03360228), (-0.059792068, -0.997234, -0.044150483), (-0.05648125, -0.99805576, -0.02635323), (-0.060738403, -0.99758804, -0.03360228), (-0.06307712, -0.9957771, -0.06670307), (-0.045996033, -0.99771935, -0.049401436), (-0.059792068, -0.997234, -0.044150483), (-0.08261521, -0.9955692, -0.044907015), (-0.06307712, -0.9957771, -0.06670307), (-0.059792068, -0.997234, -0.044150483), (-0.06307712, -0.9957771, -0.06670307), (-0.08261521, -0.9955692, -0.044907015), (-0.08887676, -0.9939322, -0.064805485), (0.058666643, 0.9954861, 0.074603625), (0.046386242, 0.99827033, 0.03612045), (0.068039484, 0.9958527, 0.06039871), (0.046386242, 0.99827033, 0.03612045), (0.058666643, 0.9954861, 0.074603625), (0.03056811, 0.998692, 0.040987298), (0.003416452, 0.99998367, 0.004578711), (0.046386242, 0.99827033, 0.03612045), (0.03056811, 0.998692, 0.040987298), (0.046386242, 0.99827033, 0.03612045), (0.003416452, 0.99998367, 0.004578711), (0.021976415, 0.9996634, 0.013787937), (-0.0018507821, 0.99999744, 0.0012496216), (0.0052184532, 0.9999849, 0.0017195347), (0.021976415, 0.9996634, 0.013787937), (-0.03176918, 0.998392, -0.04694731), (-0.025909295, 0.999202, -0.0303989), (-0.016336534, 0.9988629, -0.044789515), (-0.025909295, 0.999202, -0.0303989), (-0.03176918, 0.998392, -0.04694731), (-0.07297494, 0.997216, -0.015329176), (-0.016336534, 0.9988629, -0.044789515), (-0.025909295, 0.999202, -0.0303989), (0.011571037, 0.99977916, -0.01754074), (-0.025909295, 0.999202, -0.0303989), (0.009570839, 0.9999096, 0.0094452305), (0.011571037, 0.99977916, -0.01754074), (0.03056811, 0.998692, 0.040987298), (0.058666643, 0.9954861, 0.074603625), (0.049425524, 0.9956499, 0.07898354), (0.024561586, -0.9987716, -0.043035038), (-0.0071874233, -0.9995764, -0.028202223), (0.002084146, -0.9989572, -0.045609105), (-0.026008254, -0.99911666, -0.033007268), (0.002084146, -0.9989572, -0.045609105), (-0.0071874233, -0.9995764, -0.028202223), (-0.049147107, -0.9973818, -0.05304873), (-0.043002725, -0.99820673, -0.04164272), (-0.055552468, -0.9978734, -0.03409374), (-0.043221705, -0.99652857, -0.071152814), (-0.03165628, -0.99787265, -0.056992084), (-0.049147107, -0.9973818, -0.05304873), (-0.06917784, -0.99663484, -0.043969534), (-0.043221705, -0.99652857, -0.071152814), (-0.049147107, -0.9973818, -0.05304873), (-0.055552468, -0.9978734, -0.03409374), (-0.06788884, -0.99744654, -0.022168415), (-0.06917784, -0.99663484, -0.043969534), (-0.065103054, -0.9978326, -0.009581527), (-0.06917784, -0.99663484, -0.043969534), (-0.06788884, -0.99744654, -0.022168415), (-0.05648125, -0.99805576, -0.02635323), (-0.06788884, -0.99744654, -0.022168415), (-0.05599423, -0.99810684, -0.025443817), (-0.045996033, -0.99771935, -0.049401436), (-0.05648125, -0.99805576, -0.02635323), (-0.059792068, -0.997234, -0.044150483), (0.049425524, 0.9956499, 0.07898354), (0.026388321, 0.9985716, 0.046456832), (0.03056811, 0.998692, 0.040987298), (0.003416452, 0.99998367, 0.004578711), (-0.0018507821, 0.99999744, 0.0012496216), (0.021976415, 0.9996634, 0.013787937), (0.003416452, 0.99998367, 0.004578711), (0.00034196462, 0.99999994, -0.00006687277), (-0.0018507821, 0.99999744, 0.0012496216), (-0.07297494, 0.997216, -0.015329176), (-0.068693005, 0.99738264, 0.022563834), (-0.03116084, 0.9992096, 0.024680983), (-0.025909295, 0.999202, -0.0303989), (-0.07297494, 0.997216, -0.015329176), (-0.03116084, 0.9992096, 0.024680983), (0.011571037, 0.99977916, -0.01754074), (0.04107252, 0.9990734, 0.012859136), (0.033648185, 0.99936587, 0.011651853), (0.04930941, 0.99682224, 0.06256217), (0.04192741, 0.99666613, 0.06999073), (0.049425524, 0.9956499, 0.07898354), (-0.036664706, -0.9982104, -0.04724239), (-0.045713857, -0.99603856, -0.076272674), (-0.06307712, -0.9957771, -0.06670307), (-0.026008254, -0.99911666, -0.033007268), (-0.009575132, -0.99805886, -0.06153725), (0.002084146, -0.9989572, -0.045609105), (-0.03165628, -0.99787265, -0.056992084), (-0.009575132, -0.99805886, -0.06153725), (-0.026008254, -0.99911666, -0.033007268), (-0.03165628, -0.99787265, -0.056992084), (-0.043002725, -0.99820673, -0.04164272), (-0.049147107, -0.9973818, -0.05304873), (0.0030101535, 0.99999344, 0.0020230112), (0.026388321, 0.9985716, 0.046456832), (0.00795582, 0.9998225, 0.017079707), (0.03056811, 0.998692, 0.040987298), (0.026388321, 0.9985716, 0.046456832), (0.0030101535, 0.99999344, 0.0020230112), (0.03056811, 0.998692, 0.040987298), (0.0030101535, 0.99999344, 0.0020230112), (0.003416452, 0.99998367, 0.004578711), (0.0030101535, 0.99999344, 0.0020230112), (0.00034196462, 0.99999994, -0.00006687277), (0.003416452, 0.99998367, 0.004578711), (0.0030101535, 0.99999344, 0.0020230112), (-0.00020755894, 1, -0.00016415492), (0.00034196462, 0.99999994, -0.00006687277), (-0.10679746, 0.9942785, 0.0021329501), (-0.068693005, 0.99738264, 0.022563834), (-0.07297494, 0.997216, -0.015329176), (-0.03116084, 0.9992096, 0.024680983), (0.009570839, 0.9999096, 0.0094452305), (-0.025909295, 0.999202, -0.0303989), (0.009570839, 0.9999096, 0.0094452305), (0.04107252, 0.9990734, 0.012859136), (0.011571037, 0.99977916, -0.01754074), (0.021422267, 0.99883175, 0.043318253), (0.038319696, 0.9986679, 0.034554273), (0.04107252, 0.9990734, 0.012859136), (0.04107252, 0.9990734, 0.012859136), (0.056480363, 0.9981078, 0.024309343), (0.033648185, 0.99936587, 0.011651853), (0.033648185, 0.99936587, 0.011651853), (0.056480363, 0.9981078, 0.024309343), (0.04930941, 0.99682224, 0.06256217), (0.04930941, 0.99682224, 0.06256217), (0.049827732, 0.9972263, 0.055289358), (0.04192741, 0.99666613, 0.06999073), (0.04192741, 0.99666613, 0.06999073), (0.026388321, 0.9985716, 0.046456832), (0.049425524, 0.9956499, 0.07898354), (-0.045996033, -0.99771935, -0.049401436), (-0.06307712, -0.9957771, -0.06670307), (-0.045713857, -0.99603856, -0.076272674), (0.024561586, -0.9987716, -0.043035038), (0.01105314, -0.9975796, -0.06865045), (0.020342976, -0.9980583, -0.05887038), (-0.009575132, -0.99805886, -0.06153725), (0.01105314, -0.9975796, -0.06865045), (0.002084146, -0.9989572, -0.045609105), (0.01105314, -0.9975796, -0.06865045), (0.024561586, -0.9987716, -0.043035038), (0.002084146, -0.9989572, -0.045609105), (-0.009575132, -0.99805886, -0.06153725), (0.010991395, -0.9964097, -0.08394578), (0.01105314, -0.9975796, -0.06865045), (-0.03165628, -0.99787265, -0.056992084), (-0.043221705, -0.99652857, -0.071152814), (-0.018474856, -0.9971999, -0.07246414), (-0.043221705, -0.99652857, -0.071152814), (-0.011138506, -0.9976086, -0.06821188), (-0.018474856, -0.9971999, -0.07246414), (-0.043221705, -0.99652857, -0.071152814), (-0.033281073, -0.9982745, -0.048376895), (-0.011138506, -0.9976086, -0.06821188), (-0.065103054, -0.9978326, -0.009581527), (-0.033281073, -0.9982745, -0.048376895), (-0.06917784, -0.99663484, -0.043969534), (-0.06917784, -0.99663484, -0.043969534), (-0.033281073, -0.9982745, -0.048376895), (-0.043221705, -0.99652857, -0.071152814), (-0.033281073, -0.9982745, -0.048376895), (-0.013379754, -0.9998803, -0.007768228), (0.008324598, -0.9990762, -0.042160135), (-0.013379754, -0.9998803, -0.007768228), (-0.033281073, -0.9982745, -0.048376895), (-0.065103054, -0.9978326, -0.009581527), (-0.065103054, -0.9978326, -0.009581527), (-0.05648125, -0.99805576, -0.02635323), (-0.042531844, -0.9990571, -0.008705141), (-0.042531844, -0.9990571, -0.008705141), (-0.05648125, -0.99805576, -0.02635323), (-0.045996033, -0.99771935, -0.049401436), (0.049827732, 0.9972263, 0.055289358), (0.022320386, 0.99913955, 0.034957558), (0.04192741, 0.99666613, 0.06999073), (0.04192741, 0.99666613, 0.06999073), (0.00795582, 0.9998225, 0.017079707), (0.026388321, 0.9985716, 0.046456832), (-0.0006132459, 0.99999964, -0.00062552275), (-0.00020755894, 1, -0.00016415492), (0.0030101535, 0.99999344, 0.0020230112), (-0.00020755894, 1, -0.00016415492), (0.000017791821, 1, 0.000016911481), (0.00034196462, 0.99999994, -0.00006687277), (-0.068693005, 0.99738264, 0.022563834), (0.004165708, 0.99796265, 0.06366369), (-0.03116084, 0.9992096, 0.024680983), (0.03238309, 0.9974404, 0.06374935), (0.021422267, 0.99883175, 0.043318253), (0.004165708, 0.99796265, 0.06366369), (-0.03116084, 0.9992096, 0.024680983), (0.021422267, 0.99883175, 0.043318253), (0.009570839, 0.9999096, 0.0094452305), (0.021422267, 0.99883175, 0.043318253), (0.04107252, 0.9990734, 0.012859136), (0.009570839, 0.9999096, 0.0094452305), (0.056480363, 0.9981078, 0.024309343), (0.049827732, 0.9972263, 0.055289358), (0.04930941, 0.99682224, 0.06256217), (-0.036915824, -0.9980284, -0.050760373), (-0.045996033, -0.99771935, -0.049401436), (-0.045713857, -0.99603856, -0.076272674), (-0.0140409535, -0.9983661, -0.055389207), (-0.036915824, -0.9980284, -0.050760373), (-0.045713857, -0.99603856, -0.076272674), (-0.010817779, -0.9991804, -0.03900613), (-0.0140409535, -0.9983661, -0.055389207), (-0.045713857, -0.99603856, -0.076272674), (-0.045713857, -0.99603856, -0.076272674), (-0.036664706, -0.9982104, -0.04724239), (-0.010817779, -0.9991804, -0.03900613), (0.01105314, -0.9975796, -0.06865045), (0.021742787, -0.9968209, -0.07665016), (0.020342976, -0.9980583, -0.05887038), (-0.03165628, -0.99787265, -0.056992084), (-0.010480547, -0.99720234, -0.07400971), (-0.009575132, -0.99805886, -0.06153725), (-0.018474856, -0.9971999, -0.07246414), (-0.010480547, -0.99720234, -0.07400971), (-0.03165628, -0.99787265, -0.056992084), (-0.042531844, -0.9990571, -0.008705141), (-0.013379754, -0.9998803, -0.007768228), (-0.065103054, -0.9978326, -0.009581527), (-0.036915824, -0.9980284, -0.050760373), (-0.042531844, -0.9990571, -0.008705141), (-0.045996033, -0.99771935, -0.049401436), (-0.042531844, -0.9990571, -0.008705141), (-0.036915824, -0.9980284, -0.050760373), (-0.02107597, -0.9995255, -0.02246624), (0.08614001, 0.99627924, -0.002786874), (0.03805344, 0.9992592, 0.0057503614), (0.062248904, 0.9974154, 0.03588356), (0.03805344, 0.9992592, 0.0057503614), (0.067477964, 0.9976717, 0.009898005), (0.021608679, 0.9996965, 0.011831248), (0.13509011, 0.9842638, -0.11390942), (0.095495984, 0.97918576, -0.17909703), (0.17686091, 0.96743643, -0.18107177), (0.09418152, 0.9740043, -0.20602249), (0.07842087, 0.9757342, -0.20443341), (0.04526223, 0.98164415, -0.18527314), (0.04526223, 0.98164415, -0.18527314), (0.07842087, 0.9757342, -0.20443341), (0.04228444, 0.6824763, -0.72968364), (0.04228444, 0.6824763, -0.72968364), (0.014933258, 0.045926098, -0.99883324), (-0.0028220536, 0.037751917, -0.99928313), (0.014933258, 0.045926098, -0.99883324), (0.007920172, -0.02025765, -0.9997635), (-0.0028220536, 0.037751917, -0.99928313), (-0.09353311, -0.9953972, 0.020878043), (-0.051728286, -0.998661, -0.00063865585), (-0.061539724, -0.9978913, 0.020638047), (-0.038298253, -0.9992437, 0.006720785), (-0.061539724, -0.9978913, 0.020638047), (-0.051728286, -0.998661, -0.00063865585), (-0.09353311, -0.9953972, 0.020878043), (-0.11984714, -0.9896551, 0.07886416), (-0.07274292, -0.9972809, 0.01179889), (-0.07274292, -0.9972809, 0.01179889), (-0.11984714, -0.9896551, 0.07886416), (-0.087334715, -0.9901786, 0.10917427), (-0.11907945, -0.97964007, 0.16163403), (-0.087334715, -0.9901786, 0.10917427), (-0.11984714, -0.9896551, 0.07886416), (-0.091362946, -0.975633, 0.19948205), (-0.04940817, -0.98562527, 0.16156007), (-0.081086546, -0.9724381, 0.21860732), (-0.081086546, -0.9724381, 0.21860732), (-0.04940817, -0.98562527, 0.16156007), (-0.035269678, -0.99855167, 0.04062838), (-0.06990511, -0.9969658, -0.03423989), (-0.035269678, -0.99855167, 0.04062838), (-0.04940817, -0.98562527, 0.16156007), (-0.035486963, -0.7314746, -0.6809447), (-0.022992192, -0.6171631, -0.78649914), (-0.06990511, -0.9969658, -0.03423989), (-0.06990511, -0.9969658, -0.03423989), (-0.022992192, -0.6171631, -0.78649914), (-0.035269678, -0.99855167, 0.04062838), (0.019689374, -0.54376906, -0.83900386), (-0.022992192, -0.6171631, -0.78649914), (0.007920172, -0.02025765, -0.9997635), (0.03805344, 0.9992592, 0.0057503614), (0.031306192, 0.9992195, 0.024092628), (0.062248904, 0.9974154, 0.03588356), (0.062248904, 0.9974154, 0.03588356), (0.02393208, 0.99873537, 0.044212643), (0.09122609, 0.9956459, 0.019155383), (0.13509011, 0.9842638, -0.11390942), (0.029062815, 0.9981587, -0.053240784), (0.095495984, 0.97918576, -0.17909703), (0.17686091, 0.96743643, -0.18107177), (0.095495984, 0.97918576, -0.17909703), (0.13100776, 0.9657951, -0.22377875), (0.08347753, 0.9719153, -0.22002748), (0.13100776, 0.9657951, -0.22377875), (0.095495984, 0.97918576, -0.17909703), (0.0978551, 0.965205, -0.24249473), (0.13100776, 0.9657951, -0.22377875), (0.08347753, 0.9719153, -0.22002748), (0.13100776, 0.9657951, -0.22377875), (0.0978551, 0.965205, -0.24249473), (0.09418152, 0.9740043, -0.20602249), (0.09418152, 0.9740043, -0.20602249), (0.0978551, 0.965205, -0.24249473), (0.07842087, 0.9757342, -0.20443341), (0.0978551, 0.965205, -0.24249473), (0.05341527, 0.968922, -0.24153021), (0.07842087, 0.9757342, -0.20443341), (0.07842087, 0.9757342, -0.20443341), (0.026575768, 0.66348803, -0.7477149), (0.04228444, 0.6824763, -0.72968364), (-0.07274292, -0.9972809, 0.01179889), (-0.051728286, -0.998661, -0.00063865585), (-0.09353311, -0.9953972, 0.020878043), (-0.087334715, -0.9901786, 0.10917427), (-0.06343915, -0.9979047, 0.012718848), (-0.07274292, -0.9972809, 0.01179889), (-0.11907945, -0.97964007, 0.16163403), (-0.08706562, -0.9760593, 0.19931798), (-0.087334715, -0.9901786, 0.10917427), (-0.091362946, -0.975633, 0.19948205), (-0.11907945, -0.97964007, 0.16163403), (-0.124133855, -0.9826166, 0.13804111), (-0.091362946, -0.975633, 0.19948205), (-0.08706562, -0.9760593, 0.19931798), (-0.11907945, -0.97964007, 0.16163403), (-0.081086546, -0.9724381, 0.21860732), (-0.08706562, -0.9760593, 0.19931798), (-0.091362946, -0.975633, 0.19948205), (-0.022992192, -0.6171631, -0.78649914), (-0.010259175, -0.99312013, -0.116649956), (-0.035269678, -0.99855167, 0.04062838), (-0.022992192, -0.6171631, -0.78649914), (0.019689374, -0.54376906, -0.83900386), (-0.010259175, -0.99312013, -0.116649956), (0.021608679, 0.9996965, 0.011831248), (0.031306192, 0.9992195, 0.024092628), (0.03805344, 0.9992592, 0.0057503614), (0.0076534674, 0.99944603, 0.032386374), (0.029062815, 0.9981587, -0.053240784), (0.09122609, 0.9956459, 0.019155383), (0.09122609, 0.9956459, 0.019155383), (0.029062815, 0.9981587, -0.053240784), (0.13509011, 0.9842638, -0.11390942), (0.029062815, 0.9981587, -0.053240784), (0.050121903, 0.9922522, -0.113681234), (0.095495984, 0.97918576, -0.17909703), (0.095495984, 0.97918576, -0.17909703), (0.050121903, 0.9922522, -0.113681234), (0.08347753, 0.9719153, -0.22002748), (0.0978551, 0.965205, -0.24249473), (0.07393418, 0.9645856, -0.25319606), (0.05341527, 0.968922, -0.24153021), (0.026575768, 0.66348803, -0.7477149), (0.07842087, 0.9757342, -0.20443341), (0.05341527, 0.968922, -0.24153021), (0.04228444, 0.6824763, -0.72968364), (0.026575768, 0.66348803, -0.7477149), (0.014933258, 0.045926098, -0.99883324), (0.026575768, 0.66348803, -0.7477149), (0.05341527, 0.968922, -0.24153021), (0.02655487, 0.7369842, -0.67538804), (0.026575768, 0.66348803, -0.7477149), (-0.017299766, 0.09428257, -0.9953952), (0.014933258, 0.045926098, -0.99883324), (0.014933258, 0.045926098, -0.99883324), (-0.012538511, -0.018939406, -0.9997419), (0.007920172, -0.02025765, -0.9997635), (0.014933258, 0.045926098, -0.99883324), (-0.017299766, 0.09428257, -0.9953952), (-0.012538511, -0.018939406, -0.9997419), (-0.045624442, -0.9988515, -0.014629681), (-0.051728286, -0.998661, -0.00063865585), (-0.07274292, -0.9972809, 0.01179889), (-0.06343915, -0.9979047, 0.012718848), (-0.045624442, -0.9988515, -0.014629681), (-0.07274292, -0.9972809, 0.01179889), (-0.087334715, -0.9901786, 0.10917427), (-0.06264495, -0.9963276, 0.058369022), (-0.06343915, -0.9979047, 0.012718848), (-0.06264495, -0.9963276, 0.058369022), (-0.087334715, -0.9901786, 0.10917427), (-0.07854749, -0.9814507, 0.17488526), (-0.012538511, -0.018939406, -0.9997419), (0.019689374, -0.54376906, -0.83900386), (0.007920172, -0.02025765, -0.9997635), (-0.087334715, -0.9901786, 0.10917427), (-0.08706562, -0.9760593, 0.19931798), (-0.07854749, -0.9814507, 0.17488526), (-0.035269678, -0.99855167, 0.04062838), (-0.08702578, -0.9810658, 0.17302145), (-0.081086546, -0.9724381, 0.21860732), (-0.010259175, -0.99312013, -0.116649956), (-0.08702578, -0.9810658, 0.17302145), (-0.035269678, -0.99855167, 0.04062838), (0.062248904, 0.9974154, 0.03588356), (0.031306192, 0.9992195, 0.024092628), (0.02393208, 0.99873537, 0.044212643), (0.031306192, 0.9992195, 0.024092628), (0.026026588, 0.99928856, 0.027293451), (0.02393208, 0.99873537, 0.044212643), (0.0076534674, 0.99944603, 0.032386374), (0.021578852, 0.9997135, -0.010365001), (0.029062815, 0.9981587, -0.053240784), (0.050121903, 0.9922522, -0.113681234), (0.029062815, 0.9981587, -0.053240784), (0.021578852, 0.9997135, -0.010365001), (0.08347753, 0.9719153, -0.22002748), (0.07393418, 0.9645856, -0.25319606), (0.0978551, 0.965205, -0.24249473), (0.05341527, 0.968922, -0.24153021), (0.07393418, 0.9645856, -0.25319606), (0.060364738, 0.9585046, -0.27861255), (0.02655487, 0.7369842, -0.67538804), (-0.017299766, 0.09428257, -0.9953952), (0.026575768, 0.66348803, -0.7477149), (-0.046240386, -0.9988705, -0.010940344), (-0.033584055, -0.99942136, -0.0053723147), (-0.051728286, -0.998661, -0.00063865585), (-0.046240386, -0.9988705, -0.010940344), (-0.050102778, -0.99867356, -0.011865399), (-0.033584055, -0.99942136, -0.0053723147), (-0.045624442, -0.9988515, -0.014629681), (-0.046240386, -0.9988705, -0.010940344), (-0.051728286, -0.998661, -0.00063865585), (-0.06343915, -0.9979047, 0.012718848), (-0.04377988, -0.99891156, -0.016094409), (-0.045624442, -0.9988515, -0.014629681), (-0.06264495, -0.9963276, 0.058369022), (-0.04377988, -0.99891156, -0.016094409), (-0.06343915, -0.9979047, 0.012718848), (-0.012538511, -0.018939406, -0.9997419), (-0.07389269, -0.7214698, -0.68849194), (0.019689374, -0.54376906, -0.83900386), (-0.081086546, -0.9724381, 0.21860732), (-0.07809317, -0.97185254, 0.22227003), (-0.08706562, -0.9760593, 0.19931798), (-0.08702578, -0.9810658, 0.17302145), (-0.07809317, -0.97185254, 0.22227003), (-0.081086546, -0.9724381, 0.21860732), (-0.08297214, -0.9917234, 0.097981006), (-0.08702578, -0.9810658, 0.17302145), (-0.010259175, -0.99312013, -0.116649956), (-0.07389269, -0.7214698, -0.68849194), (-0.08297214, -0.9917234, 0.097981006), (-0.010259175, -0.99312013, -0.116649956), (0.014983261, 0.99948376, 0.028421586), (0.02393208, 0.99873537, 0.044212643), (0.026026588, 0.99928856, 0.027293451), (0.02393208, 0.99873537, 0.044212643), (0.014983261, 0.99948376, 0.028421586), (0.0076534674, 0.99944603, 0.032386374), (0.0076534674, 0.99944603, 0.032386374), (0.014983261, 0.99948376, 0.028421586), (0.021578852, 0.9997135, -0.010365001), (0.014983261, 0.99948376, 0.028421586), (0.0520392, 0.9983533, 0.024138128), (0.021578852, 0.9997135, -0.010365001), (0.07393418, 0.9645856, -0.25319606), (0.08347753, 0.9719153, -0.22002748), (0.06252891, 0.9870724, -0.14757445), (0.050121903, 0.9922522, -0.113681234), (0.06252891, 0.9870724, -0.14757445), (0.08347753, 0.9719153, -0.22002748), (0.06252891, 0.9870724, -0.14757445), (0.084952764, 0.96969634, -0.22906779), (0.07393418, 0.9645856, -0.25319606), (0.05341527, 0.968922, -0.24153021), (0.060364738, 0.9585046, -0.27861255), (0.02655487, 0.7369842, -0.67538804), (0.02655487, 0.7369842, -0.67538804), (0.017508658, 0.5139561, -0.85763776), (-0.017299766, 0.09428257, -0.9953952), (0.017508658, 0.5139561, -0.85763776), (-0.015734857, -0.024541168, -0.999575), (-0.017299766, 0.09428257, -0.9953952), (-0.017299766, 0.09428257, -0.9953952), (-0.015734857, -0.024541168, -0.999575), (-0.012538511, -0.018939406, -0.9997419), (-0.04377988, -0.99891156, -0.016094409), (-0.046240386, -0.9988705, -0.010940344), (-0.045624442, -0.9988515, -0.014629681), (-0.06264495, -0.9963276, 0.058369022), (-0.0579695, -0.9981909, -0.01595285), (-0.04377988, -0.99891156, -0.016094409), (-0.07464316, -0.98525995, 0.15391989), (-0.06264495, -0.9963276, 0.058369022), (-0.07854749, -0.9814507, 0.17488526), (-0.07809317, -0.97185254, 0.22227003), (-0.07464316, -0.98525995, 0.15391989), (-0.07854749, -0.9814507, 0.17488526), (-0.07809317, -0.97185254, 0.22227003), (-0.07854749, -0.9814507, 0.17488526), (-0.08706562, -0.9760593, 0.19931798), (-0.07809317, -0.97185254, 0.22227003), (-0.08702578, -0.9810658, 0.17302145), (-0.08739935, -0.9774134, 0.19241738), (-0.08297214, -0.9917234, 0.097981006), (-0.08739935, -0.9774134, 0.19241738), (-0.08702578, -0.9810658, 0.17302145), (0.019689374, -0.54376906, -0.83900386), (-0.07389269, -0.7214698, -0.68849194), (-0.010259175, -0.99312013, -0.116649956), (0.04531477, 0.9986632, 0.024867278), (0.014983261, 0.99948376, 0.028421586), (0.026026588, 0.99928856, 0.027293451), (0.021578852, 0.9997135, -0.010365001), (0.0520392, 0.9983533, 0.024138128), (0.057921287, 0.99803674, -0.023828393), (0.021578852, 0.9997135, -0.010365001), (0.06252891, 0.9870724, -0.14757445), (0.050121903, 0.9922522, -0.113681234), (0.021578852, 0.9997135, -0.010365001), (0.057921287, 0.99803674, -0.023828393), (0.06252891, 0.9870724, -0.14757445), (0.08264154, 0.98542106, -0.14871375), (0.084952764, 0.96969634, -0.22906779), (0.06252891, 0.9870724, -0.14757445), (0.10158475, 0.9585388, -0.2662407), (0.060364738, 0.9585046, -0.27861255), (0.07393418, 0.9645856, -0.25319606), (0.017508658, 0.5139561, -0.85763776), (0.009946781, 0.013997309, -0.99985254), (-0.015734857, -0.024541168, -0.999575), (-0.012538511, -0.018939406, -0.9997419), (-0.015734857, -0.024541168, -0.999575), (-0.07389269, -0.7214698, -0.68849194), (-0.046240386, -0.9988705, -0.010940344), (-0.062407937, -0.9979678, -0.012860379), (-0.050102778, -0.99867356, -0.011865399), (-0.046240386, -0.9988705, -0.010940344), (-0.04377988, -0.99891156, -0.016094409), (-0.057217225, -0.998287, -0.012220013), (-0.057217225, -0.998287, -0.012220013), (-0.04377988, -0.99891156, -0.016094409), (-0.0579695, -0.9981909, -0.01595285), (-0.0579695, -0.9981909, -0.01595285), (-0.06264495, -0.9963276, 0.058369022), (-0.055222653, -0.9978499, 0.03530113), (-0.07464316, -0.98525995, 0.15391989), (-0.055222653, -0.9978499, 0.03530113), (-0.06264495, -0.9963276, 0.058369022), (-0.07464316, -0.98525995, 0.15391989), (-0.07809317, -0.97185254, 0.22227003), (-0.09123763, -0.9710326, 0.22084247), (-0.044122405, -0.75429505, -0.65505135), (-0.07389269, -0.7214698, -0.68849194), (-0.015734857, -0.024541168, -0.999575), (0.00777484, -0.041962992, -0.999089), (-0.044122405, -0.75429505, -0.65505135), (-0.015734857, -0.024541168, -0.999575), (-0.08739935, -0.9774134, 0.19241738), (-0.09123763, -0.9710326, 0.22084247), (-0.07809317, -0.97185254, 0.22227003), (-0.08297214, -0.9917234, 0.097981006), (-0.07389269, -0.7214698, -0.68849194), (-0.044122405, -0.75429505, -0.65505135), (0.034636404, 0.9991688, 0.021496436), (0.08758181, 0.9959774, 0.018930407), (0.07355415, 0.9969157, 0.027363919), (0.07355415, 0.9969157, 0.027363919), (0.026026588, 0.99928856, 0.027293451), (0.034636404, 0.9991688, 0.021496436), (0.07355415, 0.9969157, 0.027363919), (0.04531477, 0.9986632, 0.024867278), (0.026026588, 0.99928856, 0.027293451), (0.014983261, 0.99948376, 0.028421586), (0.04531477, 0.9986632, 0.024867278), (0.0520392, 0.9983533, 0.024138128), (0.0520392, 0.9983533, 0.024138128), (0.05401996, 0.99850184, 0.008717105), (0.057921287, 0.99803674, -0.023828393), (0.057921287, 0.99803674, -0.023828393), (0.08264154, 0.98542106, -0.14871375), (0.06252891, 0.9870724, -0.14757445), (0.084952764, 0.96969634, -0.22906779), (0.10158475, 0.9585388, -0.2662407), (0.07393418, 0.9645856, -0.25319606), (0.060364738, 0.9585046, -0.27861255), (0.09580628, 0.9383111, -0.332255), (0.02655487, 0.7369842, -0.67538804), (0.09580628, 0.9383111, -0.332255), (0.017508658, 0.5139561, -0.85763776), (0.02655487, 0.7369842, -0.67538804), (0.090021625, 0.6051513, -0.7910044), (0.009946781, 0.013997309, -0.99985254), (0.08754331, 0.58820814, -0.8039573), (0.009946781, 0.013997309, -0.99985254), (0.00777484, -0.041962992, -0.999089), (-0.015734857, -0.024541168, -0.999575), (-0.062407937, -0.9979678, -0.012860379), (-0.046240386, -0.9988705, -0.010940344), (-0.057217225, -0.998287, -0.012220013), (-0.057217225, -0.998287, -0.012220013), (-0.0579695, -0.9981909, -0.01595285), (-0.07852644, -0.9968268, -0.013033853), (-0.07464316, -0.98525995, 0.15391989), (-0.0605972, -0.9918855, 0.11176366), (-0.055222653, -0.9978499, 0.03530113), (-0.09123763, -0.9710326, 0.22084247), (-0.0605972, -0.9918855, 0.11176366), (-0.07464316, -0.98525995, 0.15391989), (-0.07095062, -0.97691727, 0.20149091), (-0.0605972, -0.9918855, 0.11176366), (-0.09123763, -0.9710326, 0.22084247), (-0.08739935, -0.9774134, 0.19241738), (-0.07803709, -0.9755625, 0.20539735), (-0.09123763, -0.9710326, 0.22084247), (-0.08297214, -0.9917234, 0.097981006), (-0.07803709, -0.9755625, 0.20539735), (-0.08739935, -0.9774134, 0.19241738), (-0.044122405, -0.75429505, -0.65505135), (-0.05931994, -0.99264586, 0.10552436), (-0.08297214, -0.9917234, 0.097981006), (0.0778626, 0.99670357, 0.02279146), (0.05401996, 0.99850184, 0.008717105), (0.0520392, 0.9983533, 0.024138128), (0.0778626, 0.99670357, 0.02279146), (0.04531477, 0.9986632, 0.024867278), (0.07355415, 0.9969157, 0.027363919), (0.0778626, 0.99670357, 0.02279146), (0.07355415, 0.9969157, 0.027363919), (0.05062522, 0.99868083, 0.008591184), (0.04531477, 0.9986632, 0.024867278), (0.0778626, 0.99670357, 0.02279146), (0.0520392, 0.9983533, 0.024138128), (0.057921287, 0.99803674, -0.023828393), (0.05401996, 0.99850184, 0.008717105), (0.049606305, 0.9981054, -0.036398895), (0.049606305, 0.9981054, -0.036398895), (0.08264154, 0.98542106, -0.14871375), (0.057921287, 0.99803674, -0.023828393), (0.09580628, 0.9383111, -0.332255), (0.10158475, 0.9585388, -0.2662407), (0.1082109, 0.9552588, -0.27526543), (0.10158475, 0.9585388, -0.2662407), (0.09580628, 0.9383111, -0.332255), (0.060364738, 0.9585046, -0.27861255), (0.1082109, 0.9552588, -0.27526543), (0.08754331, 0.58820814, -0.8039573), (0.09580628, 0.9383111, -0.332255), (0.08754331, 0.58820814, -0.8039573), (0.1082109, 0.9552588, -0.27526543), (0.090021625, 0.6051513, -0.7910044), (-0.056563813, -0.9982811, -0.01533926), (-0.062407937, -0.9979678, -0.012860379), (-0.079124145, -0.99659044, -0.02338517), (-0.07852644, -0.9968268, -0.013033853), (-0.062407937, -0.9979678, -0.012860379), (-0.057217225, -0.998287, -0.012220013), (-0.062407937, -0.9979678, -0.012860379), (-0.07852644, -0.9968268, -0.013033853), (-0.079124145, -0.99659044, -0.02338517), (-0.07852644, -0.9968268, -0.013033853), (-0.0579695, -0.9981909, -0.01595285), (-0.055222653, -0.9978499, 0.03530113), (-0.055222653, -0.9978499, 0.03530113), (-0.09394592, -0.99547094, 0.0145508405), (-0.07852644, -0.9968268, -0.013033853), (-0.055222653, -0.9978499, 0.03530113), (-0.069148205, -0.99507165, 0.07106927), (-0.09394592, -0.99547094, 0.0145508405), (-0.07803709, -0.9755625, 0.20539735), (-0.07095062, -0.97691727, 0.20149091), (-0.09123763, -0.9710326, 0.22084247), (-0.07803709, -0.9755625, 0.20539735), (-0.08297214, -0.9917234, 0.097981006), (-0.05931994, -0.99264586, 0.10552436), (-0.05931994, -0.99264586, 0.10552436), (-0.044122405, -0.75429505, -0.65505135), (-0.03848698, -0.7326009, -0.6795693), (-0.044122405, -0.75429505, -0.65505135), (0.00777484, -0.041962992, -0.999089), (-0.03848698, -0.7326009, -0.6795693), (0.05401996, 0.99850184, 0.008717105), (0.0778626, 0.99670357, 0.02279146), (0.021816159, 0.99976146, 0.0011042656), (0.075920165, 0.9968519, 0.022858698), (0.07355415, 0.9969157, 0.027363919), (0.08758181, 0.9959774, 0.018930407), (0.05062522, 0.99868083, 0.008591184), (0.07355415, 0.9969157, 0.027363919), (0.075920165, 0.9968519, 0.022858698), (0.049606305, 0.9981054, -0.036398895), (0.057294596, 0.98493123, -0.16318026), (0.08264154, 0.98542106, -0.14871375), (0.08264154, 0.98542106, -0.14871375), (0.07967662, 0.96761745, -0.23951624), (0.084952764, 0.96969634, -0.22906779), (0.057294596, 0.98493123, -0.16318026), (0.07967662, 0.96761745, -0.23951624), (0.08264154, 0.98542106, -0.14871375), (0.10158475, 0.9585388, -0.2662407), (0.07967662, 0.96761745, -0.23951624), (0.1082109, 0.9552588, -0.27526543), (0.084952764, 0.96969634, -0.22906779), (0.07967662, 0.96761745, -0.23951624), (0.10158475, 0.9585388, -0.2662407), (0.1082109, 0.9552588, -0.27526543), (0.07967662, 0.96761745, -0.23951624), (0.028022498, 0.9709898, -0.2374733), (0.018515393, 0.024498403, -0.99952847), (0.009946781, 0.013997309, -0.99985254), (0.090021625, 0.6051513, -0.7910044), (0.009946781, 0.013997309, -0.99985254), (0.014619979, -0.051359303, -0.99857324), (0.00777484, -0.041962992, -0.999089), (-0.07852644, -0.9968268, -0.013033853), (-0.10875687, -0.9936574, -0.028582487), (-0.079124145, -0.99659044, -0.02338517), (-0.10875687, -0.9936574, -0.028582487), (-0.07852644, -0.9968268, -0.013033853), (-0.09394592, -0.99547094, 0.0145508405), (-0.0605972, -0.9918855, 0.11176366), (-0.069148205, -0.99507165, 0.07106927), (-0.055222653, -0.9978499, 0.03530113), (0.014619979, -0.051359303, -0.99857324), (-0.03848698, -0.7326009, -0.6795693), (0.00777484, -0.041962992, -0.999089), (-0.07803709, -0.9755625, 0.20539735), (-0.05450177, -0.9715112, 0.2306416), (-0.07095062, -0.97691727, 0.20149091), (-0.07803709, -0.9755625, 0.20539735), (-0.05931994, -0.99264586, 0.10552436), (-0.05450177, -0.9715112, 0.2306416), (-0.047708355, -0.98697287, 0.15365082), (-0.05450177, -0.9715112, 0.2306416), (-0.05931994, -0.99264586, 0.10552436), (-0.05931994, -0.99264586, 0.10552436), (-0.03848698, -0.7326009, -0.6795693), (-0.04207958, -0.77062523, -0.63589776), (-0.04207958, -0.77062523, -0.63589776), (-0.03848698, -0.7326009, -0.6795693), (0.014619979, -0.051359303, -0.99857324), (0.05062522, 0.99868083, 0.008591184), (0.075920165, 0.9968519, 0.022858698), (0.0052184532, 0.9999849, 0.0017195347), (0.0778626, 0.99670357, 0.02279146), (0.05062522, 0.99868083, 0.008591184), (0.021816159, 0.99976146, 0.0011042656), (0.009180721, 0.9999573, 0.0010672193), (0.05401996, 0.99850184, 0.008717105), (0.021816159, 0.99976146, 0.0011042656), (0.049606305, 0.9981054, -0.036398895), (0.05401996, 0.99850184, 0.008717105), (0.009180721, 0.9999573, 0.0010672193), (0.049606305, 0.9981054, -0.036398895), (0.01630437, 0.9976568, -0.06644609), (0.057294596, 0.98493123, -0.16318026), (0.057294596, 0.98493123, -0.16318026), (0.042179152, 0.97058004, -0.23705553), (0.07967662, 0.96761745, -0.23951624), (0.043976508, 0.9632645, -0.26492932), (0.1082109, 0.9552588, -0.27526543), (0.028022498, 0.9709898, -0.2374733), (0.1082109, 0.9552588, -0.27526543), (0.043976508, 0.9632645, -0.26492932), (0.090021625, 0.6051513, -0.7910044), (0.043976508, 0.9632645, -0.26492932), (-0.008620731, 0.62192065, -0.7830328), (0.090021625, 0.6051513, -0.7910044), (0.018515393, 0.024498403, -0.99952847), (0.090021625, 0.6051513, -0.7910044), (-0.008620731, 0.62192065, -0.7830328), (0.014619979, -0.051359303, -0.99857324), (0.009946781, 0.013997309, -0.99985254), (0.018515393, 0.024498403, -0.99952847), (-0.09979168, -0.9939862, 0.045089398), (-0.10875687, -0.9936574, -0.028582487), (-0.09394592, -0.99547094, 0.0145508405), (-0.057736635, -0.993502, 0.09808252), (-0.069148205, -0.99507165, 0.07106927), (-0.0605972, -0.9918855, 0.11176366), (-0.07095062, -0.97691727, 0.20149091), (-0.057736635, -0.993502, 0.09808252), (-0.0605972, -0.9918855, 0.11176366), (-0.07095062, -0.97691727, 0.20149091), (-0.04950212, -0.982493, 0.179603), (-0.057736635, -0.993502, 0.09808252), (-0.04207958, -0.77062523, -0.63589776), (-0.047708355, -0.98697287, 0.15365082), (-0.05931994, -0.99264586, 0.10552436), (-0.04207958, -0.77062523, -0.63589776), (-0.022955624, -0.9936895, 0.10979176), (-0.047708355, -0.98697287, 0.15365082), (-0.0007311098, 0.9999989, -0.0012437274), (0.05062522, 0.99868083, 0.008591184), (0.0052184532, 0.9999849, 0.0017195347), (0.021816159, 0.99976146, 0.0011042656), (0.05062522, 0.99868083, 0.008591184), (-0.0007311098, 0.9999989, -0.0012437274), (0.01630437, 0.9976568, -0.06644609), (0.042179152, 0.97058004, -0.23705553), (0.057294596, 0.98493123, -0.16318026), (0.07967662, 0.96761745, -0.23951624), (0.042179152, 0.97058004, -0.23705553), (0.028022498, 0.9709898, -0.2374733), (-0.07359111, -0.9971359, -0.017447129), (-0.10875687, -0.9936574, -0.028582487), (-0.09979168, -0.9939862, 0.045089398), (-0.07359111, -0.9971359, -0.017447129), (-0.08887676, -0.9939322, -0.064805485), (-0.10875687, -0.9936574, -0.028582487), (0.018515393, 0.024498403, -0.99952847), (-0.0020263025, -0.08032326, -0.9967668), (0.014619979, -0.051359303, -0.99857324), (-0.09979168, -0.9939862, 0.045089398), (-0.09394592, -0.99547094, 0.0145508405), (-0.069148205, -0.99507165, 0.07106927), (-0.09979168, -0.9939862, 0.045089398), (-0.069148205, -0.99507165, 0.07106927), (-0.06809575, -0.99204165, 0.1059074), (-0.06809575, -0.99204165, 0.1059074), (-0.069148205, -0.99507165, 0.07106927), (-0.057736635, -0.993502, 0.09808252), (-0.04950212, -0.982493, 0.179603), (-0.06809575, -0.99204165, 0.1059074), (-0.057736635, -0.993502, 0.09808252), (-0.05450177, -0.9715112, 0.2306416), (-0.04950212, -0.982493, 0.179603), (-0.07095062, -0.97691727, 0.20149091), (-0.04950212, -0.982493, 0.179603), (-0.05450177, -0.9715112, 0.2306416), (-0.038258065, -0.97290766, 0.22800654), (-0.038258065, -0.97290766, 0.22800654), (-0.04031289, -0.982309, 0.18287723), (-0.04950212, -0.982493, 0.179603), (-0.047708355, -0.98697287, 0.15365082), (-0.038258065, -0.97290766, 0.22800654), (-0.05450177, -0.9715112, 0.2306416), (0.014619979, -0.051359303, -0.99857324), (-0.0020263025, -0.08032326, -0.9967668), (-0.04207958, -0.77062523, -0.63589776), (-0.047708355, -0.98697287, 0.15365082), (-0.022955624, -0.9936895, 0.10979176), (-0.038258065, -0.97290766, 0.22800654), (-0.04207958, -0.77062523, -0.63589776), (-0.0067091906, -0.76703113, -0.64157474), (-0.022955624, -0.9936895, 0.10979176), (-0.0020263025, -0.08032326, -0.9967668), (-0.0067091906, -0.76703113, -0.64157474), (-0.04207958, -0.77062523, -0.63589776), (0.021816159, 0.99976146, 0.0011042656), (-0.0010969078, 0.9999993, -0.00052751193), (0.009180721, 0.9999573, 0.0010672193), (-0.0010969078, 0.9999993, -0.00052751193), (0.0011890463, 0.9999713, 0.007485514), (0.009180721, 0.9999573, 0.0010672193), (0.009180721, 0.9999573, 0.0010672193), (0.0011890463, 0.9999713, 0.007485514), (0.01630437, 0.9976568, -0.06644609), (0.01630437, 0.9976568, -0.06644609), (0.049606305, 0.9981054, -0.036398895), (0.009180721, 0.9999573, 0.0010672193), (0.042179152, 0.97058004, -0.23705553), (-0.008007923, 0.95314753, -0.30239984), (0.028022498, 0.9709898, -0.2374733), (0.028022498, 0.9709898, -0.2374733), (-0.0380034, 0.96149576, -0.27217963), (0.043976508, 0.9632645, -0.26492932), (0.043976508, 0.9632645, -0.26492932), (-0.0380034, 0.96149576, -0.27217963), (-0.008620731, 0.62192065, -0.7830328), (-0.0380034, 0.96149576, -0.27217963), (-0.011442972, 0.62363863, -0.7816291), (-0.008620731, 0.62192065, -0.7830328), (-0.07359111, -0.9971359, -0.017447129), (-0.036664706, -0.9982104, -0.04724239), (-0.08887676, -0.9939322, -0.064805485), (-0.06809575, -0.99204165, 0.1059074), (-0.057376295, -0.99601024, 0.06834961), (-0.09979168, -0.9939862, 0.045089398), (-0.04031289, -0.982309, 0.18287723), (-0.06809575, -0.99204165, 0.1059074), (-0.04950212, -0.982493, 0.179603), (0.0052184532, 0.9999849, 0.0017195347), (-0.0018507821, 0.99999744, 0.0012496216), (-0.0014068523, 0.9999988, -0.0007197718), (0.0052184532, 0.9999849, 0.0017195347), (-0.0014068523, 0.9999988, -0.0007197718), (-0.0007311098, 0.9999989, -0.0012437274), (-0.0007311098, 0.9999989, -0.0012437274), (-0.0010969078, 0.9999993, -0.00052751193), (0.021816159, 0.99976146, 0.0011042656), (0.000033315824, 1, -0.00006567495), (-0.0010969078, 0.9999993, -0.00052751193), (-0.0007311098, 0.9999989, -0.0012437274), (0.01630437, 0.9976568, -0.06644609), (0.0011890463, 0.9999713, 0.007485514), (-0.0009288091, 0.99980575, -0.019686943), (0.042179152, 0.97058004, -0.23705553), (0.01630437, 0.9976568, -0.06644609), (0.0160947, 0.9770223, -0.21252845), (-0.0009288091, 0.99980575, -0.019686943), (0.0160947, 0.9770223, -0.21252845), (0.01630437, 0.9976568, -0.06644609), (-0.008007923, 0.95314753, -0.30239984), (-0.0380034, 0.96149576, -0.27217963), (0.028022498, 0.9709898, -0.2374733), (-0.008620731, 0.62192065, -0.7830328), (0.006174896, 0.020627994, -0.9997682), (0.018515393, 0.024498403, -0.99952847), (0.006174896, 0.020627994, -0.9997682), (-0.008620731, 0.62192065, -0.7830328), (-0.011442972, 0.62363863, -0.7816291), (-0.057376295, -0.99601024, 0.06834961), (-0.07359111, -0.9971359, -0.017447129), (-0.09979168, -0.9939862, 0.045089398), (-0.06809575, -0.99204165, 0.1059074), (-0.035940975, -0.9911361, 0.12789683), (-0.057376295, -0.99601024, 0.06834961), (0.006174896, 0.020627994, -0.9997682), (-0.0020263025, -0.08032326, -0.9967668), (0.018515393, 0.024498403, -0.99952847), (-0.035940975, -0.9911361, 0.12789683), (-0.06809575, -0.99204165, 0.1059074), (-0.04031289, -0.982309, 0.18287723), (-0.0020263025, -0.08032326, -0.9967668), (0.015454738, -0.092361905, -0.9956056), (-0.0067091906, -0.76703113, -0.64157474), (-0.022955624, -0.9936895, 0.10979176), (-0.0067091906, -0.76703113, -0.64157474), (0.037786447, -0.7759009, -0.6297222), (-0.022955624, -0.9936895, 0.10979176), (0.037786447, -0.7759009, -0.6297222), (-0.0032889224, -0.97762287, 0.21034002), (-0.0067091906, -0.76703113, -0.64157474), (0.015454738, -0.092361905, -0.9956056), (0.037786447, -0.7759009, -0.6297222), (-0.0014068523, 0.9999988, -0.0007197718), (0.000033315824, 1, -0.00006567495), (-0.0007311098, 0.9999989, -0.0012437274), (0.000016893177, 0.99999595, 0.0028560394), (0.000056619603, 0.99999994, -0.000100094425), (-0.0018556225, 0.9999934, 0.0031322383), (0.000033315824, 1, -0.00006567495), (0.000016893177, 0.99999595, 0.0028560394), (-0.0010969078, 0.9999993, -0.00052751193), (-0.0010969078, 0.9999993, -0.00052751193), (0.000016893177, 0.99999595, 0.0028560394), (0.0011890463, 0.9999713, 0.007485514), (0.000016893177, 0.99999595, 0.0028560394), (-0.0009288091, 0.99980575, -0.019686943), (0.0011890463, 0.9999713, 0.007485514), (-0.0009288091, 0.99980575, -0.019686943), (0.000016893177, 0.99999595, 0.0028560394), (-0.0018556225, 0.9999934, 0.0031322383), (-0.008007923, 0.95314753, -0.30239984), (0.042179152, 0.97058004, -0.23705553), (0.0160947, 0.9770223, -0.21252845), (-0.0380034, 0.96149576, -0.27217963), (-0.008007923, 0.95314753, -0.30239984), (0.011840893, 0.9609565, -0.27644604), (-0.0380034, 0.96149576, -0.27217963), (0.011840893, 0.9609565, -0.27644604), (-0.011442972, 0.62363863, -0.7816291), (-0.011442972, 0.62363863, -0.7816291), (0.011840893, 0.9609565, -0.27644604), (0.02157321, 0.647635, -0.7616453), (-0.011442972, 0.62363863, -0.7816291), (-0.000033227043, 0.06258801, -0.9980394), (0.006174896, 0.020627994, -0.9997682), (-0.011442972, 0.62363863, -0.7816291), (0.02157321, 0.647635, -0.7616453), (-0.000033227043, 0.06258801, -0.9980394), (-0.036664706, -0.9982104, -0.04724239), (-0.06307712, -0.9957771, -0.06670307), (-0.08887676, -0.9939322, -0.064805485), (-0.07359111, -0.9971359, -0.017447129), (-0.0067872694, -0.99996793, 0.0042482316), (-0.036664706, -0.9982104, -0.04724239), (-0.057376295, -0.99601024, 0.06834961), (-0.0067872694, -0.99996793, 0.0042482316), (-0.07359111, -0.9971359, -0.017447129), (-0.015195421, -0.99821776, 0.057708908), (-0.0067872694, -0.99996793, 0.0042482316), (-0.057376295, -0.99601024, 0.06834961), (-0.035940975, -0.9911361, 0.12789683), (-0.015195421, -0.99821776, 0.057708908), (-0.057376295, -0.99601024, 0.06834961), (-0.0020263025, -0.08032326, -0.9967668), (0.006174896, 0.020627994, -0.9997682), (0.015454738, -0.092361905, -0.9956056), (0.015454738, -0.092361905, -0.9956056), (0.006174896, 0.020627994, -0.9997682), (-0.0070613134, -0.04390984, -0.9990105), (0.015454738, -0.092361905, -0.9956056), (-0.0070613134, -0.04390984, -0.9990105), (-0.046949003, -0.2142506, -0.97564983), (-0.015393572, -0.98199815, 0.18826202), (-0.035940975, -0.9911361, 0.12789683), (-0.04031289, -0.982309, 0.18287723), (-0.038258065, -0.97290766, 0.22800654), (-0.033770222, -0.968574, 0.2464227), (-0.04031289, -0.982309, 0.18287723), (-0.04031289, -0.982309, 0.18287723), (-0.033770222, -0.968574, 0.2464227), (-0.015393572, -0.98199815, 0.18826202), (-0.0032889224, -0.97762287, 0.21034002), (-0.01323169, -0.9686843, 0.24794295), (-0.033770222, -0.968574, 0.2464227), (-0.01323169, -0.9686843, 0.24794295), (-0.015393572, -0.98199815, 0.18826202), (-0.033770222, -0.968574, 0.2464227), (-0.046949003, -0.2142506, -0.97564983), (0.037786447, -0.7759009, -0.6297222), (0.015454738, -0.092361905, -0.9956056), (-0.0032889224, -0.97762287, 0.21034002), (0.037786447, -0.7759009, -0.6297222), (0.04703291, -0.983416, 0.17515957), (0.00005018763, 1, 0.000013716331), (-0.0018507821, 0.99999744, 0.0012496216), (0.00034196462, 0.99999994, -0.00006687277), (-0.0018507821, 0.99999744, 0.0012496216), (0.00005018763, 1, 0.000013716331), (-0.0014068523, 0.9999988, -0.0007197718), (0.000056619603, 0.99999994, -0.000100094425), (0.000033315824, 1, -0.00006567495), (-0.0014068523, 0.9999988, -0.0007197718), (0.00005018763, 1, 0.000013716331), (0.000056619603, 0.99999994, -0.000100094425), (-0.0014068523, 0.9999988, -0.0007197718), (0.000033315824, 1, -0.00006567495), (0.000056619603, 0.99999994, -0.000100094425), (0.000016893177, 0.99999595, 0.0028560394), (-0.0018556225, 0.9999934, 0.0031322383), (0.0007202715, 0.9999501, -0.009963535), (-0.0009288091, 0.99980575, -0.019686943), (-0.0012321788, 0.93763703, -0.34761363), (-0.008007923, 0.95314753, -0.30239984), (0.0160947, 0.9770223, -0.21252845), (-0.008007923, 0.95314753, -0.30239984), (-0.0012321788, 0.93763703, -0.34761363), (0.011840893, 0.9609565, -0.27644604), (-0.015195421, -0.99821776, 0.057708908), (0.043020356, -0.99878, 0.024242917), (-0.0067872694, -0.99996793, 0.0042482316), (-0.000033227043, 0.06258801, -0.9980394), (-0.0070613134, -0.04390984, -0.9990105), (0.006174896, 0.020627994, -0.9997682), (0.014714884, -0.99593157, 0.08890359), (-0.015195421, -0.99821776, 0.057708908), (-0.035940975, -0.9911361, 0.12789683), (-0.015393572, -0.98199815, 0.18826202), (-0.008020323, -0.9884666, 0.15122627), (-0.035940975, -0.9911361, 0.12789683), (-0.046949003, -0.2142506, -0.97564983), (-0.019604184, -0.15840565, -0.98717946), (-0.02676333, -0.8796086, -0.4749448), (-0.0032889224, -0.97762287, 0.21034002), (-0.005623134, -0.96604484, 0.25831312), (-0.01323169, -0.9686843, 0.24794295), (-0.0032889224, -0.97762287, 0.21034002), (0.04703291, -0.983416, 0.17515957), (-0.005623134, -0.96604484, 0.25831312), (-0.02676333, -0.8796086, -0.4749448), (0.037786447, -0.7759009, -0.6297222), (-0.046949003, -0.2142506, -0.97564983), (0.00005018763, 1, 0.000013716331), (0.00034196462, 0.99999994, -0.00006687277), (0.000017791821, 1, 0.000016911481), (0.00005018763, 1, 0.000013716331), (-9.64925e-7, 1, 0.000008865145), (0.000056619603, 0.99999994, -0.000100094425), (0.000056619603, 0.99999994, -0.000100094425), (-0.000009520282, 1, 0.00010510601), (0.00015555852, 1, 0.00011586794), (0.000056619603, 0.99999994, -0.000100094425), (0.00015555852, 1, 0.00011586794), (-0.0018556225, 0.9999934, 0.0031322383), (-0.0018556225, 0.9999934, 0.0031322383), (0.00015555852, 1, 0.00011586794), (0.0007202715, 0.9999501, -0.009963535), (0.014129023, 0.9789435, -0.20364147), (-0.0012321788, 0.93763703, -0.34761363), (0.0160947, 0.9770223, -0.21252845), (-0.0012321788, 0.93763703, -0.34761363), (0.066219084, 0.94873905, -0.30904567), (0.011840893, 0.9609565, -0.27644604), (-0.011163532, 0.007221829, -0.9999116), (-0.000033227043, 0.06258801, -0.9980394), (0.02157321, 0.647635, -0.7616453), (-0.000033227043, 0.06258801, -0.9980394), (-0.011163532, 0.007221829, -0.9999116), (-0.0070613134, -0.04390984, -0.9990105), (-0.0067872694, -0.99996793, 0.0042482316), (0.023272641, -0.99958676, 0.016875787), (-0.036664706, -0.9982104, -0.04724239), (0.043020356, -0.99878, 0.024242917), (0.023272641, -0.99958676, 0.016875787), (-0.0067872694, -0.99996793, 0.0042482316), (-0.015195421, -0.99821776, 0.057708908), (0.014714884, -0.99593157, 0.08890359), (0.043020356, -0.99878, 0.024242917), (0.014714884, -0.99593157, 0.08890359), (0.0011492228, -0.99300086, 0.11810118), (0.00872323, -0.9996262, 0.025908196), (0.0011492228, -0.99300086, 0.11810118), (0.014714884, -0.99593157, 0.08890359), (-0.008020323, -0.9884666, 0.15122627), (0.014714884, -0.99593157, 0.08890359), (-0.035940975, -0.9911361, 0.12789683), (-0.008020323, -0.9884666, 0.15122627), (-0.015393572, -0.98199815, 0.18826202), (0.0031293647, -0.9812424, 0.19275267), (-0.008020323, -0.9884666, 0.15122627), (-0.01323169, -0.9686843, 0.24794295), (0.0031293647, -0.9812424, 0.19275267), (-0.015393572, -0.98199815, 0.18826202), (0.15002185, -0.98847014, 0.020502202), (0.776869, -0.6280229, 0.04540851), (0.7647715, -0.6434622, -0.032877613), (0.6038348, -0.70407856, 0.3737068), (0.08515673, -0.9962544, 0.015015034), (0.053675845, -0.7376969, 0.672995), (0.776869, -0.6280229, 0.04540851), (0.15002185, -0.98847014, 0.020502202), (0.1704234, -0.98470813, 0.036134582), (0.15002185, -0.98847014, 0.020502202), (0.09795588, -0.9942617, -0.04299225), (-0.02585898, -0.99935377, -0.024968617), (0.057564974, -0.9983344, 0.003802544), (0.1704234, -0.98470813, 0.036134582), (0.04371873, -0.998959, 0.013023101), (0.04371873, -0.998959, 0.013023101), (-0.011503119, -0.9999118, -0.0066524157), (0.057564974, -0.9983344, 0.003802544), (-0.02585898, -0.99935377, -0.024968617), (-0.026137821, -0.99911386, -0.03298906), (0.04371873, -0.998959, 0.013023101), (0.15002185, -0.98847014, 0.020502202), (-0.02585898, -0.99935377, -0.024968617), (0.04371873, -0.998959, 0.013023101), (-0.056928888, -0.9976924, -0.036999606), (-0.02585898, -0.99935377, -0.024968617), (0.09795588, -0.9942617, -0.04299225), (0.069047526, -0.99741524, -0.019882733), (-0.056928888, -0.9976924, -0.036999606), (0.09795588, -0.9942617, -0.04299225), (-0.09396982, -0.9951519, -0.029023914), (0.069047526, -0.99741524, -0.019882733), (0.16701454, -0.9858993, -0.010425796), (0.16701454, -0.9858993, -0.010425796), (0.057052884, -0.99745315, -0.042805634), (-0.09396982, -0.9951519, -0.029023914), (0.08515673, -0.9962544, 0.015015034), (-0.005731932, -0.68374777, 0.7296959), (0.053675845, -0.7376969, 0.672995), (0.08515673, -0.9962544, 0.015015034), (0.005044303, -0.9962873, 0.08594298), (-0.005731932, -0.68374777, 0.7296959), (0.08515673, -0.9962544, 0.015015034), (0.057564974, -0.9983344, 0.003802544), (0.005044303, -0.9962873, 0.08594298), (0.057564974, -0.9983344, 0.003802544), (-0.011503119, -0.9999118, -0.0066524157), (0.005044303, -0.9962873, 0.08594298), (-0.026137821, -0.99911386, -0.03298906), (-0.011503119, -0.9999118, -0.0066524157), (0.04371873, -0.998959, 0.013023101), (-0.048708763, -0.99721944, -0.05639925), (-0.011503119, -0.9999118, -0.0066524157), (-0.026137821, -0.99911386, -0.03298906), (-0.057232007, -0.997353, -0.044848524), (-0.026137821, -0.99911386, -0.03298906), (-0.02585898, -0.99935377, -0.024968617), (-0.004483346, -0.9988875, 0.04694359), (0.005044303, -0.9962873, 0.08594298), (-0.011503119, -0.9999118, -0.0066524157), (-0.026137821, -0.99911386, -0.03298906), (-0.057232007, -0.997353, -0.044848524), (-0.048708763, -0.99721944, -0.05639925), (0.005044303, -0.9962873, 0.08594298), (0.009266687, -0.67486846, 0.7378798), (-0.005731932, -0.68374777, 0.7296959), (0.005044303, -0.9962873, 0.08594298), (-0.004483346, -0.9988875, 0.04694359), (0.009266687, -0.67486846, 0.7378798), (-0.004483346, -0.9988875, 0.04694359), (-0.011503119, -0.9999118, -0.0066524157), (-0.041145064, -0.9981519, -0.04471813), (-0.007965011, -0.98814756, 0.15330036), (-0.004483346, -0.9988875, 0.04694359), (-0.036820676, -0.99912655, -0.01975401), (-0.011503119, -0.9999118, -0.0066524157), (-0.048708763, -0.99721944, -0.05639925), (-0.041145064, -0.9981519, -0.04471813), (-0.11764316, -0.9863923, -0.11484935), (-0.048708763, -0.99721944, -0.05639925), (-0.10531957, -0.9907396, -0.08569135), (-0.004483346, -0.9988875, 0.04694359), (-0.007965011, -0.98814756, 0.15330036), (0.009266687, -0.67486846, 0.7378798), (-0.036820676, -0.99912655, -0.01975401), (-0.004483346, -0.9988875, 0.04694359), (-0.041145064, -0.9981519, -0.04471813), (-0.041145064, -0.9981519, -0.04471813), (-0.048708763, -0.99721944, -0.05639925), (-0.11764316, -0.9863923, -0.11484935), (-0.036820676, -0.99912655, -0.01975401), (-0.023911938, -0.9996455, 0.011706198), (-0.007965011, -0.98814756, 0.15330036), (-0.047851592, -0.9971838, -0.05774641), (-0.023911938, -0.9996455, 0.011706198), (-0.036820676, -0.99912655, -0.01975401), (-0.036820676, -0.99912655, -0.01975401), (-0.08673009, -0.9922399, -0.08909543), (-0.047851592, -0.9971838, -0.05774641), (-0.011557379, -0.69951963, 0.7145199), (-0.007965011, -0.98814756, 0.15330036), (-0.023911938, -0.9996455, 0.011706198), (-0.044202633, -0.99848324, -0.03282259), (-0.051996537, -0.7545874, 0.65413636), (-0.011557379, -0.69951963, 0.7145199), (-0.08502956, -0.98986393, -0.11375082), (-0.051996537, -0.7545874, 0.65413636), (-0.044202633, -0.99848324, -0.03282259), (0.8081072, -0.5888845, -0.013333524), (0.7713355, -0.6362681, -0.014302272), (0.057052884, -0.99745315, -0.042805634), (0.033812635, -0.999163, 0.023027353), (0.09135385, -0.9957867, 0.00794705), (-0.04028984, -0.9978278, 0.052120082), (0.76729625, -0.63888055, 0.05557123), (0.11942843, -0.9922262, 0.03498476), (0.14228116, -0.9892692, 0.03320226), (0.66741276, -0.74427557, -0.024779717), (0.01704637, -0.9788215, -0.20400424), (0.020490972, -0.999526, -0.02297768), (0.66741276, -0.74427557, -0.024779717), (0.020490972, -0.999526, -0.02297768), (0.11942843, -0.9922262, 0.03498476), (0.3498395, -0.9361142, 0.036089797), (0.033812635, -0.999163, 0.023027353), (-0.06919373, -0.99657506, 0.04528142), (-0.10540122, -0.9919074, 0.07078427), (-0.06919373, -0.99657506, 0.04528142), (0.033812635, -0.999163, 0.023027353), (-0.04028984, -0.9978278, 0.052120082), (-0.10540122, -0.9919074, 0.07078427), (0.033812635, -0.999163, 0.023027353), (0.13375139, -0.9909034, -0.014869905), (-0.020777896, -0.9992994, 0.031129677), (0.09135385, -0.9957867, 0.00794705), (0.13375139, -0.9909034, -0.014869905), (0.00047469296, -0.9999669, 0.008125086), (-0.020777896, -0.9992994, 0.031129677), (0.14228116, -0.9892692, 0.03320226), (0.00047469296, -0.9999669, 0.008125086), (0.13375139, -0.9909034, -0.014869905), (0.11942843, -0.9922262, 0.03498476), (0.006527531, -0.99987817, 0.014178658), (0.14228116, -0.9892692, 0.03320226), (0.006527531, -0.99987817, 0.014178658), (0.11942843, -0.9922262, 0.03498476), (0.020490972, -0.999526, -0.02297768), (-0.04028984, -0.9978278, 0.052120082), (-0.09774655, -0.99038476, 0.09789573), (-0.10540122, -0.9919074, 0.07078427), (-0.020777896, -0.9992994, 0.031129677), (-0.09774655, -0.99038476, 0.09789573), (-0.04028984, -0.9978278, 0.052120082), (-0.04028984, -0.9978278, 0.052120082), (0.09135385, -0.9957867, 0.00794705), (-0.020777896, -0.9992994, 0.031129677), (0.006527531, -0.99987817, 0.014178658), (0.00047469296, -0.9999669, 0.008125086), (0.14228116, -0.9892692, 0.03320226), (0.020490972, -0.999526, -0.02297768), (-0.004838319, -0.9999687, -0.006253559), (0.006527531, -0.99987817, 0.014178658), (0.020490972, -0.999526, -0.02297768), (0.021207867, -0.97756135, -0.20958057), (-0.004838319, -0.9999687, -0.006253559), (0.00047469296, -0.9999669, 0.008125086), (-0.060503535, -0.9965947, 0.05602126), (-0.020777896, -0.9992994, 0.031129677), (-0.020777896, -0.9992994, 0.031129677), (-0.060503535, -0.9965947, 0.05602126), (-0.09774655, -0.99038476, 0.09789573), (-0.060503535, -0.9965947, 0.05602126), (0.00047469296, -0.9999669, 0.008125086), (-0.021936778, -0.99956566, 0.01968096), (-0.021936778, -0.99956566, 0.01968096), (0.00047469296, -0.9999669, 0.008125086), (0.006527531, -0.99987817, 0.014178658), (-0.004838319, -0.9999687, -0.006253559), (-0.021936778, -0.99956566, 0.01968096), (0.006527531, -0.99987817, 0.014178658), (-0.004838319, -0.9999687, -0.006253559), (-0.025990883, -0.99947804, 0.019186366), (-0.021936778, -0.99956566, 0.01968096), (-0.0075933454, -0.9999607, -0.004573974), (-0.025990883, -0.99947804, 0.019186366), (-0.004838319, -0.9999687, -0.006253559), (0.021207867, -0.97756135, -0.20958057), (-0.0075933454, -0.9999607, -0.004573974), (-0.004838319, -0.9999687, -0.006253559), (0.02921796, -0.89386195, -0.44738942), (-0.0075933454, -0.9999607, -0.004573974), (0.021207867, -0.97756135, -0.20958057), (-0.049143635, -0.9979012, 0.042169016), (-0.060503535, -0.9965947, 0.05602126), (-0.021936778, -0.99956566, 0.01968096), (-0.025990883, -0.99947804, 0.019186366), (-0.049143635, -0.9979012, 0.042169016), (-0.021936778, -0.99956566, 0.01968096), (-0.025990883, -0.99947804, 0.019186366), (-0.02926422, -0.99919343, 0.027498314), (-0.049143635, -0.9979012, 0.042169016), (-0.0075933454, -0.9999607, -0.004573974), (-0.02926422, -0.99919343, 0.027498314), (-0.025990883, -0.99947804, 0.019186366), (0.02921796, -0.89386195, -0.44738942), (-0.04538337, -0.9976615, -0.051105328), (-0.0075933454, -0.9999607, -0.004573974), (-0.02926422, -0.99919343, 0.027498314), (-0.0075933454, -0.9999607, -0.004573974), (-0.04538337, -0.9976615, -0.051105328), (-0.10505263, -0.9891685, 0.10251656), (-0.060503535, -0.9965947, 0.05602126), (-0.049143635, -0.9979012, 0.042169016), (-0.02926422, -0.99919343, 0.027498314), (-0.07815461, -0.99440247, 0.07110142), (-0.049143635, -0.9979012, 0.042169016), (-0.03169786, -0.6680814, -0.7434126), (-0.04538337, -0.9976615, -0.051105328), (0.02921796, -0.89386195, -0.44738942), (-0.04538337, -0.9976615, -0.051105328), (-0.05450385, -0.9977872, 0.038079042), (-0.02926422, -0.99919343, 0.027498314), (-0.03169786, -0.6680814, -0.7434126), (-0.011619695, -0.9888099, -0.14872774), (-0.04538337, -0.9976615, -0.051105328), (-0.05450385, -0.9977872, 0.038079042), (-0.04538337, -0.9976615, -0.051105328), (-0.011619695, -0.9888099, -0.14872774), (-0.011619695, -0.9888099, -0.14872774), (-0.0074530784, -0.9980019, 0.062742986), (-0.05450385, -0.9977872, 0.038079042), (0.10075669, -0.9820308, -0.1595733), (-0.0074530784, -0.9980019, 0.062742986), (-0.011619695, -0.9888099, -0.14872774), (0.044639785, -0.5315903, -0.84582454), (-0.035486963, -0.7314746, -0.6809447), (0.10075669, -0.9820308, -0.1595733), (0.10075669, -0.9820308, -0.1595733), (-0.06990511, -0.9969658, -0.03423989), (-0.0074530784, -0.9980019, 0.062742986), (-0.04940817, -0.98562527, 0.16156007), (-0.0074530784, -0.9980019, 0.062742986), (-0.06990511, -0.9969658, -0.03423989), (0.10075669, -0.9820308, -0.1595733), (-0.035486963, -0.7314746, -0.6809447), (-0.06990511, -0.9969658, -0.03423989), (-0.021047227, 0.98137283, 0.19095592), (-0.019965278, 0.96974146, 0.24331582), (0.0067952457, 0.98320377, 0.1823847), (0.0067952457, 0.98320377, 0.1823847), (-0.019965278, 0.96974146, 0.24331582), (0.002401045, 0.9853849, 0.17032614), (-0.016249567, 0.99933875, 0.03252712), (-0.013017402, 0.9998818, 0.008181098), (0.008154181, 0.9963238, 0.08527817), (-0.013017402, 0.9998818, 0.008181098), (-0.022821914, 0.9995694, -0.018439263), (-0.009086377, 0.9999581, -0.0011320427), (-0.022821914, 0.9995694, -0.018439263), (-0.01977079, 0.99976695, -0.008661356), (-0.032206748, 0.9994797, 0.0017695058), (-0.021047227, 0.98137283, 0.19095592), (-0.04558005, 0.9745931, 0.21929619), (-0.056662656, 0.9727829, 0.22468393), (-0.056662656, 0.9727829, 0.22468393), (-0.019965278, 0.96974146, 0.24331582), (-0.021047227, 0.98137283, 0.19095592), (-0.056662656, 0.9727829, 0.22468393), (0.008472485, 0.970657, 0.2403187), (-0.019965278, 0.96974146, 0.24331582), (-0.0072512343, 0.02792657, 0.9995837), (-0.0027350853, 0.027692696, 0.9996127), (-0.037432663, 0.64176154, 0.76599026), (-0.0027350853, 0.027692696, 0.9996127), (-0.008241952, -0.09111165, 0.99580663), (0.06103668, -0.1542306, 0.9861478), (-0.085918546, -0.9954043, 0.042288635), (-0.07719015, -0.9966061, 0.028599104), (-0.06679666, -0.9977302, -0.008528821), (-0.07719015, -0.9966061, 0.028599104), (-0.02770757, -0.99946314, -0.017485209), (-0.06679666, -0.9977302, -0.008528821), (0.018939408, -0.987736, -0.15498038), (0.03030654, -0.85784376, 0.5130163), (0.0018886263, -0.9908119, -0.1352339), (-0.0149132, -0.990495, -0.1367375), (0.018939408, -0.987736, -0.15498038), (0.0018886263, -0.9908119, -0.1352339), (0.002401045, 0.9853849, 0.17032614), (0.016209872, 0.97203845, 0.2342617), (-0.009385066, 0.99274755, 0.11985092), (0.008154181, 0.9963238, 0.08527817), (0.002401045, 0.9853849, 0.17032614), (-0.016249567, 0.99933875, 0.03252712), (-0.013017402, 0.9998818, 0.008181098), (-0.024035327, 0.99964494, -0.011496269), (-0.022821914, 0.9995694, -0.018439263), (-0.022821914, 0.9995694, -0.018439263), (-0.024035327, 0.99964494, -0.011496269), (-0.01977079, 0.99976695, -0.008661356), (-0.01977079, 0.99976695, -0.008661356), (-0.03833328, 0.9992001, 0.0113923), (-0.032206748, 0.9994797, 0.0017695058), (-0.032471877, 0.9994475, 0.007080049), (-0.03833328, 0.9992001, 0.0113923), (-0.019377522, 0.9998122, 0.00025370976), (-0.037432663, 0.64176154, 0.76599026), (0.008472485, 0.970657, 0.2403187), (-0.056662656, 0.9727829, 0.22468393), (0.06103668, -0.1542306, 0.9861478), (-0.022798166, -0.021378236, 0.9995115), (-0.0027350853, 0.027692696, 0.9996127), (-0.0027350853, 0.027692696, 0.9996127), (-0.0060126116, 0.09996592, 0.9949727), (-0.037432663, 0.64176154, 0.76599026), (-0.0060126116, 0.09996592, 0.9949727), (-0.0027350853, 0.027692696, 0.9996127), (-0.022798166, -0.021378236, 0.9995115), (-0.0060126116, 0.09996592, 0.9949727), (0.03299159, 0.7516133, 0.65877837), (-0.037432663, 0.64176154, 0.76599026), (-0.040476352, -0.6981926, 0.71476483), (0.06103668, -0.1542306, 0.9861478), (0.03030654, -0.85784376, 0.5130163), (-0.06679666, -0.9977302, -0.008528821), (-0.03933195, -0.99491376, -0.092733815), (-0.057575062, -0.9939587, -0.0934412), (-0.09737162, -0.995035, 0.020596607), (-0.086134456, -0.9960853, 0.019871473), (-0.07719015, -0.9966061, 0.028599104), (-0.086134456, -0.9960853, 0.019871473), (-0.09737162, -0.995035, 0.020596607), (-0.08767171, -0.99603695, 0.014968309), (-0.07637571, -0.997079, -0.00043596159), (-0.08767171, -0.99603695, 0.014968309), (-0.09737162, -0.995035, 0.020596607), (-0.07719015, -0.9966061, 0.028599104), (-0.086134456, -0.9960853, 0.019871473), (-0.047560997, -0.9988593, -0.0042456975), (-0.040476352, -0.6981926, 0.71476483), (0.03030654, -0.85784376, 0.5130163), (-0.04652863, -0.9986366, -0.023666356), (0.018939408, -0.987736, -0.15498038), (-0.04652863, -0.9986366, -0.023666356), (0.03030654, -0.85784376, 0.5130163), (-0.03519473, -0.98248434, -0.18299109), (0.018939408, -0.987736, -0.15498038), (-0.0149132, -0.990495, -0.1367375), (0.016209872, 0.97203845, 0.2342617), (0.002401045, 0.9853849, 0.17032614), (-0.019965278, 0.96974146, 0.24331582), (0.008472485, 0.970657, 0.2403187), (0.016209872, 0.97203845, 0.2342617), (-0.019965278, 0.96974146, 0.24331582), (-0.016249567, 0.99933875, 0.03252712), (0.002401045, 0.9853849, 0.17032614), (-0.009385066, 0.99274755, 0.11985092), (-0.024035327, 0.99964494, -0.011496269), (-0.013017402, 0.9998818, 0.008181098), (-0.016249567, 0.99933875, 0.03252712), (-0.024035327, 0.99964494, -0.011496269), (-0.016249567, 0.99933875, 0.03252712), (-0.015727647, 0.99987435, 0.0019575444), (-0.01977079, 0.99976695, -0.008661356), (-0.024035327, 0.99964494, -0.011496269), (0.0025393367, 0.99999666, -0.00057789916), (-0.03833328, 0.9992001, 0.0113923), (-0.01977079, 0.99976695, -0.008661356), (-0.019377522, 0.9998122, 0.00025370976), (-0.019377522, 0.9998122, 0.00025370976), (0.010170218, 0.9998674, -0.012717492), (-0.006313722, 0.9999473, -0.008095277), (0.010170218, 0.9998674, -0.012717492), (-0.019377522, 0.9998122, 0.00025370976), (-0.01977079, 0.99976695, -0.008661356), (-0.037432663, 0.64176154, 0.76599026), (0.03299159, 0.7516133, 0.65877837), (0.008472485, 0.970657, 0.2403187), (0.03299159, 0.7516133, 0.65877837), (-0.0060126116, 0.09996592, 0.9949727), (-0.0040886505, 0.49534637, 0.8686859), (-0.0060126116, 0.09996592, 0.9949727), (-0.0031105184, -0.01425521, 0.99989355), (-0.0040886505, 0.49534637, 0.8686859), (-0.0031105184, -0.01425521, 0.99989355), (-0.0060126116, 0.09996592, 0.9949727), (-0.022798166, -0.021378236, 0.9995115), (-0.022798166, -0.021378236, 0.9995115), (-0.040476352, -0.6981926, 0.71476483), (-0.037374977, -0.6627269, 0.74792796), (-0.040476352, -0.6981926, 0.71476483), (-0.022798166, -0.021378236, 0.9995115), (0.06103668, -0.1542306, 0.9861478), (-0.037374977, -0.6627269, 0.74792796), (-0.0031105184, -0.01425521, 0.99989355), (-0.022798166, -0.021378236, 0.9995115), (-0.03519473, -0.98248434, -0.18299109), (-0.057575062, -0.9939587, -0.0934412), (-0.03933195, -0.99491376, -0.092733815), (-0.02770757, -0.99946314, -0.017485209), (-0.03933195, -0.99491376, -0.092733815), (-0.06679666, -0.9977302, -0.008528821), (-0.087298326, -0.98217756, -0.16645204), (-0.04652863, -0.9986366, -0.023666356), (0.018939408, -0.987736, -0.15498038), (-0.03519473, -0.98248434, -0.18299109), (-0.087298326, -0.98217756, -0.16645204), (0.018939408, -0.987736, -0.15498038), (-0.057575062, -0.9939587, -0.0934412), (-0.03519473, -0.98248434, -0.18299109), (-0.0149132, -0.990495, -0.1367375), (0.031248782, 0.9710224, 0.23693632), (0.016209872, 0.97203845, 0.2342617), (0.008472485, 0.970657, 0.2403187), (0.031248782, 0.9710224, 0.23693632), (-0.011543181, 0.9905978, 0.13631903), (0.016209872, 0.97203845, 0.2342617), (0.016209872, 0.97203845, 0.2342617), (-0.011543181, 0.9905978, 0.13631903), (-0.009385066, 0.99274755, 0.11985092), (-0.009385066, 0.99274755, 0.11985092), (-0.01975233, 0.9993276, 0.030892087), (-0.016249567, 0.99933875, 0.03252712), (-0.015727647, 0.99987435, 0.0019575444), (-0.016249567, 0.99933875, 0.03252712), (-0.01975233, 0.9993276, 0.030892087), (0.0025393367, 0.99999666, -0.00057789916), (0.010170218, 0.9998674, -0.012717492), (-0.01977079, 0.99976695, -0.008661356), (0.03299159, 0.7516133, 0.65877837), (0.031248782, 0.9710224, 0.23693632), (0.008472485, 0.970657, 0.2403187), (-0.0023692816, 0.94863725, 0.3163568), (0.031248782, 0.9710224, 0.23693632), (0.03299159, 0.7516133, 0.65877837), (-0.07264983, -0.98744994, -0.1402302), (-0.03519473, -0.98248434, -0.18299109), (-0.03933195, -0.99491376, -0.092733815), (-0.021457799, -0.9982673, -0.054789823), (-0.07264983, -0.98744994, -0.1402302), (-0.03933195, -0.99491376, -0.092733815), (-0.02770757, -0.99946314, -0.017485209), (-0.021457799, -0.9982673, -0.054789823), (-0.03933195, -0.99491376, -0.092733815), (-0.02770757, -0.99946314, -0.017485209), (-0.07719015, -0.9966061, 0.028599104), (-0.047560997, -0.9988593, -0.0042456975), (-0.047560997, -0.9988593, -0.0042456975), (-0.011154641, -0.9997764, -0.017968662), (-0.02770757, -0.99946314, -0.017485209), (-0.047560997, -0.9988593, -0.0042456975), (-0.086134456, -0.9960853, 0.019871473), (-0.08767171, -0.99603695, 0.014968309), (-0.0680272, -0.9972793, 0.028395811), (-0.01801723, -0.99981356, -0.0069438587), (-0.08767171, -0.99603695, 0.014968309), (-0.075183615, -0.99709255, 0.012402252), (-0.0680272, -0.9972793, 0.028395811), (-0.08767171, -0.99603695, 0.014968309), (-0.037374977, -0.6627269, 0.74792796), (-0.040476352, -0.6981926, 0.71476483), (-0.10101841, -0.99482644, -0.010747772), (-0.10101841, -0.99482644, -0.010747772), (-0.04652863, -0.9986366, -0.023666356), (-0.087298326, -0.98217756, -0.16645204), (-0.10101841, -0.99482644, -0.010747772), (-0.040476352, -0.6981926, 0.71476483), (-0.04652863, -0.9986366, -0.023666356), (-0.10101841, -0.99482644, -0.010747772), (-0.007370954, -0.7601111, 0.6497515), (-0.037374977, -0.6627269, 0.74792796), (-0.087298326, -0.98217756, -0.16645204), (-0.07264983, -0.98744994, -0.1402302), (-0.10878851, -0.9830574, -0.14752392), (-0.03519473, -0.98248434, -0.18299109), (-0.07264983, -0.98744994, -0.1402302), (-0.087298326, -0.98217756, -0.16645204), (0.031248782, 0.9710224, 0.23693632), (-0.0043490697, 0.9762822, 0.21645822), (-0.011543181, 0.9905978, 0.13631903), (-0.01975233, 0.9993276, 0.030892087), (-0.009385066, 0.99274755, 0.11985092), (-0.011543181, 0.9905978, 0.13631903), (-0.0011729719, 0.9985847, 0.05317306), (0.002625519, 0.99985915, 0.01657776), (-0.01975233, 0.9993276, 0.030892087), (-0.01975233, 0.9993276, 0.030892087), (0.002625519, 0.99985915, 0.01657776), (-0.015727647, 0.99987435, 0.0019575444), (0.002625519, 0.99985915, 0.01657776), (0.0025393367, 0.99999666, -0.00057789916), (-0.015727647, 0.99987435, 0.0019575444), (-0.015727647, 0.99987435, 0.0019575444), (0.0025393367, 0.99999666, -0.00057789916), (-0.024035327, 0.99964494, -0.011496269), (0.0025393367, 0.99999666, -0.00057789916), (0.012314527, 0.9999241, 0.000014041112), (0.010170218, 0.9998674, -0.012717492), (0.010170218, 0.9998674, -0.012717492), (0.015373755, 0.9996295, -0.022459041), (-0.006313722, 0.9999473, -0.008095277), (0.010170218, 0.9998674, -0.012717492), (0.012314527, 0.9999241, 0.000014041112), (0.015373755, 0.9996295, -0.022459041), (0.03299159, 0.7516133, 0.65877837), (-0.0040886505, 0.49534637, 0.8686859), (-0.0023692816, 0.94863725, 0.3163568), (-0.004333808, -0.05504629, 0.99847436), (-0.0031105184, -0.01425521, 0.99989355), (-0.037374977, -0.6627269, 0.74792796), (-0.011154641, -0.9997764, -0.017968662), (-0.021457799, -0.9982673, -0.054789823), (-0.02770757, -0.99946314, -0.017485209), (-0.047560997, -0.9988593, -0.0042456975), (0.0019497852, -0.9997763, -0.02105804), (-0.011154641, -0.9997764, -0.017968662), (-0.047560997, -0.9988593, -0.0042456975), (-0.08767171, -0.99603695, 0.014968309), (-0.01801723, -0.99981356, -0.0069438587), (-0.01801723, -0.99981356, -0.0069438587), (0.0019497852, -0.9997763, -0.02105804), (-0.047560997, -0.9988593, -0.0042456975), (-0.007370954, -0.7601111, 0.6497515), (-0.10878851, -0.9830574, -0.14752392), (-0.0060585854, -0.9851272, -0.17171963), (-0.10878851, -0.9830574, -0.14752392), (-0.007370954, -0.7601111, 0.6497515), (-0.10101841, -0.99482644, -0.010747772), (-0.087298326, -0.98217756, -0.16645204), (-0.10878851, -0.9830574, -0.14752392), (-0.10101841, -0.99482644, -0.010747772), (-0.0043490697, 0.9762822, 0.21645822), (0.031248782, 0.9710224, 0.23693632), (-0.0023692816, 0.94863725, 0.3163568), (-0.018232157, 0.9934064, 0.11318694), (-0.0011729719, 0.9985847, 0.05317306), (-0.011543181, 0.9905978, 0.13631903), (-0.0043490697, 0.9762822, 0.21645822), (0.007164967, 0.9929428, 0.11837741), (-0.018232157, 0.9934064, 0.11318694), (-0.01975233, 0.9993276, 0.030892087), (-0.011543181, 0.9905978, 0.13631903), (-0.0011729719, 0.9985847, 0.05317306), (0.0025393367, 0.99999666, -0.00057789916), (0.002625519, 0.99985915, 0.01657776), (0.012314527, 0.9999241, 0.000014041112), (-0.015589051, 0.9998678, -0.004625425), (0.015373755, 0.9996295, -0.022459041), (0.012314527, 0.9999241, 0.000014041112), (-0.0040886505, 0.49534637, 0.8686859), (-0.025952924, 0.64822066, 0.7610101), (-0.0023692816, 0.94863725, 0.3163568), (-0.025952924, 0.64822066, 0.7610101), (-0.04138501, 0.9385943, 0.3425317), (-0.0023692816, 0.94863725, 0.3163568), (-0.008602848, 0.025320677, 0.9996424), (-0.0040886505, 0.49534637, 0.8686859), (-0.0031105184, -0.01425521, 0.99989355), (-0.008602848, 0.025320677, 0.9996424), (-0.0031105184, -0.01425521, 0.99989355), (-0.004333808, -0.05504629, 0.99847436), (-0.007370954, -0.7601111, 0.6497515), (-0.004333808, -0.05504629, 0.99847436), (-0.037374977, -0.6627269, 0.74792796), (-0.07264983, -0.98744994, -0.1402302), (-0.029612822, -0.9902182, -0.13634896), (-0.10878851, -0.9830574, -0.14752392), (-0.07264983, -0.98744994, -0.1402302), (-0.025497362, -0.9972128, -0.07011764), (-0.029612822, -0.9902182, -0.13634896), (-0.07264983, -0.98744994, -0.1402302), (-0.021457799, -0.9982673, -0.054789823), (-0.025497362, -0.9972128, -0.07011764), (-0.021457799, -0.9982673, -0.054789823), (-0.011154641, -0.9997764, -0.017968662), (-0.012562174, -0.9996802, -0.021949157), (0.0019497852, -0.9997763, -0.02105804), (0.010314242, -0.9999466, 0.0005096797), (-0.011154641, -0.9997764, -0.017968662), (-0.00640195, -0.999706, 0.023391226), (-0.01801723, -0.99981356, -0.0069438587), (-0.0680272, -0.9972793, 0.028395811), (-0.0060585854, -0.9851272, -0.17171963), (0.018441236, -0.8004432, 0.59912497), (-0.007370954, -0.7601111, 0.6497515), (-0.015589051, 0.9998678, -0.004625425), (0.012314527, 0.9999241, 0.000014041112), (-0.026712645, 0.99961853, 0.0070132553), (0.015373755, 0.9996295, -0.022459041), (-0.015589051, 0.9998678, -0.004625425), (-0.0037456907, 0.99994177, -0.010125468), (-0.0043490697, 0.9762822, 0.21645822), (-0.0023692816, 0.94863725, 0.3163568), (-0.04138501, 0.9385943, 0.3425317), (-0.008602848, 0.025320677, 0.9996424), (-0.025952924, 0.64822066, 0.7610101), (-0.0040886505, 0.49534637, 0.8686859), (0.000041293104, -0.03121482, 0.99951273), (-0.008602848, 0.025320677, 0.9996424), (-0.004333808, -0.05504629, 0.99847436), (-0.007370954, -0.7601111, 0.6497515), (0.000041293104, -0.03121482, 0.99951273), (-0.004333808, -0.05504629, 0.99847436), (0.018441236, -0.8004432, 0.59912497), (0.000041293104, -0.03121482, 0.99951273), (-0.007370954, -0.7601111, 0.6497515), (-0.029612822, -0.9902182, -0.13634896), (-0.0060585854, -0.9851272, -0.17171963), (-0.10878851, -0.9830574, -0.14752392), (-0.025497362, -0.9972128, -0.07011764), (-0.021457799, -0.9982673, -0.054789823), (-0.012562174, -0.9996802, -0.021949157), (-0.011154641, -0.9997764, -0.017968662), (0.010314242, -0.9999466, 0.0005096797), (-0.012562174, -0.9996802, -0.021949157), (-0.01801723, -0.99981356, -0.0069438587), (0.027577072, -0.99955183, -0.011650235), (0.0019497852, -0.9997763, -0.02105804), (0.027577072, -0.99955183, -0.011650235), (0.010314242, -0.9999466, 0.0005096797), (0.0019497852, -0.9997763, -0.02105804), (0.0051904824, -0.9998836, 0.014350571), (0.010314242, -0.9999466, 0.0005096797), (0.027577072, -0.99955183, -0.011650235), (0.027577072, -0.99955183, -0.011650235), (-0.01801723, -0.99981356, -0.0069438587), (0.032022286, -0.9993976, -0.013386155), (-0.00640195, -0.999706, 0.023391226), (0.032022286, -0.9993976, -0.013386155), (-0.01801723, -0.99981356, -0.0069438587), (-0.04138501, 0.9385943, 0.3425317), (-0.009324065, 0.96475935, 0.26296845), (-0.0043490697, 0.9762822, 0.21645822), (0.007164967, 0.9929428, 0.11837741), (-0.0043490697, 0.9762822, 0.21645822), (-0.009324065, 0.96475935, 0.26296845), (-0.0011729719, 0.9985847, 0.05317306), (-0.018232157, 0.9934064, 0.11318694), (0.007164967, 0.9929428, 0.11837741), (-0.00076700945, 0.99928313, 0.037847098), (-0.0011729719, 0.9985847, 0.05317306), (0.007164967, 0.9929428, 0.11837741), (-0.0011729719, 0.9985847, 0.05317306), (-0.012645689, 0.9999183, 0.0019224716), (0.002625519, 0.99985915, 0.01657776), (-0.0011729719, 0.9985847, 0.05317306), (-0.00076700945, 0.99928313, 0.037847098), (-0.012645689, 0.9999183, 0.0019224716), (-0.012645689, 0.9999183, 0.0019224716), (-0.026712645, 0.99961853, 0.0070132553), (0.002625519, 0.99985915, 0.01657776), (-0.012645689, 0.9999183, 0.0019224716), (-0.043677576, 0.99896264, -0.012882914), (-0.026712645, 0.99961853, 0.0070132553), (-0.026712645, 0.99961853, 0.0070132553), (0.012314527, 0.9999241, 0.000014041112), (0.002625519, 0.99985915, 0.01657776), (-0.015589051, 0.9998678, -0.004625425), (-0.026712645, 0.99961853, 0.0070132553), (-0.034591146, 0.9992042, 0.019860215), (-0.040899754, 0.53241163, 0.8454969), (-0.04138501, 0.9385943, 0.3425317), (-0.025952924, 0.64822066, 0.7610101), (-0.008602848, 0.025320677, 0.9996424), (-0.040899754, 0.53241163, 0.8454969), (-0.025952924, 0.64822066, 0.7610101), (-0.040899754, 0.53241163, 0.8454969), (-0.008602848, 0.025320677, 0.9996424), (0.000041293104, -0.03121482, 0.99951273), (-0.020559827, -0.99235255, -0.12171181), (0.010310685, -0.9824821, -0.18607187), (-0.029612822, -0.9902182, -0.13634896), (-0.029612822, -0.9902182, -0.13634896), (-0.025497362, -0.9972128, -0.07011764), (-0.020559827, -0.99235255, -0.12171181), (-0.038429644, -0.9980661, -0.04885821), (-0.025497362, -0.9972128, -0.07011764), (-0.012562174, -0.9996802, -0.021949157), (0.010314242, -0.9999466, 0.0005096797), (-0.012552282, -0.9998018, 0.015450663), (-0.012562174, -0.9996802, -0.021949157), (-0.012562174, -0.9996802, -0.021949157), (-0.012552282, -0.9998018, 0.015450663), (-0.038429644, -0.9980661, -0.04885821), (0.032022286, -0.9993976, -0.013386155), (0.021950264, -0.99974394, -0.005488346), (0.027577072, -0.99955183, -0.011650235), (-0.02156257, 0.9840057, 0.17682737), (0.007164967, 0.9929428, 0.11837741), (-0.009324065, 0.96475935, 0.26296845), (0.007164967, 0.9929428, 0.11837741), (-0.004292167, 0.99521816, 0.09758275), (-0.00076700945, 0.99928313, 0.037847098), (-0.004292167, 0.99521816, 0.09758275), (0.007164967, 0.9929428, 0.11837741), (-0.02156257, 0.9840057, 0.17682737), (-0.0012439528, 0.9995969, -0.028364843), (-0.043677576, 0.99896264, -0.012882914), (-0.012645689, 0.9999183, 0.0019224716), (-0.012645689, 0.9999183, 0.0019224716), (-0.00076700945, 0.99928313, 0.037847098), (-0.0012439528, 0.9995969, -0.028364843), (-0.043677576, 0.99896264, -0.012882914), (-0.0012439528, 0.9995969, -0.028364843), (0.0073872944, 0.9999389, 0.00822377), (-0.043677576, 0.99896264, -0.012882914), (-0.034591146, 0.9992042, 0.019860215), (-0.026712645, 0.99961853, 0.0070132553), (0.0073872944, 0.9999389, 0.00822377), (-0.034591146, 0.9992042, 0.019860215), (-0.043677576, 0.99896264, -0.012882914), (-0.0037456907, 0.99994177, -0.010125468), (-0.015589051, 0.9998678, -0.004625425), (-0.034591146, 0.9992042, 0.019860215), (-0.04138501, 0.9385943, 0.3425317), (-0.040899754, 0.53241163, 0.8454969), (-0.037872307, 0.9146423, 0.40248638), (-0.009324065, 0.96475935, 0.26296845), (-0.04138501, 0.9385943, 0.3425317), (-0.037872307, 0.9146423, 0.40248638), (-0.003925102, 0.0083460715, 0.99995744), (-0.021198535, 0.5333711, 0.8456157), (-0.040899754, 0.53241163, 0.8454969), (-0.003925102, 0.0083460715, 0.99995744), (-0.040899754, 0.53241163, 0.8454969), (0.000041293104, -0.03121482, 0.99951273), (0.00754694, -0.02562497, 0.99964315), (-0.003925102, 0.0083460715, 0.99995744), (0.000041293104, -0.03121482, 0.99951273), (0.018441236, -0.8004432, 0.59912497), (0.00754694, -0.02562497, 0.99964315), (0.000041293104, -0.03121482, 0.99951273), (-0.038429644, -0.9980661, -0.04885821), (-0.020559827, -0.99235255, -0.12171181), (-0.025497362, -0.9972128, -0.07011764), (0.0051904824, -0.9998836, 0.014350571), (-0.012552282, -0.9998018, 0.015450663), (0.010314242, -0.9999466, 0.0005096797), (0.021950264, -0.99974394, -0.005488346), (0.0051904824, -0.9998836, 0.014350571), (0.027577072, -0.99955183, -0.011650235), (0.021950264, -0.99974394, -0.005488346), (0.027528465, -0.9995928, -0.007507169), (0.017567484, -0.9998022, 0.009322818), (0.027528465, -0.9995928, -0.007507169), (0.021950264, -0.99974394, -0.005488346), (0.032022286, -0.9993976, -0.013386155), (0.022059219, -0.9996802, 0.0123622315), (0.027528465, -0.9995928, -0.007507169), (0.032022286, -0.9993976, -0.013386155), (-0.0060585854, -0.9851272, -0.17171963), (0.010310685, -0.9824821, -0.18607187), (0.018441236, -0.8004432, 0.59912497), (0.018441236, -0.8004432, 0.59912497), (0.010310685, -0.9824821, -0.18607187), (0.034540538, -0.98924804, -0.14211017), (0.0035107213, -0.70432144, 0.7098726), (0.018441236, -0.8004432, 0.59912497), (0.034540538, -0.98924804, -0.14211017), (-0.029612822, -0.9902182, -0.13634896), (0.010310685, -0.9824821, -0.18607187), (-0.0060585854, -0.9851272, -0.17171963), (-0.06521453, 0.94280064, 0.3269159), (-0.02156257, 0.9840057, 0.17682737), (-0.009324065, 0.96475935, 0.26296845), (-0.004292167, 0.99521816, 0.09758275), (-0.05764274, 0.9823373, 0.17801885), (-0.0063600778, 0.99882054, 0.048135787), (-0.034591146, 0.9992042, 0.019860215), (0.0073872944, 0.9999389, 0.00822377), (0.021658374, 0.999045, 0.037944954), (-0.034591146, 0.9992042, 0.019860215), (0.0046665785, 0.9999818, 0.003845601), (-0.0037456907, 0.99994177, -0.010125468), (-0.037872307, 0.9146423, 0.40248638), (-0.040899754, 0.53241163, 0.8454969), (-0.021198535, 0.5333711, 0.8456157), (-0.009324065, 0.96475935, 0.26296845), (-0.037872307, 0.9146423, 0.40248638), (-0.06521453, 0.94280064, 0.3269159), (0.00754694, -0.02562497, 0.99964315), (0.0006247975, -0.018435981, 0.9998299), (-0.003925102, 0.0083460715, 0.99995744), (0.0035107213, -0.70432144, 0.7098726), (0.00754694, -0.02562497, 0.99964315), (0.018441236, -0.8004432, 0.59912497), (-0.020559827, -0.99235255, -0.12171181), (0.073945224, -0.97813046, -0.19440396), (0.010310685, -0.9824821, -0.18607187), (-0.03444933, -0.9994008, 0.003355586), (-0.038429644, -0.9980661, -0.04885821), (-0.012552282, -0.9998018, 0.015450663), (0.0051904824, -0.9998836, 0.014350571), (-0.016142072, -0.9990158, 0.041313805), (-0.012552282, -0.9998018, 0.015450663), (0.017567484, -0.9998022, 0.009322818), (0.0051904824, -0.9998836, 0.014350571), (0.021950264, -0.99974394, -0.005488346), (0.034540538, -0.98924804, -0.14211017), (0.13260277, -0.98614347, -0.09968797), (0.06317593, -0.73309785, 0.6771826), (0.06317593, -0.73309785, 0.6771826), (0.0035107213, -0.70432144, 0.7098726), (0.034540538, -0.98924804, -0.14211017), (-0.06521453, 0.94280064, 0.3269159), (-0.05764274, 0.9823373, 0.17801885), (-0.02156257, 0.9840057, 0.17682737), (-0.02156257, 0.9840057, 0.17682737), (-0.05764274, 0.9823373, 0.17801885), (-0.004292167, 0.99521816, 0.09758275), (-0.045229994, 0.99273366, 0.111508), (-0.0063600778, 0.99882054, 0.048135787), (-0.05764274, 0.9823373, 0.17801885), (-0.004292167, 0.99521816, 0.09758275), (-0.0063600778, 0.99882054, 0.048135787), (-0.00076700945, 0.99928313, 0.037847098), (-0.0012439528, 0.9995969, -0.028364843), (-0.00076700945, 0.99928313, 0.037847098), (-0.0063600778, 0.99882054, 0.048135787), (-0.0063600778, 0.99882054, 0.048135787), (0.029383266, 0.99942696, 0.016801696), (-0.0012439528, 0.9995969, -0.028364843), (-0.034591146, 0.9992042, 0.019860215), (0.021658374, 0.999045, 0.037944954), (0.0046665785, 0.9999818, 0.003845601), (0.021658374, 0.999045, 0.037944954), (0.022309773, 0.99974203, -0.004254914), (0.0046665785, 0.9999818, 0.003845601), (-0.003925102, 0.0083460715, 0.99995744), (-0.0085700145, 0.056629732, 0.9983585), (-0.021198535, 0.5333711, 0.8456157), (0.0006247975, -0.018435981, 0.9998299), (0.00754694, -0.02562497, 0.99964315), (0.0035107213, -0.70432144, 0.7098726), (-0.020559827, -0.99235255, -0.12171181), (-0.00601645, -0.98727465, -0.1589108), (0.073945224, -0.97813046, -0.19440396), (-0.00601645, -0.98727465, -0.1589108), (-0.038429644, -0.9980661, -0.04885821), (-0.03444933, -0.9994008, 0.003355586), (-0.038429644, -0.9980661, -0.04885821), (-0.00601645, -0.98727465, -0.1589108), (-0.020559827, -0.99235255, -0.12171181), (-0.012552282, -0.9998018, 0.015450663), (-0.016142072, -0.9990158, 0.041313805), (-0.03444933, -0.9994008, 0.003355586), (-0.016142072, -0.9990158, 0.041313805), (0.025166096, -0.99919057, 0.03138307), (-0.03444933, -0.9994008, 0.003355586), (0.004982547, -0.9992035, 0.03959174), (-0.016142072, -0.9990158, 0.041313805), (0.0051904824, -0.9998836, 0.014350571), (0.0035107213, -0.70432144, 0.7098726), (0.06317593, -0.73309785, 0.6771826), (0.0006247975, -0.018435981, 0.9998299), (0.06317593, -0.73309785, 0.6771826), (0.13260277, -0.98614347, -0.09968797), (0.08932445, -0.7078119, 0.7007307), (0.034540538, -0.98924804, -0.14211017), (0.073945224, -0.97813046, -0.19440396), (0.13260277, -0.98614347, -0.09968797), (0.073945224, -0.97813046, -0.19440396), (0.034540538, -0.98924804, -0.14211017), (0.010310685, -0.9824821, -0.18607187), (0.073945224, -0.97813046, -0.19440396), (0.13449904, -0.95885473, -0.25001556), (0.13260277, -0.98614347, -0.09968797), (-0.11027145, 0.954506, 0.27705324), (-0.10772711, 0.9719848, 0.20890306), (-0.05764274, 0.9823373, 0.17801885), (0.05832447, 0.99816525, -0.016262723), (-0.0012439528, 0.9995969, -0.028364843), (0.029383266, 0.99942696, 0.016801696), (0.05832447, 0.99816525, -0.016262723), (0.0073872944, 0.9999389, 0.00822377), (-0.0012439528, 0.9995969, -0.028364843), (0.05832447, 0.99816525, -0.016262723), (0.04591218, 0.9988375, 0.014689559), (0.0073872944, 0.9999389, 0.00822377), (0.04591218, 0.9988375, 0.014689559), (0.021658374, 0.999045, 0.037944954), (0.0073872944, 0.9999389, 0.00822377), (0.022309773, 0.99974203, -0.004254914), (0.021658374, 0.999045, 0.037944954), (0.019080693, 0.99956393, 0.02253479), (-0.021198535, 0.5333711, 0.8456157), (-0.06521453, 0.94280064, 0.3269159), (-0.037872307, 0.9146423, 0.40248638), (-0.06521453, 0.94280064, 0.3269159), (-0.021198535, 0.5333711, 0.8456157), (-0.025259037, 0.65580964, 0.75450355), (-0.0085700145, 0.056629732, 0.9983585), (-0.025259037, 0.65580964, 0.75450355), (-0.021198535, 0.5333711, 0.8456157), (-0.003925102, 0.0083460715, 0.99995744), (0.0006247975, -0.018435981, 0.9998299), (-0.0085700145, 0.056629732, 0.9983585), (0.08932445, -0.7078119, 0.7007307), (0.0006247975, -0.018435981, 0.9998299), (0.06317593, -0.73309785, 0.6771826), (-0.00601645, -0.98727465, -0.1589108), (0.13449904, -0.95885473, -0.25001556), (0.073945224, -0.97813046, -0.19440396), (-0.03444933, -0.9994008, 0.003355586), (0.08455299, -0.9834233, -0.16040416), (-0.00601645, -0.98727465, -0.1589108), (0.08455299, -0.9834233, -0.16040416), (-0.03444933, -0.9994008, 0.003355586), (0.025166096, -0.99919057, 0.03138307), (0.025166096, -0.99919057, 0.03138307), (-0.016142072, -0.9990158, 0.041313805), (0.004982547, -0.9992035, 0.03959174), (0.004982547, -0.9992035, 0.03959174), (0.076234505, -0.99696815, 0.015583877), (0.025166096, -0.99919057, 0.03138307), (0.017567484, -0.9998022, 0.009322818), (0.004982547, -0.9992035, 0.03959174), (0.0051904824, -0.9998836, 0.014350571), (0.13260277, -0.98614347, -0.09968797), (0.13449904, -0.95885473, -0.25001556), (0.114195496, -0.9882559, -0.101535976), (-0.10772711, 0.9719848, 0.20890306), (-0.045229994, 0.99273366, 0.111508), (-0.05764274, 0.9823373, 0.17801885), (0.029383266, 0.99942696, 0.016801696), (-0.0063600778, 0.99882054, 0.048135787), (-0.045229994, 0.99273366, 0.111508), (0.04591218, 0.9988375, 0.014689559), (0.019080693, 0.99956393, 0.02253479), (0.021658374, 0.999045, 0.037944954), (0.019080693, 0.99956393, 0.02253479), (0.04591218, 0.9988375, 0.014689559), (-0.008640858, 0.9998919, 0.01190037), (-0.086902104, 0.9516854, 0.29452136), (-0.06521453, 0.94280064, 0.3269159), (-0.025259037, 0.65580964, 0.75450355), (-0.10656759, 0.960821, 0.25586408), (-0.11027145, 0.954506, 0.27705324), (-0.086902104, 0.9516854, 0.29452136), (0.01476723, 0.012353819, 0.9998146), (-0.0085700145, 0.056629732, 0.9983585), (0.0006247975, -0.018435981, 0.9998299), (0.08932445, -0.7078119, 0.7007307), (0.01476723, 0.012353819, 0.9998146), (0.0006247975, -0.018435981, 0.9998299), (0.13449904, -0.95885473, -0.25001556), (-0.00601645, -0.98727465, -0.1589108), (0.08455299, -0.9834233, -0.16040416), (0.08455299, -0.9834233, -0.16040416), (0.1521904, -0.9548562, -0.25512272), (0.13449904, -0.95885473, -0.25001556), (0.025166096, -0.99919057, 0.03138307), (0.16036496, -0.98318183, -0.087388724), (0.08455299, -0.9834233, -0.16040416), (0.076234505, -0.99696815, 0.015583877), (0.16036496, -0.98318183, -0.087388724), (0.025166096, -0.99919057, 0.03138307), (0.004982547, -0.9992035, 0.03959174), (0.033579975, -0.998954, 0.031036872), (0.076234505, -0.99696815, 0.015583877), (0.017567484, -0.9998022, 0.009322818), (0.033579975, -0.998954, 0.031036872), (0.004982547, -0.9992035, 0.03959174), (0.035079643, -0.9992851, 0.014090821), (0.033579975, -0.998954, 0.031036872), (0.017567484, -0.9998022, 0.009322818), (0.035521787, -0.9993356, 0.008167075), (0.035079643, -0.9992851, 0.014090821), (0.017567484, -0.9998022, 0.009322818), (0.029810432, -0.9995549, -0.0011622795), (0.03969859, -0.9991775, 0.008271253), (0.035521787, -0.9993356, 0.008167075), (0.03969859, -0.9991775, 0.008271253), (0.040539447, -0.9990779, 0.014139131), (0.035079643, -0.9992851, 0.014090821), (0.08932445, -0.7078119, 0.7007307), (0.13260277, -0.98614347, -0.09968797), (0.114195496, -0.9882559, -0.101535976), (0.1521904, -0.9548562, -0.25512272), (0.114195496, -0.9882559, -0.101535976), (0.13449904, -0.95885473, -0.25001556), (-0.10656759, 0.960821, 0.25586408), (-0.10772711, 0.9719848, 0.20890306), (-0.11027145, 0.954506, 0.27705324), (-0.04504597, 0.99222636, 0.11600786), (0.029383266, 0.99942696, 0.016801696), (-0.045229994, 0.99273366, 0.111508), (-0.04504597, 0.99222636, 0.11600786), (-0.045229994, 0.99273366, 0.111508), (-0.113191016, 0.97802126, 0.17510623), (0.029383266, 0.99942696, 0.016801696), (-0.04504597, 0.99222636, 0.11600786), (-0.04449532, 0.99804753, 0.043831997), (0.029383266, 0.99942696, 0.016801696), (0.020593079, 0.9996479, -0.016733393), (0.05832447, 0.99816525, -0.016262723), (0.029383266, 0.99942696, 0.016801696), (-0.04449532, 0.99804753, 0.043831997), (0.020593079, 0.9996479, -0.016733393), (0.05832447, 0.99816525, -0.016262723), (0.020593079, 0.9996479, -0.016733393), (0.04591218, 0.9988375, 0.014689559), (0.020593079, 0.9996479, -0.016733393), (-0.008640858, 0.9998919, 0.01190037), (0.04591218, 0.9988375, 0.014689559), (-0.008640858, 0.9998919, 0.01190037), (0.010714147, 0.99994236, 0.0005243971), (0.019080693, 0.99956393, 0.02253479), (-0.0022556009, 0.61680794, 0.78711045), (-0.086902104, 0.9516854, 0.29452136), (-0.025259037, 0.65580964, 0.75450355), (-0.03190879, 0.97482073, 0.22069526), (-0.086902104, 0.9516854, 0.29452136), (-0.0022556009, 0.61680794, 0.78711045), (-0.0022556009, 0.61680794, 0.78711045), (-0.025259037, 0.65580964, 0.75450355), (-0.0085700145, 0.056629732, 0.9983585), (-0.0022556009, 0.61680794, 0.78711045), (-0.0085700145, 0.056629732, 0.9983585), (0.01476723, 0.012353819, 0.9998146), (0.015073135, -0.03576642, 0.9992464), (0.01476723, 0.012353819, 0.9998146), (0.08932445, -0.7078119, 0.7007307), (0.08455299, -0.9834233, -0.16040416), (0.16036496, -0.98318183, -0.087388724), (0.1521904, -0.9548562, -0.25512272), (0.033579975, -0.998954, 0.031036872), (0.1028935, -0.9946788, -0.0051990775), (0.076234505, -0.99696815, 0.015583877), (0.040539447, -0.9990779, 0.014139131), (0.071656555, -0.99742764, -0.0018735949), (0.033579975, -0.998954, 0.031036872), (0.040539447, -0.9990779, 0.014139131), (0.033579975, -0.998954, 0.031036872), (0.035079643, -0.9992851, 0.014090821), (0.1521904, -0.9548562, -0.25512272), (0.07412066, -0.9910129, -0.11135427), (0.114195496, -0.9882559, -0.101535976), (0.1521904, -0.9548562, -0.25512272), (0.16036496, -0.98318183, -0.087388724), (0.16477591, -0.96394855, -0.20893084), (-0.113191016, 0.97802126, 0.17510623), (-0.045229994, 0.99273366, 0.111508), (-0.10772711, 0.9719848, 0.20890306), (-0.112037115, 0.9691603, 0.2194905), (-0.10772711, 0.9719848, 0.20890306), (-0.10656759, 0.960821, 0.25586408), (-0.03190879, 0.97482073, 0.22069526), (-0.10656759, 0.960821, 0.25586408), (-0.086902104, 0.9516854, 0.29452136), (-0.10656759, 0.960821, 0.25586408), (-0.03190879, 0.97482073, 0.22069526), (-0.06279559, 0.9770487, 0.20354998), (-0.10656759, 0.960821, 0.25586408), (-0.06279559, 0.9770487, 0.20354998), (-0.112037115, 0.9691603, 0.2194905), (-0.0022556009, 0.61680794, 0.78711045), (0.01476723, 0.012353819, 0.9998146), (0.010081283, 0.038972806, 0.9991894), (0.015073135, -0.03576642, 0.9992464), (0.010081283, 0.038972806, 0.9991894), (0.01476723, 0.012353819, 0.9998146), (0.16036496, -0.98318183, -0.087388724), (0.17254269, -0.9792926, -0.10590188), (0.16477591, -0.96394855, -0.20893084), (0.076234505, -0.99696815, 0.015583877), (0.15918446, -0.98619074, -0.045695733), (0.16036496, -0.98318183, -0.087388724), (0.1028935, -0.9946788, -0.0051990775), (0.15918446, -0.98619074, -0.045695733), (0.076234505, -0.99696815, 0.015583877), (0.033579975, -0.998954, 0.031036872), (0.071656555, -0.99742764, -0.0018735949), (0.1028935, -0.9946788, -0.0051990775), (0.114195496, -0.9882559, -0.101535976), (0.0033007413, -0.76075387, 0.649032), (0.08932445, -0.7078119, 0.7007307), (0.0033007413, -0.76075387, 0.649032), (0.015073135, -0.03576642, 0.9992464), (0.08932445, -0.7078119, 0.7007307), (0.0033007413, -0.76075387, 0.649032), (0.114195496, -0.9882559, -0.101535976), (0.07412066, -0.9910129, -0.11135427), (0.16477591, -0.96394855, -0.20893084), (0.13446507, -0.96556896, -0.22270067), (0.1521904, -0.9548562, -0.25512272), (-0.113191016, 0.97802126, 0.17510623), (-0.12330624, 0.9851983, 0.11907946), (-0.04504597, 0.99222636, 0.11600786), (-0.113191016, 0.97802126, 0.17510623), (-0.112037115, 0.9691603, 0.2194905), (-0.117682055, 0.979208, 0.16523474), (-0.04504597, 0.99222636, 0.11600786), (-0.12330624, 0.9851983, 0.11907946), (-0.04449532, 0.99804753, 0.043831997), (-0.12330624, 0.9851983, 0.11907946), (-0.086725235, 0.99591964, 0.024957253), (-0.04449532, 0.99804753, 0.043831997), (0.020593079, 0.9996479, -0.016733393), (-0.04449532, 0.99804753, 0.043831997), (-0.086725235, 0.99591964, 0.024957253), (-0.04075285, 0.98460335, 0.16998643), (-0.06279559, 0.9770487, 0.20354998), (-0.03190879, 0.97482073, 0.22069526), (-0.112037115, 0.9691603, 0.2194905), (-0.113191016, 0.97802126, 0.17510623), (-0.10772711, 0.9719848, 0.20890306), (0.17254269, -0.9792926, -0.10590188), (0.16036496, -0.98318183, -0.087388724), (0.15918446, -0.98619074, -0.045695733), (0.071656555, -0.99742764, -0.0018735949), (0.040539447, -0.9990779, 0.014139131), (0.02924018, -0.9993963, -0.018760562), (-0.041224733, -0.9342652, 0.35418776), (0.0033007413, -0.76075387, 0.649032), (0.07412066, -0.9910129, -0.11135427), (0.07412066, -0.9910129, -0.11135427), (0.1521904, -0.9548562, -0.25512272), (0.13446507, -0.96556896, -0.22270067), (-0.038657546, 0.9992247, 0.007459381), (-0.032471877, 0.9994475, 0.007080049), (-0.03932272, 0.9992263, 0.0007148113), (-0.03932272, 0.9992263, 0.0007148113), (-0.039218836, 0.9992305, -0.0004655693), (-0.038657546, 0.9992247, 0.007459381), (-0.0433854, 0.9990465, -0.0048879045), (-0.041133463, 0.99915355, 0.00034073857), (-0.031760514, 0.999482, -0.005200241), (-0.039218836, 0.9992305, -0.0004655693), (-0.03870692, 0.9992472, -0.002618831), (-0.041133463, 0.99915355, 0.00034073857), (-0.041133463, 0.99915355, 0.00034073857), (-0.0433854, 0.9990465, -0.0048879045), (-0.045862295, 0.99890614, 0.009120768), (-0.040212236, 0.9987439, -0.029893763), (-0.04450794, 0.9989906, 0.0060641575), (-0.06124956, 0.9978366, -0.023886552), (-0.04450794, 0.9989906, 0.0060641575), (-0.057799976, 0.99831873, 0.0043322924), (-0.06124956, 0.9978366, -0.023886552), (-0.040212236, 0.9987439, -0.029893763), (-0.06124956, 0.9978366, -0.023886552), (-0.058364328, 0.9966785, -0.056793254), (-0.058364328, 0.9966785, -0.056793254), (-0.06124956, 0.9978366, -0.023886552), (-0.056425594, 0.99700826, -0.052827857), (-0.058364328, 0.9966785, -0.056793254), (-0.04513854, 0.99862427, -0.026682315), (-0.068817034, 0.9970069, -0.035233825), (-0.068817034, 0.9970069, -0.035233825), (-0.0825401, 0.9965859, -0.0019134532), (-0.100309856, 0.9949537, 0.002235212), (-0.0825401, 0.9965859, -0.0019134532), (-0.068817034, 0.9970069, -0.035233825), (-0.04513854, 0.99862427, -0.026682315), (-0.022268167, 0.9994415, 0.02491531), (-0.0825401, 0.9965859, -0.0019134532), (-0.04513854, 0.99862427, -0.026682315), (-0.022268167, 0.9994415, 0.02491531), (0.004165708, 0.99796265, 0.06366369), (-0.068693005, 0.99738264, 0.022563834), (-0.023992604, -0.9997037, -0.004098453), (-0.034584757, -0.99940115, -0.0011190042), (-0.032689795, -0.9993108, -0.01758183), (-0.025121477, -0.99966305, 0.0065259035), (-0.034584757, -0.99940115, -0.0011190042), (-0.018778184, -0.9998179, 0.0034110767), (-0.012993602, -0.9999108, -0.0031291978), (-0.018778184, -0.9998179, 0.0034110767), (-0.023992604, -0.9997037, -0.004098453), (-0.012993602, -0.9999108, -0.0031291978), (-0.016715743, -0.9998475, 0.0050602434), (-0.018778184, -0.9998179, 0.0034110767), (0.008693964, -0.9997895, -0.018589515), (-0.016715743, -0.9998475, 0.0050602434), (-0.012993602, -0.9999108, -0.0031291978), (0.008693964, -0.9997895, -0.018589515), (-0.00630951, -0.99997604, 0.0028618723), (-0.016715743, -0.9998475, 0.0050602434), (0.03290623, -0.99898845, -0.030646855), (0.024180189, -0.99877185, -0.043245867), (0.017835647, -0.99962556, -0.020756138), (0.020342976, -0.9980583, -0.05887038), (0.024180189, -0.99877185, -0.043245867), (0.03290623, -0.99898845, -0.030646855), (0.021742787, -0.9968209, -0.07665016), (0.024180189, -0.99877185, -0.043245867), (0.020342976, -0.9980583, -0.05887038), (-0.03833328, 0.9992001, 0.0113923), (-0.032471877, 0.9994475, 0.007080049), (-0.038657546, 0.9992247, 0.007459381), (-0.027897628, 0.9996104, -0.000834122), (-0.03870692, 0.9992472, -0.002618831), (-0.03932272, 0.9992263, 0.0007148113), (-0.03870692, 0.9992472, -0.002618831), (-0.039218836, 0.9992305, -0.0004655693), (-0.03932272, 0.9992263, 0.0007148113), (-0.031760514, 0.999482, -0.005200241), (-0.041133463, 0.99915355, 0.00034073857), (-0.03870692, 0.9992472, -0.002618831), (-0.057799976, 0.99831873, 0.0043322924), (-0.045862295, 0.99890614, 0.009120768), (-0.0433854, 0.9990465, -0.0048879045), (-0.045862295, 0.99890614, 0.009120768), (-0.057799976, 0.99831873, 0.0043322924), (-0.04450794, 0.9989906, 0.0060641575), (-0.057799976, 0.99831873, 0.0043322924), (-0.0433854, 0.9990465, -0.0048879045), (-0.04819564, 0.9987305, -0.014651672), (-0.06124956, 0.9978366, -0.023886552), (-0.057799976, 0.99831873, 0.0043322924), (-0.04819564, 0.9987305, -0.014651672), (-0.04819564, 0.9987305, -0.014651672), (-0.04396177, 0.9985116, -0.0322779), (-0.06124956, 0.9978366, -0.023886552), (-0.06124956, 0.9978366, -0.023886552), (-0.04396177, 0.9985116, -0.0322779), (-0.056425594, 0.99700826, -0.052827857), (-0.04513854, 0.99862427, -0.026682315), (-0.058364328, 0.9966785, -0.056793254), (-0.056425594, 0.99700826, -0.052827857), (-0.022268167, 0.9994415, 0.02491531), (-0.04513854, 0.99862427, -0.026682315), (-0.0038917272, 0.99981534, 0.018818041), (-0.022268167, 0.9994415, 0.02491531), (0.013073791, 0.99831975, 0.05645056), (0.004165708, 0.99796265, 0.06366369), (0.013073791, 0.99831975, 0.05645056), (0.034400586, 0.9957118, 0.08587587), (0.004165708, 0.99796265, 0.06366369), (-0.075183615, -0.99709255, 0.012402252), (-0.08767171, -0.99603695, 0.014968309), (-0.07637571, -0.997079, -0.00043596159), (-0.075183615, -0.99709255, 0.012402252), (-0.07637571, -0.997079, -0.00043596159), (-0.051211074, -0.9985437, -0.01696945), (-0.075183615, -0.99709255, 0.012402252), (-0.051211074, -0.9985437, -0.01696945), (-0.051971678, -0.9986454, 0.0025052675), (-0.051211074, -0.9985437, -0.01696945), (-0.034584757, -0.99940115, -0.0011190042), (-0.051971678, -0.9986454, 0.0025052675), (-0.051971678, -0.9986454, 0.0025052675), (-0.034584757, -0.99940115, -0.0011190042), (-0.03930416, -0.9990971, 0.016127119), (-0.025121477, -0.99966305, 0.0065259035), (-0.03930416, -0.9990971, 0.016127119), (-0.034584757, -0.99940115, -0.0011190042), (-0.016661897, -0.999755, 0.014569116), (-0.032022055, -0.9993625, 0.015780363), (-0.025121477, -0.99966305, 0.0065259035), (0.017835647, -0.99962556, -0.020756138), (-0.00630951, -0.99997604, 0.0028618723), (0.008693964, -0.9997895, -0.018589515), (0.017835647, -0.99962556, -0.020756138), (0.024180189, -0.99877185, -0.043245867), (0.0119862035, -0.99989885, -0.0076591778), (0.024180189, -0.99877185, -0.043245867), (0.021742787, -0.9968209, -0.07665016), (0.027936388, -0.9964, -0.080041036), (-0.032471877, 0.9994475, 0.007080049), (-0.006313722, 0.9999473, -0.008095277), (-0.0073370948, 0.99995565, -0.0059184735), (-0.006313722, 0.9999473, -0.008095277), (-0.032471877, 0.9994475, 0.007080049), (-0.019377522, 0.9998122, 0.00025370976), (-0.03932272, 0.9992263, 0.0007148113), (-0.032471877, 0.9994475, 0.007080049), (-0.027897628, 0.9996104, -0.000834122), (-0.0073370948, 0.99995565, -0.0059184735), (-0.027897628, 0.9996104, -0.000834122), (-0.032471877, 0.9994475, 0.007080049), (-0.03870692, 0.9992472, -0.002618831), (-0.027897628, 0.9996104, -0.000834122), (-0.031760514, 0.999482, -0.005200241), (-0.028042028, 0.99947405, -0.016284037), (-0.031760514, 0.999482, -0.005200241), (-0.019518355, 0.9997883, -0.0065164133), (-0.0433854, 0.9990465, -0.0048879045), (-0.031760514, 0.999482, -0.005200241), (-0.028042028, 0.99947405, -0.016284037), (-0.04396177, 0.9985116, -0.0322779), (-0.022993887, 0.9996579, -0.01246428), (-0.056425594, 0.99700826, -0.052827857), (-0.04513854, 0.99862427, -0.026682315), (-0.056425594, 0.99700826, -0.052827857), (-0.022993887, 0.9996579, -0.01246428), (-0.04513854, 0.99862427, -0.026682315), (-0.022993887, 0.9996579, -0.01246428), (-0.0038917272, 0.99981534, 0.018818041), (-0.022268167, 0.9994415, 0.02491531), (-0.0038917272, 0.99981534, 0.018818041), (0.013073791, 0.99831975, 0.05645056), (0.013073791, 0.99831975, 0.05645056), (-0.0038917272, 0.99981534, 0.018818041), (0.011779518, 0.9986753, 0.050088614), (0.013073791, 0.99831975, 0.05645056), (0.03763019, 0.99575347, 0.0840177), (0.034400586, 0.9957118, 0.08587587), (-0.045922294, -0.99863297, 0.024967251), (-0.0680272, -0.9972793, 0.028395811), (-0.075183615, -0.99709255, 0.012402252), (-0.025121477, -0.99966305, 0.0065259035), (-0.032022055, -0.9993625, 0.015780363), (-0.03930416, -0.9990971, 0.016127119), (-0.03930416, -0.9990971, 0.016127119), (-0.03242249, -0.9992089, 0.0230246), (-0.051971678, -0.9986454, 0.0025052675), (0.0005606697, -0.9999207, 0.012574688), (-0.00630951, -0.99997604, 0.0028618723), (0.0119862035, -0.99989885, -0.0076591778), (0.017835647, -0.99962556, -0.020756138), (0.0119862035, -0.99989885, -0.0076591778), (-0.00630951, -0.99997604, 0.0028618723), (-0.00630951, -0.99997604, 0.0028618723), (-0.016661897, -0.999755, 0.014569116), (-0.016715743, -0.9998475, 0.0050602434), (0.0005606697, -0.9999207, 0.012574688), (-0.016661897, -0.999755, 0.014569116), (-0.00630951, -0.99997604, 0.0028618723), (0.0005606697, -0.9999207, 0.012574688), (0.011234471, -0.99993396, 0.0024216494), (0.007269287, -0.99986345, 0.01484062), (0.0119862035, -0.99989885, -0.0076591778), (0.024180189, -0.99877185, -0.043245867), (0.0195704, -0.9992758, -0.032630246), (0.027936388, -0.9964, -0.080041036), (0.0195704, -0.9992758, -0.032630246), (0.024180189, -0.99877185, -0.043245867), (-0.027897628, 0.9996104, -0.000834122), (-0.0073370948, 0.99995565, -0.0059184735), (-0.019518355, 0.9997883, -0.0065164133), (-0.019518355, 0.9997883, -0.0065164133), (-0.031760514, 0.999482, -0.005200241), (-0.027897628, 0.9996104, -0.000834122), (-0.0038917272, 0.99981534, 0.018818041), (-0.022993887, 0.9996579, -0.01246428), (0.011779518, 0.9986753, 0.050088614), (-0.022993887, 0.9996579, -0.01246428), (0.020381046, 0.99956673, 0.021232761), (0.011779518, 0.9986753, 0.050088614), (0.011779518, 0.9986753, 0.050088614), (0.03763019, 0.99575347, 0.0840177), (0.013073791, 0.99831975, 0.05645056), (0.04215644, 0.9948962, 0.09167591), (0.03763019, 0.99575347, 0.0840177), (0.011779518, 0.9986753, 0.050088614), (-0.051971678, -0.9986454, 0.0025052675), (-0.045922294, -0.99863297, 0.024967251), (-0.075183615, -0.99709255, 0.012402252), (-0.03242249, -0.9992089, 0.0230246), (-0.03930416, -0.9990971, 0.016127119), (-0.032022055, -0.9993625, 0.015780363), (-0.032022055, -0.9993625, 0.015780363), (-0.004053107, -0.999491, 0.031643707), (-0.03242249, -0.9992089, 0.0230246), (-0.004053107, -0.999491, 0.031643707), (-0.032022055, -0.9993625, 0.015780363), (-0.016661897, -0.999755, 0.014569116), (-0.004053107, -0.999491, 0.031643707), (-0.016661897, -0.999755, 0.014569116), (0.011507024, -0.99971783, 0.020783266), (0.0005606697, -0.9999207, 0.012574688), (0.011507024, -0.99971783, 0.020783266), (-0.016661897, -0.999755, 0.014569116), (0.0119862035, -0.99989885, -0.0076591778), (0.011234471, -0.99993396, 0.0024216494), (0.0005606697, -0.9999207, 0.012574688), (0.0195704, -0.9992758, -0.032630246), (0.011234471, -0.99993396, 0.0024216494), (0.0119862035, -0.99989885, -0.0076591778), (0.0195704, -0.9992758, -0.032630246), (0.027936388, -0.9964, -0.080041036), (0.00927654, -0.99668616, -0.08081216), (-0.0073370948, 0.99995565, -0.0059184735), (-0.006313722, 0.9999473, -0.008095277), (0.015373755, 0.9996295, -0.022459041), (-0.019518355, 0.9997883, -0.0065164133), (-0.0073370948, 0.99995565, -0.0059184735), (-0.009786898, 0.9997935, -0.01780272), (-0.016030703, 0.9997143, -0.017730543), (-0.028042028, 0.99947405, -0.016284037), (-0.019518355, 0.9997883, -0.0065164133), (-0.017657137, 0.99974257, -0.014244088), (-0.016030703, 0.9997143, -0.017730543), (-0.019518355, 0.9997883, -0.0065164133), (-0.04819564, 0.9987305, -0.014651672), (-0.028042028, 0.99947405, -0.016284037), (-0.016129898, 0.99966335, -0.02032268), (-0.0433854, 0.9990465, -0.0048879045), (-0.028042028, 0.99947405, -0.016284037), (-0.04819564, 0.9987305, -0.014651672), (-0.04396177, 0.9985116, -0.0322779), (-0.04819564, 0.9987305, -0.014651672), (-0.016129898, 0.99966335, -0.02032268), (-0.016129898, 0.99966335, -0.02032268), (-0.0042143017, 0.99970186, -0.024050029), (-0.04396177, 0.9985116, -0.0322779), (-0.04396177, 0.9985116, -0.0322779), (-0.0042143017, 0.99970186, -0.024050029), (-0.022993887, 0.9996579, -0.01246428), (-0.0042143017, 0.99970186, -0.024050029), (0.020381046, 0.99956673, 0.021232761), (-0.022993887, 0.9996579, -0.01246428), (0.04215644, 0.9948962, 0.09167591), (0.048671585, 0.99436206, 0.09420711), (0.03763019, 0.99575347, 0.0840177), (-0.00640195, -0.999706, 0.023391226), (-0.0680272, -0.9972793, 0.028395811), (-0.045922294, -0.99863297, 0.024967251), (-0.03242249, -0.9992089, 0.0230246), (-0.045922294, -0.99863297, 0.024967251), (-0.051971678, -0.9986454, 0.0025052675), (-0.03242249, -0.9992089, 0.0230246), (-0.010569831, -0.99957234, 0.027263245), (-0.045922294, -0.99863297, 0.024967251), (-0.004053107, -0.999491, 0.031643707), (0.011507024, -0.99971783, 0.020783266), (0.02577114, -0.9990327, 0.035633493), (0.0005606697, -0.9999207, 0.012574688), (0.007269287, -0.99986345, 0.01484062), (0.011507024, -0.99971783, 0.020783266), (0.0195704, -0.9992758, -0.032630246), (0.003258275, -0.99940145, -0.03443871), (0.011234471, -0.99993396, 0.0024216494), (0.003258275, -0.99940145, -0.03443871), (0.0195704, -0.9992758, -0.032630246), (0.00927654, -0.99668616, -0.08081216), (-0.0073370948, 0.99995565, -0.0059184735), (0.015373755, 0.9996295, -0.022459041), (0.006410398, 0.9997093, -0.023241319), (-0.019518355, 0.9997883, -0.0065164133), (-0.009786898, 0.9997935, -0.01780272), (-0.017657137, 0.99974257, -0.014244088), (-0.016030703, 0.9997143, -0.017730543), (-0.017657137, 0.99974257, -0.014244088), (-0.012480272, 0.9998653, -0.010656082), (-0.028042028, 0.99947405, -0.016284037), (-0.016030703, 0.9997143, -0.017730543), (-0.016129898, 0.99966335, -0.02032268), (-0.016129898, 0.99966335, -0.02032268), (0.0026304438, 0.99994236, -0.010403686), (-0.0042143017, 0.99970186, -0.024050029), (0.029463807, 0.999547, 0.006143546), (0.020381046, 0.99956673, 0.021232761), (-0.0042143017, 0.99970186, -0.024050029), (-0.0042143017, 0.99970186, -0.024050029), (0.0026304438, 0.99994236, -0.010403686), (0.029463807, 0.999547, 0.006143546), (0.020381046, 0.99956673, 0.021232761), (0.040397707, 0.996802, 0.06894887), (0.011779518, 0.9986753, 0.050088614), (0.04215644, 0.9948962, 0.09167591), (0.011779518, 0.9986753, 0.050088614), (0.040397707, 0.996802, 0.06894887), (0.040397707, 0.996802, 0.06894887), (0.03642196, 0.99648744, 0.075406455), (0.04215644, 0.9948962, 0.09167591), (0.04215644, 0.9948962, 0.09167591), (0.025118522, 0.9958238, 0.08777245), (0.048671585, 0.99436206, 0.09420711), (-0.0055886754, -0.9993818, 0.03471096), (-0.00640195, -0.999706, 0.023391226), (-0.045922294, -0.99863297, 0.024967251), (-0.045922294, -0.99863297, 0.024967251), (-0.010569831, -0.99957234, 0.027263245), (-0.0055886754, -0.9993818, 0.03471096), (-0.03242249, -0.9992089, 0.0230246), (0.006866747, -0.99867326, 0.051034488), (-0.010569831, -0.99957234, 0.027263245), (0.006866747, -0.99867326, 0.051034488), (-0.03242249, -0.9992089, 0.0230246), (-0.004053107, -0.999491, 0.031643707), (-0.004053107, -0.999491, 0.031643707), (0.02577114, -0.9990327, 0.035633493), (0.006866747, -0.99867326, 0.051034488), (0.007269287, -0.99986345, 0.01484062), (0.011261618, -0.99991685, 0.006280176), (0.011507024, -0.99971783, 0.020783266), (0.007269287, -0.99986345, 0.01484062), (0.0073793367, -0.9999338, 0.008822403), (0.011261618, -0.99991685, 0.006280176), (0.0073793367, -0.9999338, 0.008822403), (0.007269287, -0.99986345, 0.01484062), (0.011234471, -0.99993396, 0.0024216494), (0.003258275, -0.99940145, -0.03443871), (0.0073793367, -0.9999338, 0.008822403), (0.011234471, -0.99993396, 0.0024216494), (0.00927654, -0.99668616, -0.08081216), (-0.0010035497, -0.99684197, -0.07940542), (0.003258275, -0.99940145, -0.03443871), (-0.0037456907, 0.99994177, -0.010125468), (0.006410398, 0.9997093, -0.023241319), (0.015373755, 0.9996295, -0.022459041), (0.006410398, 0.9997093, -0.023241319), (-0.009786898, 0.9997935, -0.01780272), (-0.0073370948, 0.99995565, -0.0059184735), (-0.012480272, 0.9998653, -0.010656082), (-0.016129898, 0.99966335, -0.02032268), (-0.016030703, 0.9997143, -0.017730543), (0.0026304438, 0.99994236, -0.010403686), (-0.016129898, 0.99966335, -0.02032268), (-0.012480272, 0.9998653, -0.010656082), (0.050247073, 0.9975458, 0.048761275), (0.040397707, 0.996802, 0.06894887), (0.020381046, 0.99956673, 0.021232761), (0.050247073, 0.9975458, 0.048761275), (0.020381046, 0.99956673, 0.021232761), (0.029463807, 0.999547, 0.006143546), (0.03642196, 0.99648744, 0.075406455), (0.040397707, 0.996802, 0.06894887), (0.050247073, 0.9975458, 0.048761275), (0.04215644, 0.9948962, 0.09167591), (0.03642196, 0.99648744, 0.075406455), (0.025118522, 0.9958238, 0.08777245), (0.022059219, -0.9996802, 0.0123622315), (-0.00640195, -0.999706, 0.023391226), (-0.0055886754, -0.9993818, 0.03471096), (-0.00640195, -0.999706, 0.023391226), (0.022059219, -0.9996802, 0.0123622315), (0.032022286, -0.9993976, -0.013386155), (0.022059219, -0.9996802, 0.0123622315), (-0.0055886754, -0.9993818, 0.03471096), (0.011270407, -0.9995764, 0.0268332), (-0.0055886754, -0.9993818, 0.03471096), (-0.010569831, -0.99957234, 0.027263245), (0.011270407, -0.9995764, 0.0268332), (-0.010569831, -0.99957234, 0.027263245), (0.013664945, -0.99876046, 0.04786236), (0.011270407, -0.9995764, 0.0268332), (0.006866747, -0.99867326, 0.051034488), (0.013664945, -0.99876046, 0.04786236), (-0.010569831, -0.99957234, 0.027263245), (0.02577114, -0.9990327, 0.035633493), (0.005055207, -0.9980299, 0.06253647), (0.006866747, -0.99867326, 0.051034488), (0.011261618, -0.99991685, 0.006280176), (0.02577114, -0.9990327, 0.035633493), (0.011507024, -0.99971783, 0.020783266), (-0.007947732, -0.9997836, 0.019226523), (0.02577114, -0.9990327, 0.035633493), (0.011261618, -0.99991685, 0.006280176), (0.0073793367, -0.9999338, 0.008822403), (0.003097964, -0.99992067, 0.012213639), (0.011261618, -0.99991685, 0.006280176), (0.0018019046, -0.9999477, -0.010063169), (0.0073793367, -0.9999338, 0.008822403), (0.003258275, -0.99940145, -0.03443871), (-0.0010035497, -0.99684197, -0.07940542), (-0.0053761844, -0.9983968, -0.056344558), (0.003258275, -0.99940145, -0.03443871), (0.006410398, 0.9997093, -0.023241319), (-0.008848494, 0.9992664, -0.03726099), (-0.009786898, 0.9997935, -0.01780272), (-0.009786898, 0.9997935, -0.01780272), (-0.0205582, 0.9996352, -0.017520882), (-0.017657137, 0.99974257, -0.014244088), (-0.017657137, 0.99974257, -0.014244088), (-0.0205582, 0.9996352, -0.017520882), (-0.012480272, 0.9998653, -0.010656082), (-0.012480272, 0.9998653, -0.010656082), (0.0050919936, 0.99994737, 0.008901062), (0.0026304438, 0.99994236, -0.010403686), (0.0026304438, 0.99994236, -0.010403686), (0.0050919936, 0.99994737, 0.008901062), (0.028549725, 0.9994135, 0.018910224), (0.028549725, 0.9994135, 0.018910224), (0.029463807, 0.999547, 0.006143546), (0.0026304438, 0.99994236, -0.010403686), (0.050247073, 0.9975458, 0.048761275), (0.029463807, 0.999547, 0.006143546), (0.04346448, 0.9982578, 0.039901704), (0.04346448, 0.9982578, 0.039901704), (0.029463807, 0.999547, 0.006143546), (0.028549725, 0.9994135, 0.018910224), (0.03642196, 0.99648744, 0.075406455), (0.016395897, 0.9968752, 0.07727072), (0.025118522, 0.9958238, 0.08777245), (0.013664945, -0.99876046, 0.04786236), (0.006866747, -0.99867326, 0.051034488), (0.005055207, -0.9980299, 0.06253647), (-0.007947732, -0.9997836, 0.019226523), (0.005055207, -0.9980299, 0.06253647), (0.02577114, -0.9990327, 0.035633493), (-0.007947732, -0.9997836, 0.019226523), (0.011261618, -0.99991685, 0.006280176), (-0.00324862, -0.9999938, 0.0014266265), (0.011261618, -0.99991685, 0.006280176), (0.003097964, -0.99992067, 0.012213639), (-0.00324862, -0.9999938, 0.0014266265), (0.0073793367, -0.9999338, 0.008822403), (0.0018019046, -0.9999477, -0.010063169), (0.003097964, -0.99992067, 0.012213639), (-0.0053761844, -0.9983968, -0.056344558), (0.0018019046, -0.9999477, -0.010063169), (0.003258275, -0.99940145, -0.03443871), (-0.0053761844, -0.9983968, -0.056344558), (-0.00522766, -0.99980515, -0.019032205), (0.0018019046, -0.9999477, -0.010063169), (-0.0010035497, -0.99684197, -0.07940542), (0.00351708, -0.99729806, -0.07337662), (-0.0053761844, -0.9983968, -0.056344558), (-0.0037456907, 0.99994177, -0.010125468), (0.0026841178, 0.99934375, -0.036123145), (0.006410398, 0.9997093, -0.023241319), (-0.008848494, 0.9992664, -0.03726099), (0.006410398, 0.9997093, -0.023241319), (0.0026841178, 0.99934375, -0.036123145), (0.0026841178, 0.99934375, -0.036123145), (0.0046665785, 0.9999818, 0.003845601), (0.024461577, 0.9987458, -0.043685496), (0.0026841178, 0.99934375, -0.036123145), (0.021310635, 0.99856746, -0.04907934), (-0.008848494, 0.9992664, -0.03726099), (-0.009786898, 0.9997935, -0.01780272), (-0.008848494, 0.9992664, -0.03726099), (-0.0205582, 0.9996352, -0.017520882), (-0.012965517, 0.99991494, 0.0014627476), (-0.0205582, 0.9996352, -0.017520882), (0.0015141537, 0.9998153, -0.019159911), (0.0050919936, 0.99994737, 0.008901062), (-0.012480272, 0.9998653, -0.010656082), (-0.012965517, 0.99991494, 0.0014627476), (0.04346448, 0.9982578, 0.039901704), (0.028549725, 0.9994135, 0.018910224), (0.040087126, 0.99835247, 0.04105303), (0.03984107, 0.9980255, 0.04855713), (0.050247073, 0.9975458, 0.048761275), (0.04346448, 0.9982578, 0.039901704), (0.03984107, 0.9980255, 0.04855713), (0.03642196, 0.99648744, 0.075406455), (0.050247073, 0.9975458, 0.048761275), (0.03642196, 0.99648744, 0.075406455), (0.030451667, 0.9977198, 0.060230494), (0.016395897, 0.9968752, 0.07727072), (0.011270407, -0.9995764, 0.0268332), (0.030778702, -0.99941254, 0.015073589), (0.022059219, -0.9996802, 0.0123622315), (0.011270407, -0.9995764, 0.0268332), (0.013664945, -0.99876046, 0.04786236), (0.023370868, -0.99933225, 0.028086545), (0.011270407, -0.9995764, 0.0268332), (0.023370868, -0.99933225, 0.028086545), (0.030778702, -0.99941254, 0.015073589), (0.004726435, -0.9989954, 0.044562977), (0.013664945, -0.99876046, 0.04786236), (0.005055207, -0.9980299, 0.06253647), (0.004726435, -0.9989954, 0.044562977), (0.023370868, -0.99933225, 0.028086545), (0.013664945, -0.99876046, 0.04786236), (-0.007947732, -0.9997836, 0.019226523), (-0.00324862, -0.9999938, 0.0014266265), (-0.016295724, -0.9995834, 0.02381654), (0.0018019046, -0.9999477, -0.010063169), (-0.00522766, -0.99980515, -0.019032205), (0.003097964, -0.99992067, 0.012213639), (0.00351708, -0.99729806, -0.07337662), (0.0035970786, -0.99858433, -0.053069253), (-0.0053761844, -0.9983968, -0.056344558), (-0.0053761844, -0.9983968, -0.056344558), (0.0035970786, -0.99858433, -0.053069253), (-0.00522766, -0.99980515, -0.019032205), (-0.0037456907, 0.99994177, -0.010125468), (0.0046665785, 0.9999818, 0.003845601), (0.0026841178, 0.99934375, -0.036123145), (0.021310635, 0.99856746, -0.04907934), (0.0015141537, 0.9998153, -0.019159911), (-0.008848494, 0.9992664, -0.03726099), (-0.0205582, 0.9996352, -0.017520882), (-0.008848494, 0.9992664, -0.03726099), (0.0015141537, 0.9998153, -0.019159911), (0.0015141537, 0.9998153, -0.019159911), (0.017731976, 0.99975955, 0.01290285), (-0.012965517, 0.99991494, 0.0014627476), (-0.0205582, 0.9996352, -0.017520882), (-0.012965517, 0.99991494, 0.0014627476), (-0.012480272, 0.9998653, -0.010656082), (-0.012965517, 0.99991494, 0.0014627476), (0.017731976, 0.99975955, 0.01290285), (0.0050919936, 0.99994737, 0.008901062), (0.028549725, 0.9994135, 0.018910224), (0.032551218, 0.99904656, 0.02909082), (0.040087126, 0.99835247, 0.04105303), (0.03984107, 0.9980255, 0.04855713), (0.030451667, 0.9977198, 0.060230494), (0.03642196, 0.99648744, 0.075406455), (0.022059219, -0.9996802, 0.0123622315), (0.030778702, -0.99941254, 0.015073589), (0.027528465, -0.9995928, -0.007507169), (0.005055207, -0.9980299, 0.06253647), (-0.0216438, -0.99922353, 0.032920554), (0.004726435, -0.9989954, 0.044562977), (-0.007947732, -0.9997836, 0.019226523), (-0.0216438, -0.99922353, 0.032920554), (0.005055207, -0.9980299, 0.06253647), (-0.00324862, -0.9999938, 0.0014266265), (0.003097964, -0.99992067, 0.012213639), (0.00103926, -0.99995816, 0.009082405), (-0.00522766, -0.99980515, -0.019032205), (0.00103926, -0.99995816, 0.009082405), (0.003097964, -0.99992067, 0.012213639), (0.0046665785, 0.9999818, 0.003845601), (0.022309773, 0.99974203, -0.004254914), (0.024461577, 0.9987458, -0.043685496), (0.024461577, 0.9987458, -0.043685496), (0.021310635, 0.99856746, -0.04907934), (0.0026841178, 0.99934375, -0.036123145), (0.0050919936, 0.99994737, 0.008901062), (0.02265647, 0.9993117, 0.029374966), (0.032551218, 0.99904656, 0.02909082), (0.0050919936, 0.99994737, 0.008901062), (0.017731976, 0.99975955, 0.01290285), (0.02265647, 0.9993117, 0.029374966), (0.032551218, 0.99904656, 0.02909082), (0.035899762, 0.99853694, 0.04043818), (0.040087126, 0.99835247, 0.04105303), (0.032551218, 0.99904656, 0.02909082), (0.028549725, 0.9994135, 0.018910224), (0.0050919936, 0.99994737, 0.008901062), (0.040087126, 0.99835247, 0.04105303), (0.035899762, 0.99853694, 0.04043818), (0.044551425, 0.9981455, 0.041481175), (0.040087126, 0.99835247, 0.04105303), (0.037425324, 0.9984, 0.042390402), (0.03984107, 0.9980255, 0.04855713), (0.040087126, 0.99835247, 0.04105303), (0.03984107, 0.9980255, 0.04855713), (0.04346448, 0.9982578, 0.039901704), (0.030778702, -0.99941254, 0.015073589), (0.035521787, -0.9993356, 0.008167075), (0.027528465, -0.9995928, -0.007507169), (0.023370868, -0.99933225, 0.028086545), (0.029959863, -0.99946433, 0.013166315), (0.030778702, -0.99941254, 0.015073589), (0.029959863, -0.99946433, 0.013166315), (0.035521787, -0.9993356, 0.008167075), (0.030778702, -0.99941254, 0.015073589), (0.023370868, -0.99933225, 0.028086545), (0.0036306912, -0.999921, 0.012031465), (0.029959863, -0.99946433, 0.013166315), (0.004726435, -0.9989954, 0.044562977), (-0.0216438, -0.99922353, 0.032920554), (0.0036306912, -0.999921, 0.012031465), (0.023370868, -0.99933225, 0.028086545), (0.004726435, -0.9989954, 0.044562977), (0.0036306912, -0.999921, 0.012031465), (-0.0216438, -0.99922353, 0.032920554), (-0.018527245, -0.9989984, 0.04073006), (-0.013690177, -0.9997857, 0.015527716), (-0.007947732, -0.9997836, 0.019226523), (-0.016295724, -0.9995834, 0.02381654), (-0.0216438, -0.99922353, 0.032920554), (0.00103926, -0.99995816, 0.009082405), (-0.016295724, -0.9995834, 0.02381654), (-0.00324862, -0.9999938, 0.0014266265), (0.00103926, -0.99995816, 0.009082405), (-0.009765829, -0.99944675, 0.031793997), (-0.016295724, -0.9995834, 0.02381654), (0.00103926, -0.99995816, 0.009082405), (-0.0017644424, -0.9996985, -0.02448902), (-0.00924842, -0.9999466, 0.004625807), (-0.00522766, -0.99980515, -0.019032205), (-0.0017644424, -0.9996985, -0.02448902), (0.00103926, -0.99995816, 0.009082405), (-0.00522766, -0.99980515, -0.019032205), (0.0035970786, -0.99858433, -0.053069253), (-0.0017644424, -0.9996985, -0.02448902), (0.0059188297, -0.9986772, -0.05107755), (-0.0017644424, -0.9996985, -0.02448902), (0.0035970786, -0.99858433, -0.053069253), (0.022309773, 0.99974203, -0.004254914), (0.027502738, 0.9990549, -0.033658773), (0.024461577, 0.9987458, -0.043685496), (0.024461577, 0.9987458, -0.043685496), (0.027502738, 0.9990549, -0.033658773), (0.021310635, 0.99856746, -0.04907934), (0.017731976, 0.99975955, 0.01290285), (0.0015141537, 0.9998153, -0.019159911), (0.040000312, 0.9990473, -0.01745628), (0.017731976, 0.99975955, 0.01290285), (0.04121016, 0.9987916, 0.026780864), (0.02265647, 0.9993117, 0.029374966), (0.02265647, 0.9993117, 0.029374966), (0.04121016, 0.9987916, 0.026780864), (0.035899762, 0.99853694, 0.04043818), (0.02265647, 0.9993117, 0.029374966), (0.035899762, 0.99853694, 0.04043818), (0.032551218, 0.99904656, 0.02909082), (0.037425324, 0.9984, 0.042390402), (0.040087126, 0.99835247, 0.04105303), (0.044551425, 0.9981455, 0.041481175), (0.037425324, 0.9984, 0.042390402), (0.030451667, 0.9977198, 0.060230494), (0.03984107, 0.9980255, 0.04855713), (0.024663078, 0.9988694, 0.040641196), (0.030451667, 0.9977198, 0.060230494), (0.037425324, 0.9984, 0.042390402), (0.035521787, -0.9993356, 0.008167075), (0.017567484, -0.9998022, 0.009322818), (0.027528465, -0.9995928, -0.007507169), (0.035521787, -0.9993356, 0.008167075), (0.029959863, -0.99946433, 0.013166315), (0.029810432, -0.9995549, -0.0011622795), (0.0036306912, -0.999921, 0.012031465), (-0.013690177, -0.9997857, 0.015527716), (-0.0040229294, -0.999969, -0.0067756795), (-0.013690177, -0.9997857, 0.015527716), (0.0036306912, -0.999921, 0.012031465), (-0.0216438, -0.99922353, 0.032920554), (-0.016295724, -0.9995834, 0.02381654), (-0.018527245, -0.9989984, 0.04073006), (-0.0216438, -0.99922353, 0.032920554), (-0.009765829, -0.99944675, 0.031793997), (-0.018527245, -0.9989984, 0.04073006), (-0.016295724, -0.9995834, 0.02381654), (0.00103926, -0.99995816, 0.009082405), (-0.00924842, -0.9999466, 0.004625807), (-0.009765829, -0.99944675, 0.031793997), (-0.0036773365, -0.9994973, -0.031489585), (-0.0017644424, -0.9996985, -0.02448902), (0.0059188297, -0.9986772, -0.05107755), (0.00028416075, -0.9983475, -0.057464004), (-0.0036773365, -0.9994973, -0.031489585), (0.0059188297, -0.9986772, -0.05107755), (0.040000312, 0.9990473, -0.01745628), (0.021310635, 0.99856746, -0.04907934), (0.027502738, 0.9990549, -0.033658773), (0.0015141537, 0.9998153, -0.019159911), (0.021310635, 0.99856746, -0.04907934), (0.040000312, 0.9990473, -0.01745628), (0.027502738, 0.9990549, -0.033658773), (0.043756112, 0.99895436, -0.013255457), (0.040000312, 0.9990473, -0.01745628), (0.040000312, 0.9990473, -0.01745628), (0.04121016, 0.9987916, 0.026780864), (0.017731976, 0.99975955, 0.01290285), (0.04121016, 0.9987916, 0.026780864), (0.050656356, 0.9976884, 0.04529683), (0.035899762, 0.99853694, 0.04043818), (0.044551425, 0.9981455, 0.041481175), (0.035899762, 0.99853694, 0.04043818), (0.050656356, 0.9976884, 0.04529683), (0.037425324, 0.9984, 0.042390402), (0.044551425, 0.9981455, 0.041481175), (0.041181095, 0.99856436, 0.034252856), (0.024663078, 0.9988694, 0.040641196), (0.037425324, 0.9984, 0.042390402), (0.041181095, 0.99856436, 0.034252856), (0.041181095, 0.99856436, 0.034252856), (0.028482549, 0.99937594, 0.020888425), (0.024663078, 0.9988694, 0.040641196), (0.035521787, -0.9993356, 0.008167075), (0.03969859, -0.9991775, 0.008271253), (0.035079643, -0.9992851, 0.014090821), (0.0036306912, -0.999921, 0.012031465), (0.013805495, -0.9998738, -0.007852649), (0.029959863, -0.99946433, 0.013166315), (-0.0040229294, -0.999969, -0.0067756795), (0.013805495, -0.9998738, -0.007852649), (0.0036306912, -0.999921, 0.012031465), (-0.0036773365, -0.9994973, -0.031489585), (-0.00924842, -0.9999466, 0.004625807), (-0.0017644424, -0.9996985, -0.02448902), (-0.0036773365, -0.9994973, -0.031489585), (-0.0032254506, -0.99994045, -0.010422985), (-0.00924842, -0.9999466, 0.004625807), (0.027502738, 0.9990549, -0.033658773), (0.022309773, 0.99974203, -0.004254914), (0.010714147, 0.99994236, 0.0005243971), (0.022309773, 0.99974203, -0.004254914), (0.019080693, 0.99956393, 0.02253479), (0.010714147, 0.99994236, 0.0005243971), (0.027502738, 0.9990549, -0.033658773), (0.018056069, 0.9997996, -0.008639568), (0.043756112, 0.99895436, -0.013255457), (0.040000312, 0.9990473, -0.01745628), (0.055103708, 0.9984314, 0.009917332), (0.04121016, 0.9987916, 0.026780864), (0.050656356, 0.9976884, 0.04529683), (0.04121016, 0.9987916, 0.026780864), (0.05922906, 0.997749, 0.03144533), (0.050656356, 0.9976884, 0.04529683), (0.025132105, 0.9991574, 0.032447625), (0.044551425, 0.9981455, 0.041481175), (0.044551425, 0.9981455, 0.041481175), (0.025132105, 0.9991574, 0.032447625), (0.041181095, 0.99856436, 0.034252856), (0.017467428, 0.9993623, 0.031144097), (0.028482549, 0.99937594, 0.020888425), (0.041181095, 0.99856436, 0.034252856), (0.013805495, -0.9998738, -0.007852649), (0.029810432, -0.9995549, -0.0011622795), (0.029959863, -0.99946433, 0.013166315), (0.029810432, -0.9995549, -0.0011622795), (0.013805495, -0.9998738, -0.007852649), (0.02053191, -0.99971104, -0.012502443), (0.013805495, -0.9998738, -0.007852649), (0.021050211, -0.9996735, -0.014485277), (0.02053191, -0.99971104, -0.012502443), (-0.0040229294, -0.999969, -0.0067756795), (0.007805459, -0.99996567, -0.0027984583), (0.013805495, -0.9998738, -0.007852649), (-0.013690177, -0.9997857, 0.015527716), (0.007805459, -0.99996567, -0.0027984583), (-0.0040229294, -0.999969, -0.0067756795), (-0.013690177, -0.9997857, 0.015527716), (-0.006701814, -0.9994794, 0.031559315), (0.007805459, -0.99996567, -0.0027984583), (-0.006701814, -0.9994794, 0.031559315), (-0.013690177, -0.9997857, 0.015527716), (-0.018527245, -0.9989984, 0.04073006), (-0.018527245, -0.9989984, 0.04073006), (-0.017055554, -0.9993139, 0.032876372), (-0.006701814, -0.9994794, 0.031559315), (-0.017055554, -0.9993139, 0.032876372), (-0.018527245, -0.9989984, 0.04073006), (-0.009765829, -0.99944675, 0.031793997), (0.0075212903, -0.99993414, 0.008668796), (-0.006701814, -0.9994794, 0.031559315), (-0.017055554, -0.9993139, 0.032876372), (-0.00924842, -0.9999466, 0.004625807), (-0.017055554, -0.9993139, 0.032876372), (-0.009765829, -0.99944675, 0.031793997), (0.00028416075, -0.9983475, -0.057464004), (0.0032903145, -0.9992903, -0.03752611), (-0.0036773365, -0.9994973, -0.031489585), (0.0037742616, 0.99988043, -0.014999324), (0.010714147, 0.99994236, 0.0005243971), (-0.009505527, 0.9994926, 0.03040137), (0.027502738, 0.9990549, -0.033658773), (0.010714147, 0.99994236, 0.0005243971), (0.0037742616, 0.99988043, -0.014999324), (0.018056069, 0.9997996, -0.008639568), (0.027502738, 0.9990549, -0.033658773), (0.0037742616, 0.99988043, -0.014999324), (0.043756112, 0.99895436, -0.013255457), (0.055103708, 0.9984314, 0.009917332), (0.040000312, 0.9990473, -0.01745628), (0.03876921, 0.9990557, 0.019614076), (0.043756112, 0.99895436, -0.013255457), (0.018056069, 0.9997996, -0.008639568), (0.043756112, 0.99895436, -0.013255457), (0.03876921, 0.9990557, 0.019614076), (0.055103708, 0.9984314, 0.009917332), (0.055103708, 0.9984314, 0.009917332), (0.05922906, 0.997749, 0.03144533), (0.04121016, 0.9987916, 0.026780864), (0.05922906, 0.997749, 0.03144533), (0.028141353, 0.9992972, 0.024764374), (0.050656356, 0.9976884, 0.04529683), (0.017467428, 0.9993623, 0.031144097), (0.041181095, 0.99856436, 0.034252856), (0.025132105, 0.9991574, 0.032447625), (0.017467428, 0.9993623, 0.031144097), (0.010274006, 0.99964595, 0.024549058), (0.028482549, 0.99937594, 0.020888425), (0.040539447, -0.9990779, 0.014139131), (0.022382721, -0.9997273, -0.0066527254), (0.02924018, -0.9993963, -0.018760562), (0.007805459, -0.99996567, -0.0027984583), (0.021050211, -0.9996735, -0.014485277), (0.013805495, -0.9998738, -0.007852649), (0.013334209, -0.99979, -0.0155608505), (0.021050211, -0.9996735, -0.014485277), (0.0075212903, -0.99993414, 0.008668796), (0.0075212903, -0.99993414, 0.008668796), (0.015705083, -0.99939746, 0.030952938), (0.017724063, -0.99982256, 0.006367887), (-0.017055554, -0.9993139, 0.032876372), (0.015705083, -0.99939746, 0.030952938), (0.0075212903, -0.99993414, 0.008668796), (-0.00924842, -0.9999466, 0.004625807), (-0.013417945, -0.9995518, 0.026760133), (-0.017055554, -0.9993139, 0.032876372), (-0.0032254506, -0.99994045, -0.010422985), (-0.013417945, -0.9995518, 0.026760133), (-0.00924842, -0.9999466, 0.004625807), (-0.0032254506, -0.99994045, -0.010422985), (0.0032903145, -0.9992903, -0.03752611), (0.0080046905, -0.99951035, -0.030249631), (0.0032903145, -0.9992903, -0.03752611), (-0.0032254506, -0.99994045, -0.010422985), (-0.0036773365, -0.9994973, -0.031489585), (0.010714147, 0.99994236, 0.0005243971), (-0.008640858, 0.9998919, 0.01190037), (-0.009505527, 0.9994926, 0.03040137), (0.0037742616, 0.99988043, -0.014999324), (-0.049928587, 0.9984184, 0.025839373), (-0.035012603, 0.9993869, -0.00020770993), (0.018056069, 0.9997996, -0.008639568), (0.0037742616, 0.99988043, -0.014999324), (-0.035012603, 0.9993869, -0.00020770993), (0.018056069, 0.9997996, -0.008639568), (-0.035012603, 0.9993869, -0.00020770993), (-0.0097390935, 0.9996447, 0.02481072), (0.018056069, 0.9997996, -0.008639568), (-0.0097390935, 0.9996447, 0.02481072), (0.03876921, 0.9990557, 0.019614076), (0.03876921, 0.9990557, 0.019614076), (0.05922906, 0.997749, 0.03144533), (0.055103708, 0.9984314, 0.009917332), (0.03876921, 0.9990557, 0.019614076), (0.023289204, 0.99951386, 0.020725159), (0.05922906, 0.997749, 0.03144533), (0.05922906, 0.997749, 0.03144533), (0.023289204, 0.99951386, 0.020725159), (0.028141353, 0.9992972, 0.024764374), (0.028141353, 0.9992972, 0.024764374), (0.025132105, 0.9991574, 0.032447625), (0.050656356, 0.9976884, 0.04529683), (0.025132105, 0.9991574, 0.032447625), (-0.018341236, 0.9991742, 0.036258858), (0.017467428, 0.9993623, 0.031144097), (-0.020197988, 0.99882466, 0.044059694), (0.017467428, 0.9993623, 0.031144097), (-0.018341236, 0.9991742, 0.036258858), (0.03969859, -0.9991775, 0.008271253), (0.029810432, -0.9995549, -0.0011622795), (0.022382721, -0.9997273, -0.0066527254), (0.02053191, -0.99971104, -0.012502443), (0.022382721, -0.9997273, -0.0066527254), (0.029810432, -0.9995549, -0.0011622795), (0.02053191, -0.99971104, -0.012502443), (0.003929418, -0.99997896, -0.005155177), (0.022382721, -0.9997273, -0.0066527254), (0.0075212903, -0.99993414, 0.008668796), (0.021050211, -0.9996735, -0.014485277), (0.007805459, -0.99996567, -0.0027984583), (-0.006701814, -0.9994794, 0.031559315), (0.0075212903, -0.99993414, 0.008668796), (0.007805459, -0.99996567, -0.0027984583), (0.017724063, -0.99982256, 0.006367887), (0.013334209, -0.99979, -0.0155608505), (0.0075212903, -0.99993414, 0.008668796), (-0.017055554, -0.9993139, 0.032876372), (-0.013417945, -0.9995518, 0.026760133), (0.015705083, -0.99939746, 0.030952938), (-0.0032254506, -0.99994045, -0.010422985), (0.021808835, -0.9996945, 0.011623361), (-0.013417945, -0.9995518, 0.026760133), (0.021808835, -0.9996945, 0.011623361), (-0.0032254506, -0.99994045, -0.010422985), (0.0080046905, -0.99951035, -0.030249631), (-0.12330624, 0.9851983, 0.11907946), (-0.113191016, 0.97802126, 0.17510623), (-0.117682055, 0.979208, 0.16523474), (-0.008640858, 0.9998919, 0.01190037), (-0.055972163, 0.9973032, 0.047469523), (-0.009505527, 0.9994926, 0.03040137), (-0.03190879, 0.97482073, 0.22069526), (-0.0022556009, 0.61680794, 0.78711045), (-0.010051298, 0.67012024, 0.74218446), (0.010081283, 0.038972806, 0.9991894), (-0.010051298, 0.67012024, 0.74218446), (-0.0022556009, 0.61680794, 0.78711045), (0.010081283, 0.038972806, 0.9991894), (-0.001961204, 0.0223693, 0.9997479), (-0.010051298, 0.67012024, 0.74218446), (-0.018199382, -0.01231763, 0.9997585), (0.010081283, 0.038972806, 0.9991894), (0.015073135, -0.03576642, 0.9992464), (0.015073135, -0.03576642, 0.9992464), (-0.06768086, -0.36334476, 0.92919314), (-0.018199382, -0.01231763, 0.9997585), (-0.06768086, -0.36334476, 0.92919314), (0.015073135, -0.03576642, 0.9992464), (0.0033007413, -0.76075387, 0.649032), (0.02924018, -0.9993963, -0.018760562), (0.034087855, -0.9976896, -0.058766447), (0.071656555, -0.99742764, -0.0018735949), (0.0033007413, -0.76075387, 0.649032), (-0.041224733, -0.9342652, 0.35418776), (-0.06768086, -0.36334476, 0.92919314), (0.07412066, -0.9910129, -0.11135427), (0.13446507, -0.96556896, -0.22270067), (0.07142133, -0.99360573, -0.08744588), (0.16477591, -0.96394855, -0.20893084), (0.12870203, -0.97554487, -0.17818011), (0.13446507, -0.96556896, -0.22270067), (0.12870203, -0.97554487, -0.17818011), (0.16477591, -0.96394855, -0.20893084), (0.17254269, -0.9792926, -0.10590188), (0.12870203, -0.97554487, -0.17818011), (0.07142133, -0.99360573, -0.08744588), (0.13446507, -0.96556896, -0.22270067), (0.15918446, -0.98619074, -0.045695733), (0.09944865, -0.9932609, -0.05951997), (0.11920746, -0.98780584, -0.10014645), (0.11920746, -0.98780584, -0.10014645), (0.17254269, -0.9792926, -0.10590188), (0.15918446, -0.98619074, -0.045695733), (0.1028935, -0.9946788, -0.0051990775), (0.09944865, -0.9932609, -0.05951997), (0.15918446, -0.98619074, -0.045695733), (0.071656555, -0.99742764, -0.0018735949), (0.09944865, -0.9932609, -0.05951997), (0.1028935, -0.9946788, -0.0051990775), (0.09944865, -0.9932609, -0.05951997), (0.071656555, -0.99742764, -0.0018735949), (0.034087855, -0.9976896, -0.058766447), (-0.12330624, 0.9851983, 0.11907946), (-0.117682055, 0.979208, 0.16523474), (-0.12133881, 0.98729104, 0.102631465), (-0.12330624, 0.9851983, 0.11907946), (-0.12133881, 0.98729104, 0.102631465), (-0.086725235, 0.99591964, 0.024957253), (-0.009505527, 0.9994926, 0.03040137), (-0.055972163, 0.9973032, 0.047469523), (-0.049928587, 0.9984184, 0.025839373), (-0.049928587, 0.9984184, 0.025839373), (-0.055972163, 0.9973032, 0.047469523), (-0.08249054, 0.9949281, 0.057561506), (-0.04075285, 0.98460335, 0.16998643), (-0.010051298, 0.67012024, 0.74218446), (-0.0011077623, 0.6712061, 0.74127), (-0.010051298, 0.67012024, 0.74218446), (-0.04075285, 0.98460335, 0.16998643), (-0.03190879, 0.97482073, 0.22069526), (-0.06279559, 0.9770487, 0.20354998), (-0.04075285, 0.98460335, 0.16998643), (-0.0779305, 0.9828151, 0.16733627), (-0.0779305, 0.9828151, 0.16733627), (-0.112037115, 0.9691603, 0.2194905), (-0.06279559, 0.9770487, 0.20354998), (-0.010051298, 0.67012024, 0.74218446), (-0.001961204, 0.0223693, 0.9997479), (-0.0011077623, 0.6712061, 0.74127), (-0.001961204, 0.0223693, 0.9997479), (0.010081283, 0.038972806, 0.9991894), (-0.018199382, -0.01231763, 0.9997585), (0.016304983, -0.48360988, 0.8751317), (-0.018199382, -0.01231763, 0.9997585), (-0.06768086, -0.36334476, 0.92919314), (0.02924018, -0.9993963, -0.018760562), (0.022382721, -0.9997273, -0.0066527254), (0.0010712097, -0.99984306, -0.017681282), (-0.041224733, -0.9342652, 0.35418776), (0.07334377, -0.98684293, 0.14408906), (0.016304983, -0.48360988, 0.8751317), (0.17254269, -0.9792926, -0.10590188), (0.1295733, -0.98412883, -0.121248946), (0.12870203, -0.97554487, -0.17818011), (0.1295733, -0.98412883, -0.121248946), (0.17254269, -0.9792926, -0.10590188), (0.11920746, -0.98780584, -0.10014645), (0.060416277, -0.99134606, -0.11654552), (0.09944865, -0.9932609, -0.05951997), (0.034087855, -0.9976896, -0.058766447), (-0.124797285, 0.98228675, 0.13977955), (-0.12390017, 0.9876059, 0.09635063), (-0.12133881, 0.98729104, 0.102631465), (-0.08249054, 0.9949281, 0.057561506), (-0.055972163, 0.9973032, 0.047469523), (-0.09494402, 0.99360234, 0.061156794), (-0.09494402, 0.99360234, 0.061156794), (-0.1193533, 0.9896456, 0.079727076), (-0.08249054, 0.9949281, 0.057561506), (-0.049928587, 0.9984184, 0.025839373), (-0.08249054, 0.9949281, 0.057561506), (-0.0875076, 0.9959531, 0.020491922), (-0.03432941, 0.989049, 0.1435392), (-0.0011077623, 0.6712061, 0.74127), (0.012807644, 0.9907434, 0.13514267), (-0.04075285, 0.98460335, 0.16998643), (-0.03432941, 0.989049, 0.1435392), (-0.0779305, 0.9828151, 0.16733627), (-0.04842153, 0.99446976, 0.09319532), (-0.0779305, 0.9828151, 0.16733627), (-0.03432941, 0.989049, 0.1435392), (-0.10888351, 0.98360056, 0.14378586), (-0.0779305, 0.9828151, 0.16733627), (-0.04842153, 0.99446976, 0.09319532), (-0.0779305, 0.9828151, 0.16733627), (-0.117682055, 0.979208, 0.16523474), (-0.112037115, 0.9691603, 0.2194905), (-0.117682055, 0.979208, 0.16523474), (-0.0779305, 0.9828151, 0.16733627), (-0.10888351, 0.98360056, 0.14378586), (-0.10888351, 0.98360056, 0.14378586), (-0.124797285, 0.98228675, 0.13977955), (-0.117682055, 0.979208, 0.16523474), (-0.124797285, 0.98228675, 0.13977955), (-0.12133881, 0.98729104, 0.102631465), (-0.117682055, 0.979208, 0.16523474), (0.016304983, -0.48360988, 0.8751317), (-0.001961204, 0.0223693, 0.9997479), (-0.018199382, -0.01231763, 0.9997585), (0.016304983, -0.48360988, 0.8751317), (-0.0015589091, -0.029173533, 0.99957323), (-0.001961204, 0.0223693, 0.9997479), (0.034087855, -0.9976896, -0.058766447), (0.0539821, -0.99561584, -0.07638688), (0.060416277, -0.99134606, -0.11654552), (0.0010712097, -0.99984306, -0.017681282), (0.005809964, -0.9988671, -0.047231123), (0.02924018, -0.9993963, -0.018760562), (0.034087855, -0.9976896, -0.058766447), (0.02924018, -0.9993963, -0.018760562), (0.005809964, -0.9988671, -0.047231123), (0.016304983, -0.48360988, 0.8751317), (-0.06768086, -0.36334476, 0.92919314), (-0.041224733, -0.9342652, 0.35418776), (0.12870203, -0.97554487, -0.17818011), (0.071451664, -0.99262613, -0.097918816), (0.07142133, -0.99360573, -0.08744588), (0.071451664, -0.99262613, -0.097918816), (0.12870203, -0.97554487, -0.17818011), (0.1295733, -0.98412883, -0.121248946), (0.11920746, -0.98780584, -0.10014645), (0.09862703, -0.9858532, -0.13552152), (0.1295733, -0.98412883, -0.121248946), (0.09944865, -0.9932609, -0.05951997), (0.060416277, -0.99134606, -0.11654552), (0.11920746, -0.98780584, -0.10014645), (0.11920746, -0.98780584, -0.10014645), (0.060416277, -0.99134606, -0.11654552), (0.09862703, -0.9858532, -0.13552152), (-0.08249054, 0.9949281, 0.057561506), (-0.1193533, 0.9896456, 0.079727076), (-0.12344108, 0.99122, 0.047382765), (-0.04842153, 0.99446976, 0.09319532), (-0.03432941, 0.989049, 0.1435392), (0.012807644, 0.9907434, 0.13514267), (-0.10888351, 0.98360056, 0.14378586), (-0.121635534, 0.98364675, 0.13283059), (-0.124797285, 0.98228675, 0.13977955), (-0.0011077623, 0.6712061, 0.74127), (-0.017348038, 0.06640222, 0.9976421), (-0.01919482, 0.6792878, 0.73362094), (-0.017348038, 0.06640222, 0.9976421), (-0.0011077623, 0.6712061, 0.74127), (-0.001961204, 0.0223693, 0.9997479), (-0.0011077623, 0.6712061, 0.74127), (-0.03432941, 0.989049, 0.1435392), (-0.04075285, 0.98460335, 0.16998643), (-0.01919482, 0.6792878, 0.73362094), (0.012807644, 0.9907434, 0.13514267), (-0.0011077623, 0.6712061, 0.74127), (-0.0015589091, -0.029173533, 0.99957323), (-0.017348038, 0.06640222, 0.9976421), (-0.001961204, 0.0223693, 0.9997479), (-0.0015589091, -0.029173533, 0.99957323), (0.016304983, -0.48360988, 0.8751317), (0.024642687, -0.71853566, 0.6950534), (0.005809964, -0.9988671, -0.047231123), (0.0539821, -0.99561584, -0.07638688), (0.034087855, -0.9976896, -0.058766447), (0.016304983, -0.48360988, 0.8751317), (0.07334377, -0.98684293, 0.14408906), (0.024642687, -0.71853566, 0.6950534), (0.071451664, -0.99262613, -0.097918816), (0.1295733, -0.98412883, -0.121248946), (0.06894185, -0.9934047, -0.09161899), (-0.124797285, 0.98228675, 0.13977955), (-0.13738127, 0.9837015, 0.11600765), (-0.12390017, 0.9876059, 0.09635063), (-0.12390017, 0.9876059, 0.09635063), (-0.1193533, 0.9896456, 0.079727076), (-0.09494402, 0.99360234, 0.061156794), (-0.14582282, 0.9846649, 0.09576481), (-0.1193533, 0.9896456, 0.079727076), (-0.12390017, 0.9876059, 0.09635063), (-0.14426884, 0.98679674, 0.0736126), (-0.1193533, 0.9896456, 0.079727076), (-0.14582282, 0.9846649, 0.09576481), (-0.04842153, 0.99446976, 0.09319532), (-0.0639954, 0.994165, 0.08683722), (-0.10888351, 0.98360056, 0.14378586), (-0.01372979, 0.9986008, 0.051067863), (-0.0639954, 0.994165, 0.08683722), (-0.04842153, 0.99446976, 0.09319532), (-0.0639954, 0.994165, 0.08683722), (-0.121635534, 0.98364675, 0.13283059), (-0.10888351, 0.98360056, 0.14378586), (-0.13738127, 0.9837015, 0.11600765), (-0.124797285, 0.98228675, 0.13977955), (-0.121635534, 0.98364675, 0.13283059), (-0.13738127, 0.9837015, 0.11600765), (-0.14582282, 0.9846649, 0.09576481), (-0.12390017, 0.9876059, 0.09635063), (-0.0015589091, -0.029173533, 0.99957323), (-0.000051561365, 0.04330227, 0.999062), (-0.017348038, 0.06640222, 0.9976421), (0.005809964, -0.9988671, -0.047231123), (0.0654743, -0.99724376, -0.03490097), (0.0539821, -0.99561584, -0.07638688), (0.06894185, -0.9934047, -0.09161899), (0.1295733, -0.98412883, -0.121248946), (0.09862703, -0.9858532, -0.13552152), (0.09862703, -0.9858532, -0.13552152), (0.07682477, -0.99116385, -0.10813047), (0.06894185, -0.9934047, -0.09161899), (0.099048205, -0.98261046, -0.15705463), (0.09862703, -0.9858532, -0.13552152), (0.060416277, -0.99134606, -0.11654552), (0.099048205, -0.98261046, -0.15705463), (0.060416277, -0.99134606, -0.11654552), (0.11693988, -0.9871122, -0.10924499), (0.11693988, -0.9871122, -0.10924499), (0.116839595, -0.9862875, -0.11655667), (0.099048205, -0.98261046, -0.15705463), (0.0539821, -0.99561584, -0.07638688), (0.11693988, -0.9871122, -0.10924499), (0.060416277, -0.99134606, -0.11654552), (-0.12344108, 0.99122, 0.047382765), (-0.13187851, 0.98933494, 0.06184238), (-0.10194673, 0.9936513, 0.047579873), (-0.00015035812, 0.9954479, 0.09530754), (-0.04842153, 0.99446976, 0.09319532), (0.012807644, 0.9907434, 0.13514267), (-0.01919482, 0.6792878, 0.73362094), (-0.00015035812, 0.9954479, 0.09530754), (0.012807644, 0.9907434, 0.13514267), (-0.00015035812, 0.9954479, 0.09530754), (-0.01372979, 0.9986008, 0.051067863), (-0.04842153, 0.99446976, 0.09319532), (-0.072894864, 0.99395335, 0.08211636), (-0.121635534, 0.98364675, 0.13283059), (-0.0639954, 0.994165, 0.08683722), (-0.14582282, 0.9846649, 0.09576481), (-0.12911013, 0.98784214, 0.08659461), (-0.14426884, 0.98679674, 0.0736126), (-0.01919482, 0.6792878, 0.73362094), (-0.000051561365, 0.04330227, 0.999062), (0.023371952, 0.6937547, 0.719832), (-0.000051561365, 0.04330227, 0.999062), (-0.01919482, 0.6792878, 0.73362094), (-0.017348038, 0.06640222, 0.9976421), (0.024642687, -0.71853566, 0.6950534), (-0.025088554, -0.51136255, 0.8589988), (-0.0015589091, -0.029173533, 0.99957323), (-0.025088554, -0.51136255, 0.8589988), (-0.000051561365, 0.04330227, 0.999062), (-0.0015589091, -0.029173533, 0.99957323), (0.012149802, -0.027159378, 0.99955726), (-0.000051561365, 0.04330227, 0.999062), (-0.025088554, -0.51136255, 0.8589988), (0.032181777, -0.69289607, 0.72031903), (0.012149802, -0.027159378, 0.99955726), (-0.025088554, -0.51136255, 0.8589988), (-0.01588917, -0.989584, 0.14307714), (-0.025088554, -0.51136255, 0.8589988), (0.024642687, -0.71853566, 0.6950534), (-0.01588917, -0.989584, 0.14307714), (0.032181777, -0.69289607, 0.72031903), (-0.025088554, -0.51136255, 0.8589988), (0.043464907, -0.9973056, -0.059096158), (0.019120255, -0.9988856, -0.043150745), (0.06894185, -0.9934047, -0.09161899), (0.043464907, -0.9973056, -0.059096158), (0.022440076, -0.9996676, -0.012692736), (0.019120255, -0.9988856, -0.043150745), (-0.01588917, -0.989584, 0.14307714), (0.019120255, -0.9988856, -0.043150745), (0.022440076, -0.9996676, -0.012692736), (0.07682477, -0.99116385, -0.10813047), (0.043464907, -0.9973056, -0.059096158), (0.06894185, -0.9934047, -0.09161899), (0.099048205, -0.98261046, -0.15705463), (0.07682477, -0.99116385, -0.10813047), (0.09862703, -0.9858532, -0.13552152), (0.116839595, -0.9862875, -0.11655667), (0.07682477, -0.99116385, -0.10813047), (0.099048205, -0.98261046, -0.15705463), (0.13090648, -0.98908335, -0.06765929), (0.11693988, -0.9871122, -0.10924499), (0.0539821, -0.99561584, -0.07638688), (0.0654743, -0.99724376, -0.03490097), (0.13090648, -0.98908335, -0.06765929), (0.0539821, -0.99561584, -0.07638688), (0.13258463, -0.99025834, -0.04254198), (0.13090648, -0.98908335, -0.06765929), (0.0654743, -0.99724376, -0.03490097), (-0.14426884, 0.98679674, 0.0736126), (-0.12344108, 0.99122, 0.047382765), (-0.1193533, 0.9896456, 0.079727076), (-0.01919482, 0.6792878, 0.73362094), (0.023371952, 0.6937547, 0.719832), (-0.00015035812, 0.9954479, 0.09530754), (0.0050372463, 0.9985136, 0.05427027), (-0.01372979, 0.9986008, 0.051067863), (-0.00015035812, 0.9954479, 0.09530754), (-0.121635534, 0.98364675, 0.13283059), (-0.072894864, 0.99395335, 0.08211636), (-0.13738127, 0.9837015, 0.11600765), (-0.072894864, 0.99395335, 0.08211636), (-0.10587261, 0.9903334, 0.089614816), (-0.13738127, 0.9837015, 0.11600765), (-0.10587261, 0.9903334, 0.089614816), (-0.10119087, 0.9938698, 0.04453203), (-0.12911013, 0.98784214, 0.08659461), (-0.14582282, 0.9846649, 0.09576481), (-0.13738127, 0.9837015, 0.11600765), (-0.10587261, 0.9903334, 0.089614816), (-0.10587261, 0.9903334, 0.089614816), (-0.12911013, 0.98784214, 0.08659461), (-0.14582282, 0.9846649, 0.09576481), (0.009101246, 0.0908259, 0.9958252), (-0.000051561365, 0.04330227, 0.999062), (0.012149802, -0.027159378, 0.99955726), (0.043464907, -0.9973056, -0.059096158), (0.07682477, -0.99116385, -0.10813047), (0.0440884, -0.99783325, -0.048836138), (0.116839595, -0.9862875, -0.11655667), (0.05719107, -0.994919, -0.08285711), (0.07682477, -0.99116385, -0.10813047), (0.1482593, -0.98459405, -0.09270269), (0.11693988, -0.9871122, -0.10924499), (0.13090648, -0.98908335, -0.06765929), (0.0050372463, 0.9985136, 0.05427027), (-0.00015035812, 0.9954479, 0.09530754), (0.003997858, 0.72550744, 0.6882027), (0.003997858, 0.72550744, 0.6882027), (-0.00015035812, 0.9954479, 0.09530754), (0.023371952, 0.6937547, 0.719832), (-0.01372979, 0.9986008, 0.051067863), (-0.020286305, 0.99900085, 0.039822254), (-0.0639954, 0.994165, 0.08683722), (-0.0639954, 0.994165, 0.08683722), (-0.020286305, 0.99900085, 0.039822254), (-0.072894864, 0.99395335, 0.08211636), (-0.10587261, 0.9903334, 0.089614816), (-0.072894864, 0.99395335, 0.08211636), (-0.064618856, 0.9964144, 0.05461509), (-0.12911013, 0.98784214, 0.08659461), (-0.13367143, 0.98894435, 0.06419567), (-0.14426884, 0.98679674, 0.0736126), (-0.13367143, 0.98894435, 0.06419567), (-0.14228347, 0.9874179, 0.06900209), (-0.14426884, 0.98679674, 0.0736126), (0.009101246, 0.0908259, 0.9958252), (0.023371952, 0.6937547, 0.719832), (-0.000051561365, 0.04330227, 0.999062), (0.003997858, 0.72550744, 0.6882027), (0.023371952, 0.6937547, 0.719832), (0.009101246, 0.0908259, 0.9958252), (0.07682477, -0.99116385, -0.10813047), (0.05719107, -0.994919, -0.08285711), (0.0440884, -0.99783325, -0.048836138), (0.1482593, -0.98459405, -0.09270269), (0.116839595, -0.9862875, -0.11655667), (0.11693988, -0.9871122, -0.10924499), (0.116839595, -0.9862875, -0.11655667), (0.07023861, -0.99582297, -0.05833716), (0.05719107, -0.994919, -0.08285711), (0.13258463, -0.99025834, -0.04254198), (0.16406333, -0.9848545, -0.056077577), (0.13090648, -0.98908335, -0.06765929), (0.003997858, 0.72550744, 0.6882027), (0.012467632, 0.99860775, 0.051255412), (0.0050372463, 0.9985136, 0.05427027), (-0.01372979, 0.9986008, 0.051067863), (0.0050372463, 0.9985136, 0.05427027), (-0.00071897235, 0.9995033, 0.031506803), (-0.00071897235, 0.9995033, 0.031506803), (-0.02048834, 0.9996095, 0.019003501), (-0.020286305, 0.99900085, 0.039822254), (-0.020286305, 0.99900085, 0.039822254), (-0.042828664, 0.9985532, 0.032514144), (-0.072894864, 0.99395335, 0.08211636), (-0.042828664, 0.9985532, 0.032514144), (-0.020286305, 0.99900085, 0.039822254), (-0.02048834, 0.9996095, 0.019003501), (-0.064618856, 0.9964144, 0.05461509), (-0.072894864, 0.99395335, 0.08211636), (-0.042828664, 0.9985532, 0.032514144), (-0.10587261, 0.9903334, 0.089614816), (-0.064618856, 0.9964144, 0.05461509), (-0.10119087, 0.9938698, 0.04453203), (-0.12911013, 0.98784214, 0.08659461), (-0.10119087, 0.9938698, 0.04453203), (-0.13367143, 0.98894435, 0.06419567), (-0.13367143, 0.98894435, 0.06419567), (-0.10785196, 0.992771, 0.052664947), (-0.14228347, 0.9874179, 0.06900209), (0.012149802, -0.027159378, 0.99955726), (-0.011771801, 0.082661435, 0.9965081), (0.009101246, 0.0908259, 0.9958252), (-0.011771801, 0.082661435, 0.9965081), (0.003997858, 0.72550744, 0.6882027), (0.009101246, 0.0908259, 0.9958252), (0.03377072, -0.99867344, -0.038869534), (0.05719107, -0.994919, -0.08285711), (0.07023861, -0.99582297, -0.05833716), (0.07023861, -0.99582297, -0.05833716), (0.116839595, -0.9862875, -0.11655667), (0.104902394, -0.9928029, -0.05777324), (0.1482593, -0.98459405, -0.09270269), (0.1295223, -0.9903203, -0.049895737), (0.104902394, -0.9928029, -0.05777324), (0.16406333, -0.9848545, -0.056077577), (0.1482593, -0.98459405, -0.09270269), (0.13090648, -0.98908335, -0.06765929), (0.16406333, -0.9848545, -0.056077577), (0.1295223, -0.9903203, -0.049895737), (0.1482593, -0.98459405, -0.09270269), (-0.0074924896, 0.7437996, 0.6683606), (0.012467632, 0.99860775, 0.051255412), (0.003997858, 0.72550744, 0.6882027), (-0.01372979, 0.9986008, 0.051067863), (-0.00071897235, 0.9995033, 0.031506803), (-0.020286305, 0.99900085, 0.039822254), (-0.064618856, 0.9964144, 0.05461509), (-0.094653346, 0.9954076, 0.01430024), (-0.10119087, 0.9938698, 0.04453203), (-0.094653346, 0.9954076, 0.01430024), (-0.064618856, 0.9964144, 0.05461509), (-0.042828664, 0.9985532, 0.032514144), (-0.10119087, 0.9938698, 0.04453203), (-0.094653346, 0.9954076, 0.01430024), (-0.106673256, 0.99371445, 0.033947665), (-0.1498653, 0.98689765, 0.05977948), (-0.10785196, 0.992771, 0.052664947), (-0.13093473, 0.99133027, 0.010979977), (-0.10785196, 0.992771, 0.052664947), (-0.1498653, 0.98689765, 0.05977948), (-0.14228347, 0.9874179, 0.06900209), (-0.011771801, 0.082661435, 0.9965081), (-0.0074924896, 0.7437996, 0.6683606), (0.003997858, 0.72550744, 0.6882027), (0.012149802, -0.027159378, 0.99955726), (-0.012083563, -0.019780159, 0.9997313), (-0.011771801, 0.082661435, 0.9965081), (0.012149802, -0.027159378, 0.99955726), (0.032181777, -0.69289607, 0.72031903), (-0.020799102, -0.67920333, 0.7336554), (0.008348161, -0.9934761, 0.11373414), (-0.004340622, -0.9853983, 0.17020996), (-0.020799102, -0.67920333, 0.7336554), (0.07023861, -0.99582297, -0.05833716), (0.014464573, -0.9996477, -0.022254355), (0.03377072, -0.99867344, -0.038869534), (0.104902394, -0.9928029, -0.05777324), (0.014464573, -0.9996477, -0.022254355), (0.07023861, -0.99582297, -0.05833716), (0.1482593, -0.98459405, -0.09270269), (0.104902394, -0.9928029, -0.05777324), (0.116839595, -0.9862875, -0.11655667), (0.16406333, -0.9848545, -0.056077577), (0.16584103, -0.985325, -0.040390357), (0.1295223, -0.9903203, -0.049895737), (0.16584103, -0.985325, -0.040390357), (0.026306545, -0.9995666, -0.013207397), (0.1295223, -0.9903203, -0.049895737), (0.012467632, 0.99860775, 0.051255412), (-0.00071897235, 0.9995033, 0.031506803), (0.0050372463, 0.9985136, 0.05427027), (-0.00071897235, 0.9995033, 0.031506803), (0.012467632, 0.99860775, 0.051255412), (-0.019575827, 0.99933976, 0.03060972), (-0.00071897235, 0.9995033, 0.031506803), (-0.019575827, 0.99933976, 0.03060972), (-0.02048834, 0.9996095, 0.019003501), (-0.02048834, 0.9996095, 0.019003501), (-0.062044013, 0.9980576, -0.005611829), (-0.042828664, 0.9985532, 0.032514144), (-0.10119087, 0.9938698, 0.04453203), (-0.106673256, 0.99371445, 0.033947665), (-0.13367143, 0.98894435, 0.06419567), (-0.106673256, 0.99371445, 0.033947665), (-0.10785196, 0.992771, 0.052664947), (-0.13367143, 0.98894435, 0.06419567), (-0.019805595, 0.029243346, 0.99937606), (-0.0074924896, 0.7437996, 0.6683606), (-0.011771801, 0.082661435, 0.9965081), (-0.011771801, 0.082661435, 0.9965081), (-0.012083563, -0.019780159, 0.9997313), (-0.019805595, 0.029243346, 0.99937606), (-0.020799102, -0.67920333, 0.7336554), (-0.012083563, -0.019780159, 0.9997313), (0.012149802, -0.027159378, 0.99955726), (-0.008700235, -0.5218328, 0.85300344), (-0.012083563, -0.019780159, 0.9997313), (-0.020799102, -0.67920333, 0.7336554), (-0.004340622, -0.9853983, 0.17020996), (-0.008700235, -0.5218328, 0.85300344), (-0.020799102, -0.67920333, 0.7336554), (0.1295223, -0.9903203, -0.049895737), (0.026306545, -0.9995666, -0.013207397), (-0.029121913, -0.9990628, -0.032023422), (-0.0074924896, 0.7437996, 0.6683606), (-0.100898355, 0.58846956, 0.802199), (-0.085987054, 0.992837, 0.082952), (-0.019575827, 0.99933976, 0.03060972), (0.012467632, 0.99860775, 0.051255412), (-0.0074924896, 0.7437996, 0.6683606), (-0.085987054, 0.992837, 0.082952), (-0.019575827, 0.99933976, 0.03060972), (-0.0074924896, 0.7437996, 0.6683606), (-0.019575827, 0.99933976, 0.03060972), (-0.114544295, 0.9933954, 0.0067186826), (-0.02048834, 0.9996095, 0.019003501), (-0.094653346, 0.9954076, 0.01430024), (-0.042828664, 0.9985532, 0.032514144), (-0.062044013, 0.9980576, -0.005611829), (-0.094653346, 0.9954076, 0.01430024), (-0.7282547, 0.6852599, 0.00800332), (-0.121362746, 0.9915974, 0.044783283), (-0.019805595, 0.029243346, 0.99937606), (-0.100898355, 0.58846956, 0.802199), (-0.0074924896, 0.7437996, 0.6683606), (-0.012083563, -0.019780159, 0.9997313), (-0.048482265, -0.3286184, 0.9432176), (-0.019805595, 0.029243346, 0.99937606), (-0.048482265, -0.3286184, 0.9432176), (-0.008700235, -0.5218328, 0.85300344), (-0.0070640626, -0.9257438, 0.3780852), (-0.0070640626, -0.9257438, 0.3780852), (-0.008700235, -0.5218328, 0.85300344), (-0.004340622, -0.9853983, 0.17020996), (-0.085987054, 0.992837, 0.082952), (-0.114544295, 0.9933954, 0.0067186826), (-0.019575827, 0.99933976, 0.03060972), (-0.114544295, 0.9933954, 0.0067186826), (-0.062044013, 0.9980576, -0.005611829), (-0.02048834, 0.9996095, 0.019003501), (-0.114544295, 0.9933954, 0.0067186826), (-0.28163642, 0.95952106, -0.00055992417), (-0.062044013, 0.9980576, -0.005611829), (-0.062044013, 0.9980576, -0.005611829), (-0.15224634, 0.9882217, -0.015453183), (-0.094653346, 0.9954076, 0.01430024), (-0.15224634, 0.9882217, -0.015453183), (-0.7282547, 0.6852599, 0.00800332), (-0.094653346, 0.9954076, 0.01430024), (-0.094653346, 0.9954076, 0.01430024), (-0.121362746, 0.9915974, 0.044783283), (-0.106673256, 0.99371445, 0.033947665), (-0.106673256, 0.99371445, 0.033947665), (-0.121362746, 0.9915974, 0.044783283), (-0.10785196, 0.992771, 0.052664947), (-0.16657479, 0.9849852, 0.04535489), (-0.10785196, 0.992771, 0.052664947), (-0.121362746, 0.9915974, 0.044783283), (-0.10785196, 0.992771, 0.052664947), (-0.16657479, 0.9849852, 0.04535489), (-0.13093473, 0.99133027, 0.010979977), (-0.13093473, 0.99133027, 0.010979977), (-0.16657479, 0.9849852, 0.04535489), (-0.71392643, 0.699845, -0.022933872), (-0.048482265, -0.3286184, 0.9432176), (-0.012083563, -0.019780159, 0.9997313), (-0.008700235, -0.5218328, 0.85300344), (-0.100898355, 0.58846956, 0.802199), (-0.63611895, 0.5891713, 0.49822688), (-0.085987054, 0.992837, 0.082952), (-0.7258422, 0.68774825, 0.012475174), (-0.085987054, 0.992837, 0.082952), (-0.63611895, 0.5891713, 0.49822688), (-0.7258422, 0.68774825, 0.012475174), (-0.114544295, 0.9933954, 0.0067186826), (-0.085987054, 0.992837, 0.082952), (-0.81683457, 0.57652533, 0.019996546), (-0.114544295, 0.9933954, 0.0067186826), (-0.7258422, 0.68774825, 0.012475174), (-0.114544295, 0.9933954, 0.0067186826), (-0.81683457, 0.57652533, 0.019996546), (-0.28163642, 0.95952106, -0.00055992417), (-0.062044013, 0.9980576, -0.005611829), (-0.28163642, 0.95952106, -0.00055992417), (-0.15224634, 0.9882217, -0.015453183), (-0.28163642, 0.95952106, -0.00055992417), (-0.7994135, 0.6000762, -0.029097054), (-0.15224634, 0.9882217, -0.015453183), (-0.7994135, 0.6000762, -0.029097054), (-0.7282547, 0.6852599, 0.00800332), (-0.15224634, 0.9882217, -0.015453183), (-0.7282547, 0.6852599, 0.00800332), (-0.7750393, 0.63104993, 0.033017606), (-0.121362746, 0.9915974, 0.044783283), (-0.16657479, 0.9849852, 0.04535489), (-0.121362746, 0.9915974, 0.044783283), (-0.7750393, 0.63104993, 0.033017606), (-0.9995805, 0.028710248, 0.0038264038), (-0.7750393, 0.63104993, 0.033017606), (-0.7282547, 0.6852599, 0.00800332), (-0.019805595, 0.029243346, 0.99937606), (-0.7133465, -0.009486382, 0.7007473), (-0.100898355, 0.58846956, 0.802199), (-0.048482265, -0.3286184, 0.9432176), (-0.7133465, -0.009486382, 0.7007473), (-0.019805595, 0.029243346, 0.99937606), (-0.048482265, -0.3286184, 0.9432176), (-0.5997768, -0.5393853, 0.5910425), (-0.7133465, -0.009486382, 0.7007473), (-0.0070640626, -0.9257438, 0.3780852), (-0.5997768, -0.5393853, 0.5910425), (-0.048482265, -0.3286184, 0.9432176), (-0.67242056, -0.74000925, 0.015391011), (-0.99650544, -0.07962349, 0.025239356), (-0.5997768, -0.5393853, 0.5910425), (-0.67242056, -0.74000925, 0.015391011), (-0.67613864, -0.73611945, -0.031058954), (-0.99779564, -0.066272765, 0.0034124681), (-0.67613864, -0.73611945, -0.031058954), (-0.67242056, -0.74000925, 0.015391011), (-0.08228193, -0.9965981, -0.004683594), (-0.67613864, -0.73611945, -0.031058954), (-0.21897456, -0.9756811, -0.009821705), (-0.9226331, -0.38311356, -0.044410214), (-0.9226331, -0.38311356, -0.044410214), (-0.21897456, -0.9756811, -0.009821705), (-0.79669696, -0.60301155, 0.040632505), (-0.79669696, -0.60301155, 0.040632505), (-0.21897456, -0.9756811, -0.009821705), (-0.13198628, -0.9907387, 0.03188316), (-0.7456721, -0.66631085, -0.0017209947), (-0.71259654, -0.7014791, 0.011553121), (-0.029121913, -0.9990628, -0.032023422), (0.026306545, -0.9995666, -0.013207397), (-0.70909035, -0.70502543, -0.01139763), (-0.7456721, -0.66631085, -0.0017209947), (0.026306545, -0.9995666, -0.013207397), (-0.7456721, -0.66631085, -0.0017209947), (-0.029121913, -0.9990628, -0.032023422), (-0.7750393, 0.63104993, 0.033017606), (-0.71392643, 0.699845, -0.022933872), (-0.16657479, 0.9849852, 0.04535489), (-0.99932796, 0.029073684, 0.022324443), (-0.7258422, 0.68774825, 0.012475174), (-0.63611895, 0.5891713, 0.49822688), (-0.7994135, 0.6000762, -0.029097054), (-0.28163642, 0.95952106, -0.00055992417), (-0.81683457, 0.57652533, 0.019996546), (-0.63611895, 0.5891713, 0.49822688), (-0.100898355, 0.58846956, 0.802199), (-0.7133465, -0.009486382, 0.7007473), (-0.99932796, 0.029073684, 0.022324443), (-0.63611895, 0.5891713, 0.49822688), (-0.7133465, -0.009486382, 0.7007473), (-0.7258422, 0.68774825, 0.012475174), (-0.99969614, 0.023983354, -0.0056965775), (-0.81683457, 0.57652533, 0.019996546), (-0.9999263, 0.012130327, -0.0005403985), (-0.7994135, 0.6000762, -0.029097054), (-0.81683457, 0.57652533, 0.019996546), (-0.7282547, 0.6852599, 0.00800332), (-0.7994135, 0.6000762, -0.029097054), (-0.9995642, 0.027575007, -0.010540121), (-0.9995642, 0.027575007, -0.010540121), (-0.9995805, 0.028710248, 0.0038264038), (-0.7282547, 0.6852599, 0.00800332), (-0.9997, -0.023709329, -0.006142003), (-0.9995805, 0.028710248, 0.0038264038), (-0.9995642, 0.027575007, -0.010540121), (-0.9995805, 0.028710248, 0.0038264038), (-0.99998385, 0.0034129517, 0.0045476723), (-0.7750393, 0.63104993, 0.033017606), (-0.7750393, 0.63104993, 0.033017606), (-0.99998385, 0.0034129517, 0.0045476723), (-0.9990231, 0.04334921, -0.008584312), (-0.9990231, 0.04334921, -0.008584312), (-0.71392643, 0.699845, -0.022933872), (-0.7750393, 0.63104993, 0.033017606), (-0.7133465, -0.009486382, 0.7007473), (-0.99650544, -0.07962349, 0.025239356), (-0.99932796, 0.029073684, 0.022324443), (-0.99969614, 0.023983354, -0.0056965775), (-0.7258422, 0.68774825, 0.012475174), (-0.99932796, 0.029073684, 0.022324443), (-0.9999263, 0.012130327, -0.0005403985), (-0.81683457, 0.57652533, 0.019996546), (-0.99969614, 0.023983354, -0.0056965775), (-0.9226331, -0.38311356, -0.044410214), (-0.9999263, 0.012130327, -0.0005403985), (-0.99779564, -0.066272765, 0.0034124681), (-0.9999263, 0.012130327, -0.0005403985), (-0.9995642, 0.027575007, -0.010540121), (-0.7994135, 0.6000762, -0.029097054), (-0.9999263, 0.012130327, -0.0005403985), (-0.9998812, -0.0074152695, -0.013513328), (-0.9995642, 0.027575007, -0.010540121), (-0.9995805, 0.028710248, 0.0038264038), (-0.9997, -0.023709329, -0.006142003), (-0.99998385, 0.0034129517, 0.0045476723), (-0.9990231, 0.04334921, -0.008584312), (-0.99998385, 0.0034129517, 0.0045476723), (-0.9997838, -0.02048915, -0.0035279938), (-0.5997768, -0.5393853, 0.5910425), (-0.99650544, -0.07962349, 0.025239356), (-0.7133465, -0.009486382, 0.7007473), (-0.67242056, -0.74000925, 0.015391011), (-0.99779564, -0.066272765, 0.0034124681), (-0.99650544, -0.07962349, 0.025239356), (-0.99650544, -0.07962349, 0.025239356), (-0.99779564, -0.066272765, 0.0034124681), (-0.99932796, 0.029073684, 0.022324443), (-0.99779564, -0.066272765, 0.0034124681), (-0.67613864, -0.73611945, -0.031058954), (-0.9226331, -0.38311356, -0.044410214), (-0.9226331, -0.38311356, -0.044410214), (-0.9998812, -0.0074152695, -0.013513328), (-0.9999263, 0.012130327, -0.0005403985), (-0.9995642, 0.027575007, -0.010540121), (-0.9998812, -0.0074152695, -0.013513328), (-0.9997, -0.023709329, -0.006142003), (-0.9226331, -0.38311356, -0.044410214), (-0.79669696, -0.60301155, 0.040632505), (-0.9998812, -0.0074152695, -0.013513328), (-0.9997, -0.023709329, -0.006142003), (-0.9998812, -0.0074152695, -0.013513328), (-0.79669696, -0.60301155, 0.040632505), (-0.79669696, -0.60301155, 0.040632505), (-0.71259654, -0.7014791, 0.011553121), (-0.9997, -0.023709329, -0.006142003), (-0.7456721, -0.66631085, -0.0017209947), (-0.99998385, 0.0034129517, 0.0045476723), (-0.9997, -0.023709329, -0.006142003), (-0.7456721, -0.66631085, -0.0017209947), (-0.9997838, -0.02048915, -0.0035279938), (-0.99998385, 0.0034129517, 0.0045476723), (-0.71259654, -0.7014791, 0.011553121), (-0.7456721, -0.66631085, -0.0017209947), (-0.9997, -0.023709329, -0.006142003), (-0.9997838, -0.02048915, -0.0035279938), (-0.7456721, -0.66631085, -0.0017209947), (-0.70909035, -0.70502543, -0.01139763), (-0.9997113, -0.021066457, -0.011556264), (-0.9997838, -0.02048915, -0.0035279938), (-0.70909035, -0.70502543, -0.01139763), (-0.9997113, -0.021066457, -0.011556264), (-0.70909035, -0.70502543, -0.01139763), (-0.6937802, -0.7188339, -0.04412394), (0.010274006, 0.99964595, 0.024549058), (0.017467428, 0.9993623, 0.031144097), (-0.020197988, 0.99882466, 0.044059694), (-0.017754944, 0.9987825, 0.04602344), (0.010274006, 0.99964595, 0.024549058), (-0.037637148, 0.9981352, 0.04805659), (-0.009505527, 0.9994926, 0.03040137), (-0.049928587, 0.9984184, 0.025839373), (0.0037742616, 0.99988043, -0.014999324), (0.03876921, 0.9990557, 0.019614076), (-0.0097390935, 0.9996447, 0.02481072), (-0.005909868, 0.9994147, 0.03369359), (0.023289204, 0.99951386, 0.020725159), (-0.0013769836, 0.99998134, -0.0059582633), (0.028141353, 0.9992972, 0.024764374), (0.028141353, 0.9992972, 0.024764374), (-0.0013769836, 0.99998134, -0.0059582633), (-0.012091957, 0.9998586, 0.011684237), (0.025132105, 0.9991574, 0.032447625), (-0.012091957, 0.9998586, 0.011684237), (-0.018341236, 0.9991742, 0.036258858), (0.028141353, 0.9992972, 0.024764374), (-0.012091957, 0.9998586, 0.011684237), (0.025132105, 0.9991574, 0.032447625), (0.022382721, -0.9997273, -0.0066527254), (0.040539447, -0.9990779, 0.014139131), (0.03969859, -0.9991775, 0.008271253), (0.003929418, -0.99997896, -0.005155177), (0.0010712097, -0.99984306, -0.017681282), (0.022382721, -0.9997273, -0.0066527254), (0.013765722, -0.9998252, -0.012658118), (0.003929418, -0.99997896, -0.005155177), (0.02053191, -0.99971104, -0.012502443), (0.021050211, -0.9996735, -0.014485277), (0.013765722, -0.9998252, -0.012658118), (0.02053191, -0.99971104, -0.012502443), (0.013334209, -0.99979, -0.0155608505), (0.013765722, -0.9998252, -0.012658118), (0.021050211, -0.9996735, -0.014485277), (0.02744835, -0.9988493, 0.03932875), (0.017724063, -0.99982256, 0.006367887), (0.015705083, -0.99939746, 0.030952938), (0.021808835, -0.9996945, 0.011623361), (0.015705083, -0.99939746, 0.030952938), (-0.013417945, -0.9995518, 0.026760133), (0.03033151, -0.9989714, 0.033706903), (0.021808835, -0.9996945, 0.011623361), (0.018879134, -0.9997395, -0.012825536), (0.018879134, -0.9997395, -0.012825536), (0.021808835, -0.9996945, 0.011623361), (0.018954221, -0.9994052, -0.02881121), (0.018954221, -0.9994052, -0.02881121), (0.0080046905, -0.99951035, -0.030249631), (0.008013008, -0.99828696, -0.05795664), (-0.049928587, 0.9984184, 0.025839373), (-0.0875076, 0.9959531, 0.020491922), (-0.035012603, 0.9993869, -0.00020770993), (-0.005909868, 0.9994147, 0.03369359), (0.023289204, 0.99951386, 0.020725159), (0.03876921, 0.9990557, 0.019614076), (-0.0013769836, 0.99998134, -0.0059582633), (0.023289204, 0.99951386, 0.020725159), (-0.001287762, 0.9999824, 0.005780239), (-0.0013769836, 0.99998134, -0.0059582633), (-0.01342311, 0.99980396, -0.014559726), (-0.012091957, 0.9998586, 0.011684237), (-0.012091957, 0.9998586, 0.011684237), (-0.035636257, 0.99888366, 0.031011434), (-0.018341236, 0.9991742, 0.036258858), (-0.020197988, 0.99882466, 0.044059694), (-0.035636257, 0.99888366, 0.031011434), (-0.037637148, 0.9981352, 0.04805659), (-0.018341236, 0.9991742, 0.036258858), (-0.035636257, 0.99888366, 0.031011434), (-0.020197988, 0.99882466, 0.044059694), (-0.020197988, 0.99882466, 0.044059694), (-0.037637148, 0.9981352, 0.04805659), (0.010274006, 0.99964595, 0.024549058), (0.004245035, -0.9999902, -0.0012916224), (0.003929418, -0.99997896, -0.005155177), (0.013765722, -0.9998252, -0.012658118), (0.013765722, -0.9998252, -0.012658118), (0.010726781, -0.9998361, -0.014582669), (0.004245035, -0.9999902, -0.0012916224), (0.017724063, -0.99982256, 0.006367887), (0.015096622, -0.99988604, -0.00030990157), (0.013334209, -0.99979, -0.0155608505), (0.02744835, -0.9988493, 0.03932875), (0.015096622, -0.99988604, -0.00030990157), (0.017724063, -0.99982256, 0.006367887), (0.015705083, -0.99939746, 0.030952938), (0.021808835, -0.9996945, 0.011623361), (0.03033151, -0.9989714, 0.033706903), (0.0080046905, -0.99951035, -0.030249631), (0.018954221, -0.9994052, -0.02881121), (0.021808835, -0.9996945, 0.011623361), (-0.061043527, 0.9974191, 0.03780009), (-0.035012603, 0.9993869, -0.00020770993), (-0.0875076, 0.9959531, 0.020491922), (-0.061043527, 0.9974191, 0.03780009), (-0.0097390935, 0.9996447, 0.02481072), (-0.035012603, 0.9993869, -0.00020770993), (-0.0097390935, 0.9996447, 0.02481072), (-0.061043527, 0.9974191, 0.03780009), (-0.036569256, 0.9979495, 0.05253043), (-0.005909868, 0.9994147, 0.03369359), (-0.0097390935, 0.9996447, 0.02481072), (-0.036569256, 0.9979495, 0.05253043), (-0.005909868, 0.9994147, 0.03369359), (-0.001287762, 0.9999824, 0.005780239), (0.023289204, 0.99951386, 0.020725159), (-0.005909868, 0.9994147, 0.03369359), (-0.035702445, 0.99751455, 0.060746115), (-0.003281075, 0.99878836, 0.049100254), (-0.001287762, 0.9999824, 0.005780239), (-0.01342311, 0.99980396, -0.014559726), (-0.0013769836, 0.99998134, -0.0059582633), (-0.01342311, 0.99980396, -0.014559726), (-0.035636257, 0.99888366, 0.031011434), (-0.012091957, 0.9998586, 0.011684237), (-0.01545817, 0.9990128, -0.041646846), (-0.01342311, 0.99980396, -0.014559726), (-0.001287762, 0.9999824, 0.005780239), (-0.054550402, 0.9974803, 0.04535797), (-0.037637148, 0.9981352, 0.04805659), (-0.035636257, 0.99888366, 0.031011434), (-0.037637148, 0.9981352, 0.04805659), (-0.049448438, 0.9969773, 0.05992498), (-0.017754944, 0.9987825, 0.04602344), (0.015096622, -0.99988604, -0.00030990157), (0.010726781, -0.9998361, -0.014582669), (0.013334209, -0.99979, -0.0155608505), (0.010726781, -0.9998361, -0.014582669), (0.013765722, -0.9998252, -0.012658118), (0.013334209, -0.99979, -0.0155608505), (0.02744835, -0.9988493, 0.03932875), (0.03033151, -0.9989714, 0.033706903), (0.008236715, -0.99906707, 0.04239274), (0.03033151, -0.9989714, 0.033706903), (0.02744835, -0.9988493, 0.03932875), (0.015705083, -0.99939746, 0.030952938), (0.03033151, -0.9989714, 0.033706903), (0.018879134, -0.9997395, -0.012825536), (0.0023781194, -0.9998589, 0.016629035), (0.018954221, -0.9994052, -0.02881121), (0.008286252, -0.9987426, -0.049443442), (0.018879134, -0.9997395, -0.012825536), (0.008286252, -0.9987426, -0.049443442), (0.018954221, -0.9994052, -0.02881121), (0.008013008, -0.99828696, -0.05795664), (-0.0875076, 0.9959531, 0.020491922), (-0.08249054, 0.9949281, 0.057561506), (-0.12344108, 0.99122, 0.047382765), (-0.10194673, 0.9936513, 0.047579873), (-0.0875076, 0.9959531, 0.020491922), (-0.12344108, 0.99122, 0.047382765), (-0.10194673, 0.9936513, 0.047579873), (-0.061043527, 0.9974191, 0.03780009), (-0.0875076, 0.9959531, 0.020491922), (-0.036569256, 0.9979495, 0.05253043), (-0.035702445, 0.99751455, 0.060746115), (-0.005909868, 0.9994147, 0.03369359), (-0.035702445, 0.99751455, 0.060746115), (-0.036569256, 0.9979495, 0.05253043), (-0.06841515, 0.9950803, 0.07165602), (-0.005909868, 0.9994147, 0.03369359), (-0.003281075, 0.99878836, 0.049100254), (-0.001287762, 0.9999824, 0.005780239), (-0.001287762, 0.9999824, 0.005780239), (0.0051833303, 0.99998534, 0.0015639347), (-0.01545817, 0.9990128, -0.041646846), (-0.035636257, 0.99888366, 0.031011434), (-0.01342311, 0.99980396, -0.014559726), (-0.043417025, 0.9989857, -0.011933302), (-0.01342311, 0.99980396, -0.014559726), (-0.01545817, 0.9990128, -0.041646846), (-0.043417025, 0.9989857, -0.011933302), (-0.054550402, 0.9974803, 0.04535797), (-0.035636257, 0.99888366, 0.031011434), (-0.043417025, 0.9989857, -0.011933302), (-0.054550402, 0.9974803, 0.04535797), (-0.049448438, 0.9969773, 0.05992498), (-0.037637148, 0.9981352, 0.04805659), (0.0010712097, -0.99984306, -0.017681282), (0.0654743, -0.99724376, -0.03490097), (0.005809964, -0.9988671, -0.047231123), (0.0010712097, -0.99984306, -0.017681282), (0.003929418, -0.99997896, -0.005155177), (0.022664478, -0.9997335, -0.0044038626), (0.004245035, -0.9999902, -0.0012916224), (0.022664478, -0.9997335, -0.0044038626), (0.003929418, -0.99997896, -0.005155177), (0.022664478, -0.9997335, -0.0044038626), (0.004245035, -0.9999902, -0.0012916224), (0.04027471, -0.99905634, -0.016255878), (0.04027471, -0.99905634, -0.016255878), (0.10111162, -0.9946388, -0.021678453), (0.022664478, -0.9997335, -0.0044038626), (0.010726781, -0.9998361, -0.014582669), (0.04027471, -0.99905634, -0.016255878), (0.004245035, -0.9999902, -0.0012916224), (0.04027471, -0.99905634, -0.016255878), (0.010726781, -0.9998361, -0.014582669), (0.024364363, -0.99968606, -0.0058428654), (0.015096622, -0.99988604, -0.00030990157), (0.024364363, -0.99968606, -0.0058428654), (0.010726781, -0.9998361, -0.014582669), (0.015096622, -0.99988604, -0.00030990157), (0.018905882, -0.99951357, 0.0248042), (0.024364363, -0.99968606, -0.0058428654), (0.015096622, -0.99988604, -0.00030990157), (0.02744835, -0.9988493, 0.03932875), (0.018905882, -0.99951357, 0.0248042), (0.008236715, -0.99906707, 0.04239274), (0.018905882, -0.99951357, 0.0248042), (0.02744835, -0.9988493, 0.03932875), (0.0044275597, -0.999531, -0.03029992), (0.0023781194, -0.9998589, 0.016629035), (0.018879134, -0.9997395, -0.012825536), (0.008286252, -0.9987426, -0.049443442), (0.0044275597, -0.999531, -0.03029992), (0.018879134, -0.9997395, -0.012825536), (-0.06841515, 0.9950803, 0.07165602), (-0.061043527, 0.9974191, 0.03780009), (-0.10194673, 0.9936513, 0.047579873), (-0.061043527, 0.9974191, 0.03780009), (-0.06841515, 0.9950803, 0.07165602), (-0.036569256, 0.9979495, 0.05253043), (0.0051833303, 0.99998534, 0.0015639347), (-0.001287762, 0.9999824, 0.005780239), (-0.003281075, 0.99878836, 0.049100254), (-0.02738298, 0.99764633, -0.062863804), (-0.043417025, 0.9989857, -0.011933302), (-0.01545817, 0.9990128, -0.041646846), (-0.062080353, 0.99768174, 0.027877342), (-0.054550402, 0.9974803, 0.04535797), (-0.043417025, 0.9989857, -0.011933302), (0.0010712097, -0.99984306, -0.017681282), (0.022664478, -0.9997335, -0.0044038626), (0.0654743, -0.99724376, -0.03490097), (0.10111162, -0.9946388, -0.021678453), (0.0654743, -0.99724376, -0.03490097), (0.022664478, -0.9997335, -0.0044038626), (0.03301061, -0.99922353, 0.021511454), (0.024364363, -0.99968606, -0.0058428654), (0.018905882, -0.99951357, 0.0248042), (0.03301061, -0.99922353, 0.021511454), (0.018905882, -0.99951357, 0.0248042), (0.008236715, -0.99906707, 0.04239274), (0.0023781194, -0.9998589, 0.016629035), (0.008236715, -0.99906707, 0.04239274), (0.03033151, -0.9989714, 0.033706903), (0.0023781194, -0.9998589, 0.016629035), (0.031637054, -0.9991972, 0.024577636), (0.008236715, -0.99906707, 0.04239274), (0.0044275597, -0.999531, -0.03029992), (0.013791721, -0.99988824, -0.005767483), (0.0023781194, -0.9998589, 0.016629035), (0.0074633076, -0.9964779, -0.08352268), (0.0025047313, -0.9984216, -0.05610702), (0.008286252, -0.9987426, -0.049443442), (-0.06841515, 0.9950803, 0.07165602), (-0.05109587, 0.99375826, 0.09916573), (-0.035702445, 0.99751455, 0.060746115), (-0.06841515, 0.9950803, 0.07165602), (-0.11637101, 0.9882943, 0.098652124), (-0.05109587, 0.99375826, 0.09916573), (-0.003281075, 0.99878836, 0.049100254), (-0.035702445, 0.99751455, 0.060746115), (-0.05109587, 0.99375826, 0.09916573), (0.0051833303, 0.99998534, 0.0015639347), (-0.013053586, 0.99900895, -0.042549733), (-0.01545817, 0.9990128, -0.041646846), (-0.013053586, 0.99900895, -0.042549733), (-0.02738298, 0.99764633, -0.062863804), (-0.01545817, 0.9990128, -0.041646846), (-0.02738298, 0.99764633, -0.062863804), (-0.062080353, 0.99768174, 0.027877342), (-0.043417025, 0.9989857, -0.011933302), (-0.05974131, 0.9963243, 0.061390147), (-0.049448438, 0.9969773, 0.05992498), (-0.054550402, 0.9974803, 0.04535797), (0.10111162, -0.9946388, -0.021678453), (0.13258463, -0.99025834, -0.04254198), (0.0654743, -0.99724376, -0.03490097), (0.024364363, -0.99968606, -0.0058428654), (0.083095886, -0.99585533, -0.036977734), (0.04027471, -0.99905634, -0.016255878), (0.03301061, -0.99922353, 0.021511454), (0.086185835, -0.99627835, 0.0012428554), (0.024364363, -0.99968606, -0.0058428654), (0.03301061, -0.99922353, 0.021511454), (0.008236715, -0.99906707, 0.04239274), (0.031637054, -0.9991972, 0.024577636), (0.0023781194, -0.9998589, 0.016629035), (0.013791721, -0.99988824, -0.005767483), (0.031637054, -0.9991972, 0.024577636), (0.08918169, -0.9959999, -0.005560925), (0.031637054, -0.9991972, 0.024577636), (0.013791721, -0.99988824, -0.005767483), (0.00072414917, -0.99903715, -0.043867182), (0.0044275597, -0.999531, -0.03029992), (0.0025047313, -0.9984216, -0.05610702), (0.0025047313, -0.9984216, -0.05610702), (0.0044275597, -0.999531, -0.03029992), (0.008286252, -0.9987426, -0.049443442), (0.10111162, -0.9946388, -0.021678453), (0.15837942, -0.9862863, -0.046424843), (0.13258463, -0.99025834, -0.04254198), (-0.14426884, 0.98679674, 0.0736126), (-0.13187851, 0.98933494, 0.06184238), (-0.12344108, 0.99122, 0.047382765), (-0.13187851, 0.98933494, 0.06184238), (-0.11165676, 0.9905688, 0.07941112), (-0.10194673, 0.9936513, 0.047579873), (-0.13187851, 0.98933494, 0.06184238), (-0.14228347, 0.9874179, 0.06900209), (-0.14371496, 0.98671234, 0.07579392), (-0.13187851, 0.98933494, 0.06184238), (-0.14371496, 0.98671234, 0.07579392), (-0.11165676, 0.9905688, 0.07941112), (-0.10194673, 0.9936513, 0.047579873), (-0.11165676, 0.9905688, 0.07941112), (-0.06841515, 0.9950803, 0.07165602), (-0.06841515, 0.9950803, 0.07165602), (-0.11165676, 0.9905688, 0.07941112), (-0.11637101, 0.9882943, 0.098652124), (-0.032730985, 0.99758154, 0.061316546), (-0.05109587, 0.99375826, 0.09916573), (-0.14463767, 0.9831215, 0.11203557), (-0.032730985, 0.99758154, 0.061316546), (-0.003281075, 0.99878836, 0.049100254), (-0.05109587, 0.99375826, 0.09916573), (-0.032730985, 0.99758154, 0.061316546), (0.0051833303, 0.99998534, 0.0015639347), (-0.003281075, 0.99878836, 0.049100254), (0.0051833303, 0.99998534, 0.0015639347), (-0.032730985, 0.99758154, 0.061316546), (-0.013053586, 0.99900895, -0.042549733), (-0.013053586, 0.99900895, -0.042549733), (-0.032730985, 0.99758154, 0.061316546), (-0.13375644, 0.99092925, 0.012984255), (-0.013053586, 0.99900895, -0.042549733), (-0.08253582, 0.9944943, -0.064567246), (-0.02738298, 0.99764633, -0.062863804), (-0.05974131, 0.9963243, 0.061390147), (-0.054550402, 0.9974803, 0.04535797), (-0.062080353, 0.99768174, 0.027877342), (-0.062080353, 0.99768174, 0.027877342), (-0.06086168, 0.9962879, 0.060878865), (-0.05974131, 0.9963243, 0.061390147), (0.024364363, -0.99968606, -0.0058428654), (0.086185835, -0.99627835, 0.0012428554), (0.083095886, -0.99585533, -0.036977734), (0.086185835, -0.99627835, 0.0012428554), (0.03301061, -0.99922353, 0.021511454), (0.09077053, -0.9958184, 0.010314884), (0.03301061, -0.99922353, 0.021511454), (0.031637054, -0.9991972, 0.024577636), (0.09077053, -0.9958184, 0.010314884), (0.00072414917, -0.99903715, -0.043867182), (0.013791721, -0.99988824, -0.005767483), (0.0044275597, -0.999531, -0.03029992), (0.00072414917, -0.99903715, -0.043867182), (0.07570222, -0.9962287, -0.04239744), (0.013791721, -0.99988824, -0.005767483), (0.031678077, -0.9973888, -0.06490008), (0.07570222, -0.9962287, -0.04239744), (0.00072414917, -0.99903715, -0.043867182), (0.0040811477, -0.9958304, -0.09113191), (0.031678077, -0.9973888, -0.06490008), (0.0025047313, -0.9984216, -0.05610702), (0.04027471, -0.99905634, -0.016255878), (0.10547063, -0.9934438, -0.044107687), (0.10111162, -0.9946388, -0.021678453), (0.083095886, -0.99585533, -0.036977734), (0.10547063, -0.9934438, -0.044107687), (0.04027471, -0.99905634, -0.016255878), (-0.14426884, 0.98679674, 0.0736126), (-0.14228347, 0.9874179, 0.06900209), (-0.13187851, 0.98933494, 0.06184238), (-0.11165676, 0.9905688, 0.07941112), (-0.164501, 0.9835774, 0.07426248), (-0.11637101, 0.9882943, 0.098652124), (-0.05109587, 0.99375826, 0.09916573), (-0.11637101, 0.9882943, 0.098652124), (-0.14463767, 0.9831215, 0.11203557), (-0.14463767, 0.9831215, 0.11203557), (-0.13375644, 0.99092925, 0.012984255), (-0.032730985, 0.99758154, 0.061316546), (-0.13375644, 0.99092925, 0.012984255), (-0.08253582, 0.9944943, -0.064567246), (-0.013053586, 0.99900895, -0.042549733), (-0.08253582, 0.9944943, -0.064567246), (-0.056737006, 0.998041, -0.026366288), (-0.02738298, 0.99764633, -0.062863804), (-0.02738298, 0.99764633, -0.062863804), (-0.056737006, 0.998041, -0.026366288), (-0.062080353, 0.99768174, 0.027877342), (-0.06086168, 0.9962879, 0.060878865), (-0.062080353, 0.99768174, 0.027877342), (-0.056737006, 0.998041, -0.026366288), (-0.10026412, 0.9938016, 0.04801638), (-0.06086168, 0.9962879, 0.060878865), (-0.056737006, 0.998041, -0.026366288), (0.13439025, -0.9907434, -0.01915556), (0.086185835, -0.99627835, 0.0012428554), (0.09077053, -0.9958184, 0.010314884), (0.15837942, -0.9862863, -0.046424843), (0.16406333, -0.9848545, -0.056077577), (0.13258463, -0.99025834, -0.04254198), (0.10547063, -0.9934438, -0.044107687), (0.15837942, -0.9862863, -0.046424843), (0.10111162, -0.9946388, -0.021678453), (0.083095886, -0.99585533, -0.036977734), (0.1570426, -0.98590696, -0.05766312), (0.10547063, -0.9934438, -0.044107687), (0.1570426, -0.98590696, -0.05766312), (0.083095886, -0.99585533, -0.036977734), (0.1585735, -0.9866253, -0.037748307), (0.086185835, -0.99627835, 0.0012428554), (0.1585735, -0.9866253, -0.037748307), (0.083095886, -0.99585533, -0.036977734), (0.1585735, -0.9866253, -0.037748307), (0.086185835, -0.99627835, 0.0012428554), (0.13439025, -0.9907434, -0.01915556), (0.08918169, -0.9959999, -0.005560925), (0.09077053, -0.9958184, 0.010314884), (0.031637054, -0.9991972, 0.024577636), (0.07570222, -0.9962287, -0.04239744), (0.08918169, -0.9959999, -0.005560925), (0.013791721, -0.99988824, -0.005767483), (-0.164501, 0.9835774, 0.07426248), (-0.11165676, 0.9905688, 0.07941112), (-0.14371496, 0.98671234, 0.07579392), (-0.11637101, 0.9882943, 0.098652124), (-0.164501, 0.9835774, 0.07426248), (-0.19647706, 0.9743535, 0.10969058), (-0.164501, 0.9835774, 0.07426248), (-0.2016578, 0.9776893, 0.05880219), (-0.19647706, 0.9743535, 0.10969058), (-0.19647706, 0.9743535, 0.10969058), (-0.14463767, 0.9831215, 0.11203557), (-0.11637101, 0.9882943, 0.098652124), (-0.21484095, 0.97574365, 0.042044107), (-0.13375644, 0.99092925, 0.012984255), (-0.14463767, 0.9831215, 0.11203557), (-0.08253582, 0.9944943, -0.064567246), (-0.14700359, 0.9891303, 0.0033392094), (-0.056737006, 0.998041, -0.026366288), (0.03339639, -0.9955958, -0.08759888), (0.15553524, -0.98632115, -0.054583568), (0.031678077, -0.9973888, -0.06490008), (0.15553524, -0.98632115, -0.054583568), (0.16830267, -0.98376447, -0.06230449), (0.031678077, -0.9973888, -0.06490008), (0.07570222, -0.9962287, -0.04239744), (0.031678077, -0.9973888, -0.06490008), (0.16830267, -0.98376447, -0.06230449), (0.16406333, -0.9848545, -0.056077577), (0.15837942, -0.9862863, -0.046424843), (0.16584103, -0.985325, -0.040390357), (0.15837942, -0.9862863, -0.046424843), (0.1570426, -0.98590696, -0.05766312), (0.15829088, -0.9854261, -0.062284026), (0.15837942, -0.9862863, -0.046424843), (0.10547063, -0.9934438, -0.044107687), (0.1570426, -0.98590696, -0.05766312), (0.1585735, -0.9866253, -0.037748307), (0.14859208, -0.9870904, -0.059772883), (0.1570426, -0.98590696, -0.05766312), (0.1442048, -0.98815495, -0.05248523), (0.1585735, -0.9866253, -0.037748307), (0.13439025, -0.9907434, -0.01915556), (0.08918169, -0.9959999, -0.005560925), (0.07570222, -0.9962287, -0.04239744), (0.14829572, -0.9888014, -0.016733458), (-0.14463767, 0.9831215, 0.11203557), (-0.20444216, 0.9729856, 0.10724937), (-0.21484095, 0.97574365, 0.042044107), (-0.20532697, 0.97869027, -0.0025264164), (-0.13375644, 0.99092925, 0.012984255), (-0.21484095, 0.97574365, 0.042044107), (-0.21484095, 0.97574365, 0.042044107), (-0.19124952, 0.9812, 0.025888313), (-0.20532697, 0.97869027, -0.0025264164), (-0.13375644, 0.99092925, 0.012984255), (-0.20532697, 0.97869027, -0.0025264164), (-0.08253582, 0.9944943, -0.064567246), (-0.056737006, 0.998041, -0.026366288), (-0.14700359, 0.9891303, 0.0033392094), (-0.10026412, 0.9938016, 0.04801638), (-0.19926374, 0.97976863, 0.018638032), (-0.09402749, 0.9937765, 0.059726123), (-0.10026412, 0.9938016, 0.04801638), (-0.17884675, 0.9826805, 0.04850851), (-0.14371496, 0.98671234, 0.07579392), (-0.1498653, 0.98689765, 0.05977948), (-0.1498653, 0.98689765, 0.05977948), (-0.14371496, 0.98671234, 0.07579392), (-0.14228347, 0.9874179, 0.06900209), (-0.164501, 0.9835774, 0.07426248), (-0.17884675, 0.9826805, 0.04850851), (-0.2016578, 0.9776893, 0.05880219), (-0.164501, 0.9835774, 0.07426248), (-0.14371496, 0.98671234, 0.07579392), (-0.17884675, 0.9826805, 0.04850851), (0.16584103, -0.985325, -0.040390357), (0.15837942, -0.9862863, -0.046424843), (0.15829088, -0.9854261, -0.062284026), (0.04568574, -0.9977495, -0.049078107), (0.026306545, -0.9995666, -0.013207397), (0.16584103, -0.985325, -0.040390357), (0.14859208, -0.9870904, -0.059772883), (0.15829088, -0.9854261, -0.062284026), (0.1570426, -0.98590696, -0.05766312), (0.1585735, -0.9866253, -0.037748307), (0.1442048, -0.98815495, -0.05248523), (0.14859208, -0.9870904, -0.059772883), (0.1442048, -0.98815495, -0.05248523), (0.038613107, -0.9968608, -0.06912011), (0.14859208, -0.9870904, -0.059772883), (0.11891696, -0.9928878, 0.005709525), (0.14829572, -0.9888014, -0.016733458), (0.06003268, -0.9972892, 0.042547956), (0.08918169, -0.9959999, -0.005560925), (0.14829572, -0.9888014, -0.016733458), (0.11891696, -0.9928878, 0.005709525), (0.07570222, -0.9962287, -0.04239744), (0.16830267, -0.98376447, -0.06230449), (0.14829572, -0.9888014, -0.016733458), (0.15553524, -0.98632115, -0.054583568), (0.21621382, -0.97607404, -0.023044225), (0.16830267, -0.98376447, -0.06230449), (-0.19124952, 0.9812, 0.025888313), (-0.21484095, 0.97574365, 0.042044107), (-0.20444216, 0.9729856, 0.10724937), (-0.08253582, 0.9944943, -0.064567246), (-0.20532697, 0.97869027, -0.0025264164), (-0.14700359, 0.9891303, 0.0033392094), (-0.20532697, 0.97869027, -0.0025264164), (-0.18924789, 0.9818488, 0.012577451), (-0.14700359, 0.9891303, 0.0033392094), (-0.20532697, 0.97869027, -0.0025264164), (-0.18917327, 0.9819166, 0.007295624), (-0.18924789, 0.9818488, 0.012577451), (-0.18924789, 0.9818488, 0.012577451), (-0.19565871, 0.98020035, 0.03041373), (-0.14700359, 0.9891303, 0.0033392094), (-0.18917327, 0.9819166, 0.007295624), (-0.19565871, 0.98020035, 0.03041373), (-0.18924789, 0.9818488, 0.012577451), (-0.18179001, 0.9828128, 0.032115526), (-0.19926374, 0.97976863, 0.018638032), (-0.10026412, 0.9938016, 0.04801638), (-0.17884675, 0.9826805, 0.04850851), (-0.1498653, 0.98689765, 0.05977948), (-0.13093473, 0.99133027, 0.010979977), (-0.20444216, 0.9729856, 0.10724937), (-0.14463767, 0.9831215, 0.11203557), (-0.19647706, 0.9743535, 0.10969058), (0.15829088, -0.9854261, -0.062284026), (0.04568574, -0.9977495, -0.049078107), (0.16584103, -0.985325, -0.040390357), (0.15829088, -0.9854261, -0.062284026), (0.038775966, -0.9964781, -0.07435035), (0.04568574, -0.9977495, -0.049078107), (0.038775966, -0.9964781, -0.07435035), (0.15829088, -0.9854261, -0.062284026), (0.14859208, -0.9870904, -0.059772883), (0.09077053, -0.9958184, 0.010314884), (0.11891696, -0.9928878, 0.005709525), (0.13439025, -0.9907434, -0.01915556), (0.11891696, -0.9928878, 0.005709525), (0.09432551, -0.99436027, -0.04848022), (0.13439025, -0.9907434, -0.01915556), (0.09077053, -0.9958184, 0.010314884), (0.08918169, -0.9959999, -0.005560925), (0.11891696, -0.9928878, 0.005709525), (-0.20444216, 0.9729856, 0.10724937), (-0.22238271, 0.9666594, 0.12694708), (-0.19124952, 0.9812, 0.025888313), (-0.19124952, 0.9812, 0.025888313), (-0.18917327, 0.9819166, 0.007295624), (-0.20532697, 0.97869027, -0.0025264164), (-0.14700359, 0.9891303, 0.0033392094), (-0.18179001, 0.9828128, 0.032115526), (-0.10026412, 0.9938016, 0.04801638), (-0.19565871, 0.98020035, 0.03041373), (-0.18179001, 0.9828128, 0.032115526), (-0.14700359, 0.9891303, 0.0033392094), (-0.19565871, 0.98020035, 0.03041373), (-0.23399585, 0.97218764, 0.009857068), (-0.18179001, 0.9828128, 0.032115526), (-0.13093473, 0.99133027, 0.010979977), (-0.18781006, 0.9822054, 0.00035196048), (-0.17884675, 0.9826805, 0.04850851), (-0.2016578, 0.9776893, 0.05880219), (-0.17884675, 0.9826805, 0.04850851), (-0.2433976, 0.9694362, 0.030839294), (-0.19647706, 0.9743535, 0.10969058), (-0.22776812, 0.96741277, 0.11060888), (-0.20444216, 0.9729856, 0.10724937), (-0.2016578, 0.9776893, 0.05880219), (-0.22776812, 0.96741277, 0.11060888), (-0.19647706, 0.9743535, 0.10969058), (-0.22238271, 0.9666594, 0.12694708), (-0.20444216, 0.9729856, 0.10724937), (-0.22776812, 0.96741277, 0.11060888), (0.09432551, -0.99436027, -0.04848022), (0.038613107, -0.9968608, -0.06912011), (0.1442048, -0.98815495, -0.05248523), (0.13439025, -0.9907434, -0.01915556), (0.09432551, -0.99436027, -0.04848022), (0.1442048, -0.98815495, -0.05248523), (0.038613107, -0.9968608, -0.06912011), (-0.0053525697, -0.99912256, -0.041537866), (-0.71430284, -0.69820035, -0.04783038), (-0.0053525697, -0.99912256, -0.041537866), (0.038613107, -0.9968608, -0.06912011), (0.09432551, -0.99436027, -0.04848022), (0.09432551, -0.99436027, -0.04848022), (0.048702084, -0.9987887, 0.0070212437), (-0.0053525697, -0.99912256, -0.041537866), (0.048702084, -0.9987887, 0.0070212437), (0.09432551, -0.99436027, -0.04848022), (0.11891696, -0.9928878, 0.005709525), (0.06003268, -0.9972892, 0.042547956), (0.048702084, -0.9987887, 0.0070212437), (0.11891696, -0.9928878, 0.005709525), (0.13642144, -0.99050635, -0.01691656), (0.16830267, -0.98376447, -0.06230449), (0.21621382, -0.97607404, -0.023044225), (0.21621382, -0.97607404, -0.023044225), (-0.5634346, -0.826136, -0.0063976487), (0.13642144, -0.99050635, -0.01691656), (-0.13093473, 0.99133027, 0.010979977), (-0.71392643, 0.699845, -0.022933872), (-0.18781006, 0.9822054, 0.00035196048), (-0.18781006, 0.9822054, 0.00035196048), (-0.2433976, 0.9694362, 0.030839294), (-0.17884675, 0.9826805, 0.04850851), (-0.2433976, 0.9694362, 0.030839294), (-0.22776812, 0.96741277, 0.11060888), (-0.2016578, 0.9776893, 0.05880219), (-0.22238271, 0.9666594, 0.12694708), (-0.22776812, 0.96741277, 0.11060888), (-0.79465115, 0.60188013, 0.0791826), (-0.22238271, 0.9666594, 0.12694708), (-0.6254216, 0.77933043, 0.03862726), (-0.19124952, 0.9812, 0.025888313), (-0.18917327, 0.9819166, 0.007295624), (-0.19124952, 0.9812, 0.025888313), (-0.6254216, 0.77933043, 0.03862726), (-0.18917327, 0.9819166, 0.007295624), (-0.75537306, 0.6551927, 0.011581626), (-0.19565871, 0.98020035, 0.03041373), (-0.73831505, 0.67443216, 0.0056697046), (-0.23399585, 0.97218764, 0.009857068), (-0.19565871, 0.98020035, 0.03041373), (-0.73831505, 0.67443216, 0.0056697046), (-0.19565871, 0.98020035, 0.03041373), (-0.75537306, 0.6551927, 0.011581626), (0.04568574, -0.9977495, -0.049078107), (-0.70909035, -0.70502543, -0.01139763), (0.026306545, -0.9995666, -0.013207397), (-0.6937802, -0.7188339, -0.04412394), (-0.70909035, -0.70502543, -0.01139763), (0.04568574, -0.9977495, -0.049078107), (0.038775966, -0.9964781, -0.07435035), (-0.6937802, -0.7188339, -0.04412394), (0.04568574, -0.9977495, -0.049078107), (0.038613107, -0.9968608, -0.06912011), (-0.70050114, -0.71174157, -0.052173357), (0.038775966, -0.9964781, -0.07435035), (-0.70050114, -0.71174157, -0.052173357), (0.038613107, -0.9968608, -0.06912011), (-0.71430284, -0.69820035, -0.04783038), (-0.71430284, -0.69820035, -0.04783038), (-0.0053525697, -0.99912256, -0.041537866), (-0.6975261, -0.71639806, -0.015201692), (-0.0053525697, -0.99912256, -0.041537866), (-0.6980768, -0.7157776, 0.018744385), (-0.6975261, -0.71639806, -0.015201692), (0.098107845, -0.9951669, 0.004208833), (0.06003268, -0.9972892, 0.042547956), (0.14829572, -0.9888014, -0.016733458), (0.081403844, -0.9953126, -0.052213084), (-0.5634346, -0.826136, -0.0063976487), (0.21621382, -0.97607404, -0.023044225), (-0.18781006, 0.9822054, 0.00035196048), (-0.71392643, 0.699845, -0.022933872), (-0.7492912, 0.6622347, 0.002799244), (-0.2433976, 0.9694362, 0.030839294), (-0.18781006, 0.9822054, 0.00035196048), (-0.7492912, 0.6622347, 0.002799244), (-0.7492912, 0.6622347, 0.002799244), (-0.8245543, 0.56568575, 0.010472883), (-0.2433976, 0.9694362, 0.030839294), (-0.79465115, 0.60188013, 0.0791826), (-0.22776812, 0.96741277, 0.11060888), (-0.2433976, 0.9694362, 0.030839294), (-0.2433976, 0.9694362, 0.030839294), (-0.8245543, 0.56568575, 0.010472883), (-0.79465115, 0.60188013, 0.0791826), (-0.22238271, 0.9666594, 0.12694708), (-0.79465115, 0.60188013, 0.0791826), (-0.751802, 0.6553974, 0.07244208), (-0.22238271, 0.9666594, 0.12694708), (-0.751802, 0.6553974, 0.07244208), (-0.6254216, 0.77933043, 0.03862726), (-0.99470496, 0.10277, -0.0005909886), (-0.6254216, 0.77933043, 0.03862726), (-0.751802, 0.6553974, 0.07244208), (-0.9991512, 0.040977772, 0.0042275493), (-0.99470496, 0.10277, -0.0005909886), (-0.751802, 0.6553974, 0.07244208), (-0.18917327, 0.9819166, 0.007295624), (-0.6254216, 0.77933043, 0.03862726), (-0.7598208, 0.65002793, 0.0116609875), (-0.75537306, 0.6551927, 0.011581626), (-0.18917327, 0.9819166, 0.007295624), (-0.7598208, 0.65002793, 0.0116609875), (-0.23399585, 0.97218764, 0.009857068), (-0.73831505, 0.67443216, 0.0056697046), (-0.7779074, 0.62748706, -0.03346769), (-0.70050114, -0.71174157, -0.052173357), (-0.6937802, -0.7188339, -0.04412394), (0.038775966, -0.9964781, -0.07435035), (0.06003268, -0.9972892, 0.042547956), (-0.6980768, -0.7157776, 0.018744385), (0.048702084, -0.9987887, 0.0070212437), (0.06003268, -0.9972892, 0.042547956), (0.098107845, -0.9951669, 0.004208833), (-0.67101675, -0.74093634, 0.02738278), (0.098107845, -0.9951669, 0.004208833), (-0.6736831, -0.7385585, 0.02612646), (-0.67101675, -0.74093634, 0.02738278), (0.13642144, -0.99050635, -0.01691656), (-0.6736831, -0.7385585, 0.02612646), (0.098107845, -0.9951669, 0.004208833), (0.13642144, -0.99050635, -0.01691656), (-0.5634346, -0.826136, -0.0063976487), (-0.6736831, -0.7385585, 0.02612646), (-0.6736831, -0.7385585, 0.02612646), (-0.5634346, -0.826136, -0.0063976487), (-0.9953603, -0.09606755, 0.005391912), (-0.99470496, 0.10277, -0.0005909886), (-0.7598208, 0.65002793, 0.0116609875), (-0.6254216, 0.77933043, 0.03862726), (-0.9985592, 0.052652907, 0.010353335), (-0.71392643, 0.699845, -0.022933872), (-0.9990231, 0.04334921, -0.008584312), (-0.9985592, 0.052652907, 0.010353335), (-0.7492912, 0.6622347, 0.002799244), (-0.71392643, 0.699845, -0.022933872), (-0.9985592, 0.052652907, 0.010353335), (-0.8245543, 0.56568575, 0.010472883), (-0.7492912, 0.6622347, 0.002799244), (-0.9999522, -0.009234916, 0.003210009), (-0.79465115, 0.60188013, 0.0791826), (-0.8245543, 0.56568575, 0.010472883), (-0.9991512, 0.040977772, 0.0042275493), (-0.79465115, 0.60188013, 0.0791826), (-0.9999522, -0.009234916, 0.003210009), (-0.9991512, 0.040977772, 0.0042275493), (-0.751802, 0.6553974, 0.07244208), (-0.79465115, 0.60188013, 0.0791826), (-0.99470496, 0.10277, -0.0005909886), (-0.99958354, 0.02827409, -0.005766792), (-0.7598208, 0.65002793, 0.0116609875), (-0.99920434, -0.038241673, 0.011322394), (-0.99470496, 0.10277, -0.0005909886), (-0.9993815, -0.0351552, -0.000902), (-0.99920434, -0.038241673, 0.011322394), (-0.99958354, 0.02827409, -0.005766792), (-0.99470496, 0.10277, -0.0005909886), (-0.7598208, 0.65002793, 0.0116609875), (-0.99966204, 0.025929341, 0.0018562487), (-0.75537306, 0.6551927, 0.011581626), (-0.99966204, 0.025929341, 0.0018562487), (-0.9993876, -0.03474115, -0.0041991505), (-0.9981362, 0.06102002, 0.00089083554), (-0.9981362, 0.06102002, 0.00089083554), (-0.73831505, 0.67443216, 0.0056697046), (-0.75537306, 0.6551927, 0.011581626), (-0.9981362, 0.06102002, 0.00089083554), (-0.75537306, 0.6551927, 0.011581626), (-0.99966204, 0.025929341, 0.0018562487), (-0.9981362, 0.06102002, 0.00089083554), (-0.7779074, 0.62748706, -0.03346769), (-0.73831505, 0.67443216, 0.0056697046), (-0.99975157, 0.01913874, -0.011425171), (-0.7779074, 0.62748706, -0.03346769), (-0.9981362, 0.06102002, 0.00089083554), (-0.99975157, 0.01913874, -0.011425171), (-0.9981362, 0.06102002, 0.00089083554), (-0.9993876, -0.03474115, -0.0041991505), (-0.9990231, 0.04334921, -0.008584312), (-0.9997113, -0.021066457, -0.011556264), (-0.9985592, 0.052652907, 0.010353335), (-0.8245543, 0.56568575, 0.010472883), (-0.9997895, -0.020254802, 0.003267326), (-0.9999522, -0.009234916, 0.003210009), (-0.9997895, -0.020254802, 0.003267326), (-0.8245543, 0.56568575, 0.010472883), (-0.9985592, 0.052652907, 0.010353335), (-0.9993815, -0.0351552, -0.000902), (-0.99470496, 0.10277, -0.0005909886), (-0.9991512, 0.040977772, 0.0042275493), (-0.99966204, 0.025929341, 0.0018562487), (-0.7598208, 0.65002793, 0.0116609875), (-0.99958354, 0.02827409, -0.005766792), (-0.9987246, -0.050109334, -0.00618301), (-0.99966204, 0.025929341, 0.0018562487), (-0.99958354, 0.02827409, -0.005766792), (-0.99966204, 0.025929341, 0.0018562487), (-0.9979377, -0.06405195, -0.0042243158), (-0.9993876, -0.03474115, -0.0041991505), (-0.9987246, -0.050109334, -0.00618301), (-0.9979377, -0.06405195, -0.0042243158), (-0.99966204, 0.025929341, 0.0018562487), (-0.9990231, 0.04334921, -0.008584312), (-0.9997838, -0.02048915, -0.0035279938), (-0.9997113, -0.021066457, -0.011556264), (-0.9985592, 0.052652907, 0.010353335), (-0.9997113, -0.021066457, -0.011556264), (-0.9997895, -0.020254802, 0.003267326), (-0.9999522, -0.009234916, 0.003210009), (-0.9993815, -0.0351552, -0.000902), (-0.9991512, 0.040977772, 0.0042275493), (-0.99920434, -0.038241673, 0.011322394), (-0.9987246, -0.050109334, -0.00618301), (-0.99958354, 0.02827409, -0.005766792), (-0.67101675, -0.74093634, 0.02738278), (-0.9979377, -0.06405195, -0.0042243158), (-0.9987246, -0.050109334, -0.00618301), (-0.99975157, 0.01913874, -0.011425171), (-0.9993876, -0.03474115, -0.0041991505), (-0.9953603, -0.09606755, 0.005391912), (-0.9997113, -0.021066457, -0.011556264), (-0.6937802, -0.7188339, -0.04412394), (-0.9997895, -0.020254802, 0.003267326), (-0.70050114, -0.71174157, -0.052173357), (-0.9997895, -0.020254802, 0.003267326), (-0.6937802, -0.7188339, -0.04412394), (-0.70050114, -0.71174157, -0.052173357), (-0.9999522, -0.009234916, 0.003210009), (-0.9997895, -0.020254802, 0.003267326), (-0.71430284, -0.69820035, -0.04783038), (-0.9993815, -0.0351552, -0.000902), (-0.9999522, -0.009234916, 0.003210009), (-0.6975261, -0.71639806, -0.015201692), (-0.99920434, -0.038241673, 0.011322394), (-0.9993815, -0.0351552, -0.000902), (-0.9993815, -0.0351552, -0.000902), (-0.71430284, -0.69820035, -0.04783038), (-0.6975261, -0.71639806, -0.015201692), (-0.6980768, -0.7157776, 0.018744385), (-0.9987246, -0.050109334, -0.00618301), (-0.99920434, -0.038241673, 0.011322394), (-0.6736831, -0.7385585, 0.02612646), (-0.9953603, -0.09606755, 0.005391912), (-0.9993876, -0.03474115, -0.0041991505), (-0.7108826, -0.70007384, -0.06739831), (-0.9953603, -0.09606755, 0.005391912), (-0.5634346, -0.826136, -0.0063976487), (-0.71430284, -0.69820035, -0.04783038), (-0.9999522, -0.009234916, 0.003210009), (-0.70050114, -0.71174157, -0.052173357), (-0.6975261, -0.71639806, -0.015201692), (-0.6980768, -0.7157776, 0.018744385), (-0.99920434, -0.038241673, 0.011322394), (-0.6980768, -0.7157776, 0.018744385), (-0.0053525697, -0.99912256, -0.041537866), (0.048702084, -0.9987887, 0.0070212437), (-0.67101675, -0.74093634, 0.02738278), (-0.9987246, -0.050109334, -0.00618301), (-0.6980768, -0.7157776, 0.018744385), (-0.6980768, -0.7157776, 0.018744385), (0.06003268, -0.9972892, 0.042547956), (-0.67101675, -0.74093634, 0.02738278), (-0.67101675, -0.74093634, 0.02738278), (-0.6736831, -0.7385585, 0.02612646), (-0.9979377, -0.06405195, -0.0042243158), (-0.9993876, -0.03474115, -0.0041991505), (-0.9979377, -0.06405195, -0.0042243158), (-0.6736831, -0.7385585, 0.02612646), (0.00795582, 0.9998225, 0.017079707), (0.04192741, 0.99666613, 0.06999073), (0.022320386, 0.99913955, 0.034957558), (0.022320386, 0.99913955, 0.034957558), (0.0014970365, 0.9999975, 0.0016762093), (0.00795582, 0.9998225, 0.017079707), (0.004165708, 0.99796265, 0.06366369), (0.021422267, 0.99883175, 0.043318253), (-0.03116084, 0.9992096, 0.024680983), (0.038319696, 0.9986679, 0.034554273), (0.056480363, 0.9981078, 0.024309343), (0.04107252, 0.9990734, 0.012859136), (0.036590103, 0.99849683, 0.040807042), (0.038319696, 0.9986679, 0.034554273), (0.021422267, 0.99883175, 0.043318253), (0.049827732, 0.9972263, 0.055289358), (0.056480363, 0.9981078, 0.024309343), (0.038319696, 0.9986679, 0.034554273), (0.010991395, -0.9964097, -0.08394578), (0.021742787, -0.9968209, -0.07665016), (0.01105314, -0.9975796, -0.06865045), (-0.010480547, -0.99720234, -0.07400971), (0.010991395, -0.9964097, -0.08394578), (-0.009575132, -0.99805886, -0.06153725), (0.0023181215, -0.997847, -0.06554288), (-0.011138506, -0.9976086, -0.06821188), (0.008324598, -0.9990762, -0.042160135), (-0.013379754, -0.9998803, -0.007768228), (-0.0050345627, -0.9996376, -0.026445584), (0.008324598, -0.9990762, -0.042160135), (-0.042531844, -0.9990571, -0.008705141), (-0.02107597, -0.9995255, -0.02246624), (-0.013379754, -0.9998803, -0.007768228), (0.049827732, 0.9972263, 0.055289358), (0.031577617, 0.9985827, 0.04284145), (0.022320386, 0.99913955, 0.034957558), (0.00795582, 0.9998225, 0.017079707), (0.0014970365, 0.9999975, 0.0016762093), (-0.0006132459, 0.99999964, -0.00062552275), (-0.0006132459, 0.99999964, -0.00062552275), (0.0030101535, 0.99999344, 0.0020230112), (0.00795582, 0.9998225, 0.017079707), (0.00004202351, 1, 0.0000032815317), (-0.0006132459, 0.99999964, -0.00062552275), (0.0014970365, 0.9999975, 0.0016762093), (-0.0006132459, 0.99999964, -0.00062552275), (0.000018610055, 1, 0.000021296337), (-0.00020755894, 1, -0.00016415492), (0.000018610055, 1, 0.000021296337), (0.000017791821, 1, 0.000016911481), (-0.00020755894, 1, -0.00016415492), (0.0000019109675, 1, -0.0000013740364), (0.000017791821, 1, 0.000016911481), (0.000018610055, 1, 0.000021296337), (0.004165708, 0.99796265, 0.06366369), (0.034400586, 0.9957118, 0.08587587), (0.03238309, 0.9974404, 0.06374935), (0.021422267, 0.99883175, 0.043318253), (0.03238309, 0.9974404, 0.06374935), (0.036590103, 0.99849683, 0.040807042), (0.036590103, 0.99849683, 0.040807042), (0.041260667, 0.9980384, 0.047084183), (0.038319696, 0.9986679, 0.034554273), (0.041260667, 0.9980384, 0.047084183), (0.049827732, 0.9972263, 0.055289358), (0.038319696, 0.9986679, 0.034554273), (0.031577617, 0.9985827, 0.04284145), (0.049827732, 0.9972263, 0.055289358), (0.041260667, 0.9980384, 0.047084183), (-0.02107597, -0.9995255, -0.02246624), (-0.036915824, -0.9980284, -0.050760373), (-0.0140409535, -0.9983661, -0.055389207), (-0.0140409535, -0.9983661, -0.055389207), (0.013650436, -0.99983937, -0.011619564), (-0.002842636, -0.99936455, -0.035532624), (-0.0140409535, -0.9983661, -0.055389207), (-0.010817779, -0.9991804, -0.03900613), (0.013650436, -0.99983937, -0.011619564), (0.0077957376, -0.99657005, -0.08238636), (0.010991395, -0.9964097, -0.08394578), (-0.010480547, -0.99720234, -0.07400971), (-0.010480547, -0.99720234, -0.07400971), (-0.018474856, -0.9971999, -0.07246414), (0.0077957376, -0.99657005, -0.08238636), (0.004817196, -0.9981841, -0.060044285), (0.0023181215, -0.997847, -0.06554288), (0.008324598, -0.9990762, -0.042160135), (-0.013379754, -0.9998803, -0.007768228), (-0.02107597, -0.9995255, -0.02246624), (-0.0050345627, -0.9996376, -0.026445584), (0.018243862, 0.99955636, 0.023541763), (0.031577617, 0.9985827, 0.04284145), (0.041260667, 0.9980384, 0.047084183), (0.022320386, 0.99913955, 0.034957558), (0.031577617, 0.9985827, 0.04284145), (0.00735193, 0.99994594, 0.007358922), (0.0014970365, 0.9999975, 0.0016762093), (0.022320386, 0.99913955, 0.034957558), (0.00735193, 0.99994594, 0.007358922), (0.000018610055, 1, 0.000021296337), (-0.0006132459, 0.99999964, -0.00062552275), (0.00004202351, 1, 0.0000032815317), (0.04661324, 0.99723977, 0.057794683), (0.03238309, 0.9974404, 0.06374935), (0.034400586, 0.9957118, 0.08587587), (0.03238309, 0.9974404, 0.06374935), (0.04661324, 0.99723977, 0.057794683), (0.036590103, 0.99849683, 0.040807042), (0.036590103, 0.99849683, 0.040807042), (0.04470223, 0.99801207, 0.044424653), (0.041260667, 0.9980384, 0.047084183), (-0.0140409535, -0.9983661, -0.055389207), (-0.012089863, -0.9991667, -0.03898289), (-0.02107597, -0.9995255, -0.02246624), (-0.0140409535, -0.9983661, -0.055389207), (-0.002842636, -0.99936455, -0.035532624), (-0.012089863, -0.9991667, -0.03898289), (0.010991395, -0.9964097, -0.08394578), (0.027936388, -0.9964, -0.080041036), (0.021742787, -0.9968209, -0.07665016), (0.010991395, -0.9964097, -0.08394578), (0.018169627, -0.99493545, -0.098860264), (0.027936388, -0.9964, -0.080041036), (0.018169627, -0.99493545, -0.098860264), (0.010991395, -0.9964097, -0.08394578), (0.0077957376, -0.99657005, -0.08238636), (0.0023181215, -0.997847, -0.06554288), (0.0077957376, -0.99657005, -0.08238636), (-0.018474856, -0.9971999, -0.07246414), (-0.011138506, -0.9976086, -0.06821188), (0.0023181215, -0.997847, -0.06554288), (-0.018474856, -0.9971999, -0.07246414), (-0.0050345627, -0.9996376, -0.026445584), (-0.0062193964, -0.9993613, -0.035191093), (0.008324598, -0.9990762, -0.042160135), (0.041260667, 0.9980384, 0.047084183), (0.030035554, 0.9987693, 0.03946774), (0.018243862, 0.99955636, 0.023541763), (0.041260667, 0.9980384, 0.047084183), (0.04470223, 0.99801207, 0.044424653), (0.030035554, 0.9987693, 0.03946774), (0.018243862, 0.99955636, 0.023541763), (0.00735193, 0.99994594, 0.007358922), (0.031577617, 0.9985827, 0.04284145), (0.018243862, 0.99955636, 0.023541763), (-0.00025904793, 0.99999934, 0.0010598466), (0.00735193, 0.99994594, 0.007358922), (0.0014970365, 0.9999975, 0.0016762093), (0.000044094053, 1, -0.000088051616), (0.00004202351, 1, 0.0000032815317), (0.000018610055, 1, 0.000021296337), (0.00004202351, 1, 0.0000032815317), (0.0000023851865, 1, 0.0000059153554), (0.000044094053, 1, -0.000088051616), (0.0000023851865, 1, 0.0000059153554), (0.00004202351, 1, 0.0000032815317), (8.279084e-7, 1, 7.0514886e-7), (0.000018610055, 1, 0.000021296337), (0.0000023851865, 1, 0.0000059153554), (0.036590103, 0.99849683, 0.040807042), (0.04661324, 0.99723977, 0.057794683), (0.04470223, 0.99801207, 0.044424653), (0.038132656, 0.99868655, 0.03421972), (0.030035554, 0.9987693, 0.03946774), (0.04470223, 0.99801207, 0.044424653), (-0.02107597, -0.9995255, -0.02246624), (-0.012089863, -0.9991667, -0.03898289), (-0.0050345627, -0.9996376, -0.026445584), (-0.012089863, -0.9991667, -0.03898289), (-0.011590185, -0.99934393, -0.034312792), (-0.0050345627, -0.9996376, -0.026445584), (-0.002842636, -0.99936455, -0.035532624), (-0.011064589, -0.99938804, -0.033181902), (-0.012089863, -0.9991667, -0.03898289), (-0.015113142, -0.9997995, -0.013137988), (-0.002842636, -0.99936455, -0.035532624), (0.013650436, -0.99983937, -0.011619564), (0.018169627, -0.99493545, -0.098860264), (0.00927654, -0.99668616, -0.08081216), (0.027936388, -0.9964, -0.080041036), (0.016020948, -0.9959044, -0.08898152), (0.018169627, -0.99493545, -0.098860264), (0.0077957376, -0.99657005, -0.08238636), (0.0133836, -0.9969086, -0.07742097), (0.016020948, -0.9959044, -0.08898152), (0.0077957376, -0.99657005, -0.08238636), (0.0133836, -0.9969086, -0.07742097), (0.0077957376, -0.99657005, -0.08238636), (0.0023181215, -0.997847, -0.06554288), (0.004817196, -0.9981841, -0.060044285), (0.0133836, -0.9969086, -0.07742097), (0.0023181215, -0.997847, -0.06554288), (0.0133836, -0.9969086, -0.07742097), (0.014334194, -0.9960342, -0.08780903), (0.016020948, -0.9959044, -0.08898152), (0.004817196, -0.9981841, -0.060044285), (0.005863395, -0.99688655, -0.07863029), (0.0133836, -0.9969086, -0.07742097), (-0.0062193964, -0.9993613, -0.035191093), (0.004817196, -0.9981841, -0.060044285), (0.008324598, -0.9990762, -0.042160135), (0.004817196, -0.9981841, -0.060044285), (-0.0062193964, -0.9993613, -0.035191093), (-0.002698355, -0.99858356, -0.053138103), (-0.0050345627, -0.9996376, -0.026445584), (-0.0105975, -0.99939317, -0.03318295), (-0.0062193964, -0.9993613, -0.035191093), (-0.0005197617, 0.9999994, -0.0009749638), (0.0014970365, 0.9999975, 0.0016762093), (0.00735193, 0.99994594, 0.007358922), (0.0014970365, 0.9999975, 0.0016762093), (-0.0005197617, 0.9999994, -0.0009749638), (0.000044094053, 1, -0.000088051616), (0.0000023851865, 1, 0.0000059153554), (-0.000018534443, 1, -0.000041689094), (-0.0000018618383, 1, -8.3354075e-7), (-8.1913834e-7, 1, 0.0000044647622), (0.0000023851865, 1, 0.0000059153554), (-0.0000018618383, 1, -8.3354075e-7), (-8.1913834e-7, 1, 0.0000044647622), (8.279084e-7, 1, 7.0514886e-7), (0.0000023851865, 1, 0.0000059153554), (0.04661324, 0.99723977, 0.057794683), (0.034400586, 0.9957118, 0.08587587), (0.048671585, 0.99436206, 0.09420711), (0.048671585, 0.99436206, 0.09420711), (0.034400586, 0.9957118, 0.08587587), (0.03763019, 0.99575347, 0.0840177), (0.030035554, 0.9987693, 0.03946774), (0.038132656, 0.99868655, 0.03421972), (0.014892658, 0.99954504, 0.026229188), (-0.012089863, -0.9991667, -0.03898289), (-0.011064589, -0.99938804, -0.033181902), (-0.011590185, -0.99934393, -0.034312792), (-0.011064589, -0.99938804, -0.033181902), (-0.002842636, -0.99936455, -0.035532624), (-0.015113142, -0.9997995, -0.013137988), (0.014334194, -0.9960342, -0.08780903), (0.013428936, -0.9954371, -0.094470814), (0.016020948, -0.9959044, -0.08898152), (0.018169627, -0.99493545, -0.098860264), (0.016020948, -0.9959044, -0.08898152), (0.013428936, -0.9954371, -0.094470814), (0.018169627, -0.99493545, -0.098860264), (0.013428936, -0.9954371, -0.094470814), (0.00927654, -0.99668616, -0.08081216), (0.005863395, -0.99688655, -0.07863029), (0.004817196, -0.9981841, -0.060044285), (-0.002698355, -0.99858356, -0.053138103), (-0.0105975, -0.99939317, -0.03318295), (-0.0050345627, -0.9996376, -0.026445584), (-0.011590185, -0.99934393, -0.034312792), (0.026278412, 0.99850297, 0.047970124), (0.014892658, 0.99954504, 0.026229188), (0.038132656, 0.99868655, 0.03421972), (0.0043086014, 0.99987614, 0.015137086), (0.030035554, 0.9987693, 0.03946774), (0.014892658, 0.99954504, 0.026229188), (0.018243862, 0.99955636, 0.023541763), (0.030035554, 0.9987693, 0.03946774), (0.0043086014, 0.99987614, 0.015137086), (0.018243862, 0.99955636, 0.023541763), (0.0043086014, 0.99987614, 0.015137086), (-0.00025904793, 0.99999934, 0.0010598466), (-0.00025904793, 0.99999934, 0.0010598466), (-0.0005197617, 0.9999994, -0.0009749638), (0.00735193, 0.99994594, 0.007358922), (0.000044094053, 1, -0.000088051616), (-0.0005197617, 0.9999994, -0.0009749638), (-0.000018534443, 1, -0.000041689094), (-0.000018534443, 1, -0.000041689094), (0.0000023851865, 1, 0.0000059153554), (0.000044094053, 1, -0.000088051616), (0.04661324, 0.99723977, 0.057794683), (0.048671585, 0.99436206, 0.09420711), (0.026278412, 0.99850297, 0.047970124), (-0.011064589, -0.99938804, -0.033181902), (-0.009238028, -0.99940103, -0.033350337), (-0.011590185, -0.99934393, -0.034312792), (-0.009238028, -0.99940103, -0.033350337), (-0.007709448, -0.99931705, -0.0361394), (-0.011590185, -0.99934393, -0.034312792), (0.013428936, -0.9954371, -0.094470814), (-0.0010035497, -0.99684197, -0.07940542), (0.00927654, -0.99668616, -0.08081216), (0.013428936, -0.9954371, -0.094470814), (0.010744226, -0.9960666, -0.08795429), (-0.0010035497, -0.99684197, -0.07940542), (0.014334194, -0.9960342, -0.08780903), (0.0133836, -0.9969086, -0.07742097), (0.005863395, -0.99688655, -0.07863029), (0.005863395, -0.99688655, -0.07863029), (0.00973042, -0.995705, -0.09206992), (0.014334194, -0.9960342, -0.08780903), (-0.0105975, -0.99939317, -0.03318295), (-0.007709448, -0.99931705, -0.0361394), (-0.002698355, -0.99858356, -0.053138103), (-0.0105975, -0.99939317, -0.03318295), (-0.002698355, -0.99858356, -0.053138103), (-0.0062193964, -0.9993613, -0.035191093), (-0.007709448, -0.99931705, -0.0361394), (0.02256003, -0.99837005, -0.052423965), (-0.002698355, -0.99858356, -0.053138103), (0.0043086014, 0.99987614, 0.015137086), (-0.0010034543, 0.99999213, 0.0038539318), (-0.00025904793, 0.99999934, 0.0010598466), (-0.0010034543, 0.99999213, 0.0038539318), (-0.000007578039, 0.9999999, -0.0004644828), (-0.00025904793, 0.99999934, 0.0010598466), (-0.00025904793, 0.99999934, 0.0010598466), (-0.00011276116, 1, 0.000009815692), (-0.0005197617, 0.9999994, -0.0009749638), (-0.00011276116, 1, 0.000009815692), (-0.00025904793, 0.99999934, 0.0010598466), (-0.000007578039, 0.9999999, -0.0004644828), (-0.0005197617, 0.9999994, -0.0009749638), (-0.00011276116, 1, 0.000009815692), (-0.000018534443, 1, -0.000041689094), (-0.000018534443, 1, -0.000041689094), (-0.000028220877, 1, 0.000035978625), (-0.0000018618383, 1, -8.3354075e-7), (0.012665525, -0.99896073, -0.04378284), (0.02256003, -0.99837005, -0.052423965), (-0.007709448, -0.99931705, -0.0361394), (-0.009238028, -0.99940103, -0.033350337), (0.012665525, -0.99896073, -0.04378284), (-0.007709448, -0.99931705, -0.0361394), (-0.0051788073, -0.99953645, -0.030002654), (-0.015113142, -0.9997995, -0.013137988), (-0.016740786, -0.9998596, -0.0006805272), (-0.015113142, -0.9997995, -0.013137988), (-0.0051788073, -0.99953645, -0.030002654), (-0.011064589, -0.99938804, -0.033181902), (0.00351708, -0.99729806, -0.07337662), (-0.0010035497, -0.99684197, -0.07940542), (0.010744226, -0.9960666, -0.08795429), (0.013428936, -0.9954371, -0.094470814), (0.014334194, -0.9960342, -0.08780903), (0.010744226, -0.9960666, -0.08795429), (0.010744226, -0.9960666, -0.08795429), (0.014334194, -0.9960342, -0.08780903), (0.00973042, -0.995705, -0.09206992), (0.005863395, -0.99688655, -0.07863029), (0.014489169, -0.9972949, -0.07206188), (0.00973042, -0.995705, -0.09206992), (-0.002698355, -0.99858356, -0.053138103), (0.02256003, -0.99837005, -0.052423965), (0.014489169, -0.9972949, -0.07206188), (-0.002698355, -0.99858356, -0.053138103), (0.014489169, -0.9972949, -0.07206188), (0.005863395, -0.99688655, -0.07863029), (0.026278412, 0.99850297, 0.047970124), (0.004389404, 0.99970055, 0.024072083), (0.014892658, 0.99954504, 0.026229188), (0.004389404, 0.99970055, 0.024072083), (0.0020650385, 0.9998338, 0.018114062), (0.014892658, 0.99954504, 0.026229188), (0.0053952783, 0.99871665, 0.0503579), (0.004389404, 0.99970055, 0.024072083), (0.026278412, 0.99850297, 0.047970124), (0.0020650385, 0.9998338, 0.018114062), (0.0043086014, 0.99987614, 0.015137086), (0.014892658, 0.99954504, 0.026229188), (-0.000007578039, 0.9999999, -0.0004644828), (0.00037202734, 0.99999994, -0.0001642732), (-0.00011276116, 1, 0.000009815692), (0.00037202734, 0.99999994, -0.0001642732), (-0.000028220877, 1, 0.000035978625), (-0.00011276116, 1, 0.000009815692), (-0.00011276116, 1, 0.000009815692), (-0.000028220877, 1, 0.000035978625), (-0.000018534443, 1, -0.000041689094), (-0.000028220877, 1, 0.000035978625), (-8.9349425e-7, 1, 0.0000017604575), (-0.0000018618383, 1, -8.3354075e-7), (-0.0000018618383, 1, -8.3354075e-7), (-8.9349425e-7, 1, 0.0000017604575), (-8.1913834e-7, 1, 0.0000044647622), (-8.9349425e-7, 1, 0.0000017604575), (-0.0000045528072, 1, -0.000010716012), (-8.1913834e-7, 1, 0.0000044647622), (0.026278412, 0.99850297, 0.047970124), (0.048671585, 0.99436206, 0.09420711), (0.025118522, 0.9958238, 0.08777245), (0.025118522, 0.9958238, 0.08777245), (0.0053952783, 0.99871665, 0.0503579), (0.026278412, 0.99850297, 0.047970124), (0.012665525, -0.99896073, -0.04378284), (-0.009238028, -0.99940103, -0.033350337), (-0.003199588, -0.99942374, -0.033792585), (0.010744226, -0.9960666, -0.08795429), (0.009787555, -0.99617374, -0.08684542), (0.00351708, -0.99729806, -0.07337662), (0.00973042, -0.995705, -0.09206992), (0.009787555, -0.99617374, -0.08684542), (0.010744226, -0.9960666, -0.08795429), (0.00973042, -0.995705, -0.09206992), (0.020836692, -0.996314, -0.083212815), (0.009787555, -0.99617374, -0.08684542), (0.014489169, -0.9972949, -0.07206188), (0.03178902, -0.997002, -0.070544556), (0.00973042, -0.995705, -0.09206992), (0.0053952783, 0.99871665, 0.0503579), (0.0073507186, 0.99960256, 0.027215542), (0.004389404, 0.99970055, 0.024072083), (0.004389404, 0.99970055, 0.024072083), (-0.00027194704, 0.99997216, 0.0074616037), (0.0020650385, 0.9998338, 0.018114062), (-0.00027194704, 0.99997216, 0.0074616037), (0.004389404, 0.99970055, 0.024072083), (0.0073507186, 0.99960256, 0.027215542), (-0.0010034543, 0.99999213, 0.0038539318), (-0.000282417, 0.99999964, 0.000769909), (-0.000007578039, 0.9999999, -0.0004644828), (-0.000007578039, 0.9999999, -0.0004644828), (-0.000282417, 0.99999964, 0.000769909), (0.00037202734, 0.99999994, -0.0001642732), (-0.000009840115, 1, 0.00004249381), (-8.9349425e-7, 1, 0.0000017604575), (-0.000028220877, 1, 0.000035978625), (-0.0000018414383, 1, -0.000003245157), (-0.0000045528072, 1, -0.000010716012), (-8.9349425e-7, 1, 0.0000017604575), (0.025118522, 0.9958238, 0.08777245), (0.016395897, 0.9968752, 0.07727072), (0.0053952783, 0.99871665, 0.0503579), (-0.003199588, -0.99942374, -0.033792585), (0.01526562, -0.99903774, -0.04111702), (0.012665525, -0.99896073, -0.04378284), (0.020233814, -0.99952763, -0.023133298), (-0.003199588, -0.99942374, -0.033792585), (-0.0051788073, -0.99953645, -0.030002654), (0.009787555, -0.99617374, -0.08684542), (0.010291359, -0.99727714, -0.07302249), (0.00351708, -0.99729806, -0.07337662), (0.00973042, -0.995705, -0.09206992), (0.03178902, -0.997002, -0.070544556), (0.020836692, -0.996314, -0.083212815), (0.02256003, -0.99837005, -0.052423965), (0.053234104, -0.99728143, -0.05094995), (0.014489169, -0.9972949, -0.07206188), (0.012665525, -0.99896073, -0.04378284), (0.05657452, -0.99668765, -0.05842218), (0.02256003, -0.99837005, -0.052423965), (0.0053952783, 0.99871665, 0.0503579), (-0.008381569, 0.99903214, 0.043178078), (0.0073507186, 0.99960256, 0.027215542), (-0.008381569, 0.99903214, 0.043178078), (0.0053952783, 0.99871665, 0.0503579), (0.0071467455, 0.99838084, 0.056433666), (0.0020650385, 0.9998338, 0.018114062), (-0.00027194704, 0.99997216, 0.0074616037), (-0.0010034543, 0.99999213, 0.0038539318), (-0.00027194704, 0.99997216, 0.0074616037), (-0.0071979137, 0.99993986, 0.008279301), (-0.0010034543, 0.99999213, 0.0038539318), (-0.000282417, 0.99999964, 0.000769909), (-0.0010034543, 0.99999213, 0.0038539318), (-0.0071979137, 0.99993986, 0.008279301), (-0.000009840115, 1, 0.00004249381), (0.00037202734, 0.99999994, -0.0001642732), (0.00006292616, 0.99999976, -0.0007080453), (0.00037202734, 0.99999994, -0.0001642732), (-0.000009840115, 1, 0.00004249381), (-0.000028220877, 1, 0.000035978625), (-8.9349425e-7, 1, 0.0000017604575), (-0.000009840115, 1, 0.00004249381), (-0.0000018414383, 1, -0.000003245157), (0.016395897, 0.9968752, 0.07727072), (0.030451667, 0.9977198, 0.060230494), (0.0071467455, 0.99838084, 0.056433666), (0.0071467455, 0.99838084, 0.056433666), (0.0053952783, 0.99871665, 0.0503579), (0.016395897, 0.9968752, 0.07727072), (0.012665525, -0.99896073, -0.04378284), (0.01526562, -0.99903774, -0.04111702), (0.036518414, -0.996819, -0.070838906), (0.020233814, -0.99952763, -0.023133298), (0.01526562, -0.99903774, -0.04111702), (-0.003199588, -0.99942374, -0.033792585), (0.010291359, -0.99727714, -0.07302249), (0.0035970786, -0.99858433, -0.053069253), (0.00351708, -0.99729806, -0.07337662), (0.0035970786, -0.99858433, -0.053069253), (0.010291359, -0.99727714, -0.07302249), (0.0059188297, -0.9986772, -0.05107755), (0.009787555, -0.99617374, -0.08684542), (0.020836692, -0.996314, -0.083212815), (0.011101642, -0.99645907, -0.08334338), (0.009787555, -0.99617374, -0.08684542), (0.011101642, -0.99645907, -0.08334338), (0.010291359, -0.99727714, -0.07302249), (0.027499977, -0.99846625, -0.048050575), (0.020836692, -0.996314, -0.083212815), (0.03178902, -0.997002, -0.070544556), (0.03178902, -0.997002, -0.070544556), (0.014489169, -0.9972949, -0.07206188), (0.053234104, -0.99728143, -0.05094995), (0.053234104, -0.99728143, -0.05094995), (0.027499977, -0.99846625, -0.048050575), (0.03178902, -0.997002, -0.070544556), (0.05657452, -0.99668765, -0.05842218), (0.053234104, -0.99728143, -0.05094995), (0.02256003, -0.99837005, -0.052423965), (0.012665525, -0.99896073, -0.04378284), (0.036518414, -0.996819, -0.070838906), (0.05657452, -0.99668765, -0.05842218), (0.05657452, -0.99668765, -0.05842218), (0.036518414, -0.996819, -0.070838906), (0.042842414, -0.9967122, -0.068768285), (0.0073507186, 0.99960256, 0.027215542), (-0.0042808037, 0.99986756, 0.015706094), (-0.00027194704, 0.99997216, 0.0074616037), (-0.0071979137, 0.99993986, 0.008279301), (0.00026964038, 0.9999999, 0.00035415697), (-0.000282417, 0.99999964, 0.000769909), (0.00037202734, 0.99999994, -0.0001642732), (0.00026964038, 0.9999999, 0.00035415697), (0.00006292616, 0.99999976, -0.0007080453), (0.00026964038, 0.9999999, 0.00035415697), (0.00037202734, 0.99999994, -0.0001642732), (-0.000282417, 0.99999964, 0.000769909), (0.00006292616, 0.99999976, -0.0007080453), (0.00026964038, 0.9999999, 0.00035415697), (-0.0003703297, 0.9999998, -0.0005644972), (0.0000020935636, 1, 0.000026082764), (-0.000009840115, 1, 0.00004249381), (0.00006292616, 0.99999976, -0.0007080453), (-0.0000018414383, 1, -0.000003245157), (-0.000009840115, 1, 0.00004249381), (0.0000020935636, 1, 0.000026082764), (0.030451667, 0.9977198, 0.060230494), (0.024663078, 0.9988694, 0.040641196), (0.0071467455, 0.99838084, 0.056433666), (0.020233814, -0.99952763, -0.023133298), (0.022812173, -0.9986533, -0.046596386), (0.01526562, -0.99903774, -0.04111702), (0.020233814, -0.99952763, -0.023133298), (0.0026783429, -0.99961346, -0.027672894), (0.022812173, -0.9986533, -0.046596386), (0.011101642, -0.99645907, -0.08334338), (0.008007202, -0.9969429, -0.077722505), (0.010291359, -0.99727714, -0.07302249), (0.020836692, -0.996314, -0.083212815), (0.0032181886, -0.99747115, -0.07100084), (0.011101642, -0.99645907, -0.08334338), (0.05657452, -0.99668765, -0.05842218), (0.042842414, -0.9967122, -0.068768285), (0.053234104, -0.99728143, -0.05094995), (0.036518414, -0.996819, -0.070838906), (0.012956604, -0.9963184, -0.08474567), (0.042842414, -0.9967122, -0.068768285), (0.01526562, -0.99903774, -0.04111702), (0.022812173, -0.9986533, -0.046596386), (0.036518414, -0.996819, -0.070838906), (-0.0042808037, 0.99986756, 0.015706094), (0.0073507186, 0.99960256, 0.027215542), (-0.008381569, 0.99903214, 0.043178078), (-0.0042808037, 0.99986756, 0.015706094), (0.0037146527, 0.9999929, -0.00065820816), (-0.0025286393, 0.9999885, 0.004088083), (-0.0071979137, 0.99993986, 0.008279301), (-0.00051086576, 0.99997205, 0.0074568246), (0.00026964038, 0.9999999, 0.00035415697), (0.0000020935636, 1, 0.000026082764), (0.00006292616, 0.99999976, -0.0007080453), (-0.0003703297, 0.9999998, -0.0005644972), (0.000016426426, 1, -0.00003351259), (0.0000020935636, 1, 0.000026082764), (0.000019074902, 1, 0.00002784079), (0.024663078, 0.9988694, 0.040641196), (0.0014616138, 0.99948156, 0.032165226), (0.0071467455, 0.99838084, 0.056433666), (0.0071467455, 0.99838084, 0.056433666), (0.0014616138, 0.99948156, 0.032165226), (-0.008381569, 0.99903214, 0.043178078), (0.013006379, -0.99978334, -0.016250983), (0.0026783429, -0.99961346, -0.027672894), (0.020233814, -0.99952763, -0.023133298), (0.010291359, -0.99727714, -0.07302249), (0.008007202, -0.9969429, -0.077722505), (0.0059188297, -0.9986772, -0.05107755), (0.0032910078, -0.9964788, -0.08378093), (0.00028416075, -0.9983475, -0.057464004), (0.008007202, -0.9969429, -0.077722505), (0.011101642, -0.99645907, -0.08334338), (0.0032910078, -0.9964788, -0.08378093), (0.008007202, -0.9969429, -0.077722505), (0.0032181886, -0.99747115, -0.07100084), (0.020836692, -0.996314, -0.083212815), (0.027499977, -0.99846625, -0.048050575), (0.042842414, -0.9967122, -0.068768285), (0.00967856, -0.99938005, -0.03385089), (0.053234104, -0.99728143, -0.05094995), (0.00967856, -0.99938005, -0.03385089), (0.027499977, -0.99846625, -0.048050575), (0.053234104, -0.99728143, -0.05094995), (0.00967856, -0.99938005, -0.03385089), (0.042842414, -0.9967122, -0.068768285), (-0.008944997, -0.9979343, -0.06361768), (0.022812173, -0.9986533, -0.046596386), (0.012956604, -0.9963184, -0.08474567), (0.036518414, -0.996819, -0.070838906), (0.042842414, -0.9967122, -0.068768285), (0.012956604, -0.9963184, -0.08474567), (-0.008944997, -0.9979343, -0.06361768), (-0.0042808037, 0.99986756, 0.015706094), (-0.008381569, 0.99903214, 0.043178078), (-0.009722395, 0.99910694, 0.041120045), (-0.0042808037, 0.99986756, 0.015706094), (-0.009085137, 0.9996479, 0.024931226), (0.0037146527, 0.9999929, -0.00065820816), (-0.0025286393, 0.9999885, 0.004088083), (-0.00051086576, 0.99997205, 0.0074568246), (-0.0071979137, 0.99993986, 0.008279301), (-0.00051086576, 0.99997205, 0.0074568246), (-0.0025286393, 0.9999885, 0.004088083), (0.0035602313, 0.99995893, 0.00832942), (-0.00051086576, 0.99997205, 0.0074568246), (-0.0003703297, 0.9999998, -0.0005644972), (0.00026964038, 0.9999999, 0.00035415697), (0.000029539435, 1, 0.000034923945), (0.000019074902, 1, 0.00002784079), (0.0000020935636, 1, 0.000026082764), (0.0014616138, 0.99948156, 0.032165226), (-0.009722395, 0.99910694, 0.041120045), (-0.008381569, 0.99903214, 0.043178078), (0.022812173, -0.9986533, -0.046596386), (-0.006974863, -0.9983441, -0.057099264), (0.012956604, -0.9963184, -0.08474567), (-0.006974863, -0.9983441, -0.057099264), (0.022812173, -0.9986533, -0.046596386), (0.0026783429, -0.99961346, -0.027672894), (0.008007202, -0.9969429, -0.077722505), (0.00028416075, -0.9983475, -0.057464004), (0.0059188297, -0.9986772, -0.05107755), (0.0032181886, -0.99747115, -0.07100084), (0.0032910078, -0.9964788, -0.08378093), (0.011101642, -0.99645907, -0.08334338), (-0.010453307, -0.9960341, -0.08835619), (0.0032910078, -0.9964788, -0.08378093), (0.0032181886, -0.99747115, -0.07100084), (-0.010453307, -0.9960341, -0.08835619), (0.0032181886, -0.99747115, -0.07100084), (-0.016852258, -0.99885577, -0.044755366), (-0.016852258, -0.99885577, -0.044755366), (0.0032181886, -0.99747115, -0.07100084), (0.027499977, -0.99846625, -0.048050575), (-0.016852258, -0.99885577, -0.044755366), (0.027499977, -0.99846625, -0.048050575), (0.00967856, -0.99938005, -0.03385089), (-0.024725268, -0.99938464, -0.024879754), (-0.016852258, -0.99885577, -0.044755366), (0.00967856, -0.99938005, -0.03385089), (0.016412549, 0.9995501, 0.025103947), (-0.009085137, 0.9996479, 0.024931226), (-0.009722395, 0.99910694, 0.041120045), (-0.009085137, 0.9996479, 0.024931226), (-0.0042808037, 0.99986756, 0.015706094), (-0.009722395, 0.99910694, 0.041120045), (-0.0025286393, 0.9999885, 0.004088083), (0.0037146527, 0.9999929, -0.00065820816), (0.0035602313, 0.99995893, 0.00832942), (0.0035602313, 0.99995893, 0.00832942), (-0.00032703878, 0.9999999, 0.00034311705), (-0.00051086576, 0.99997205, 0.0074568246), (-0.00032703878, 0.9999999, 0.00034311705), (0.0035602313, 0.99995893, 0.00832942), (-0.0009210648, 0.9999982, 0.0016171702), (-0.00051086576, 0.99997205, 0.0074568246), (-0.00032703878, 0.9999999, 0.00034311705), (-0.0003703297, 0.9999998, -0.0005644972), (0.000029539435, 1, 0.000034923945), (-0.0003703297, 0.9999998, -0.0005644972), (-0.00032703878, 0.9999999, 0.00034311705), (0.000029539435, 1, 0.000034923945), (-0.00010880333, 1, 0.00013916203), (0.000019074902, 1, 0.00002784079), (0.024663078, 0.9988694, 0.040641196), (0.028482549, 0.99937594, 0.020888425), (0.0014616138, 0.99948156, 0.032165226), (0.028482549, 0.99937594, 0.020888425), (0.020751227, 0.9996819, 0.014339544), (0.0014616138, 0.99948156, 0.032165226), (-0.006974863, -0.9983441, -0.057099264), (0.0026783429, -0.99961346, -0.027672894), (-0.024789624, -0.9990905, -0.034693304), (0.013006379, -0.99978334, -0.016250983), (-0.016990986, -0.99977624, -0.012597875), (0.0026783429, -0.99961346, -0.027672894), (0.0026783429, -0.99961346, -0.027672894), (-0.016990986, -0.99977624, -0.012597875), (-0.024789624, -0.9990905, -0.034693304), (0.00028416075, -0.9983475, -0.057464004), (0.0032910078, -0.9964788, -0.08378093), (-0.0044423705, -0.99641865, -0.08444045), (0.0032910078, -0.9964788, -0.08378093), (-0.010453307, -0.9960341, -0.08835619), (-0.0044423705, -0.99641865, -0.08444045), (-0.016852258, -0.99885577, -0.044755366), (-0.011439268, -0.99793047, -0.06327643), (-0.010453307, -0.9960341, -0.08835619), (-0.011439268, -0.99793047, -0.06327643), (-0.016852258, -0.99885577, -0.044755366), (-0.024725268, -0.99938464, -0.024879754), (-0.008944997, -0.9979343, -0.06361768), (-0.024725268, -0.99938464, -0.024879754), (0.00967856, -0.99938005, -0.03385089), (0.016412549, 0.9995501, 0.025103947), (0.016242879, 0.9996002, 0.023140619), (-0.009085137, 0.9996479, 0.024931226), (-0.009085137, 0.9996479, 0.024931226), (0.016242879, 0.9996002, 0.023140619), (0.003305584, 0.99990356, 0.013492427), (0.0037146527, 0.9999929, -0.00065820816), (-0.009085137, 0.9996479, 0.024931226), (-0.00060194643, 0.99995154, 0.009826684), (0.0037146527, 0.9999929, -0.00065820816), (-0.00060194643, 0.99995154, 0.009826684), (0.0035602313, 0.99995893, 0.00832942), (0.000029539435, 1, 0.000034923945), (-0.0001775489, 1, -0.00005213236), (-0.00010880333, 1, 0.00013916203), (0.020751227, 0.9996819, 0.014339544), (0.028482549, 0.99937594, 0.020888425), (0.010274006, 0.99964595, 0.024549058), (-0.009722395, 0.99910694, 0.041120045), (0.020751227, 0.9996819, 0.014339544), (0.016412549, 0.9995501, 0.025103947), (-0.024789624, -0.9990905, -0.034693304), (-0.024608793, -0.9971182, -0.071761996), (-0.006974863, -0.9983441, -0.057099264), (-0.016990986, -0.99977624, -0.012597875), (0.007114267, -0.99996364, 0.004695522), (-0.024789624, -0.9990905, -0.034693304), (0.00028416075, -0.9983475, -0.057464004), (0.00029335328, -0.99850017, -0.05474694), (0.0032903145, -0.9992903, -0.03752611), (-0.0044423705, -0.99641865, -0.08444045), (0.00029335328, -0.99850017, -0.05474694), (0.00028416075, -0.9983475, -0.057464004), (-0.010453307, -0.9960341, -0.08835619), (-0.007369262, -0.9955679, -0.09375599), (-0.0044423705, -0.99641865, -0.08444045), (-0.019107126, -0.9994097, -0.028549278), (-0.011439268, -0.99793047, -0.06327643), (-0.024725268, -0.99938464, -0.024879754), (-0.008944997, -0.9979343, -0.06361768), (-0.02574291, -0.9985587, -0.047094062), (-0.024725268, -0.99938464, -0.024879754), (0.012956604, -0.9963184, -0.08474567), (-0.01713203, -0.9960934, -0.08662733), (-0.008944997, -0.9979343, -0.06361768), (-0.01713203, -0.9960934, -0.08662733), (-0.02574291, -0.9985587, -0.047094062), (-0.008944997, -0.9979343, -0.06361768), (0.012956604, -0.9963184, -0.08474567), (-0.006974863, -0.9983441, -0.057099264), (-0.01713203, -0.9960934, -0.08662733), (-0.024608793, -0.9971182, -0.071761996), (-0.029550103, -0.99620914, -0.08181716), (-0.01713203, -0.9960934, -0.08662733), (-0.006974863, -0.9983441, -0.057099264), (-0.024608793, -0.9971182, -0.071761996), (-0.01713203, -0.9960934, -0.08662733), (0.003305584, 0.99990356, 0.013492427), (-0.00060194643, 0.99995154, 0.009826684), (-0.009085137, 0.9996479, 0.024931226), (-0.0021452408, 0.999979, 0.006096824), (0.0035602313, 0.99995893, 0.00832942), (-0.00060194643, 0.99995154, 0.009826684), (-0.00032703878, 0.9999999, 0.00034311705), (-0.0001775489, 1, -0.00005213236), (0.000029539435, 1, 0.000034923945), (-0.00032703878, 0.9999999, 0.00034311705), (-0.0009210648, 0.9999982, 0.0016171702), (-0.0001775489, 1, -0.00005213236), (-0.0001775489, 1, -0.00005213236), (0.0045442507, 0.99998575, 0.0027940827), (-0.00010880333, 1, 0.00013916203), (0.020751227, 0.9996819, 0.014339544), (-0.009722395, 0.99910694, 0.041120045), (0.0014616138, 0.99948156, 0.032165226), (0.03166287, 0.9993648, 0.016353365), (0.016412549, 0.9995501, 0.025103947), (0.020751227, 0.9996819, 0.014339544), (0.0032569552, -0.9998567, -0.016610485), (0.0013240994, -0.99862385, -0.0524282), (-0.024608793, -0.9971182, -0.071761996), (-0.024789624, -0.9990905, -0.034693304), (0.0032569552, -0.9998567, -0.016610485), (-0.024608793, -0.9971182, -0.071761996), (0.0032569552, -0.9998567, -0.016610485), (-0.024789624, -0.9990905, -0.034693304), (0.007114267, -0.99996364, 0.004695522), (0.00029335328, -0.99850017, -0.05474694), (0.0080046905, -0.99951035, -0.030249631), (0.0032903145, -0.9992903, -0.03752611), (0.008013008, -0.99828696, -0.05795664), (0.00029335328, -0.99850017, -0.05474694), (-0.001750285, -0.99638945, -0.08488175), (-0.0044423705, -0.99641865, -0.08444045), (-0.001750285, -0.99638945, -0.08488175), (0.00029335328, -0.99850017, -0.05474694), (-0.001750285, -0.99638945, -0.08488175), (-0.0044423705, -0.99641865, -0.08444045), (-0.007369262, -0.9955679, -0.09375599), (-0.007369262, -0.9955679, -0.09375599), (-0.010453307, -0.9960341, -0.08835619), (-0.011439268, -0.99793047, -0.06327643), (-0.011439268, -0.99793047, -0.06327643), (-0.010344261, -0.9962684, -0.085688196), (-0.007369262, -0.9955679, -0.09375599), (-0.024725268, -0.99938464, -0.024879754), (-0.02574291, -0.9985587, -0.047094062), (-0.019107126, -0.9994097, -0.028549278), (-0.019107126, -0.9994097, -0.028549278), (-0.02574291, -0.9985587, -0.047094062), (-0.022409467, -0.9983254, -0.053331435), (-0.029550103, -0.99620914, -0.08181716), (-0.02574291, -0.9985587, -0.047094062), (-0.01713203, -0.9960934, -0.08662733), (0.00005018763, 1, 0.000013716331), (0.000017791821, 1, 0.000016911481), (-9.64925e-7, 1, 0.000008865145), (-0.000009520282, 1, 0.00010510601), (0.000056619603, 0.99999994, -0.000100094425), (-9.64925e-7, 1, 0.000008865145), (0.014129023, 0.9789435, -0.20364147), (0.0007202715, 0.9999501, -0.009963535), (-0.0059810625, 0.9951173, -0.09851733), (0.014129023, 0.9789435, -0.20364147), (0.066219084, 0.94873905, -0.30904567), (-0.0012321788, 0.93763703, -0.34761363), (0.066219084, 0.94873905, -0.30904567), (0.014129023, 0.9789435, -0.20364147), (0.028432317, 0.96173155, -0.27251425), (0.066219084, 0.94873905, -0.30904567), (0.040867526, 0.9531904, -0.29959616), (0.011840893, 0.9609565, -0.27644604), (0.040867526, 0.9531904, -0.29959616), (0.02157321, 0.647635, -0.7616453), (0.011840893, 0.9609565, -0.27644604), (0.023272641, -0.99958676, 0.016875787), (-0.010817779, -0.9991804, -0.03900613), (-0.036664706, -0.9982104, -0.04724239), (0.00872323, -0.9996262, 0.025908196), (0.016289541, -0.999569, 0.02442115), (0.043020356, -0.99878, 0.024242917), (0.014714884, -0.99593157, 0.08890359), (0.00872323, -0.9996262, 0.025908196), (0.043020356, -0.99878, 0.024242917), (-0.019604184, -0.15840565, -0.98717946), (-0.0070613134, -0.04390984, -0.9990105), (-0.011163532, 0.007221829, -0.9999116), (-0.011163532, 0.007221829, -0.9999116), (-0.007024258, -0.09266835, -0.99567235), (-0.019604184, -0.15840565, -0.98717946), (-0.008020323, -0.9884666, 0.15122627), (0.0031293647, -0.9812424, 0.19275267), (0.0011492228, -0.99300086, 0.11810118), (-0.0070613134, -0.04390984, -0.9990105), (-0.019604184, -0.15840565, -0.98717946), (-0.046949003, -0.2142506, -0.97564983), (-0.019604184, -0.15840565, -0.98717946), (-0.007024258, -0.09266835, -0.99567235), (-0.049409647, -0.8159453, -0.5760139), (-0.02676333, -0.8796086, -0.4749448), (-0.04726086, -0.97647095, 0.21040669), (-0.005623134, -0.96604484, 0.25831312), (-0.02676333, -0.8796086, -0.4749448), (-0.019604184, -0.15840565, -0.98717946), (-0.049409647, -0.8159453, -0.5760139), (-0.049409647, -0.8159453, -0.5760139), (-0.04726086, -0.97647095, 0.21040669), (-0.02676333, -0.8796086, -0.4749448), (0.0000019109675, 1, -0.0000013740364), (-9.64925e-7, 1, 0.000008865145), (0.000017791821, 1, 0.000016911481), (-9.64925e-7, 1, 0.000008865145), (-0.000031699525, 1, 0.00001867091), (-0.000009520282, 1, 0.00010510601), (-0.000009520282, 1, 0.00010510601), (0.0005105221, 0.9999974, 0.0022408613), (0.00015555852, 1, 0.00011586794), (0.004031548, 0.99999034, 0.0017622091), (0.0007202715, 0.9999501, -0.009963535), (0.00015555852, 1, 0.00011586794), (-0.0059810625, 0.9951173, -0.09851733), (0.0007202715, 0.9999501, -0.009963535), (0.004031548, 0.99999034, 0.0017622091), (0.028432317, 0.96173155, -0.27251425), (0.040867526, 0.9531904, -0.29959616), (0.066219084, 0.94873905, -0.30904567), (0.0061069313, 0.57336307, -0.8192786), (0.02157321, 0.647635, -0.7616453), (0.040867526, 0.9531904, -0.29959616), (0.0061069313, 0.57336307, -0.8192786), (-0.011163532, 0.007221829, -0.9999116), (0.02157321, 0.647635, -0.7616453), (-0.010817779, -0.9991804, -0.03900613), (0.023272641, -0.99958676, 0.016875787), (0.013650436, -0.99983937, -0.011619564), (0.023272641, -0.99958676, 0.016875787), (0.016289541, -0.999569, 0.02442115), (-0.0069008176, -0.9997102, 0.023061933), (0.043020356, -0.99878, 0.024242917), (0.016289541, -0.999569, 0.02442115), (0.023272641, -0.99958676, 0.016875787), (0.0031293647, -0.9812424, 0.19275267), (-0.03093625, -0.9809581, 0.19173977), (0.0011492228, -0.99300086, 0.11810118), (-0.03093625, -0.9809581, 0.19173977), (-0.029493757, -0.996477, 0.07850986), (0.0011492228, -0.99300086, 0.11810118), (-0.018755395, -0.97171926, 0.23539317), (-0.03093625, -0.9809581, 0.19173977), (0.0031293647, -0.9812424, 0.19275267), (-0.01323169, -0.9686843, 0.24794295), (-0.018755395, -0.97171926, 0.23539317), (0.0031293647, -0.9812424, 0.19275267), (-0.018755395, -0.97171926, 0.23539317), (-0.01323169, -0.9686843, 0.24794295), (-0.005623134, -0.96604484, 0.25831312), (-0.04726086, -0.97647095, 0.21040669), (-0.018755395, -0.97171926, 0.23539317), (-0.005623134, -0.96604484, 0.25831312), (-0.049409647, -0.8159453, -0.5760139), (-0.06153669, -0.9829399, 0.1733277), (-0.04726086, -0.97647095, 0.21040669), (0.0000019109675, 1, -0.0000013740364), (0.000018610055, 1, 0.000021296337), (8.279084e-7, 1, 7.0514886e-7), (-9.64925e-7, 1, 0.000008865145), (0.0000019109675, 1, -0.0000013740364), (-0.000031699525, 1, 0.00001867091), (0.0000019109675, 1, -0.0000013740364), (-0.0000090555895, 1, -0.00004711431), (-0.000031699525, 1, 0.00001867091), (8.279084e-7, 1, 7.0514886e-7), (-0.0000090555895, 1, -0.00004711431), (0.0000019109675, 1, -0.0000013740364), (-0.000031699525, 1, 0.00001867091), (0.0005105221, 0.9999974, 0.0022408613), (-0.000009520282, 1, 0.00010510601), (0.0005105221, 0.9999974, 0.0022408613), (-0.000031699525, 1, 0.00001867091), (-0.00018289406, 0.99999994, -0.00047673253), (0.00015555852, 1, 0.00011586794), (0.0005105221, 0.9999974, 0.0022408613), (0.004031548, 0.99999034, 0.0017622091), (-0.0059810625, 0.9951173, -0.09851733), (0.004031548, 0.99999034, 0.0017622091), (0.00605814, 0.99958825, -0.02804738), (0.028432317, 0.96173155, -0.27251425), (0.014129023, 0.9789435, -0.20364147), (-0.0059810625, 0.9951173, -0.09851733), (0.016278286, 0.98066527, -0.19501477), (0.028432317, 0.96173155, -0.27251425), (-0.0059810625, 0.9951173, -0.09851733), (0.00605814, 0.99958825, -0.02804738), (0.016278286, 0.98066527, -0.19501477), (-0.0059810625, 0.9951173, -0.09851733), (0.028432317, 0.96173155, -0.27251425), (0.019763066, 0.94414735, -0.32893038), (0.040867526, 0.9531904, -0.29959616), (0.0061069313, 0.57336307, -0.8192786), (0.019763066, 0.94414735, -0.32893038), (-0.0071281753, 0.5947622, -0.80387), (-0.013083726, 0.002398679, -0.99991155), (-0.007024258, -0.09266835, -0.99567235), (-0.011163532, 0.007221829, -0.9999116), (-0.0069008176, -0.9997102, 0.023061933), (0.013650436, -0.99983937, -0.011619564), (0.023272641, -0.99958676, 0.016875787), (-0.0069008176, -0.9997102, 0.023061933), (-0.015113142, -0.9997995, -0.013137988), (0.013650436, -0.99983937, -0.011619564), (0.016289541, -0.999569, 0.02442115), (0.00872323, -0.9996262, 0.025908196), (-0.027991433, -0.9994753, 0.016297154), (-0.021262636, -0.06776427, -0.99747473), (-0.007024258, -0.09266835, -0.99567235), (-0.013083726, 0.002398679, -0.99991155), (-0.018755395, -0.97171926, 0.23539317), (-0.036392972, -0.97514385, 0.21856351), (-0.03093625, -0.9809581, 0.19173977), (-0.007024258, -0.09266835, -0.99567235), (-0.051379584, -0.7782971, -0.62579054), (-0.049409647, -0.8159453, -0.5760139), (-0.04726086, -0.97647095, 0.21040669), (-0.06153669, -0.9829399, 0.1733277), (-0.018755395, -0.97171926, 0.23539317), (-0.00018289406, 0.99999994, -0.00047673253), (-0.000031699525, 1, 0.00001867091), (-0.0000090555895, 1, -0.00004711431), (0.00605814, 0.99958825, -0.02804738), (0.004031548, 0.99999034, 0.0017622091), (0.0005105221, 0.9999974, 0.0022408613), (0.0055436892, 0.9910078, -0.13368878), (0.016278286, 0.98066527, -0.19501477), (0.00605814, 0.99958825, -0.02804738), (0.016278286, 0.98066527, -0.19501477), (0.0062858756, 0.9574869, -0.28840807), (0.028432317, 0.96173155, -0.27251425), (0.0062858756, 0.9574869, -0.28840807), (-0.033508893, 0.92281765, -0.3837768), (0.019763066, 0.94414735, -0.32893038), (0.028432317, 0.96173155, -0.27251425), (0.0062858756, 0.9574869, -0.28840807), (0.019763066, 0.94414735, -0.32893038), (0.019763066, 0.94414735, -0.32893038), (0.0061069313, 0.57336307, -0.8192786), (0.040867526, 0.9531904, -0.29959616), (-0.0071281753, 0.5947622, -0.80387), (-0.013083726, 0.002398679, -0.99991155), (0.0061069313, 0.57336307, -0.8192786), (0.0061069313, 0.57336307, -0.8192786), (-0.013083726, 0.002398679, -0.99991155), (-0.011163532, 0.007221829, -0.9999116), (-0.015113142, -0.9997995, -0.013137988), (-0.0069008176, -0.9997102, 0.023061933), (-0.028612414, -0.99953777, 0.010279243), (0.016289541, -0.999569, 0.02442115), (-0.027991433, -0.9994753, 0.016297154), (-0.0069008176, -0.9997102, 0.023061933), (0.0011492228, -0.99300086, 0.11810118), (-0.029493757, -0.996477, 0.07850986), (0.00872323, -0.9996262, 0.025908196), (-0.013083726, 0.002398679, -0.99991155), (0.0059354356, -0.039399654, -0.99920595), (-0.021262636, -0.06776427, -0.99747473), (-0.03093625, -0.9809581, 0.19173977), (-0.029466102, -0.9827047, 0.18281996), (-0.029493757, -0.996477, 0.07850986), (-0.029466102, -0.9827047, 0.18281996), (-0.03093625, -0.9809581, 0.19173977), (-0.036392972, -0.97514385, 0.21856351), (-0.06153669, -0.9829399, 0.1733277), (-0.036392972, -0.97514385, 0.21856351), (-0.018755395, -0.97171926, 0.23539317), (-0.007024258, -0.09266835, -0.99567235), (-0.021262636, -0.06776427, -0.99747473), (-0.051379584, -0.7782971, -0.62579054), (-0.06153669, -0.9829399, 0.1733277), (-0.049409647, -0.8159453, -0.5760139), (-0.051379584, -0.7782971, -0.62579054), (-0.00065723166, 0.99997854, 0.0065156254), (0.00605814, 0.99958825, -0.02804738), (0.0005105221, 0.9999974, 0.0022408613), (0.016278286, 0.98066527, -0.19501477), (-0.034893874, 0.9631744, -0.26660365), (0.0062858756, 0.9574869, -0.28840807), (-0.034893874, 0.9631744, -0.26660365), (-0.030066364, 0.9311498, -0.3633952), (0.0062858756, 0.9574869, -0.28840807), (0.0062858756, 0.9574869, -0.28840807), (-0.030066364, 0.9311498, -0.3633952), (-0.033508893, 0.92281765, -0.3837768), (-0.030432517, 0.4938104, -0.86903703), (-0.0071281753, 0.5947622, -0.80387), (-0.033508893, 0.92281765, -0.3837768), (0.019763066, 0.94414735, -0.32893038), (-0.033508893, 0.92281765, -0.3837768), (-0.0071281753, 0.5947622, -0.80387), (-0.0071281753, 0.5947622, -0.80387), (-0.030432517, 0.4938104, -0.86903703), (-0.013083726, 0.002398679, -0.99991155), (-0.030432517, 0.4938104, -0.86903703), (0.0059354356, -0.039399654, -0.99920595), (-0.013083726, 0.002398679, -0.99991155), (-0.029493757, -0.996477, 0.07850986), (-0.027991433, -0.9994753, 0.016297154), (0.00872323, -0.9996262, 0.025908196), (-0.025385665, -0.7870202, -0.6164047), (-0.021262636, -0.06776427, -0.99747473), (0.0059354356, -0.039399654, -0.99920595), (-0.036392972, -0.97514385, 0.21856351), (-0.06153669, -0.9829399, 0.1733277), (-0.01778165, -0.9850756, 0.17120121), (-0.021262636, -0.06776427, -0.99747473), (-0.025385665, -0.7870202, -0.6164047), (-0.051379584, -0.7782971, -0.62579054), (-8.1913834e-7, 1, 0.0000044647622), (-0.000003977405, 1, -0.000059143145), (8.279084e-7, 1, 7.0514886e-7), (8.279084e-7, 1, 7.0514886e-7), (-0.000003977405, 1, -0.000059143145), (-0.0000090555895, 1, -0.00004711431), (-0.0000090555895, 1, -0.00004711431), (-0.000003977405, 1, -0.000059143145), (-0.00018289406, 0.99999994, -0.00047673253), (0.0003588911, 0.99999994, -0.0001094623), (-0.00018289406, 0.99999994, -0.00047673253), (-0.000003977405, 1, -0.000059143145), (0.000030088288, 1, -0.00008062058), (0.0003588911, 0.99999994, -0.0001094623), (-0.000003977405, 1, -0.000059143145), (-0.00018289406, 0.99999994, -0.00047673253), (0.0003588911, 0.99999994, -0.0001094623), (-0.00065723166, 0.99997854, 0.0065156254), (-0.00065723166, 0.99997854, 0.0065156254), (0.0005105221, 0.9999974, 0.0022408613), (-0.00018289406, 0.99999994, -0.00047673253), (-0.009307928, 0.99995196, -0.0030636836), (0.00605814, 0.99958825, -0.02804738), (-0.00065723166, 0.99997854, 0.0065156254), (0.00605814, 0.99958825, -0.02804738), (-0.009307928, 0.99995196, -0.0030636836), (0.0055436892, 0.9910078, -0.13368878), (-0.009307928, 0.99995196, -0.0030636836), (-0.058633137, 0.9860565, -0.15573904), (0.0055436892, 0.9910078, -0.13368878), (-0.058633137, 0.9860565, -0.15573904), (-0.034893874, 0.9631744, -0.26660365), (0.0055436892, 0.9910078, -0.13368878), (0.0055436892, 0.9910078, -0.13368878), (-0.034893874, 0.9631744, -0.26660365), (0.016278286, 0.98066527, -0.19501477), (-0.030432517, 0.4938104, -0.86903703), (-0.033508893, 0.92281765, -0.3837768), (-0.030066364, 0.9311498, -0.3633952), (-0.030432517, 0.4938104, -0.86903703), (0.0030995158, 0.010177845, -0.9999434), (0.0059354356, -0.039399654, -0.99920595), (-0.028612414, -0.99953777, 0.010279243), (-0.016740786, -0.9998596, -0.0006805272), (-0.015113142, -0.9997995, -0.013137988), (-0.0105654085, -0.9997386, 0.020278245), (-0.016740786, -0.9998596, -0.0006805272), (-0.028612414, -0.99953777, 0.010279243), (-0.028612414, -0.99953777, 0.010279243), (-0.027991433, -0.9994753, 0.016297154), (-0.0105654085, -0.9997386, 0.020278245), (-0.0105654085, -0.9997386, 0.020278245), (-0.027991433, -0.9994753, 0.016297154), (-0.012298793, -0.99922407, 0.037417233), (-0.029493757, -0.996477, 0.07850986), (-0.012298793, -0.99922407, 0.037417233), (-0.027991433, -0.9994753, 0.016297154), (0.022428293, -0.99319303, 0.11430088), (-0.029493757, -0.996477, 0.07850986), (-0.029466102, -0.9827047, 0.18281996), (0.022428293, -0.99319303, 0.11430088), (-0.012298793, -0.99922407, 0.037417233), (-0.029493757, -0.996477, 0.07850986), (-0.025385665, -0.7870202, -0.6164047), (-0.01778165, -0.9850756, 0.17120121), (-0.06153669, -0.9829399, 0.1733277), (-0.025385665, -0.7870202, -0.6164047), (-0.06153669, -0.9829399, 0.1733277), (-0.051379584, -0.7782971, -0.62579054), (0.0003588911, 0.99999994, -0.0001094623), (0.0038503457, 0.99999255, 0.00012484536), (-0.00065723166, 0.99997854, 0.0065156254), (-0.009307928, 0.99995196, -0.0030636836), (-0.00065723166, 0.99997854, 0.0065156254), (0.0038503457, 0.99999255, 0.00012484536), (-0.058633137, 0.9860565, -0.15573904), (-0.091052644, 0.9617612, -0.2583115), (-0.034893874, 0.9631744, -0.26660365), (-0.053383525, 0.9471503, -0.31631717), (0.0040458012, 0.54150826, -0.8406857), (-0.030066364, 0.9311498, -0.3633952), (-0.030432517, 0.4938104, -0.86903703), (-0.030066364, 0.9311498, -0.3633952), (0.0040458012, 0.54150826, -0.8406857), (0.0030995158, 0.010177845, -0.9999434), (-0.030432517, 0.4938104, -0.86903703), (0.0040458012, 0.54150826, -0.8406857), (-0.012298793, -0.99922407, 0.037417233), (0.008515772, -0.99778956, 0.06590566), (-0.0105654085, -0.9997386, 0.020278245), (0.022428293, -0.99319303, 0.11430088), (0.008515772, -0.99778956, 0.06590566), (-0.012298793, -0.99922407, 0.037417233), (0.022692826, -0.05368924, -0.99829984), (0.0059354356, -0.039399654, -0.99920595), (0.0030995158, 0.010177845, -0.9999434), (0.020417836, -0.9792306, 0.2017192), (0.022428293, -0.99319303, 0.11430088), (-0.029466102, -0.9827047, 0.18281996), (0.0059354356, -0.039399654, -0.99920595), (0.022692826, -0.05368924, -0.99829984), (-0.025385665, -0.7870202, -0.6164047), (-0.025385665, -0.7870202, -0.6164047), (0.022692826, -0.05368924, -0.99829984), (-0.021450346, -0.7401157, -0.6721373), (-8.1913834e-7, 1, 0.0000044647622), (-0.0000045528072, 1, -0.000010716012), (-0.000003977405, 1, -0.000059143145), (-0.000003977405, 1, -0.000059143145), (-0.0000045528072, 1, -0.000010716012), (0.000030088288, 1, -0.00008062058), (0.0003588911, 0.99999994, -0.0001094623), (0.000030088288, 1, -0.00008062058), (0.0019849702, 0.9999809, 0.0058459262), (0.0003588911, 0.99999994, -0.0001094623), (0.0019849702, 0.9999809, 0.0058459262), (0.0038503457, 0.99999255, 0.00012484536), (-0.058633137, 0.9860565, -0.15573904), (-0.009307928, 0.99995196, -0.0030636836), (0.0038503457, 0.99999255, 0.00012484536), (-0.034893874, 0.9631744, -0.26660365), (-0.091052644, 0.9617612, -0.2583115), (-0.030066364, 0.9311498, -0.3633952), (-0.053383525, 0.9471503, -0.31631717), (-0.030066364, 0.9311498, -0.3633952), (-0.091052644, 0.9617612, -0.2583115), (-0.091052644, 0.9617612, -0.2583115), (-0.058633137, 0.9860565, -0.15573904), (-0.11351532, 0.9544662, -0.27587777), (-0.053383525, 0.9471503, -0.31631717), (-0.07658108, 0.6535294, -0.753017), (0.0040458012, 0.54150826, -0.8406857), (0.0040458012, 0.54150826, -0.8406857), (0.00092817744, 0.004815552, -0.999988), (0.0030995158, 0.010177845, -0.9999434), (0.0085421875, -0.99973917, 0.021184402), (-0.0105654085, -0.9997386, 0.020278245), (0.008515772, -0.99778956, 0.06590566), (0.008515772, -0.99778956, 0.06590566), (0.008416382, -0.99003744, 0.14055243), (0.0060200384, -0.9976508, 0.06823935), (0.008515772, -0.99778956, 0.06590566), (0.022428293, -0.99319303, 0.11430088), (0.008416382, -0.99003744, 0.14055243), (-0.01778165, -0.9850756, 0.17120121), (0.10988383, -0.97334594, 0.20130397), (0.020417836, -0.9792306, 0.2017192), (0.045249674, -0.9965683, 0.069312185), (0.10988383, -0.97334594, 0.20130397), (-0.01778165, -0.9850756, 0.17120121), (-0.025385665, -0.7870202, -0.6164047), (0.045249674, -0.9965683, 0.069312185), (-0.01778165, -0.9850756, 0.17120121), (-0.021450346, -0.7401157, -0.6721373), (0.045249674, -0.9965683, 0.069312185), (-0.025385665, -0.7870202, -0.6164047), (0.000030088288, 1, -0.00008062058), (0.0000063962225, 1, 0.0000024665608), (0.000026533824, 1, 0.00015510044), (0.0038503457, 0.99999255, 0.00012484536), (0.0019849702, 0.9999809, 0.0058459262), (-0.009599872, 0.9992367, -0.037864797), (-0.058633137, 0.9860565, -0.15573904), (0.0038503457, 0.99999255, 0.00012484536), (-0.009599872, 0.9992367, -0.037864797), (-0.08662611, 0.969424, -0.22959298), (-0.058633137, 0.9860565, -0.15573904), (-0.009599872, 0.9992367, -0.037864797), (-0.11351532, 0.9544662, -0.27587777), (-0.058633137, 0.9860565, -0.15573904), (-0.08662611, 0.969424, -0.22959298), (-0.091052644, 0.9617612, -0.2583115), (-0.11351532, 0.9544662, -0.27587777), (-0.13594094, 0.95750606, -0.2543664), (-0.091052644, 0.9617612, -0.2583115), (-0.13594094, 0.95750606, -0.2543664), (-0.053383525, 0.9471503, -0.31631717), (0.0040458012, 0.54150826, -0.8406857), (-0.07658108, 0.6535294, -0.753017), (0.00092817744, 0.004815552, -0.999988), (0.009014511, -0.9999568, -0.002291327), (-0.0051788073, -0.99953645, -0.030002654), (-0.016740786, -0.9998596, -0.0006805272), (-0.0105654085, -0.9997386, 0.020278245), (0.009014511, -0.9999568, -0.002291327), (-0.016740786, -0.9998596, -0.0006805272), (0.0085421875, -0.99973917, 0.021184402), (0.009014511, -0.9999568, -0.002291327), (-0.0105654085, -0.9997386, 0.020278245), (0.0085421875, -0.99973917, 0.021184402), (0.008515772, -0.99778956, 0.06590566), (0.0060200384, -0.9976508, 0.06823935), (0.0060200384, -0.9976508, 0.06823935), (0.015420685, -0.9996542, 0.021303799), (0.0085421875, -0.99973917, 0.021184402), (0.00092817744, 0.004815552, -0.999988), (0.022692826, -0.05368924, -0.99829984), (0.0030995158, 0.010177845, -0.9999434), (0.00092817744, 0.004815552, -0.999988), (0.06581012, -0.67437637, -0.7354492), (0.022692826, -0.05368924, -0.99829984), (0.008416382, -0.99003744, 0.14055243), (0.040540904, -0.98231703, 0.18278341), (0.0060200384, -0.9976508, 0.06823935), (0.10988383, -0.97334594, 0.20130397), (0.072125934, -0.96591955, 0.24859053), (0.020417836, -0.9792306, 0.2017192), (0.022692826, -0.05368924, -0.99829984), (0.06581012, -0.67437637, -0.7354492), (-0.021450346, -0.7401157, -0.6721373), (0.045249674, -0.9965683, 0.069312185), (0.16121593, -0.9867182, 0.019917045), (0.10988383, -0.97334594, 0.20130397), (0.06581012, -0.67437637, -0.7354492), (0.045249674, -0.9965683, 0.069312185), (-0.021450346, -0.7401157, -0.6721373), (0.06581012, -0.67437637, -0.7354492), (0.16121593, -0.9867182, 0.019917045), (0.045249674, -0.9965683, 0.069312185), (-0.0000018414383, 1, -0.000003245157), (0.0000063962225, 1, 0.0000024665608), (-0.0000045528072, 1, -0.000010716012), (0.0000063962225, 1, 0.0000024665608), (0.000030088288, 1, -0.00008062058), (-0.0000045528072, 1, -0.000010716012), (0.0000063962225, 1, 0.0000024665608), (-0.00005980849, 1, -0.00006526183), (0.000026533824, 1, 0.00015510044), (-0.00027053367, 0.9999466, 0.010335701), (0.0019849702, 0.9999809, 0.0058459262), (0.000026533824, 1, 0.00015510044), (0.000030088288, 1, -0.00008062058), (0.000026533824, 1, 0.00015510044), (0.0019849702, 0.9999809, 0.0058459262), (0.0019849702, 0.9999809, 0.0058459262), (-0.00027053367, 0.9999466, 0.010335701), (-0.009599872, 0.9992367, -0.037864797), (-0.046520382, 0.99214035, -0.11616058), (-0.08662611, 0.969424, -0.22959298), (-0.009599872, 0.9992367, -0.037864797), (0.00092817744, 0.004815552, -0.999988), (-0.07658108, 0.6535294, -0.753017), (0.0041393857, 0.027829235, -0.9996041), (0.009014511, -0.9999568, -0.002291327), (0.020233814, -0.99952763, -0.023133298), (-0.0051788073, -0.99953645, -0.030002654), (0.009014511, -0.9999568, -0.002291327), (0.024326148, -0.99969834, -0.0033927306), (0.020233814, -0.99952763, -0.023133298), (0.0085421875, -0.99973917, 0.021184402), (0.024326148, -0.99969834, -0.0033927306), (0.009014511, -0.9999568, -0.002291327), (0.00092817744, 0.004815552, -0.999988), (0.0073466813, -0.041580394, -0.9991082), (0.06581012, -0.67437637, -0.7354492), (0.072125934, -0.96591955, 0.24859053), (0.040540904, -0.98231703, 0.18278341), (0.008416382, -0.99003744, 0.14055243), (0.099425316, -0.93865246, 0.33022124), (0.040540904, -0.98231703, 0.18278341), (0.072125934, -0.96591955, 0.24859053), (0.10988383, -0.97334594, 0.20130397), (0.14922783, -0.94798976, 0.28115228), (0.072125934, -0.96591955, 0.24859053), (0.14922783, -0.94798976, 0.28115228), (0.099425316, -0.93865246, 0.33022124), (0.072125934, -0.96591955, 0.24859053), (0.16121593, -0.9867182, 0.019917045), (0.14922783, -0.94798976, 0.28115228), (0.10988383, -0.97334594, 0.20130397), (0.16121593, -0.9867182, 0.019917045), (0.11505292, -0.9890091, 0.0928644), (0.14922783, -0.94798976, 0.28115228), (0.0000063962225, 1, 0.0000024665608), (-0.0000018414383, 1, -0.000003245157), (-0.00005980849, 1, -0.00006526183), (0.0009993546, 0.99999636, 0.0025088557), (0.000026533824, 1, 0.00015510044), (-0.00005980849, 1, -0.00006526183), (0.0009993546, 0.99999636, 0.0025088557), (-0.00027053367, 0.9999466, 0.010335701), (0.000026533824, 1, 0.00015510044), (-0.01410606, 0.9997882, -0.014980821), (-0.00027053367, 0.9999466, 0.010335701), (0.0009993546, 0.99999636, 0.0025088557), (-0.046520382, 0.99214035, -0.11616058), (-0.00027053367, 0.9999466, 0.010335701), (-0.01410606, 0.9997882, -0.014980821), (-0.01410606, 0.9997882, -0.014980821), (-0.097488396, 0.97983956, -0.17438631), (-0.046520382, 0.99214035, -0.11616058), (-0.00027053367, 0.9999466, 0.010335701), (-0.046520382, 0.99214035, -0.11616058), (-0.009599872, 0.9992367, -0.037864797), (-0.08662611, 0.969424, -0.22959298), (-0.11147704, 0.954609, -0.27621472), (-0.11793388, 0.9491431, -0.29192278), (-0.11793388, 0.9491431, -0.29192278), (-0.13594094, 0.95750606, -0.2543664), (-0.11351532, 0.9544662, -0.27587777), (-0.08662611, 0.969424, -0.22959298), (-0.11793388, 0.9491431, -0.29192278), (-0.11351532, 0.9544662, -0.27587777), (-0.13594094, 0.95750606, -0.2543664), (-0.17648497, 0.94614756, -0.2713996), (-0.053383525, 0.9471503, -0.31631717), (-0.17648497, 0.94614756, -0.2713996), (-0.07658108, 0.6535294, -0.753017), (-0.053383525, 0.9471503, -0.31631717), (-0.17648497, 0.94614756, -0.2713996), (-0.13594094, 0.95750606, -0.2543664), (-0.1357372, 0.9480493, -0.28771147), (-0.096940264, 0.5736122, -0.8133705), (-0.07658108, 0.6535294, -0.753017), (-0.17648497, 0.94614756, -0.2713996), (-0.096940264, 0.5736122, -0.8133705), (-0.002593126, 0.008021045, -0.9999645), (0.0041393857, 0.027829235, -0.9996041), (0.024326148, -0.99969834, -0.0033927306), (0.013006379, -0.99978334, -0.016250983), (0.020233814, -0.99952763, -0.023133298), (0.0085421875, -0.99973917, 0.021184402), (0.015420685, -0.9996542, 0.021303799), (0.024326148, -0.99969834, -0.0033927306), (0.024326148, -0.99969834, -0.0033927306), (0.015420685, -0.9996542, 0.021303799), (0.0036896816, -0.99999, -0.002535062), (0.0041393857, 0.027829235, -0.9996041), (-0.002593126, 0.008021045, -0.9999645), (0.0073466813, -0.041580394, -0.9991082), (0.14922783, -0.94798976, 0.28115228), (0.08604953, -0.9403355, 0.32918775), (0.099425316, -0.93865246, 0.33022124), (0.0073466813, -0.041580394, -0.9991082), (0.1116485, -0.6696991, -0.7341918), (0.06581012, -0.67437637, -0.7354492), (0.11505292, -0.9890091, 0.0928644), (0.08604953, -0.9403355, 0.32918775), (0.14922783, -0.94798976, 0.28115228), (0.16121593, -0.9867182, 0.019917045), (0.1116485, -0.6696991, -0.7341918), (0.11505292, -0.9890091, 0.0928644), (0.06581012, -0.67437637, -0.7354492), (0.1116485, -0.6696991, -0.7341918), (0.16121593, -0.9867182, 0.019917045), (0.0000020935636, 1, 0.000026082764), (0.000016426426, 1, -0.00003351259), (-0.0000018414383, 1, -0.000003245157), (0.000016426426, 1, -0.00003351259), (-0.00005980849, 1, -0.00006526183), (-0.0000018414383, 1, -0.000003245157), (-0.00005980849, 1, -0.00006526183), (0.00007748348, 1, 0.000039190727), (0.0009993546, 0.99999636, 0.0025088557), (0.00007748348, 1, 0.000039190727), (-0.0018050963, 0.999998, 0.0008415915), (0.00013795504, 0.99998754, 0.004987663), (0.00007748348, 1, 0.000039190727), (0.00013795504, 0.99998754, 0.004987663), (0.0009993546, 0.99999636, 0.0025088557), (-0.1357372, 0.9480493, -0.28771147), (-0.11793388, 0.9491431, -0.29192278), (-0.118950926, 0.94844586, -0.29377064), (-0.11793388, 0.9491431, -0.29192278), (-0.1357372, 0.9480493, -0.28771147), (-0.13594094, 0.95750606, -0.2543664), (-0.17648497, 0.94614756, -0.2713996), (-0.1357372, 0.9480493, -0.28771147), (-0.079975486, 0.95254827, -0.29369345), (0.013006379, -0.99978334, -0.016250983), (0.024326148, -0.99969834, -0.0033927306), (0.0036896816, -0.99999, -0.002535062), (0.0060200384, -0.9976508, 0.06823935), (0.05168523, -0.99494797, 0.08606496), (0.015420685, -0.9996542, 0.021303799), (0.05168523, -0.99494797, 0.08606496), (0.030504925, -0.99800843, 0.055214077), (0.015420685, -0.9996542, 0.021303799), (0.0060200384, -0.9976508, 0.06823935), (0.040540904, -0.98231703, 0.18278341), (0.05168523, -0.99494797, 0.08606496), (0.08876585, -0.9731651, 0.21229772), (0.05168523, -0.99494797, 0.08606496), (0.040540904, -0.98231703, 0.18278341), (0.099425316, -0.93865246, 0.33022124), (0.08876585, -0.9731651, 0.21229772), (0.040540904, -0.98231703, 0.18278341), (0.08604953, -0.9403355, 0.32918775), (0.07554807, -0.9417328, 0.3277679), (0.099425316, -0.93865246, 0.33022124), (0.11505292, -0.9890091, 0.0928644), (0.05312241, -0.962985, 0.26426858), (0.08604953, -0.9403355, 0.32918775), (0.1116485, -0.6696991, -0.7341918), (0.11004434, -0.72464365, -0.68028075), (0.11505292, -0.9890091, 0.0928644), (0.000016426426, 1, -0.00003351259), (0.00007748348, 1, 0.000039190727), (-0.00005980849, 1, -0.00006526183), (0.00007748348, 1, 0.000039190727), (0.000016426426, 1, -0.00003351259), (0.00007041519, 1, -0.0000533606), (-0.01410606, 0.9997882, -0.014980821), (0.0009993546, 0.99999636, 0.0025088557), (0.00013795504, 0.99998754, 0.004987663), (-0.01410606, 0.9997882, -0.014980821), (-0.049903773, 0.9959851, -0.07431783), (-0.097488396, 0.97983956, -0.17438631), (-0.046520382, 0.99214035, -0.11616058), (-0.11147704, 0.954609, -0.27621472), (-0.08662611, 0.969424, -0.22959298), (-0.046520382, 0.99214035, -0.11616058), (-0.097488396, 0.97983956, -0.17438631), (-0.11147704, 0.954609, -0.27621472), (-0.118950926, 0.94844586, -0.29377064), (-0.11793388, 0.9491431, -0.29192278), (-0.11147704, 0.954609, -0.27621472), (-0.079975486, 0.95254827, -0.29369345), (-0.1357372, 0.9480493, -0.28771147), (-0.118950926, 0.94844586, -0.29377064), (-0.096940264, 0.5736122, -0.8133705), (-0.006717988, 0.5653512, -0.824823), (-0.002593126, 0.008021045, -0.9999645), (-0.006717988, 0.5653512, -0.824823), (-0.0011703763, 0.0015479054, -0.99999815), (-0.002593126, 0.008021045, -0.9999645), (0.05168523, -0.99494797, 0.08606496), (0.05758439, -0.9893731, 0.13351011), (0.030504925, -0.99800843, 0.055214077), (0.0073466813, -0.041580394, -0.9991082), (-0.002593126, 0.008021045, -0.9999645), (0.0044672457, -0.036398362, -0.9993273), (0.05758439, -0.9893731, 0.13351011), (0.05168523, -0.99494797, 0.08606496), (0.08876585, -0.9731651, 0.21229772), (0.08876585, -0.9731651, 0.21229772), (0.099425316, -0.93865246, 0.33022124), (0.07554807, -0.9417328, 0.3277679), (0.0073466813, -0.041580394, -0.9991082), (0.11004434, -0.72464365, -0.68028075), (0.1116485, -0.6696991, -0.7341918), (0.05312241, -0.962985, 0.26426858), (0.07554807, -0.9417328, 0.3277679), (0.08604953, -0.9403355, 0.32918775), (0.0044672457, -0.036398362, -0.9993273), (0.11004434, -0.72464365, -0.68028075), (0.0073466813, -0.041580394, -0.9991082), (0.00007041519, 1, -0.0000533606), (0.000016426426, 1, -0.00003351259), (0.000019074902, 1, 0.00002784079), (-0.0018050963, 0.999998, 0.0008415915), (0.00007748348, 1, 0.000039190727), (0.00007041519, 1, -0.0000533606), (-0.049903773, 0.9959851, -0.07431783), (0.00013795504, 0.99998754, 0.004987663), (-0.0018050963, 0.999998, 0.0008415915), (0.00013795504, 0.99998754, 0.004987663), (-0.049903773, 0.9959851, -0.07431783), (-0.01410606, 0.9997882, -0.014980821), (-0.097488396, 0.97983956, -0.17438631), (-0.049903773, 0.9959851, -0.07431783), (-0.15367053, 0.9606041, -0.23157132), (-0.097488396, 0.97983956, -0.17438631), (-0.16033222, 0.9469677, -0.2784703), (-0.11147704, 0.954609, -0.27621472), (-0.11147704, 0.954609, -0.27621472), (-0.16033222, 0.9469677, -0.2784703), (-0.118950926, 0.94844586, -0.29377064), (-0.079975486, 0.95254827, -0.29369345), (-0.118950926, 0.94844586, -0.29377064), (-0.03487334, 0.9836952, -0.17642963), (-0.17648497, 0.94614756, -0.2713996), (-0.079975486, 0.95254827, -0.29369345), (-0.096940264, 0.5736122, -0.8133705), (-0.079975486, 0.95254827, -0.29369345), (-0.006717988, 0.5653512, -0.824823), (-0.096940264, 0.5736122, -0.8133705), (-0.006717988, 0.5653512, -0.824823), (-0.079975486, 0.95254827, -0.29369345), (0.016168956, 0.92294973, -0.38458064), (0.030504925, -0.99800843, 0.055214077), (0.0036896816, -0.99999, -0.002535062), (0.015420685, -0.9996542, 0.021303799), (0.0036896816, -0.99999, -0.002535062), (0.030504925, -0.99800843, 0.055214077), (0.010293429, -0.99971, 0.021772638), (-0.0011703763, 0.0015479054, -0.99999815), (0.0044672457, -0.036398362, -0.9993273), (-0.002593126, 0.008021045, -0.9999645), (0.05758439, -0.9893731, 0.13351011), (0.08876585, -0.9731651, 0.21229772), (0.067469805, -0.9694877, 0.23567224), (0.07554807, -0.9417328, 0.3277679), (0.067469805, -0.9694877, 0.23567224), (0.08876585, -0.9731651, 0.21229772), (0.0044672457, -0.036398362, -0.9993273), (0.016862826, -0.73060024, -0.6825972), (0.11004434, -0.72464365, -0.68028075), (-0.05290986, -0.068075694, -0.9962762), (0.0044672457, -0.036398362, -0.9993273), (-0.0011703763, 0.0015479054, -0.99999815), (0.0044672457, -0.036398362, -0.9993273), (-0.05290986, -0.068075694, -0.9962762), (0.016862826, -0.73060024, -0.6825972), (0.07554807, -0.9417328, 0.3277679), (0.05312241, -0.962985, 0.26426858), (0.054610573, -0.950202, 0.30681232), (0.11505292, -0.9890091, 0.0928644), (0.05835911, -0.9971928, 0.04691213), (0.05312241, -0.962985, 0.26426858), (0.05835911, -0.9971928, 0.04691213), (0.026230568, -0.98855376, 0.14857109), (0.05312241, -0.962985, 0.26426858), (0.11004434, -0.72464365, -0.68028075), (0.05835911, -0.9971928, 0.04691213), (0.11505292, -0.9890091, 0.0928644), (0.11004434, -0.72464365, -0.68028075), (0.016862826, -0.73060024, -0.6825972), (0.05835911, -0.9971928, 0.04691213), (0.00007041519, 1, -0.0000533606), (0.000019074902, 1, 0.00002784079), (-0.00010880333, 1, 0.00013916203), (-0.097488396, 0.97983956, -0.17438631), (-0.15367053, 0.9606041, -0.23157132), (-0.16033222, 0.9469677, -0.2784703), (-0.16033222, 0.9469677, -0.2784703), (-0.112522595, 0.96764725, -0.22582635), (-0.118950926, 0.94844586, -0.29377064), (-0.03487334, 0.9836952, -0.17642963), (-0.118950926, 0.94844586, -0.29377064), (-0.112522595, 0.96764725, -0.22582635), (-0.03487334, 0.9836952, -0.17642963), (0.016168956, 0.92294973, -0.38458064), (-0.079975486, 0.95254827, -0.29369345), (0.007114267, -0.99996364, 0.004695522), (-0.016990986, -0.99977624, -0.012597875), (0.010293429, -0.99971, 0.021772638), (0.010293429, -0.99971, 0.021772638), (-0.016990986, -0.99977624, -0.012597875), (0.0036896816, -0.99999, -0.002535062), (0.0036896816, -0.99999, -0.002535062), (-0.016990986, -0.99977624, -0.012597875), (0.013006379, -0.99978334, -0.016250983), (0.053909026, -0.9975287, 0.045059092), (0.007114267, -0.99996364, 0.004695522), (0.010293429, -0.99971, 0.021772638), (0.030504925, -0.99800843, 0.055214077), (0.040523916, -0.99629337, 0.07587755), (0.010293429, -0.99971, 0.021772638), (-0.05290986, -0.068075694, -0.9962762), (-0.0011703763, 0.0015479054, -0.99999815), (-0.009562803, -0.061124947, -0.9980843), (0.05758439, -0.9893731, 0.13351011), (0.040523916, -0.99629337, 0.07587755), (0.030504925, -0.99800843, 0.055214077), (0.07554807, -0.9417328, 0.3277679), (0.054610573, -0.950202, 0.30681232), (0.067469805, -0.9694877, 0.23567224), (0.05312241, -0.962985, 0.26426858), (0.026230568, -0.98855376, 0.14857109), (0.054610573, -0.950202, 0.30681232), (0.016862826, -0.73060024, -0.6825972), (0.026230568, -0.98855376, 0.14857109), (0.05835911, -0.9971928, 0.04691213), (-0.004392834, 0.9999875, -0.002368678), (0.00007041519, 1, -0.0000533606), (-0.00010880333, 1, 0.00013916203), (-0.004392834, 0.9999875, -0.002368678), (-0.00010880333, 1, 0.00013916203), (0.0030572235, 0.9999762, -0.0061876737), (0.00007041519, 1, -0.0000533606), (-0.004392834, 0.9999875, -0.002368678), (-0.0018050963, 0.999998, 0.0008415915), (-0.087803416, 0.9936849, -0.06986265), (-0.0018050963, 0.999998, 0.0008415915), (-0.004392834, 0.9999875, -0.002368678), (-0.087803416, 0.9936849, -0.06986265), (-0.049903773, 0.9959851, -0.07431783), (-0.0018050963, 0.999998, 0.0008415915), (-0.16033222, 0.9469677, -0.2784703), (-0.15367053, 0.9606041, -0.23157132), (-0.15659922, 0.95508826, -0.25156128), (-0.16033222, 0.9469677, -0.2784703), (-0.15659922, 0.95508826, -0.25156128), (-0.112522595, 0.96764725, -0.22582635), (0.016168956, 0.92294973, -0.38458064), (-0.03487334, 0.9836952, -0.17642963), (0.049428914, 0.9313122, -0.3608521), (-0.006717988, 0.5653512, -0.824823), (-0.03076779, 0.46167657, -0.88651466), (-0.0011703763, 0.0015479054, -0.99999815), (0.016168956, 0.92294973, -0.38458064), (-0.03076779, 0.46167657, -0.88651466), (-0.006717988, 0.5653512, -0.824823), (-0.009562803, -0.061124947, -0.9980843), (-0.0011703763, 0.0015479054, -0.99999815), (-0.03076779, 0.46167657, -0.88651466), (0.017722165, 0.008847291, -0.9998039), (-0.009562803, -0.061124947, -0.9980843), (-0.03076779, 0.46167657, -0.88651466), (0.007114267, -0.99996364, 0.004695522), (0.05860104, -0.9976808, 0.034627054), (0.0032569552, -0.9998567, -0.016610485), (0.053909026, -0.9975287, 0.045059092), (0.05860104, -0.9976808, 0.034627054), (0.007114267, -0.99996364, 0.004695522), (0.040523916, -0.99629337, 0.07587755), (0.053909026, -0.9975287, 0.045059092), (0.010293429, -0.99971, 0.021772638), (0.040523916, -0.99629337, 0.07587755), (0.05758439, -0.9893731, 0.13351011), (0.06427192, -0.9874706, 0.14412151), (0.067469805, -0.9694877, 0.23567224), (0.06427192, -0.9874706, 0.14412151), (0.05758439, -0.9893731, 0.13351011), (0.06427192, -0.9874706, 0.14412151), (0.10738809, -0.9905511, 0.08530074), (0.040523916, -0.99629337, 0.07587755), (0.11274637, -0.9693518, 0.21827793), (0.06427192, -0.9874706, 0.14412151), (0.067469805, -0.9694877, 0.23567224), (0.03302749, -0.96424395, 0.26295024), (0.08400517, -0.95875025, 0.27155334), (0.054610573, -0.950202, 0.30681232), (0.054610573, -0.950202, 0.30681232), (0.026230568, -0.98855376, 0.14857109), (0.03302749, -0.96424395, 0.26295024), (0.016862826, -0.73060024, -0.6825972), (-0.0045149038, -0.8073098, -0.59011066), (0.026230568, -0.98855376, 0.14857109), (-0.0045149038, -0.8073098, -0.59011066), (0.033124484, -0.98732775, 0.15519899), (0.026230568, -0.98855376, 0.14857109), (0.016862826, -0.73060024, -0.6825972), (-0.05290986, -0.068075694, -0.9962762), (-0.0045149038, -0.8073098, -0.59011066), (0.03166287, 0.9993648, 0.016353365), (0.010274006, 0.99964595, 0.024549058), (-0.017754944, 0.9987825, 0.04602344), (0.010274006, 0.99964595, 0.024549058), (0.03166287, 0.9993648, 0.016353365), (0.020751227, 0.9996819, 0.014339544), (0.03166287, 0.9993648, 0.016353365), (0.027071023, 0.99958694, 0.009654254), (0.016412549, 0.9995501, 0.025103947), (0.03166287, 0.9993648, 0.016353365), (0.0031114318, 0.99957126, 0.02911209), (0.027071023, 0.99958694, 0.009654254), (0.016242879, 0.9996002, 0.023140619), (0.016412549, 0.9995501, 0.025103947), (0.027071023, 0.99958694, 0.009654254), (0.003305584, 0.99990356, 0.013492427), (0.0038939472, 0.9999819, 0.0045936056), (-0.00060194643, 0.99995154, 0.009826684), (0.0038939472, 0.9999819, 0.0045936056), (-0.0021452408, 0.999979, 0.006096824), (-0.00060194643, 0.99995154, 0.009826684), (-0.0021452408, 0.999979, 0.006096824), (-0.0009210648, 0.9999982, 0.0016171702), (0.0035602313, 0.99995893, 0.00832942), (-0.0107686585, 0.99993247, 0.004362393), (-0.0009210648, 0.9999982, 0.0016171702), (-0.0021452408, 0.999979, 0.006096824), (-0.0009210648, 0.9999982, 0.0016171702), (-0.0016616214, 0.99999654, 0.0020017617), (-0.0001775489, 1, -0.00005213236), (-0.0016616214, 0.99999654, 0.0020017617), (0.0045442507, 0.99998575, 0.0027940827), (-0.0001775489, 1, -0.00005213236), (0.0045442507, 0.99998575, 0.0027940827), (0.0030572235, 0.9999762, -0.0061876737), (-0.00010880333, 1, 0.00013916203), (0.0045442507, 0.99998575, 0.0027940827), (-0.038940713, 0.9987231, -0.0321848), (0.0030572235, 0.9999762, -0.0061876737), (0.0013240994, -0.99862385, -0.0524282), (-0.029550103, -0.99620914, -0.08181716), (-0.024608793, -0.9971182, -0.071761996), (0.0032569552, -0.9998567, -0.016610485), (0.05846983, -0.9981581, 0.016172806), (0.0013240994, -0.99862385, -0.0524282), (0.0080046905, -0.99951035, -0.030249631), (0.00029335328, -0.99850017, -0.05474694), (0.008013008, -0.99828696, -0.05795664), (-0.006010313, -0.998624, -0.05209348), (-0.011439268, -0.99793047, -0.06327643), (-0.019107126, -0.9994097, -0.028549278), (-0.022409467, -0.9983254, -0.053331435), (-0.006010313, -0.998624, -0.05209348), (-0.019107126, -0.9994097, -0.028549278), (-0.029550103, -0.99620914, -0.08181716), (-0.022409467, -0.9983254, -0.053331435), (-0.02574291, -0.9985587, -0.047094062), (-0.017754944, 0.9987825, 0.04602344), (0.0031114318, 0.99957126, 0.02911209), (0.03166287, 0.9993648, 0.016353365), (0.0038939472, 0.9999819, 0.0045936056), (0.003305584, 0.99990356, 0.013492427), (0.017622108, 0.99984187, 0.002385214), (0.017622108, 0.99984187, 0.002385214), (0.003305584, 0.99990356, 0.013492427), (0.016242879, 0.9996002, 0.023140619), (0.027071023, 0.99958694, 0.009654254), (0.017622108, 0.99984187, 0.002385214), (0.016242879, 0.9996002, 0.023140619), (0.017622108, 0.99984187, 0.002385214), (-0.009429567, 0.99994856, -0.0037313767), (0.0038939472, 0.9999819, 0.0045936056), (0.017622108, 0.99984187, 0.002385214), (0.027071023, 0.99958694, 0.009654254), (-0.0057513146, 0.9999634, -0.0063248263), (-0.009429567, 0.99994856, -0.0037313767), (-0.0021452408, 0.999979, 0.006096824), (0.0038939472, 0.9999819, 0.0045936056), (-0.0016616214, 0.99999654, 0.0020017617), (-0.0009210648, 0.9999982, 0.0016171702), (-0.0107686585, 0.99993247, 0.004362393), (-0.0016616214, 0.99999654, 0.0020017617), (-0.0107686585, 0.99993247, 0.004362393), (-0.032844506, 0.9993937, 0.0115555255), (-0.0016616214, 0.99999654, 0.0020017617), (-0.015900686, 0.99986416, 0.004316892), (0.0045442507, 0.99998575, 0.0027940827), (0.057436526, -0.9983292, -0.00631863), (-0.010846221, -0.9980858, -0.060886312), (0.0013240994, -0.99862385, -0.0524282), (0.05846983, -0.9981581, 0.016172806), (0.057436526, -0.9983292, -0.00631863), (0.0013240994, -0.99862385, -0.0524282), (0.05860104, -0.9976808, 0.034627054), (0.05846983, -0.9981581, 0.016172806), (0.0032569552, -0.9998567, -0.016610485), (-0.001750285, -0.99638945, -0.08488175), (-0.007369262, -0.9955679, -0.09375599), (-0.0056924205, -0.9951885, -0.09781342), (-0.001750285, -0.99638945, -0.08488175), (0.0074633076, -0.9964779, -0.08352268), (0.008013008, -0.99828696, -0.05795664), (0.0074633076, -0.9964779, -0.08352268), (-0.001750285, -0.99638945, -0.08488175), (-0.0056924205, -0.9951885, -0.09781342), (-0.010344261, -0.9962684, -0.085688196), (-0.0056924205, -0.9951885, -0.09781342), (-0.007369262, -0.9955679, -0.09375599), (-0.006010313, -0.998624, -0.05209348), (-0.010344261, -0.9962684, -0.085688196), (-0.011439268, -0.99793047, -0.06327643), (0.0013240994, -0.99862385, -0.0524282), (-0.010846221, -0.9980858, -0.060886312), (-0.029550103, -0.99620914, -0.08181716), (-0.017754944, 0.9987825, 0.04602344), (-0.037223376, 0.9977976, 0.05490304), (0.0031114318, 0.99957126, 0.02911209), (-0.037223376, 0.9977976, 0.05490304), (-0.017754944, 0.9987825, 0.04602344), (-0.049448438, 0.9969773, 0.05992498), (-0.014941402, 0.99977034, 0.015360502), (0.027071023, 0.99958694, 0.009654254), (0.0031114318, 0.99957126, 0.02911209), (0.027071023, 0.99958694, 0.009654254), (-0.014941402, 0.99977034, 0.015360502), (-0.0057513146, 0.9999634, -0.0063248263), (-0.009429567, 0.99994856, -0.0037313767), (0.017622108, 0.99984187, 0.002385214), (-0.0057513146, 0.9999634, -0.0063248263), (-0.0107686585, 0.99993247, 0.004362393), (-0.0021452408, 0.999979, 0.006096824), (-0.009429567, 0.99994856, -0.0037313767), (-0.009429567, 0.99994856, -0.0037313767), (-0.0534483, 0.9985699, 0.0011651677), (-0.0107686585, 0.99993247, 0.004362393), (-0.0534483, 0.9985699, 0.0011651677), (-0.032844506, 0.9993937, 0.0115555255), (-0.0107686585, 0.99993247, 0.004362393), (-0.015900686, 0.99986416, 0.004316892), (-0.0016616214, 0.99999654, 0.0020017617), (-0.032844506, 0.9993937, 0.0115555255), (0.0045442507, 0.99998575, 0.0027940827), (-0.015900686, 0.99986416, 0.004316892), (-0.038940713, 0.9987231, -0.0321848), (0.057436526, -0.9983292, -0.00631863), (0.059438888, -0.9979888, -0.022027617), (-0.010846221, -0.9980858, -0.060886312), (0.008013008, -0.99828696, -0.05795664), (0.0074633076, -0.9964779, -0.08352268), (0.008286252, -0.9987426, -0.049443442), (-0.006010313, -0.998624, -0.05209348), (-0.011223479, -0.99695534, -0.077163026), (-0.010344261, -0.9962684, -0.085688196), (-0.010344261, -0.9962684, -0.085688196), (-0.011223479, -0.99695534, -0.077163026), (-0.0056924205, -0.9951885, -0.09781342), (-0.029550103, -0.99620914, -0.08181716), (-0.010846221, -0.9980858, -0.060886312), (-0.022409467, -0.9983254, -0.053331435), (-0.010846221, -0.9980858, -0.060886312), (0.011682075, -0.9976672, -0.06725827), (-0.022409467, -0.9983254, -0.053331435), (-0.037223376, 0.9977976, 0.05490304), (-0.014941402, 0.99977034, 0.015360502), (0.0031114318, 0.99957126, 0.02911209), (-0.0419057, 0.99906933, -0.01021435), (-0.04831065, 0.9984858, -0.026311908), (-0.0057513146, 0.9999634, -0.0063248263), (-0.04831065, 0.9984858, -0.026311908), (-0.009429567, 0.99994856, -0.0037313767), (-0.0057513146, 0.9999634, -0.0063248263), (-0.04831065, 0.9984858, -0.026311908), (-0.0534483, 0.9985699, 0.0011651677), (-0.009429567, 0.99994856, -0.0037313767), (-0.13914008, 0.9892125, -0.045810543), (-0.11386457, 0.9899092, -0.08434827), (-0.015900686, 0.99986416, 0.004316892), (-0.038940713, 0.9987231, -0.0321848), (-0.015900686, 0.99986416, 0.004316892), (-0.11386457, 0.9899092, -0.08434827), (0.1140815, -0.99320483, 0.02300891), (0.059438888, -0.9979888, -0.022027617), (0.057436526, -0.9983292, -0.00631863), (0.14572662, -0.9865072, 0.07461392), (0.1532391, -0.98549384, 0.07293666), (0.05846983, -0.9981581, 0.016172806), (0.004532376, -0.9938395, -0.11073586), (-0.0056924205, -0.9951885, -0.09781342), (-0.011223479, -0.99695534, -0.077163026), (0.014931716, -0.99835217, -0.055406895), (0.004532376, -0.9938395, -0.11073586), (-0.011223479, -0.99695534, -0.077163026), (0.0054940344, -0.9989363, -0.045783736), (-0.006010313, -0.998624, -0.05209348), (-0.022409467, -0.9983254, -0.053331435), (0.0054940344, -0.9989363, -0.045783736), (-0.011223479, -0.99695534, -0.077163026), (-0.006010313, -0.998624, -0.05209348), (-0.011223479, -0.99695534, -0.077163026), (0.0054940344, -0.9989363, -0.045783736), (0.014931716, -0.99835217, -0.055406895), (0.0054940344, -0.9989363, -0.045783736), (-0.022409467, -0.9983254, -0.053331435), (0.011682075, -0.9976672, -0.06725827), (-0.010846221, -0.9980858, -0.060886312), (0.059438888, -0.9979888, -0.022027617), (0.011682075, -0.9976672, -0.06725827), (0.05846983, -0.9981581, 0.016172806), (0.1532391, -0.98549384, 0.07293666), (0.057436526, -0.9983292, -0.00631863), (-0.053781755, 0.99606705, 0.07041216), (-0.053522408, 0.9979803, 0.034214478), (-0.037223376, 0.9977976, 0.05490304), (-0.0534483, 0.9985699, 0.0011651677), (-0.109289765, 0.99392563, 0.012946984), (-0.032844506, 0.9993937, 0.0115555255), (-0.015900686, 0.99986416, 0.004316892), (-0.032844506, 0.9993937, 0.0115555255), (-0.13914008, 0.9892125, -0.045810543), (-0.109289765, 0.99392563, 0.012946984), (-0.13914008, 0.9892125, -0.045810543), (-0.032844506, 0.9993937, 0.0115555255), (-0.05974131, 0.9963243, 0.061390147), (-0.053781755, 0.99606705, 0.07041216), (-0.049448438, 0.9969773, 0.05992498), (-0.049448438, 0.9969773, 0.05992498), (-0.053781755, 0.99606705, 0.07041216), (-0.037223376, 0.9977976, 0.05490304), (-0.0534483, 0.9985699, 0.0011651677), (-0.04831065, 0.9984858, -0.026311908), (-0.09606125, 0.9951225, -0.022434998), (-0.09606125, 0.9951225, -0.022434998), (-0.109289765, 0.99392563, 0.012946984), (-0.0534483, 0.9985699, 0.0011651677), (-0.0056924205, -0.9951885, -0.09781342), (0.004532376, -0.9938395, -0.11073586), (0.0074633076, -0.9964779, -0.08352268), (0.014931716, -0.99835217, -0.055406895), (0.0199678, -0.9949811, -0.098049946), (0.004532376, -0.9938395, -0.11073586), (0.014931716, -0.99835217, -0.055406895), (0.0054940344, -0.9989363, -0.045783736), (0.04769543, -0.99813634, -0.038065605), (0.0054940344, -0.9989363, -0.045783736), (0.011682075, -0.9976672, -0.06725827), (0.04769543, -0.99813634, -0.038065605), (0.04769543, -0.99813634, -0.038065605), (0.011682075, -0.9976672, -0.06725827), (0.07294365, -0.99620414, -0.047504254), (0.059438888, -0.9979888, -0.022027617), (0.07294365, -0.99620414, -0.047504254), (0.011682075, -0.9976672, -0.06725827), (0.057436526, -0.9983292, -0.00631863), (0.1532391, -0.98549384, 0.07293666), (0.1140815, -0.99320483, 0.02300891), (0.1532391, -0.98549384, 0.07293666), (0.14572662, -0.9865072, 0.07461392), (0.22771306, -0.9675212, 0.10977012), (-0.014941402, 0.99977034, 0.015360502), (-0.037223376, 0.9977976, 0.05490304), (-0.053522408, 0.9979803, 0.034214478), (-0.014941402, 0.99977034, 0.015360502), (-0.0419057, 0.99906933, -0.01021435), (-0.0057513146, 0.9999634, -0.0063248263), (-0.05974131, 0.9963243, 0.061390147), (-0.05779921, 0.9957003, 0.072387785), (-0.053781755, 0.99606705, 0.07041216), (-0.117913246, 0.99227387, -0.03858656), (-0.09606125, 0.9951225, -0.022434998), (-0.04831065, 0.9984858, -0.026311908), (-0.13914008, 0.9892125, -0.045810543), (-0.2471532, 0.9597472, -0.13341904), (-0.22146073, 0.96601206, -0.13332614), (-0.13914008, 0.9892125, -0.045810543), (-0.22146073, 0.96601206, -0.13332614), (-0.11386457, 0.9899092, -0.08434827), (0.0040811477, -0.9958304, -0.09113191), (0.0025047313, -0.9984216, -0.05610702), (0.0074633076, -0.9964779, -0.08352268), (0.004532376, -0.9938395, -0.11073586), (0.0040811477, -0.9958304, -0.09113191), (0.0074633076, -0.9964779, -0.08352268), (0.0199678, -0.9949811, -0.098049946), (0.0040811477, -0.9958304, -0.09113191), (0.004532376, -0.9938395, -0.11073586), (0.04769543, -0.99813634, -0.038065605), (0.09523949, -0.9953636, -0.0134448735), (0.014931716, -0.99835217, -0.055406895), (0.07294365, -0.99620414, -0.047504254), (0.13370983, -0.99029166, -0.03800069), (0.04769543, -0.99813634, -0.038065605), (0.10668047, -0.99415296, 0.016706936), (0.14818361, -0.98837703, -0.033950325), (0.07294365, -0.99620414, -0.047504254), (0.059438888, -0.9979888, -0.022027617), (0.10668047, -0.99415296, 0.016706936), (0.07294365, -0.99620414, -0.047504254), (0.1140815, -0.99320483, 0.02300891), (0.10668047, -0.99415296, 0.016706936), (0.059438888, -0.9979888, -0.022027617), (0.1532391, -0.98549384, 0.07293666), (0.16689777, -0.9822153, 0.08601366), (0.1140815, -0.99320483, 0.02300891), (0.1532391, -0.98549384, 0.07293666), (0.22771306, -0.9675212, 0.10977012), (0.22302103, -0.9640587, 0.1444036), (-0.014941402, 0.99977034, 0.015360502), (-0.053522408, 0.9979803, 0.034214478), (-0.0419057, 0.99906933, -0.01021435), (-0.053522408, 0.9979803, 0.034214478), (-0.11396827, 0.9934562, -0.0074944575), (-0.107349984, 0.9940303, -0.019488692), (-0.053522408, 0.9979803, 0.034214478), (-0.107349984, 0.9940303, -0.019488692), (-0.0419057, 0.99906933, -0.01021435), (-0.107349984, 0.9940303, -0.019488692), (-0.117913246, 0.99227387, -0.03858656), (-0.0419057, 0.99906933, -0.01021435), (-0.05779921, 0.9957003, 0.072387785), (-0.087628394, 0.99501026, 0.04770642), (-0.053781755, 0.99606705, 0.07041216), (-0.053522408, 0.9979803, 0.034214478), (-0.053781755, 0.99606705, 0.07041216), (-0.087628394, 0.99501026, 0.04770642), (-0.053522408, 0.9979803, 0.034214478), (-0.087628394, 0.99501026, 0.04770642), (-0.11396827, 0.9934562, -0.0074944575), (-0.0419057, 0.99906933, -0.01021435), (-0.117913246, 0.99227387, -0.03858656), (-0.04831065, 0.9984858, -0.026311908), (-0.09606125, 0.9951225, -0.022434998), (-0.18953139, 0.98083156, -0.045248672), (-0.19098291, 0.98035324, -0.049324986), (-0.19098291, 0.98035324, -0.049324986), (-0.109289765, 0.99392563, 0.012946984), (-0.09606125, 0.9951225, -0.022434998), (-0.109289765, 0.99392563, 0.012946984), (-0.19098291, 0.98035324, -0.049324986), (-0.22261274, 0.97146463, -0.08185391), (-0.109289765, 0.99392563, 0.012946984), (-0.22261274, 0.97146463, -0.08185391), (-0.13914008, 0.9892125, -0.045810543), (-0.2471532, 0.9597472, -0.13341904), (-0.13914008, 0.9892125, -0.045810543), (-0.22261274, 0.97146463, -0.08185391), (-0.21866746, 0.9701675, -0.10468829), (-0.22146073, 0.96601206, -0.13332614), (-0.2471532, 0.9597472, -0.13341904), (0.0040811477, -0.9958304, -0.09113191), (0.0199678, -0.9949811, -0.098049946), (0.03339639, -0.9955958, -0.08759888), (0.09523949, -0.9953636, -0.0134448735), (0.0199678, -0.9949811, -0.098049946), (0.014931716, -0.99835217, -0.055406895), (0.04769543, -0.99813634, -0.038065605), (0.13370983, -0.99029166, -0.03800069), (0.09523949, -0.9953636, -0.0134448735), (0.13370983, -0.99029166, -0.03800069), (0.21296042, -0.9770482, 0.004950327), (0.09523949, -0.9953636, -0.0134448735), (0.07294365, -0.99620414, -0.047504254), (0.14818361, -0.98837703, -0.033950325), (0.13370983, -0.99029166, -0.03800069), (0.10668047, -0.99415296, 0.016706936), (0.19090506, -0.9790592, 0.07069921), (0.14818361, -0.98837703, -0.033950325), (0.16689777, -0.9822153, 0.08601366), (0.19090506, -0.9790592, 0.07069921), (0.10668047, -0.99415296, 0.016706936), (0.1140815, -0.99320483, 0.02300891), (0.16689777, -0.9822153, 0.08601366), (0.10668047, -0.99415296, 0.016706936), (0.16689777, -0.9822153, 0.08601366), (0.2415535, -0.9588794, 0.1490037), (0.19090506, -0.9790592, 0.07069921), (0.22302103, -0.9640587, 0.1444036), (0.2415535, -0.9588794, 0.1490037), (0.16689777, -0.9822153, 0.08601366), (0.16689777, -0.9822153, 0.08601366), (0.1532391, -0.98549384, 0.07293666), (0.22302103, -0.9640587, 0.1444036), (-0.05974131, 0.9963243, 0.061390147), (-0.06086168, 0.9962879, 0.060878865), (-0.05779921, 0.9957003, 0.072387785), (-0.05779921, 0.9957003, 0.072387785), (-0.06086168, 0.9962879, 0.060878865), (-0.09402749, 0.9937765, 0.059726123), (-0.087628394, 0.99501026, 0.04770642), (-0.05779921, 0.9957003, 0.072387785), (-0.09402749, 0.9937765, 0.059726123), (-0.107349984, 0.9940303, -0.019488692), (-0.19094913, 0.9799723, -0.056504212), (-0.117913246, 0.99227387, -0.03858656), (-0.19094913, 0.9799723, -0.056504212), (-0.107349984, 0.9940303, -0.019488692), (-0.11396827, 0.9934562, -0.0074944575), (-0.18953139, 0.98083156, -0.045248672), (-0.09606125, 0.9951225, -0.022434998), (-0.117913246, 0.99227387, -0.03858656), (-0.22261274, 0.97146463, -0.08185391), (-0.24746999, 0.9612204, -0.12171286), (-0.2471532, 0.9597472, -0.13341904), (0.031678077, -0.9973888, -0.06490008), (0.0040811477, -0.9958304, -0.09113191), (0.03339639, -0.9955958, -0.08759888), (0.0199678, -0.9949811, -0.098049946), (0.15222475, -0.9879901, -0.026518136), (0.03339639, -0.9955958, -0.08759888), (0.15222475, -0.9879901, -0.026518136), (0.0199678, -0.9949811, -0.098049946), (0.09523949, -0.9953636, -0.0134448735), (0.22302103, -0.9640587, 0.1444036), (0.23283853, -0.96339285, 0.13289283), (0.2415535, -0.9588794, 0.1490037), (0.22302103, -0.9640587, 0.1444036), (0.23901233, -0.96416545, 0.115143865), (0.23283853, -0.96339285, 0.13289283), (-0.06086168, 0.9962879, 0.060878865), (-0.10026412, 0.9938016, 0.04801638), (-0.09402749, 0.9937765, 0.059726123), (-0.087628394, 0.99501026, 0.04770642), (-0.09402749, 0.9937765, 0.059726123), (-0.20336871, 0.9790293, 0.0119533725), (-0.11396827, 0.9934562, -0.0074944575), (-0.087628394, 0.99501026, 0.04770642), (-0.19677016, 0.9798013, -0.035649575), (-0.21158485, 0.977078, -0.02345694), (-0.117913246, 0.99227387, -0.03858656), (-0.19094913, 0.9799723, -0.056504212), (-0.18953139, 0.98083156, -0.045248672), (-0.117913246, 0.99227387, -0.03858656), (-0.21158485, 0.977078, -0.02345694), (-0.21158485, 0.977078, -0.02345694), (-0.23625635, 0.97011703, -0.055279747), (-0.18953139, 0.98083156, -0.045248672), (-0.23903275, 0.9670061, -0.088105574), (-0.19098291, 0.98035324, -0.049324986), (-0.18953139, 0.98083156, -0.045248672), (-0.19098291, 0.98035324, -0.049324986), (-0.24619873, 0.9641406, -0.099091865), (-0.22261274, 0.97146463, -0.08185391), (-0.24746999, 0.9612204, -0.12171286), (-0.22261274, 0.97146463, -0.08185391), (-0.24619873, 0.9641406, -0.099091865), (0.03339639, -0.9955958, -0.08759888), (0.19842914, -0.979375, -0.038084857), (0.15553524, -0.98632115, -0.054583568), (0.19842914, -0.979375, -0.038084857), (0.03339639, -0.9955958, -0.08759888), (0.15222475, -0.9879901, -0.026518136), (0.21296042, -0.9770482, 0.004950327), (0.15222475, -0.9879901, -0.026518136), (0.09523949, -0.9953636, -0.0134448735), (0.21296042, -0.9770482, 0.004950327), (0.13370983, -0.99029166, -0.03800069), (0.21068719, -0.97697574, -0.033604633), (0.14818361, -0.98837703, -0.033950325), (0.21068719, -0.97697574, -0.033604633), (0.13370983, -0.99029166, -0.03800069), (0.27247104, -0.96213424, 0.0075654876), (0.21068719, -0.97697574, -0.033604633), (0.14818361, -0.98837703, -0.033950325), (0.27247104, -0.96213424, 0.0075654876), (0.14818361, -0.98837703, -0.033950325), (0.19090506, -0.9790592, 0.07069921), (0.19090506, -0.9790592, 0.07069921), (0.2415535, -0.9588794, 0.1490037), (0.29010084, -0.95153934, 0.10205154), (-0.20336871, 0.9790293, 0.0119533725), (-0.19677016, 0.9798013, -0.035649575), (-0.087628394, 0.99501026, 0.04770642), (-0.29252058, 0.95566386, -0.03373873), (-0.19677016, 0.9798013, -0.035649575), (-0.20336871, 0.9790293, 0.0119533725), (-0.19094913, 0.9799723, -0.056504212), (-0.11396827, 0.9934562, -0.0074944575), (-0.19677016, 0.9798013, -0.035649575), (-0.19094913, 0.9799723, -0.056504212), (-0.23008275, 0.9725656, -0.034323204), (-0.21158485, 0.977078, -0.02345694), (-0.25649264, 0.9653494, -0.048083737), (-0.23008275, 0.9725656, -0.034323204), (-0.19094913, 0.9799723, -0.056504212), (-0.21158485, 0.977078, -0.02345694), (-0.23008275, 0.9725656, -0.034323204), (-0.23625635, 0.97011703, -0.055279747), (-0.18953139, 0.98083156, -0.045248672), (-0.23625635, 0.97011703, -0.055279747), (-0.23903275, 0.9670061, -0.088105574), (-0.23903275, 0.9670061, -0.088105574), (-0.24619873, 0.9641406, -0.099091865), (-0.19098291, 0.98035324, -0.049324986), (-0.24746999, 0.9612204, -0.12171286), (-0.24619873, 0.9641406, -0.099091865), (-0.18642561, 0.9795192, -0.07607584), (0.19842914, -0.979375, -0.038084857), (0.23373109, -0.97218466, -0.0150527805), (0.15553524, -0.98632115, -0.054583568), (0.19842914, -0.979375, -0.038084857), (0.2346752, -0.97203916, -0.00820318), (0.23373109, -0.97218466, -0.0150527805), (0.2346752, -0.97203916, -0.00820318), (0.19842914, -0.979375, -0.038084857), (0.15222475, -0.9879901, -0.026518136), (0.21296042, -0.9770482, 0.004950327), (0.2346752, -0.97203916, -0.00820318), (0.15222475, -0.9879901, -0.026518136), (0.2346752, -0.97203916, -0.00820318), (0.21296042, -0.9770482, 0.004950327), (0.17781213, -0.98344165, -0.03500527), (0.21068719, -0.97697574, -0.033604633), (0.17781213, -0.98344165, -0.03500527), (0.21296042, -0.9770482, 0.004950327), (0.21068719, -0.97697574, -0.033604633), (0.27247104, -0.96213424, 0.0075654876), (0.18286565, -0.9826681, 0.03039157), (0.29010084, -0.95153934, 0.10205154), (0.2415535, -0.9588794, 0.1490037), (0.23709476, -0.9624539, 0.13216914), (0.21621382, -0.97607404, -0.023044225), (0.15553524, -0.98632115, -0.054583568), (0.23373109, -0.97218466, -0.0150527805), (0.2415535, -0.9588794, 0.1490037), (0.23283853, -0.96339285, 0.13289283), (0.23709476, -0.9624539, 0.13216914), (0.23283853, -0.96339285, 0.13289283), (0.17132191, -0.9781919, 0.11742887), (0.23709476, -0.9624539, 0.13216914), (-0.19926374, 0.97976863, 0.018638032), (-0.20336871, 0.9790293, 0.0119533725), (-0.09402749, 0.9937765, 0.059726123), (-0.20336871, 0.9790293, 0.0119533725), (-0.19926374, 0.97976863, 0.018638032), (-0.29777178, 0.9541411, -0.030768555), (-0.20336871, 0.9790293, 0.0119533725), (-0.29777178, 0.9541411, -0.030768555), (-0.29252058, 0.95566386, -0.03373873), (-0.19094913, 0.9799723, -0.056504212), (-0.19677016, 0.9798013, -0.035649575), (-0.25649264, 0.9653494, -0.048083737), (-0.25649264, 0.9653494, -0.048083737), (-0.19677016, 0.9798013, -0.035649575), (-0.29252058, 0.95566386, -0.03373873), (-0.29252058, 0.95566386, -0.03373873), (-0.29681534, 0.95447874, -0.02951405), (-0.25649264, 0.9653494, -0.048083737), (-0.25649264, 0.9653494, -0.048083737), (-0.2313074, 0.97243077, -0.029588085), (-0.23008275, 0.9725656, -0.034323204), (-0.2313074, 0.97243077, -0.029588085), (-0.23625635, 0.97011703, -0.055279747), (-0.23008275, 0.9725656, -0.034323204), (-0.23903275, 0.9670061, -0.088105574), (-0.19337353, 0.9778166, -0.08050806), (-0.24619873, 0.9641406, -0.099091865), (0.29010084, -0.95153934, 0.10205154), (0.27247104, -0.96213424, 0.0075654876), (0.19090506, -0.9790592, 0.07069921), (0.17781213, -0.98344165, -0.03500527), (0.06994288, -0.99699366, -0.033343814), (0.2346752, -0.97203916, -0.00820318), (0.17781213, -0.98344165, -0.03500527), (0.21068719, -0.97697574, -0.033604633), (0.108061545, -0.994139, -0.0032186534), (0.108061545, -0.994139, -0.0032186534), (0.21068719, -0.97697574, -0.033604633), (0.18286565, -0.9826681, 0.03039157), (0.27247104, -0.96213424, 0.0075654876), (0.29010084, -0.95153934, 0.10205154), (0.22233744, -0.97388047, 0.046075895), (0.23709476, -0.9624539, 0.13216914), (0.2178465, -0.97384727, 0.06453129), (0.29010084, -0.95153934, 0.10205154), (0.29010084, -0.95153934, 0.10205154), (0.2178465, -0.97384727, 0.06453129), (0.22233744, -0.97388047, 0.046075895), (0.23709476, -0.9624539, 0.13216914), (0.11029057, -0.98995936, 0.088410795), (0.2178465, -0.97384727, 0.06453129), (0.11029057, -0.98995936, 0.088410795), (0.23709476, -0.9624539, 0.13216914), (0.17132191, -0.9781919, 0.11742887), (0.23283853, -0.96339285, 0.13289283), (0.19339444, -0.97653407, 0.0947626), (0.17132191, -0.9781919, 0.11742887), (-0.29681534, 0.95447874, -0.02951405), (-0.29252058, 0.95566386, -0.03373873), (-0.29777178, 0.9541411, -0.030768555), (-0.29681534, 0.95447874, -0.02951405), (-0.28783378, 0.95768034, -0.00024095016), (-0.25649264, 0.9653494, -0.048083737), (-0.28783378, 0.95768034, -0.00024095016), (-0.2313074, 0.97243077, -0.029588085), (-0.25649264, 0.9653494, -0.048083737), (-0.20139778, 0.9771867, -0.067416996), (-0.23903275, 0.9670061, -0.088105574), (-0.23625635, 0.97011703, -0.055279747), (-0.20139778, 0.9771867, -0.067416996), (-0.19337353, 0.9778166, -0.08050806), (-0.23903275, 0.9670061, -0.088105574), (-0.24619873, 0.9641406, -0.099091865), (-0.19337353, 0.9778166, -0.08050806), (-0.18642561, 0.9795192, -0.07607584), (-0.18642561, 0.9795192, -0.07607584), (-0.19337353, 0.9778166, -0.08050806), (-0.17923686, 0.9823268, -0.05392746), (-0.7130733, 0.6989491, -0.054740027), (-0.17923686, 0.9823268, -0.05392746), (-0.19337353, 0.9778166, -0.08050806), (0.2346752, -0.97203916, -0.00820318), (0.062377594, -0.99597234, -0.06440662), (0.23373109, -0.97218466, -0.0150527805), (0.17781213, -0.98344165, -0.03500527), (0.041520488, -0.9982884, -0.041187372), (0.06994288, -0.99699366, -0.033343814), (0.27247104, -0.96213424, 0.0075654876), (0.22233744, -0.97388047, 0.046075895), (0.18286565, -0.9826681, 0.03039157), (0.2178465, -0.97384727, 0.06453129), (0.008400888, -0.9973393, 0.072414316), (0.22233744, -0.97388047, 0.046075895), (0.008400888, -0.9973393, 0.072414316), (0.2178465, -0.97384727, 0.06453129), (0.11029057, -0.98995936, 0.088410795), (0.11029057, -0.98995936, 0.088410795), (0.17132191, -0.9781919, 0.11742887), (-0.0009947029, -0.996203, 0.08705541), (0.17132191, -0.9781919, 0.11742887), (0.19339444, -0.97653407, 0.0947626), (0.026013488, -0.9974991, 0.065717675), (-0.18179001, 0.9828128, 0.032115526), (-0.27834597, 0.9595749, -0.041708913), (-0.19926374, 0.97976863, 0.018638032), (-0.29777178, 0.9541411, -0.030768555), (-0.19926374, 0.97976863, 0.018638032), (-0.27834597, 0.9595749, -0.041708913), (-0.27834597, 0.9595749, -0.041708913), (-0.18179001, 0.9828128, 0.032115526), (-0.23399585, 0.97218764, 0.009857068), (-0.29681534, 0.95447874, -0.02951405), (-0.29777178, 0.9541411, -0.030768555), (-0.7785973, 0.6275188, -0.0025056235), (-0.29681534, 0.95447874, -0.02951405), (-0.7785973, 0.6275188, -0.0025056235), (-0.801878, 0.5974522, 0.006534744), (-0.801878, 0.5974522, 0.006534744), (-0.28783378, 0.95768034, -0.00024095016), (-0.29681534, 0.95447874, -0.02951405), (-0.23625635, 0.97011703, -0.055279747), (-0.2313074, 0.97243077, -0.029588085), (-0.20139778, 0.9771867, -0.067416996), (-0.2313074, 0.97243077, -0.029588085), (-0.28783378, 0.95768034, -0.00024095016), (-0.75000036, 0.6613269, -0.012090075), (-0.75000036, 0.6613269, -0.012090075), (-0.20139778, 0.9771867, -0.067416996), (-0.2313074, 0.97243077, -0.029588085), (-0.20139778, 0.9771867, -0.067416996), (-0.7378965, 0.67310154, -0.049426105), (-0.16682781, 0.9825926, -0.08173402), (0.23373109, -0.97218466, -0.0150527805), (0.081403844, -0.9953126, -0.052213084), (0.21621382, -0.97607404, -0.023044225), (0.06994288, -0.99699366, -0.033343814), (0.062377594, -0.99597234, -0.06440662), (0.2346752, -0.97203916, -0.00820318), (0.041520488, -0.9982884, -0.041187372), (0.17781213, -0.98344165, -0.03500527), (0.108061545, -0.994139, -0.0032186534), (0.108061545, -0.994139, -0.0032186534), (-0.028193105, -0.9994692, 0.016324718), (-0.62818944, -0.7777395, -0.02234532), (-0.028193105, -0.9994692, 0.016324718), (0.108061545, -0.994139, -0.0032186534), (0.18286565, -0.9826681, 0.03039157), (0.22233744, -0.97388047, 0.046075895), (-0.028193105, -0.9994692, 0.016324718), (0.18286565, -0.9826681, 0.03039157), (-0.028193105, -0.9994692, 0.016324718), (0.22233744, -0.97388047, 0.046075895), (0.008400888, -0.9973393, 0.072414316), (0.11029057, -0.98995936, 0.088410795), (-0.0009947029, -0.996203, 0.08705541), (-0.6806764, -0.7290083, 0.07229463), (0.026013488, -0.9974991, 0.065717675), (-0.0009947029, -0.996203, 0.08705541), (0.17132191, -0.9781919, 0.11742887), (-0.27834597, 0.9595749, -0.041708913), (-0.23399585, 0.97218764, 0.009857068), (-0.7779074, 0.62748706, -0.03346769), (-0.7779074, 0.62748706, -0.03346769), (-0.80864537, 0.58603233, -0.05156232), (-0.27834597, 0.9595749, -0.041708913), (-0.29777178, 0.9541411, -0.030768555), (-0.80864537, 0.58603233, -0.05156232), (-0.7785973, 0.6275188, -0.0025056235), (-0.27834597, 0.9595749, -0.041708913), (-0.80864537, 0.58603233, -0.05156232), (-0.29777178, 0.9541411, -0.030768555), (-0.801878, 0.5974522, 0.006534744), (-0.8342433, 0.5512796, 0.011359505), (-0.28783378, 0.95768034, -0.00024095016), (-0.8342433, 0.5512796, 0.011359505), (-0.75000036, 0.6613269, -0.012090075), (-0.28783378, 0.95768034, -0.00024095016), (-0.7378965, 0.67310154, -0.049426105), (-0.7130733, 0.6989491, -0.054740027), (-0.16682781, 0.9825926, -0.08173402), (-0.7619948, 0.64680624, -0.031713266), (-0.17923686, 0.9823268, -0.05392746), (-0.7130733, 0.6989491, -0.054740027), (-0.9991328, 0.03778091, -0.01750095), (-0.7785973, 0.6275188, -0.0025056235), (-0.80864537, 0.58603233, -0.05156232), (0.081403844, -0.9953126, -0.052213084), (-0.7108826, -0.70007384, -0.06739831), (-0.5634346, -0.826136, -0.0063976487), (-0.7108826, -0.70007384, -0.06739831), (0.062377594, -0.99597234, -0.06440662), (-0.7004623, -0.71264786, -0.038543403), (0.062377594, -0.99597234, -0.06440662), (0.081403844, -0.9953126, -0.052213084), (0.23373109, -0.97218466, -0.0150527805), (0.062377594, -0.99597234, -0.06440662), (-0.7108826, -0.70007384, -0.06739831), (0.081403844, -0.9953126, -0.052213084), (0.06994288, -0.99699366, -0.033343814), (-0.7004623, -0.71264786, -0.038543403), (0.062377594, -0.99597234, -0.06440662), (-0.71563274, -0.6983304, -0.014294584), (-0.7004623, -0.71264786, -0.038543403), (0.06994288, -0.99699366, -0.033343814), (0.06994288, -0.99699366, -0.033343814), (0.041520488, -0.9982884, -0.041187372), (-0.71563274, -0.6983304, -0.014294584), (-0.62818944, -0.7777395, -0.02234532), (0.041520488, -0.9982884, -0.041187372), (0.108061545, -0.994139, -0.0032186534), (0.008400888, -0.9973393, 0.072414316), (-0.7747085, -0.6314874, 0.03241049), (-0.028193105, -0.9994692, 0.016324718), (-0.7747085, -0.6314874, 0.03241049), (-0.62818944, -0.7777395, -0.02234532), (-0.028193105, -0.9994692, 0.016324718), (0.008400888, -0.9973393, 0.072414316), (0.11029057, -0.98995936, 0.088410795), (-0.6806764, -0.7290083, 0.07229463), (-0.6806764, -0.7290083, 0.07229463), (-0.7747085, -0.6314874, 0.03241049), (0.008400888, -0.9973393, 0.072414316), (0.026013488, -0.9974991, 0.065717675), (-0.7406175, -0.6715651, 0.022045268), (-0.0009947029, -0.996203, 0.08705541), (0.026013488, -0.9974991, 0.065717675), (-0.7129305, -0.7007797, 0.02525398), (-0.7406175, -0.6715651, 0.022045268), (-0.8342433, 0.5512796, 0.011359505), (-0.99990124, 0.012851597, -0.005684565), (-0.75000036, 0.6613269, -0.012090075), (-0.7130733, 0.6989491, -0.054740027), (-0.7378965, 0.67310154, -0.049426105), (-0.99859345, 0.052276168, -0.008857184), (-0.99975157, 0.01913874, -0.011425171), (-0.80864537, 0.58603233, -0.05156232), (-0.7779074, 0.62748706, -0.03346769), (-0.80864537, 0.58603233, -0.05156232), (-0.99975157, 0.01913874, -0.011425171), (-0.9991328, 0.03778091, -0.01750095), (-0.9991328, 0.03778091, -0.01750095), (-0.99893785, 0.03854467, 0.025249213), (-0.7785973, 0.6275188, -0.0025056235), (-0.99893785, 0.03854467, 0.025249213), (-0.801878, 0.5974522, 0.006534744), (-0.7785973, 0.6275188, -0.0025056235), (-0.8342433, 0.5512796, 0.011359505), (-0.801878, 0.5974522, 0.006534744), (-0.9999225, -0.001116853, 0.012396816), (-0.20139778, 0.9771867, -0.067416996), (-0.75000036, 0.6613269, -0.012090075), (-0.7378965, 0.67310154, -0.049426105), (-0.7378965, 0.67310154, -0.049426105), (-0.75000036, 0.6613269, -0.012090075), (-0.9995503, 0.029953657, 0.0014297937), (-0.9995503, 0.029953657, 0.0014297937), (-0.99859345, 0.052276168, -0.008857184), (-0.7378965, 0.67310154, -0.049426105), (-0.99890804, 0.04636852, 0.0057223565), (-0.99859345, 0.052276168, -0.008857184), (-0.9996046, -0.026971148, 0.007951442), (-0.99890804, 0.04636852, 0.0057223565), (-0.7619948, 0.64680624, -0.031713266), (-0.7130733, 0.6989491, -0.054740027), (-0.9991492, -0.040363904, -0.008452351), (-0.9991328, 0.03778091, -0.01750095), (-0.99975157, 0.01913874, -0.011425171), (-0.9991492, -0.040363904, -0.008452351), (-0.99982744, -0.018218882, 0.00363017), (-0.9991328, 0.03778091, -0.01750095), (-0.99982744, -0.018218882, 0.00363017), (-0.99893785, 0.03854467, 0.025249213), (-0.9991328, 0.03778091, -0.01750095), (-0.99893785, 0.03854467, 0.025249213), (-0.9999225, -0.001116853, 0.012396816), (-0.801878, 0.5974522, 0.006534744), (-0.8342433, 0.5512796, 0.011359505), (-0.9999225, -0.001116853, 0.012396816), (-0.99990124, 0.012851597, -0.005684565), (-0.75000036, 0.6613269, -0.012090075), (-0.99990124, 0.012851597, -0.005684565), (-0.9995503, 0.029953657, 0.0014297937), (-0.9986278, -0.051242627, 0.0108064255), (-0.9995503, 0.029953657, 0.0014297937), (-0.99990124, 0.012851597, -0.005684565), (-0.99859345, 0.052276168, -0.008857184), (-0.9995503, 0.029953657, 0.0014297937), (-0.99948025, -0.03218073, 0.0019029349), (-0.9986278, -0.051242627, 0.0108064255), (-0.99948025, -0.03218073, 0.0019029349), (-0.9995503, 0.029953657, 0.0014297937), (-0.99859345, 0.052276168, -0.008857184), (-0.99890804, 0.04636852, 0.0057223565), (-0.7130733, 0.6989491, -0.054740027), (-0.9953603, -0.09606755, 0.005391912), (-0.9991492, -0.040363904, -0.008452351), (-0.99975157, 0.01913874, -0.011425171), (-0.99982744, -0.018218882, 0.00363017), (-0.9999225, -0.001116853, 0.012396816), (-0.99893785, 0.03854467, 0.025249213), (-0.71563274, -0.6983304, -0.014294584), (-0.9999225, -0.001116853, 0.012396816), (-0.99982744, -0.018218882, 0.00363017), (-0.99990124, 0.012851597, -0.005684565), (-0.9961817, -0.08547779, -0.01776355), (-0.9986278, -0.051242627, 0.0108064255), (-0.99948025, -0.03218073, 0.0019029349), (-0.9996046, -0.026971148, 0.007951442), (-0.99859345, 0.052276168, -0.008857184), (-0.9995817, -0.028249837, -0.006189979), (-0.99890804, 0.04636852, 0.0057223565), (-0.9996046, -0.026971148, 0.007951442), (-0.7406175, -0.6715651, 0.022045268), (-0.9995817, -0.028249837, -0.006189979), (-0.9996046, -0.026971148, 0.007951442), (-0.99890804, 0.04636852, 0.0057223565), (-0.9994661, 0.032258205, -0.005196554), (-0.7619948, 0.64680624, -0.031713266), (-0.9953603, -0.09606755, 0.005391912), (-0.7108826, -0.70007384, -0.06739831), (-0.9991492, -0.040363904, -0.008452351), (-0.9991492, -0.040363904, -0.008452351), (-0.7108826, -0.70007384, -0.06739831), (-0.7004623, -0.71264786, -0.038543403), (-0.7004623, -0.71264786, -0.038543403), (-0.99982744, -0.018218882, 0.00363017), (-0.9991492, -0.040363904, -0.008452351), (-0.7004623, -0.71264786, -0.038543403), (-0.71563274, -0.6983304, -0.014294584), (-0.99982744, -0.018218882, 0.00363017), (-0.9961817, -0.08547779, -0.01776355), (-0.99990124, 0.012851597, -0.005684565), (-0.9999225, -0.001116853, 0.012396816), (-0.71563274, -0.6983304, -0.014294584), (-0.9961817, -0.08547779, -0.01776355), (-0.9999225, -0.001116853, 0.012396816), (-0.71563274, -0.6983304, -0.014294584), (-0.62818944, -0.7777395, -0.02234532), (-0.9961817, -0.08547779, -0.01776355), (-0.62818944, -0.7777395, -0.02234532), (-0.9986278, -0.051242627, 0.0108064255), (-0.9961817, -0.08547779, -0.01776355), (-0.7747085, -0.6314874, 0.03241049), (-0.99948025, -0.03218073, 0.0019029349), (-0.9986278, -0.051242627, 0.0108064255), (-0.6806764, -0.7290083, 0.07229463), (-0.99948025, -0.03218073, 0.0019029349), (-0.7747085, -0.6314874, 0.03241049), (-0.99948025, -0.03218073, 0.0019029349), (-0.6806764, -0.7290083, 0.07229463), (-0.9996046, -0.026971148, 0.007951442), (-0.62818944, -0.7777395, -0.02234532), (-0.71563274, -0.6983304, -0.014294584), (0.041520488, -0.9982884, -0.041187372), (-0.9986278, -0.051242627, 0.0108064255), (-0.62818944, -0.7777395, -0.02234532), (-0.7747085, -0.6314874, 0.03241049), (-0.6806764, -0.7290083, 0.07229463), (-0.7406175, -0.6715651, 0.022045268), (-0.9996046, -0.026971148, 0.007951442), (-0.7406175, -0.6715651, 0.022045268), (-0.6806764, -0.7290083, 0.07229463), (-0.0009947029, -0.996203, 0.08705541), (0.0030572235, 0.9999762, -0.0061876737), (-0.102082975, 0.99231815, -0.06988468), (-0.004392834, 0.9999875, -0.002368678), (-0.087803416, 0.9936849, -0.06986265), (-0.15957496, 0.9676915, -0.1952153), (-0.049903773, 0.9959851, -0.07431783), (-0.087803416, 0.9936849, -0.06986265), (-0.18971826, 0.96936774, -0.15599065), (-0.15957496, 0.9676915, -0.1952153), (-0.049903773, 0.9959851, -0.07431783), (-0.15957496, 0.9676915, -0.1952153), (-0.15367053, 0.9606041, -0.23157132), (-0.15957496, 0.9676915, -0.1952153), (-0.15659922, 0.95508826, -0.25156128), (-0.15367053, 0.9606041, -0.23157132), (-0.112522595, 0.96764725, -0.22582635), (-0.030726, 0.9946943, -0.09817865), (-0.03487334, 0.9836952, -0.17642963), (0.049428914, 0.9313122, -0.3608521), (0.02911536, 0.3972078, -0.91726667), (0.016168956, 0.92294973, -0.38458064), (0.016168956, 0.92294973, -0.38458064), (0.02911536, 0.3972078, -0.91726667), (-0.03076779, 0.46167657, -0.88651466), (0.017722165, 0.008847291, -0.9998039), (-0.03076779, 0.46167657, -0.88651466), (0.02911536, 0.3972078, -0.91726667), (0.10738809, -0.9905511, 0.08530074), (0.053909026, -0.9975287, 0.045059092), (0.040523916, -0.99629337, 0.07587755), (0.067469805, -0.9694877, 0.23567224), (0.054610573, -0.950202, 0.30681232), (0.08400517, -0.95875025, 0.27155334), (0.08400517, -0.95875025, 0.27155334), (0.11274637, -0.9693518, 0.21827793), (0.067469805, -0.9694877, 0.23567224), (-0.009562803, -0.061124947, -0.9980843), (-0.0045149038, -0.8073098, -0.59011066), (-0.05290986, -0.068075694, -0.9962762), (0.026230568, -0.98855376, 0.14857109), (0.033124484, -0.98732775, 0.15519899), (0.03302749, -0.96424395, 0.26295024), (-0.038940713, 0.9987231, -0.0321848), (-0.102082975, 0.99231815, -0.06988468), (0.0030572235, 0.9999762, -0.0061876737), (-0.004392834, 0.9999875, -0.002368678), (-0.102082975, 0.99231815, -0.06988468), (-0.087803416, 0.9936849, -0.06986265), (-0.102082975, 0.99231815, -0.06988468), (-0.18718912, 0.97337544, -0.13228925), (-0.087803416, 0.9936849, -0.06986265), (-0.18718912, 0.97337544, -0.13228925), (-0.18971826, 0.96936774, -0.15599065), (-0.087803416, 0.9936849, -0.06986265), (-0.15957496, 0.9676915, -0.1952153), (-0.18971826, 0.96936774, -0.15599065), (-0.16600125, 0.96090114, -0.2216136), (-0.15659922, 0.95508826, -0.25156128), (-0.15957496, 0.9676915, -0.1952153), (-0.16600125, 0.96090114, -0.2216136), (-0.07637685, 0.9849937, -0.15477094), (-0.112522595, 0.96764725, -0.22582635), (-0.15659922, 0.95508826, -0.25156128), (-0.030726, 0.9946943, -0.09817865), (-0.112522595, 0.96764725, -0.22582635), (-0.07637685, 0.9849937, -0.15477094), (-0.03487334, 0.9836952, -0.17642963), (-0.030726, 0.9946943, -0.09817865), (0.049428914, 0.9313122, -0.3608521), (-0.030726, 0.9946943, -0.09817865), (-0.009750197, 0.78718853, -0.61663526), (0.049428914, 0.9313122, -0.3608521), (0.049428914, 0.9313122, -0.3608521), (-0.009750197, 0.78718853, -0.61663526), (0.02911536, 0.3972078, -0.91726667), (-0.009750197, 0.78718853, -0.61663526), (0.014402199, 0.07540238, -0.99704915), (0.02911536, 0.3972078, -0.91726667), (0.014402199, 0.07540238, -0.99704915), (0.017722165, 0.008847291, -0.9998039), (0.02911536, 0.3972078, -0.91726667), (0.053909026, -0.9975287, 0.045059092), (0.12553, -0.9891616, 0.07616709), (0.05860104, -0.9976808, 0.034627054), (0.10738809, -0.9905511, 0.08530074), (0.06427192, -0.9874706, 0.14412151), (0.16090469, -0.9744381, 0.1567803), (0.11274637, -0.9693518, 0.21827793), (0.16090469, -0.9744381, 0.1567803), (0.06427192, -0.9874706, 0.14412151), (0.17101483, -0.96196306, 0.21302828), (0.16090469, -0.9744381, 0.1567803), (0.11274637, -0.9693518, 0.21827793), (0.17101483, -0.96196306, 0.21302828), (0.08400517, -0.95875025, 0.27155334), (0.11412652, -0.9710403, 0.20989482), (0.08400517, -0.95875025, 0.27155334), (0.17101483, -0.96196306, 0.21302828), (0.11274637, -0.9693518, 0.21827793), (0.03302749, -0.96424395, 0.26295024), (0.11412652, -0.9710403, 0.20989482), (0.08400517, -0.95875025, 0.27155334), (0.033124484, -0.98732775, 0.15519899), (0.11412652, -0.9710403, 0.20989482), (0.03302749, -0.96424395, 0.26295024), (-0.102082975, 0.99231815, -0.06988468), (-0.038940713, 0.9987231, -0.0321848), (-0.16858977, 0.9776444, -0.12565422), (-0.16600125, 0.96090114, -0.2216136), (-0.11764769, 0.9763946, -0.18114294), (-0.15659922, 0.95508826, -0.25156128), (-0.15659922, 0.95508826, -0.25156128), (-0.11764769, 0.9763946, -0.18114294), (-0.07637685, 0.9849937, -0.15477094), (-0.030726, 0.9946943, -0.09817865), (-0.07637685, 0.9849937, -0.15477094), (-0.04048221, 0.9958187, -0.08189112), (-0.009750197, 0.78718853, -0.61663526), (-0.030726, 0.9946943, -0.09817865), (-0.04048221, 0.9958187, -0.08189112), (-0.04048221, 0.9958187, -0.08189112), (-0.026780965, 0.701718, -0.7119514), (-0.009750197, 0.78718853, -0.61663526), (-0.009750197, 0.78718853, -0.61663526), (-0.026780965, 0.701718, -0.7119514), (0.014402199, 0.07540238, -0.99704915), (0.014402199, 0.07540238, -0.99704915), (0.03593872, -0.107505396, -0.9935547), (0.017722165, 0.008847291, -0.9998039), (0.05860104, -0.9976808, 0.034627054), (0.14572662, -0.9865072, 0.07461392), (0.05846983, -0.9981581, 0.016172806), (0.05860104, -0.9976808, 0.034627054), (0.12553, -0.9891616, 0.07616709), (0.14572662, -0.9865072, 0.07461392), (-0.0045149038, -0.8073098, -0.59011066), (-0.009562803, -0.061124947, -0.9980843), (0.03593872, -0.107505396, -0.9935547), (0.017722165, 0.008847291, -0.9998039), (0.03593872, -0.107505396, -0.9935547), (-0.009562803, -0.061124947, -0.9980843), (0.12553, -0.9891616, 0.07616709), (0.053909026, -0.9975287, 0.045059092), (0.10738809, -0.9905511, 0.08530074), (0.18531437, -0.976284, 0.111928545), (0.12553, -0.9891616, 0.07616709), (0.10738809, -0.9905511, 0.08530074), (0.16090469, -0.9744381, 0.1567803), (0.18531437, -0.976284, 0.111928545), (0.10738809, -0.9905511, 0.08530074), (0.03593872, -0.107505396, -0.9935547), (0.05440443, -0.78600836, -0.6158174), (-0.0045149038, -0.8073098, -0.59011066), (0.11412652, -0.9710403, 0.20989482), (0.033124484, -0.98732775, 0.15519899), (0.11791768, -0.97452605, 0.19077298), (0.055273693, -0.99671876, 0.059131477), (0.11791768, -0.97452605, 0.19077298), (0.033124484, -0.98732775, 0.15519899), (-0.16858977, 0.9776444, -0.12565422), (-0.038940713, 0.9987231, -0.0321848), (-0.11386457, 0.9899092, -0.08434827), (-0.102082975, 0.99231815, -0.06988468), (-0.16858977, 0.9776444, -0.12565422), (-0.19060804, 0.9726605, -0.13266553), (-0.16858977, 0.9776444, -0.12565422), (-0.20162916, 0.9700115, -0.13573308), (-0.19060804, 0.9726605, -0.13266553), (-0.18756358, 0.9691273, -0.16003814), (-0.18971826, 0.96936774, -0.15599065), (-0.18718912, 0.97337544, -0.13228925), (-0.18718912, 0.97337544, -0.13228925), (-0.102082975, 0.99231815, -0.06988468), (-0.19060804, 0.9726605, -0.13266553), (-0.18718912, 0.97337544, -0.13228925), (-0.20244244, 0.9697365, -0.13648497), (-0.18756358, 0.9691273, -0.16003814), (-0.18756358, 0.9691273, -0.16003814), (-0.16600125, 0.96090114, -0.2216136), (-0.18971826, 0.96936774, -0.15599065), (-0.11764769, 0.9763946, -0.18114294), (-0.05084543, 0.9948948, -0.0871733), (-0.07637685, 0.9849937, -0.15477094), (-0.11764769, 0.9763946, -0.18114294), (-0.16600125, 0.96090114, -0.2216136), (-0.15730223, 0.9714941, -0.17735605), (0.014402199, 0.07540238, -0.99704915), (-0.026780965, 0.701718, -0.7119514), (-0.019704558, 0.0516003, -0.99847347), (0.03593872, -0.107505396, -0.9935547), (0.014402199, 0.07540238, -0.99704915), (0.007955442, -0.0532211, -0.998551), (0.14572662, -0.9865072, 0.07461392), (0.12553, -0.9891616, 0.07616709), (0.22460061, -0.96973664, 0.09573682), (0.12553, -0.9891616, 0.07616709), (0.18531437, -0.976284, 0.111928545), (0.22460061, -0.96973664, 0.09573682), (0.24732682, -0.96104515, 0.1233761), (0.18531437, -0.976284, 0.111928545), (0.22017372, -0.96161264, 0.16378267), (0.16090469, -0.9744381, 0.1567803), (0.22017372, -0.96161264, 0.16378267), (0.18531437, -0.976284, 0.111928545), (0.17101483, -0.96196306, 0.21302828), (0.22017372, -0.96161264, 0.16378267), (0.16090469, -0.9744381, 0.1567803), (0.18276393, -0.96405375, 0.1928666), (0.22017372, -0.96161264, 0.16378267), (0.17101483, -0.96196306, 0.21302828), (0.17101483, -0.96196306, 0.21302828), (0.11412652, -0.9710403, 0.20989482), (0.18276393, -0.96405375, 0.1928666), (0.14306995, -0.97815216, 0.15082885), (0.18276393, -0.96405375, 0.1928666), (0.11412652, -0.9710403, 0.20989482), (0.11412652, -0.9710403, 0.20989482), (0.11791768, -0.97452605, 0.19077298), (0.14306995, -0.97815216, 0.15082885), (0.11791768, -0.97452605, 0.19077298), (0.055273693, -0.99671876, 0.059131477), (0.07624426, -0.99059737, 0.11359479), (0.03593872, -0.107505396, -0.9935547), (0.023323454, -0.7210036, -0.6925386), (0.05440443, -0.78600836, -0.6158174), (-0.22146073, 0.96601206, -0.13332614), (-0.16858977, 0.9776444, -0.12565422), (-0.11386457, 0.9899092, -0.08434827), (-0.20162916, 0.9700115, -0.13573308), (-0.20244244, 0.9697365, -0.13648497), (-0.19060804, 0.9726605, -0.13266553), (-0.20244244, 0.9697365, -0.13648497), (-0.18718912, 0.97337544, -0.13228925), (-0.19060804, 0.9726605, -0.13266553), (-0.18756358, 0.9691273, -0.16003814), (-0.15730223, 0.9714941, -0.17735605), (-0.16600125, 0.96090114, -0.2216136), (-0.11352989, 0.9849875, -0.13004123), (-0.15730223, 0.9714941, -0.17735605), (-0.16656144, 0.97726226, -0.13120879), (-0.15730223, 0.9714941, -0.17735605), (-0.077845536, 0.9909864, -0.109022535), (-0.11764769, 0.9763946, -0.18114294), (-0.077845536, 0.9909864, -0.109022535), (-0.15730223, 0.9714941, -0.17735605), (-0.11352989, 0.9849875, -0.13004123), (-0.11764769, 0.9763946, -0.18114294), (-0.077845536, 0.9909864, -0.109022535), (-0.05084543, 0.9948948, -0.0871733), (-0.021905575, 0.99469066, -0.10055132), (-0.04048221, 0.9958187, -0.08189112), (-0.05084543, 0.9948948, -0.0871733), (-0.02033065, 0.67649186, -0.73616946), (-0.021905575, 0.99469066, -0.10055132), (0.016067605, 0.99468124, -0.10174146), (-0.021905575, 0.99469066, -0.10055132), (-0.02033065, 0.67649186, -0.73616946), (-0.026780965, 0.701718, -0.7119514), (-0.026780965, 0.701718, -0.7119514), (-0.04048221, 0.9958187, -0.08189112), (-0.021905575, 0.99469066, -0.10055132), (-0.02033065, 0.67649186, -0.73616946), (-0.019704558, 0.0516003, -0.99847347), (-0.026780965, 0.701718, -0.7119514), (0.007955442, -0.0532211, -0.998551), (0.014402199, 0.07540238, -0.99704915), (-0.019704558, 0.0516003, -0.99847347), (0.14572662, -0.9865072, 0.07461392), (0.22460061, -0.96973664, 0.09573682), (0.22771306, -0.9675212, 0.10977012), (0.18531437, -0.976284, 0.111928545), (0.24732682, -0.96104515, 0.1233761), (0.22460061, -0.96973664, 0.09573682), (0.22017372, -0.96161264, 0.16378267), (0.2377171, -0.9626925, 0.12928173), (0.24732682, -0.96104515, 0.1233761), (0.18276393, -0.96405375, 0.1928666), (0.16907693, -0.97533387, 0.14190473), (0.22017372, -0.96161264, 0.16378267), (0.07624426, -0.99059737, 0.11359479), (0.14306995, -0.97815216, 0.15082885), (0.11791768, -0.97452605, 0.19077298), (0.07624426, -0.99059737, 0.11359479), (0.09904105, -0.99018544, 0.09860808), (0.14306995, -0.97815216, 0.15082885), (0.03593872, -0.107505396, -0.9935547), (0.007955442, -0.0532211, -0.998551), (0.023323454, -0.7210036, -0.6925386), (-0.16858977, 0.9776444, -0.12565422), (-0.22146073, 0.96601206, -0.13332614), (-0.20162916, 0.9700115, -0.13573308), (-0.21726367, 0.9688807, -0.118603185), (-0.20162916, 0.9700115, -0.13573308), (-0.22146073, 0.96601206, -0.13332614), (-0.20162916, 0.9700115, -0.13573308), (-0.21726367, 0.9688807, -0.118603185), (-0.20244244, 0.9697365, -0.13648497), (-0.20244244, 0.9697365, -0.13648497), (-0.16656144, 0.97726226, -0.13120879), (-0.18756358, 0.9691273, -0.16003814), (-0.16656144, 0.97726226, -0.13120879), (-0.15730223, 0.9714941, -0.17735605), (-0.18756358, 0.9691273, -0.16003814), (-0.077845536, 0.9909864, -0.109022535), (-0.019316819, 0.9984674, -0.05186298), (-0.05084543, 0.9948948, -0.0871733), (-0.019316819, 0.9984674, -0.05186298), (-0.021905575, 0.99469066, -0.10055132), (-0.05084543, 0.9948948, -0.0871733), (-0.019704558, 0.0516003, -0.99847347), (-0.02033065, 0.67649186, -0.73616946), (-0.012214393, 0.032714326, -0.9993902), (0.22460061, -0.96973664, 0.09573682), (0.23901233, -0.96416545, 0.115143865), (0.22771306, -0.9675212, 0.10977012), (0.16907693, -0.97533387, 0.14190473), (0.18276393, -0.96405375, 0.1928666), (0.14306995, -0.97815216, 0.15082885), (0.09904105, -0.99018544, 0.09860808), (0.16907693, -0.97533387, 0.14190473), (0.14306995, -0.97815216, 0.15082885), (-0.22146073, 0.96601206, -0.13332614), (-0.21866746, 0.9701675, -0.10468829), (-0.21726367, 0.9688807, -0.118603185), (-0.17759633, 0.97902375, -0.09985958), (-0.16656144, 0.97726226, -0.13120879), (-0.20244244, 0.9697365, -0.13648497), (-0.11352989, 0.9849875, -0.13004123), (-0.16656144, 0.97726226, -0.13120879), (-0.10357978, 0.9922969, -0.06795714), (-0.11352989, 0.9849875, -0.13004123), (-0.04791719, 0.99691355, -0.062187232), (-0.077845536, 0.9909864, -0.109022535), (0.016067605, 0.99468124, -0.10174146), (-0.021905575, 0.99469066, -0.10055132), (-0.019316819, 0.9984674, -0.05186298), (-0.012214393, 0.032714326, -0.9993902), (-0.022443015, -0.008788806, -0.9997095), (-0.019704558, 0.0516003, -0.99847347), (-0.019704558, 0.0516003, -0.99847347), (-0.022443015, -0.008788806, -0.9997095), (0.007955442, -0.0532211, -0.998551), (0.22771306, -0.9675212, 0.10977012), (0.23901233, -0.96416545, 0.115143865), (0.22302103, -0.9640587, 0.1444036), (-0.022443015, -0.008788806, -0.9997095), (0.004034321, -0.6637596, -0.7479351), (0.007955442, -0.0532211, -0.998551), (0.23901233, -0.96416545, 0.115143865), (0.23429951, -0.96653277, 0.104490146), (0.210576, -0.97265106, 0.09801812), (0.2377171, -0.9626925, 0.12928173), (0.23429951, -0.96653277, 0.104490146), (0.24732682, -0.96104515, 0.1233761), (0.1979816, -0.9719605, 0.12687011), (0.22017372, -0.96161264, 0.16378267), (0.16907693, -0.97533387, 0.14190473), (0.1754536, -0.9795675, 0.09830271), (0.2377171, -0.9626925, 0.12928173), (0.1979816, -0.9719605, 0.12687011), (0.1979816, -0.9719605, 0.12687011), (0.11563353, -0.9903052, 0.07697002), (0.1754536, -0.9795675, 0.09830271), (0.22017372, -0.96161264, 0.16378267), (0.1979816, -0.9719605, 0.12687011), (0.2377171, -0.9626925, 0.12928173), (0.09904105, -0.99018544, 0.09860808), (0.11563353, -0.9903052, 0.07697002), (0.16907693, -0.97533387, 0.14190473), (-0.21726367, 0.9688807, -0.118603185), (-0.17759633, 0.97902375, -0.09985958), (-0.20244244, 0.9697365, -0.13648497), (-0.17759633, 0.97902375, -0.09985958), (-0.10357978, 0.9922969, -0.06795714), (-0.16656144, 0.97726226, -0.13120879), (-0.10357978, 0.9922969, -0.06795714), (-0.04791719, 0.99691355, -0.062187232), (-0.11352989, 0.9849875, -0.13004123), (-0.077845536, 0.9909864, -0.109022535), (-0.04791719, 0.99691355, -0.062187232), (-0.019316819, 0.9984674, -0.05186298), (-0.015094463, 0.99982226, -0.011296695), (-0.019316819, 0.9984674, -0.05186298), (-0.04791719, 0.99691355, -0.062187232), (-0.019316819, 0.9984674, -0.05186298), (-0.015094463, 0.99982226, -0.011296695), (0.014573563, 0.9994391, -0.030150188), (0.016067605, 0.99468124, -0.10174146), (-0.019316819, 0.9984674, -0.05186298), (0.014573563, 0.9994391, -0.030150188), (0.041148715, 0.6773557, -0.7345039), (-0.02033065, 0.67649186, -0.73616946), (0.016067605, 0.99468124, -0.10174146), (-0.012214393, 0.032714326, -0.9993902), (-0.02033065, 0.67649186, -0.73616946), (0.041148715, 0.6773557, -0.7345039), (0.0038082479, -0.020149635, -0.9997898), (-0.022443015, -0.008788806, -0.9997095), (-0.012214393, 0.032714326, -0.9993902), (0.0038082479, -0.020149635, -0.9997898), (-0.03922038, -0.661223, -0.7491635), (-0.022443015, -0.008788806, -0.9997095), (0.210576, -0.97265106, 0.09801812), (0.23283853, -0.96339285, 0.13289283), (0.23901233, -0.96416545, 0.115143865), (0.2377171, -0.9626925, 0.12928173), (0.1754536, -0.9795675, 0.09830271), (0.23429951, -0.96653277, 0.104490146), (0.23429951, -0.96653277, 0.104490146), (0.19263026, -0.9777747, 0.08276575), (0.210576, -0.97265106, 0.09801812), (0.16907693, -0.97533387, 0.14190473), (0.11563353, -0.9903052, 0.07697002), (0.1979816, -0.9719605, 0.12687011), (-0.03922038, -0.661223, -0.7491635), (-0.03229514, -0.99447626, -0.099869244), (0.004034321, -0.6637596, -0.7479351), (-0.03922038, -0.661223, -0.7491635), (0.004034321, -0.6637596, -0.7479351), (-0.022443015, -0.008788806, -0.9997095), (-0.21726367, 0.9688807, -0.118603185), (-0.21866746, 0.9701675, -0.10468829), (-0.17535125, 0.9797952, -0.09619423), (-0.17535125, 0.9797952, -0.09619423), (-0.17759633, 0.97902375, -0.09985958), (-0.21726367, 0.9688807, -0.118603185), (-0.17759633, 0.97902375, -0.09985958), (-0.17535125, 0.9797952, -0.09619423), (-0.13596024, 0.98974806, -0.04374357), (-0.10357978, 0.9922969, -0.06795714), (-0.034264416, 0.9990387, -0.027343325), (-0.04791719, 0.99691355, -0.062187232), (-0.034264416, 0.9990387, -0.027343325), (-0.015094463, 0.99982226, -0.011296695), (-0.04791719, 0.99691355, -0.062187232), (0.039307695, 0.99500316, -0.0917805), (0.016067605, 0.99468124, -0.10174146), (0.014573563, 0.9994391, -0.030150188), (0.041148715, 0.6773557, -0.7345039), (0.014953262, 0.023317024, -0.9996163), (-0.012214393, 0.032714326, -0.9993902), (-0.012214393, 0.032714326, -0.9993902), (0.014953262, 0.023317024, -0.9996163), (0.0038082479, -0.020149635, -0.9997898), (0.1754536, -0.9795675, 0.09830271), (0.19263026, -0.9777747, 0.08276575), (0.23429951, -0.96653277, 0.104490146), (0.210576, -0.97265106, 0.09801812), (0.19263026, -0.9777747, 0.08276575), (0.15302256, -0.98550344, 0.07326043), (0.19263026, -0.9777747, 0.08276575), (0.1754536, -0.9795675, 0.09830271), (0.09789266, -0.99365723, 0.055339288), (0.1754536, -0.9795675, 0.09830271), (0.11563353, -0.9903052, 0.07697002), (0.10400259, -0.99376535, 0.040173918), (-0.18642561, 0.9795192, -0.07607584), (-0.15620862, 0.98458046, -0.07874137), (-0.21866746, 0.9701675, -0.10468829), (-0.15620862, 0.98458046, -0.07874137), (-0.17535125, 0.9797952, -0.09619423), (-0.21866746, 0.9701675, -0.10468829), (-0.17535125, 0.9797952, -0.09619423), (-0.11607231, 0.99260306, -0.035585783), (-0.13596024, 0.98974806, -0.04374357), (-0.11607231, 0.99260306, -0.035585783), (-0.06648699, 0.99778646, -0.0012640262), (-0.13596024, 0.98974806, -0.04374357), (-0.17759633, 0.97902375, -0.09985958), (-0.13596024, 0.98974806, -0.04374357), (-0.10357978, 0.9922969, -0.06795714), (-0.13596024, 0.98974806, -0.04374357), (-0.06648699, 0.99778646, -0.0012640262), (-0.10357978, 0.9922969, -0.06795714), (-0.015094463, 0.99982226, -0.011296695), (-0.017515672, 0.99979836, -0.009823589), (0.014573563, 0.9994391, -0.030150188), (0.041148715, 0.6773557, -0.7345039), (-0.021301147, 0.6759114, -0.7366749), (0.014953262, 0.023317024, -0.9996163), (0.210576, -0.97265106, 0.09801812), (0.19339444, -0.97653407, 0.0947626), (0.23283853, -0.96339285, 0.13289283), (0.210576, -0.97265106, 0.09801812), (0.15302256, -0.98550344, 0.07326043), (0.19339444, -0.97653407, 0.0947626), (0.15302256, -0.98550344, 0.07326043), (0.19263026, -0.9777747, 0.08276575), (0.09789266, -0.99365723, 0.055339288), (0.09789266, -0.99365723, 0.055339288), (0.1754536, -0.9795675, 0.09830271), (0.10400259, -0.99376535, 0.040173918), (0.0039998563, -0.67128646, -0.7411872), (-0.019165289, -0.9973362, -0.07037828), (-0.03922038, -0.661223, -0.7491635), (-0.18642561, 0.9795192, -0.07607584), (-0.1843883, 0.980705, -0.06495128), (-0.15620862, 0.98458046, -0.07874137), (-0.15620862, 0.98458046, -0.07874137), (-0.11607231, 0.99260306, -0.035585783), (-0.17535125, 0.9797952, -0.09619423), (-0.15620862, 0.98458046, -0.07874137), (-0.15716468, 0.9872011, -0.027077273), (-0.11607231, 0.99260306, -0.035585783), (-0.10357978, 0.9922969, -0.06795714), (-0.06648699, 0.99778646, -0.0012640262), (-0.034264416, 0.9990387, -0.027343325), (-0.034264416, 0.9990387, -0.027343325), (-0.006394528, 0.9999702, -0.004324752), (-0.015094463, 0.99982226, -0.011296695), (-0.015094463, 0.99982226, -0.011296695), (-0.006394528, 0.9999702, -0.004324752), (-0.017515672, 0.99979836, -0.009823589), (0.014573563, 0.9994391, -0.030150188), (-0.022371648, 0.9986773, -0.046293683), (0.039307695, 0.99500316, -0.0917805), (0.014573563, 0.9994391, -0.030150188), (-0.017515672, 0.99979836, -0.009823589), (-0.022371648, 0.9986773, -0.046293683), (0.041148715, 0.6773557, -0.7345039), (0.016067605, 0.99468124, -0.10174146), (0.039307695, 0.99500316, -0.0917805), (-0.021301147, 0.6759114, -0.7366749), (-0.0050071343, -0.0059503866, -0.9999698), (0.014953262, 0.023317024, -0.9996163), (0.026013488, -0.9974991, 0.065717675), (0.19339444, -0.97653407, 0.0947626), (0.15302256, -0.98550344, 0.07326043), (0.09789266, -0.99365723, 0.055339288), (-0.02203418, -0.9993782, 0.027525982), (0.15302256, -0.98550344, 0.07326043), (-0.1843883, 0.980705, -0.06495128), (-0.15716468, 0.9872011, -0.027077273), (-0.15620862, 0.98458046, -0.07874137), (-0.11607231, 0.99260306, -0.035585783), (-0.15716468, 0.9872011, -0.027077273), (-0.10550083, 0.9938904, 0.03242497), (-0.10550083, 0.9938904, 0.03242497), (-0.06648699, 0.99778646, -0.0012640262), (-0.11607231, 0.99260306, -0.035585783), (-0.71724474, 0.6964539, 0.02262749), (-0.08003639, 0.99643415, 0.026705964), (-0.10550083, 0.9938904, 0.03242497), (-0.10550083, 0.9938904, 0.03242497), (-0.08003639, 0.99643415, 0.026705964), (-0.06648699, 0.99778646, -0.0012640262), (-0.034264416, 0.9990387, -0.027343325), (-0.03847641, 0.9992143, 0.009506769), (-0.006394528, 0.9999702, -0.004324752), (-0.12759738, 0.9908811, -0.04328394), (-0.006394528, 0.9999702, -0.004324752), (-0.03847641, 0.9992143, 0.009506769), (-0.1469738, 0.9890624, -0.012414817), (-0.017515672, 0.99979836, -0.009823589), (-0.12759738, 0.9908811, -0.04328394), (-0.017515672, 0.99979836, -0.009823589), (-0.1469738, 0.9890624, -0.012414817), (-0.022371648, 0.9986773, -0.046293683), (-0.1469738, 0.9890624, -0.012414817), (-0.13136847, 0.82480127, -0.5499501), (-0.022371648, 0.9986773, -0.046293683), (0.039307695, 0.99500316, -0.0917805), (-0.021301147, 0.6759114, -0.7366749), (0.041148715, 0.6773557, -0.7345039), (-0.021301147, 0.6759114, -0.7366749), (0.039307695, 0.99500316, -0.0917805), (-0.022371648, 0.9986773, -0.046293683), (-0.13136847, 0.82480127, -0.5499501), (-0.021301147, 0.6759114, -0.7366749), (-0.022371648, 0.9986773, -0.046293683), (-0.021301147, 0.6759114, -0.7366749), (-0.13136847, 0.82480127, -0.5499501), (-0.10640765, 0.103093825, -0.98896366), (-0.10640765, 0.103093825, -0.98896366), (-0.0050071343, -0.0059503866, -0.9999698), (-0.021301147, 0.6759114, -0.7366749), (0.0038082479, -0.020149635, -0.9997898), (-0.0050071343, -0.0059503866, -0.9999698), (0.0039998563, -0.67128646, -0.7411872), (-0.03903992, -0.01909527, -0.9990552), (0.0039998563, -0.67128646, -0.7411872), (-0.0050071343, -0.0059503866, -0.9999698), (0.15302256, -0.98550344, 0.07326043), (-0.02203418, -0.9993782, 0.027525982), (0.026013488, -0.9974991, 0.065717675), (-0.17923686, 0.9823268, -0.05392746), (-0.1843883, 0.980705, -0.06495128), (-0.18642561, 0.9795192, -0.07607584), (-0.1843883, 0.980705, -0.06495128), (-0.7619948, 0.64680624, -0.031713266), (-0.76707417, 0.6406623, -0.03389685), (-0.76707417, 0.6406623, -0.03389685), (-0.15716468, 0.9872011, -0.027077273), (-0.1843883, 0.980705, -0.06495128), (-0.08003639, 0.99643415, 0.026705964), (-0.6806061, 0.73258907, -0.009409841), (-0.03847641, 0.9992143, 0.009506769), (-0.006394528, 0.9999702, -0.004324752), (-0.12759738, 0.9908811, -0.04328394), (-0.017515672, 0.99979836, -0.009823589), (-0.1469738, 0.9890624, -0.012414817), (-0.12759738, 0.9908811, -0.04328394), (-0.8027307, 0.5960226, -0.019507864), (-0.13136847, 0.82480127, -0.5499501), (-0.56075436, 0.5667364, -0.603626), (-0.10640765, 0.103093825, -0.98896366), (-0.0050071343, -0.0059503866, -0.9999698), (-0.10640765, 0.103093825, -0.98896366), (-0.03903992, -0.01909527, -0.9990552), (-0.02203418, -0.9993782, 0.027525982), (-0.7129305, -0.7007797, 0.02525398), (0.026013488, -0.9974991, 0.065717675), (-0.02203418, -0.9993782, 0.027525982), (-0.7126219, -0.70129275, 0.018936135), (-0.7129305, -0.7007797, 0.02525398), (-0.06823881, -0.9941237, -0.084033504), (-0.082657844, -0.99623054, -0.02631252), (0.011461825, -0.99777365, -0.06569947), (-0.51045734, -0.55682385, -0.65527135), (-0.06823881, -0.9941237, -0.084033504), (0.0039998563, -0.67128646, -0.7411872), (-0.51045734, -0.55682385, -0.65527135), (0.0039998563, -0.67128646, -0.7411872), (-0.03903992, -0.01909527, -0.9990552), (-0.71724474, 0.6964539, 0.02262749), (-0.10550083, 0.9938904, 0.03242497), (-0.7565077, 0.65349543, 0.025295114), (-0.6806061, 0.73258907, -0.009409841), (-0.08003639, 0.99643415, 0.026705964), (-0.71724474, 0.6964539, 0.02262749), (-0.99792385, 0.064177886, 0.0053826408), (-0.6806061, 0.73258907, -0.009409841), (-0.71724474, 0.6964539, 0.02262749), (-0.03847641, 0.9992143, 0.009506769), (-0.6806061, 0.73258907, -0.009409841), (-0.12759738, 0.9908811, -0.04328394), (-0.6806061, 0.73258907, -0.009409841), (-0.8027307, 0.5960226, -0.019507864), (-0.12759738, 0.9908811, -0.04328394), (-0.7619948, 0.64680624, -0.031713266), (-0.1843883, 0.980705, -0.06495128), (-0.17923686, 0.9823268, -0.05392746), (-0.15716468, 0.9872011, -0.027077273), (-0.7565077, 0.65349543, 0.025295114), (-0.10550083, 0.9938904, 0.03242497), (-0.15716468, 0.9872011, -0.027077273), (-0.76707417, 0.6406623, -0.03389685), (-0.7565077, 0.65349543, 0.025295114), (-0.8027307, 0.5960226, -0.019507864), (-0.74361616, 0.66529864, -0.06642824), (-0.1469738, 0.9890624, -0.012414817), (-0.74361616, 0.66529864, -0.06642824), (-0.56075436, 0.5667364, -0.603626), (-0.13136847, 0.82480127, -0.5499501), (-0.13136847, 0.82480127, -0.5499501), (-0.1469738, 0.9890624, -0.012414817), (-0.74361616, 0.66529864, -0.06642824), (-0.10640765, 0.103093825, -0.98896366), (-0.56075436, 0.5667364, -0.603626), (-0.77567303, 0.07444949, -0.62672853), (-0.64908534, -0.03563375, -0.75988054), (-0.10640765, 0.103093825, -0.98896366), (-0.77567303, 0.07444949, -0.62672853), (-0.0667299, -0.9976847, 0.01313265), (-0.74316525, -0.66893834, 0.015060606), (-0.7126219, -0.70129275, 0.018936135), (-0.016405046, -0.999299, 0.033648755), (-0.74316525, -0.66893834, 0.015060606), (-0.0667299, -0.9976847, 0.01313265), (-0.082657844, -0.99623054, -0.02631252), (-0.784024, -0.6149351, -0.08462394), (-0.7053249, -0.7087466, -0.01396935), (-0.06823881, -0.9941237, -0.084033504), (-0.784024, -0.6149351, -0.08462394), (-0.082657844, -0.99623054, -0.02631252), (-0.99910426, 0.039207585, -0.01592322), (-0.71724474, 0.6964539, 0.02262749), (-0.7565077, 0.65349543, 0.025295114), (-0.9999294, 0.011887316, 0.000002389651), (-0.99792385, 0.064177886, 0.0053826408), (-0.71724474, 0.6964539, 0.02262749), (-0.6806061, 0.73258907, -0.009409841), (-0.99919885, 0.038124725, 0.0121709425), (-0.8027307, 0.5960226, -0.019507864), (-0.99919885, 0.038124725, 0.0121709425), (-0.6806061, 0.73258907, -0.009409841), (-0.99792385, 0.064177886, 0.0053826408), (-0.74361616, 0.66529864, -0.06642824), (-0.8027307, 0.5960226, -0.019507864), (-0.9969071, 0.052818973, -0.058191955), (-0.74361616, 0.66529864, -0.06642824), (-0.9969071, 0.052818973, -0.058191955), (-0.56075436, 0.5667364, -0.603626), (-0.7619948, 0.64680624, -0.031713266), (-0.9994661, 0.032258205, -0.005196554), (-0.76707417, 0.6406623, -0.03389685), (-0.76707417, 0.6406623, -0.03389685), (-0.9994661, 0.032258205, -0.005196554), (-0.9997566, 0.02206322, 0.0003056858), (-0.9997566, 0.02206322, 0.0003056858), (-0.7565077, 0.65349543, 0.025295114), (-0.76707417, 0.6406623, -0.03389685), (-0.9999294, 0.011887316, 0.000002389651), (-0.71724474, 0.6964539, 0.02262749), (-0.99910426, 0.039207585, -0.01592322), (-0.9999294, 0.011887316, 0.000002389651), (-0.99822706, -0.058440972, 0.011286313), (-0.99792385, 0.064177886, 0.0053826408), (-0.8027307, 0.5960226, -0.019507864), (-0.99919885, 0.038124725, 0.0121709425), (-0.9969071, 0.052818973, -0.058191955), (-0.56075436, 0.5667364, -0.603626), (-0.9969071, 0.052818973, -0.058191955), (-0.77567303, 0.07444949, -0.62672853), (-0.77567303, 0.07444949, -0.62672853), (-0.9969071, 0.052818973, -0.058191955), (-0.9912031, -0.026139647, -0.12974228), (-0.9995817, -0.028249837, -0.006189979), (-0.9994661, 0.032258205, -0.005196554), (-0.99890804, 0.04636852, 0.0057223565), (-0.9995817, -0.028249837, -0.006189979), (-0.9997566, 0.02206322, 0.0003056858), (-0.9994661, 0.032258205, -0.005196554), (-0.7565077, 0.65349543, 0.025295114), (-0.9997566, 0.02206322, 0.0003056858), (-0.99910426, 0.039207585, -0.01592322), (-0.99959135, -0.028457668, -0.0027009407), (-0.99910426, 0.039207585, -0.01592322), (-0.9997566, 0.02206322, 0.0003056858), (-0.9983353, -0.0564538, 0.01182544), (-0.99959135, -0.028457668, -0.0027009407), (-0.9997566, 0.02206322, 0.0003056858), (-0.99910426, 0.039207585, -0.01592322), (-0.99959135, -0.028457668, -0.0027009407), (-0.9999294, 0.011887316, 0.000002389651), (-0.99822706, -0.058440972, 0.011286313), (-0.99919885, 0.038124725, 0.0121709425), (-0.99792385, 0.064177886, 0.0053826408), (-0.9969071, 0.052818973, -0.058191955), (-0.99919885, 0.038124725, 0.0121709425), (-0.9996522, -0.025124788, -0.00801352), (-0.993589, -0.10947011, 0.028238859), (-0.9996522, -0.025124788, -0.00801352), (-0.99919885, 0.038124725, 0.0121709425), (-0.9996522, -0.025124788, -0.00801352), (-0.9912031, -0.026139647, -0.12974228), (-0.9969071, 0.052818973, -0.058191955), (-0.9912031, -0.026139647, -0.12974228), (-0.64908534, -0.03563375, -0.75988054), (-0.77567303, 0.07444949, -0.62672853), (-0.7129305, -0.7007797, 0.02525398), (-0.9983353, -0.0564538, 0.01182544), (-0.9995817, -0.028249837, -0.006189979), (-0.9983353, -0.0564538, 0.01182544), (-0.9997566, 0.02206322, 0.0003056858), (-0.9995817, -0.028249837, -0.006189979), (-0.7126219, -0.70129275, 0.018936135), (-0.99959135, -0.028457668, -0.0027009407), (-0.9983353, -0.0564538, 0.01182544), (-0.99959135, -0.028457668, -0.0027009407), (-0.74316525, -0.66893834, 0.015060606), (-0.9999294, 0.011887316, 0.000002389651), (-0.99822706, -0.058440972, 0.011286313), (-0.9999294, 0.011887316, 0.000002389651), (-0.74316525, -0.66893834, 0.015060606), (-0.99919885, 0.038124725, 0.0121709425), (-0.99822706, -0.058440972, 0.011286313), (-0.993589, -0.10947011, 0.028238859), (-0.7053249, -0.7087466, -0.01396935), (-0.9996522, -0.025124788, -0.00801352), (-0.993589, -0.10947011, 0.028238859), (-0.784024, -0.6149351, -0.08462394), (-0.9912031, -0.026139647, -0.12974228), (-0.9996522, -0.025124788, -0.00801352), (-0.9912031, -0.026139647, -0.12974228), (-0.51045734, -0.55682385, -0.65527135), (-0.64908534, -0.03563375, -0.75988054), (-0.7129305, -0.7007797, 0.02525398), (-0.9995817, -0.028249837, -0.006189979), (-0.7406175, -0.6715651, 0.022045268), (-0.7129305, -0.7007797, 0.02525398), (-0.7126219, -0.70129275, 0.018936135), (-0.9983353, -0.0564538, 0.01182544), (-0.99959135, -0.028457668, -0.0027009407), (-0.7126219, -0.70129275, 0.018936135), (-0.74316525, -0.66893834, 0.015060606), (-0.74316525, -0.66893834, 0.015060606), (-0.64140326, -0.7671878, 0.0049695303), (-0.99822706, -0.058440972, 0.011286313), (-0.993589, -0.10947011, 0.028238859), (-0.99822706, -0.058440972, 0.011286313), (-0.64140326, -0.7671878, 0.0049695303), (-0.7053249, -0.7087466, -0.01396935), (-0.993589, -0.10947011, 0.028238859), (-0.64140326, -0.7671878, 0.0049695303), (-0.7053249, -0.7087466, -0.01396935), (-0.784024, -0.6149351, -0.08462394), (-0.9996522, -0.025124788, -0.00801352), (-0.51045734, -0.55682385, -0.65527135), (-0.9912031, -0.026139647, -0.12974228), (-0.784024, -0.6149351, -0.08462394), (-0.06823881, -0.9941237, -0.084033504), (-0.51045734, -0.55682385, -0.65527135), (-0.784024, -0.6149351, -0.08462394), (0.07142133, -0.99360573, -0.08744588), (-0.041224733, -0.9342652, 0.35418776), (0.07412066, -0.9910129, -0.11135427), (0.07142133, -0.99360573, -0.08744588), (0.07334377, -0.98684293, 0.14408906), (-0.041224733, -0.9342652, 0.35418776), (0.07334377, -0.98684293, 0.14408906), (0.01196051, -0.9999188, 0.0043872134), (0.024642687, -0.71853566, 0.6950534), (0.07334377, -0.98684293, 0.14408906), (0.071451664, -0.99262613, -0.097918816), (0.01196051, -0.9999188, 0.0043872134), (0.071451664, -0.99262613, -0.097918816), (0.07334377, -0.98684293, 0.14408906), (0.07142133, -0.99360573, -0.08744588), (0.071451664, -0.99262613, -0.097918816), (0.019120255, -0.9988856, -0.043150745), (0.01196051, -0.9999188, 0.0043872134), (-0.01588917, -0.989584, 0.14307714), (0.024642687, -0.71853566, 0.6950534), (0.01196051, -0.9999188, 0.0043872134), (0.01196051, -0.9999188, 0.0043872134), (0.019120255, -0.9988856, -0.043150745), (-0.01588917, -0.989584, 0.14307714), (0.019120255, -0.9988856, -0.043150745), (0.071451664, -0.99262613, -0.097918816), (0.06894185, -0.9934047, -0.09161899), (0.032181777, -0.69289607, 0.72031903), (-0.01588917, -0.989584, 0.14307714), (0.008348161, -0.9934761, 0.11373414), (0.032181777, -0.69289607, 0.72031903), (0.008348161, -0.9934761, 0.11373414), (-0.020799102, -0.67920333, 0.7336554), (-0.01588917, -0.989584, 0.14307714), (0.022440076, -0.9996676, -0.012692736), (0.008348161, -0.9934761, 0.11373414), (0.022440076, -0.9996676, -0.012692736), (-0.00344475, -0.9994446, 0.03314533), (0.008348161, -0.9934761, 0.11373414), (0.022440076, -0.9996676, -0.012692736), (0.043464907, -0.9973056, -0.059096158), (0.0440884, -0.99783325, -0.048836138), (0.0440884, -0.99783325, -0.048836138), (0.05719107, -0.994919, -0.08285711), (0.03377072, -0.99867344, -0.038869534), (-0.00344475, -0.9994446, 0.03314533), (-0.004340622, -0.9853983, 0.17020996), (0.008348161, -0.9934761, 0.11373414), (0.0440884, -0.99783325, -0.048836138), (0.0080666635, -0.9998129, -0.017581524), (0.022440076, -0.9996676, -0.012692736), (0.0080666635, -0.9998129, -0.017581524), (-0.00344475, -0.9994446, 0.03314533), (0.022440076, -0.9996676, -0.012692736), (0.03377072, -0.99867344, -0.038869534), (0.0080666635, -0.9998129, -0.017581524), (0.0440884, -0.99783325, -0.048836138), (0.03377072, -0.99867344, -0.038869534), (0.010417149, -0.999917, -0.0075826957), (0.0080666635, -0.9998129, -0.017581524), (0.03377072, -0.99867344, -0.038869534), (0.014464573, -0.9996477, -0.022254355), (0.010417149, -0.999917, -0.0075826957), (-0.009126085, -0.99974656, 0.02057686), (-0.004340622, -0.9853983, 0.17020996), (-0.00344475, -0.9994446, 0.03314533), (0.0080666635, -0.9998129, -0.017581524), (-0.009126085, -0.99974656, 0.02057686), (-0.00344475, -0.9994446, 0.03314533), (0.0080666635, -0.9998129, -0.017581524), (0.010417149, -0.999917, -0.0075826957), (-0.009126085, -0.99974656, 0.02057686), (0.104902394, -0.9928029, -0.05777324), (0.024577936, -0.99951714, -0.019008238), (0.014464573, -0.9996477, -0.022254355), (0.104902394, -0.9928029, -0.05777324), (0.1295223, -0.9903203, -0.049895737), (0.024577936, -0.99951714, -0.019008238), (-0.029121913, -0.9990628, -0.032023422), (0.024577936, -0.99951714, -0.019008238), (0.1295223, -0.9903203, -0.049895737), (-0.009126085, -0.99974656, 0.02057686), (-0.0070640626, -0.9257438, 0.3780852), (-0.004340622, -0.9853983, 0.17020996), (0.010417149, -0.999917, -0.0075826957), (-0.08228193, -0.9965981, -0.004683594), (-0.009126085, -0.99974656, 0.02057686), (0.014464573, -0.9996477, -0.022254355), (-0.21897456, -0.9756811, -0.009821705), (-0.06517629, -0.99725354, -0.035180103), (0.024577936, -0.99951714, -0.019008238), (-0.21897456, -0.9756811, -0.009821705), (0.014464573, -0.9996477, -0.022254355), (-0.67242056, -0.74000925, 0.015391011), (-0.0070640626, -0.9257438, 0.3780852), (-0.009126085, -0.99974656, 0.02057686), (-0.08228193, -0.9965981, -0.004683594), (-0.67242056, -0.74000925, 0.015391011), (-0.009126085, -0.99974656, 0.02057686), (-0.06517629, -0.99725354, -0.035180103), (0.010417149, -0.999917, -0.0075826957), (0.014464573, -0.9996477, -0.022254355), (-0.08228193, -0.9965981, -0.004683594), (0.010417149, -0.999917, -0.0075826957), (-0.06517629, -0.99725354, -0.035180103), (-0.21897456, -0.9756811, -0.009821705), (0.024577936, -0.99951714, -0.019008238), (-0.13198628, -0.9907387, 0.03188316), (-0.13198628, -0.9907387, 0.03188316), (0.024577936, -0.99951714, -0.019008238), (-0.029121913, -0.9990628, -0.032023422), (-0.67242056, -0.74000925, 0.015391011), (-0.5997768, -0.5393853, 0.5910425), (-0.0070640626, -0.9257438, 0.3780852), (-0.67613864, -0.73611945, -0.031058954), (-0.08228193, -0.9965981, -0.004683594), (-0.06517629, -0.99725354, -0.035180103), (-0.06517629, -0.99725354, -0.035180103), (-0.21897456, -0.9756811, -0.009821705), (-0.67613864, -0.73611945, -0.031058954), (-0.13198628, -0.9907387, 0.03188316), (-0.029121913, -0.9990628, -0.032023422), (-0.71259654, -0.7014791, 0.011553121), (-0.79669696, -0.60301155, 0.040632505), (-0.13198628, -0.9907387, 0.03188316), (-0.71259654, -0.7014791, 0.011553121), (-0.0045149038, -0.8073098, -0.59011066), (0.05440443, -0.78600836, -0.6158174), (0.033124484, -0.98732775, 0.15519899), (0.055273693, -0.99671876, 0.059131477), (0.016667187, -0.9991072, -0.03882008), (0.07624426, -0.99059737, 0.11359479), (0.05440443, -0.78600836, -0.6158174), (0.023323454, -0.7210036, -0.6925386), (0.055273693, -0.99671876, 0.059131477), (0.023323454, -0.7210036, -0.6925386), (0.016667187, -0.9991072, -0.03882008), (0.055273693, -0.99671876, 0.059131477), (0.007955442, -0.0532211, -0.998551), (0.004034321, -0.6637596, -0.7479351), (0.023323454, -0.7210036, -0.6925386), (0.016667187, -0.9991072, -0.03882008), (0.024286129, -0.9992912, 0.028762748), (0.07624426, -0.99059737, 0.11359479), (0.016667187, -0.9991072, -0.03882008), (-0.03229514, -0.99447626, -0.099869244), (0.024286129, -0.9992912, 0.028762748), (0.07624426, -0.99059737, 0.11359479), (0.024286129, -0.9992912, 0.028762748), (0.09904105, -0.99018544, 0.09860808), (0.016667187, -0.9991072, -0.03882008), (0.023323454, -0.7210036, -0.6925386), (0.004034321, -0.6637596, -0.7479351), (0.037529554, -0.9989492, 0.026306763), (0.024286129, -0.9992912, 0.028762748), (-0.019165289, -0.9973362, -0.07037828), (0.004034321, -0.6637596, -0.7479351), (-0.03229514, -0.99447626, -0.099869244), (0.016667187, -0.9991072, -0.03882008), (0.09904105, -0.99018544, 0.09860808), (0.037529554, -0.9989492, 0.026306763), (0.11563353, -0.9903052, 0.07697002), (0.024286129, -0.9992912, 0.028762748), (0.037529554, -0.9989492, 0.026306763), (0.09904105, -0.99018544, 0.09860808), (-0.03229514, -0.99447626, -0.099869244), (-0.019165289, -0.9973362, -0.07037828), (0.024286129, -0.9992912, 0.028762748), (-0.019165289, -0.9973362, -0.07037828), (-0.03229514, -0.99447626, -0.099869244), (-0.03922038, -0.661223, -0.7491635), (0.036482178, -0.9992593, 0.012239668), (0.10400259, -0.99376535, 0.040173918), (0.11563353, -0.9903052, 0.07697002), (0.11563353, -0.9903052, 0.07697002), (0.037529554, -0.9989492, 0.026306763), (0.036482178, -0.9992593, 0.012239668), (0.10400259, -0.99376535, 0.040173918), (-0.016405046, -0.999299, 0.033648755), (0.09789266, -0.99365723, 0.055339288), (0.036482178, -0.9992593, 0.012239668), (-0.016405046, -0.999299, 0.033648755), (0.10400259, -0.99376535, 0.040173918), (-0.005309118, -0.9997528, -0.021590002), (0.036482178, -0.9992593, 0.012239668), (0.037529554, -0.9989492, 0.026306763), (-0.040527258, -0.99881923, -0.026787883), (0.036482178, -0.9992593, 0.012239668), (-0.005309118, -0.9997528, -0.021590002), (-0.019165289, -0.9973362, -0.07037828), (-0.005309118, -0.9997528, -0.021590002), (0.037529554, -0.9989492, 0.026306763), (-0.02203418, -0.9993782, 0.027525982), (0.09789266, -0.99365723, 0.055339288), (-0.0667299, -0.9976847, 0.01313265), (-0.016405046, -0.999299, 0.033648755), (-0.0667299, -0.9976847, 0.01313265), (0.09789266, -0.99365723, 0.055339288), (-0.040527258, -0.99881923, -0.026787883), (-0.005309118, -0.9997528, -0.021590002), (-0.082657844, -0.99623054, -0.02631252), (-0.082657844, -0.99623054, -0.02631252), (-0.005309118, -0.9997528, -0.021590002), (0.011461825, -0.99777365, -0.06569947), (-0.005309118, -0.9997528, -0.021590002), (-0.019165289, -0.9973362, -0.07037828), (0.011461825, -0.99777365, -0.06569947), (0.0039998563, -0.67128646, -0.7411872), (0.011461825, -0.99777365, -0.06569947), (-0.019165289, -0.9973362, -0.07037828), (-0.02203418, -0.9993782, 0.027525982), (-0.0667299, -0.9976847, 0.01313265), (-0.7126219, -0.70129275, 0.018936135), (0.036482178, -0.9992593, 0.012239668), (-0.04929283, -0.998413, 0.027235562), (-0.016405046, -0.999299, 0.033648755), (0.036482178, -0.9992593, 0.012239668), (-0.040527258, -0.99881923, -0.026787883), (-0.04929283, -0.998413, 0.027235562), (-0.040527258, -0.99881923, -0.026787883), (-0.64140326, -0.7671878, 0.0049695303), (-0.04929283, -0.998413, 0.027235562), (-0.7053249, -0.7087466, -0.01396935), (-0.64140326, -0.7671878, 0.0049695303), (-0.040527258, -0.99881923, -0.026787883), (0.0039998563, -0.67128646, -0.7411872), (-0.06823881, -0.9941237, -0.084033504), (0.011461825, -0.99777365, -0.06569947), (-0.74316525, -0.66893834, 0.015060606), (-0.016405046, -0.999299, 0.033648755), (-0.04929283, -0.998413, 0.027235562), (-0.74316525, -0.66893834, 0.015060606), (-0.04929283, -0.998413, 0.027235562), (-0.64140326, -0.7671878, 0.0049695303), (-0.7053249, -0.7087466, -0.01396935), (-0.040527258, -0.99881923, -0.026787883), (-0.082657844, -0.99623054, -0.02631252), (-0.030093774, -0.9995214, -0.0071635726), (-0.025226494, -0.99963385, -0.009785353), (-0.018327395, -0.9998014, -0.007835065), (-0.02143952, -0.9997358, -0.008290341), (-0.018327395, -0.9998014, -0.007835065), (-0.025226494, -0.99963385, -0.009785353), (-0.15263152, -0.986854, -0.053129558), (-0.08913886, -0.9933668, -0.07264172), (-0.1263244, -0.991769, -0.020885639), (0.018071938, -0.9998359, 0.0012901108), (-0.1263244, -0.991769, -0.020885639), (-0.08913886, -0.9933668, -0.07264172), (0.056306165, 0.9970475, -0.052211367), (0.04884061, 0.99778765, -0.04510326), (0.06645627, 0.9969799, -0.0401821), (0.038775966, -0.9964781, -0.07435035), (0.14859208, -0.9870904, -0.059772883), (0.038613107, -0.9968608, -0.06912011), (-0.068227254, -0.99703246, -0.03565271), (-0.05009047, -0.99852717, -0.020839171), (-0.06941446, -0.99715257, -0.029467061), (-0.018778184, -0.9998179, 0.0034110767), (-0.016715743, -0.9998475, 0.0050602434), (-0.025121477, -0.99966305, 0.0065259035), (-0.016661897, -0.999755, 0.014569116), (-0.025121477, -0.99966305, 0.0065259035), (-0.016715743, -0.9998475, 0.0050602434), (-0.011590185, -0.99934393, -0.034312792), (-0.007709448, -0.99931705, -0.0361394), (-0.0105975, -0.99939317, -0.03318295), (0.09122609, 0.9956459, 0.019155383), (0.02393208, 0.99873537, 0.044212643), (0.0076534674, 0.99944603, 0.032386374), (0.008324598, -0.9990762, -0.042160135), (-0.011138506, -0.9976086, -0.06821188), (-0.033281073, -0.9982745, -0.048376895), (0.031678077, -0.9973888, -0.06490008), (0.00072414917, -0.99903715, -0.043867182), (0.0025047313, -0.9984216, -0.05610702), (-0.0071979137, 0.99993986, 0.008279301), (-0.00027194704, 0.99997216, 0.0074616037), (-0.0025286393, 0.9999885, 0.004088083), (-0.0042808037, 0.99986756, 0.015706094), (-0.0025286393, 0.9999885, 0.004088083), (-0.00027194704, 0.99997216, 0.0074616037), (-0.7130733, 0.6989491, -0.054740027), (-0.19337353, 0.9778166, -0.08050806), (-0.16682781, 0.9825926, -0.08173402), (-0.20139778, 0.9771867, -0.067416996), (-0.16682781, 0.9825926, -0.08173402), (-0.19337353, 0.9778166, -0.08050806), (-0.0043490697, 0.9762822, 0.21645822), (-0.018232157, 0.9934064, 0.11318694), (-0.011543181, 0.9905978, 0.13631903), (0.0020650385, 0.9998338, 0.018114062), (-0.0010034543, 0.99999213, 0.0038539318), (0.0043086014, 0.99987614, 0.015137086), (0.040084127, 0.99801767, -0.048518777), (0.030774519, 0.9973674, -0.06566049), (0.013924923, 0.99806464, -0.060606003), (0.022428293, -0.99319303, 0.11430088), (0.020417836, -0.9792306, 0.2017192), (0.008416382, -0.99003744, 0.14055243), (0.072125934, -0.96591955, 0.24859053), (0.008416382, -0.99003744, 0.14055243), (0.020417836, -0.9792306, 0.2017192), (-0.035147622, 0.99934435, 0.008695348), (-0.026615469, 0.9995806, 0.01141469), (-0.032679506, 0.99935424, 0.0149359135), (0.15190269, 0.98231727, -0.1094454), (0.13844699, 0.9833729, -0.117516816), (0.15344039, 0.9774595, -0.14501378), (0.120852046, 0.9874003, -0.10215429), (0.15344039, 0.9774595, -0.14501378), (0.07605591, 0.9948041, -0.06767835), (0.0038082479, -0.020149635, -0.9997898), (0.0039998563, -0.67128646, -0.7411872), (-0.03922038, -0.661223, -0.7491635), (-0.99932796, 0.029073684, 0.022324443), (-0.99779564, -0.066272765, 0.0034124681), (-0.99969614, 0.023983354, -0.0056965775), (-0.9999263, 0.012130327, -0.0005403985), (-0.99969614, 0.023983354, -0.0056965775), (-0.99779564, -0.066272765, 0.0034124681), (0.99985707, 0.012361079, -0.011536703), (0.7516891, 0.6583629, 0.039011866), (0.79352546, 0.6085059, -0.0061605894), (-0.021598049, -0.98682064, -0.16036975), (-0.08502956, -0.98986393, -0.11375082), (-0.111882724, -0.980655, -0.16061765), (-0.03903992, -0.01909527, -0.9990552), (-0.10640765, 0.103093825, -0.98896366), (-0.64908534, -0.03563375, -0.75988054), (-0.51045734, -0.55682385, -0.65527135), (-0.03903992, -0.01909527, -0.9990552), (-0.64908534, -0.03563375, -0.75988054), (0.14829572, -0.9888014, -0.016733458), (0.16830267, -0.98376447, -0.06230449), (0.098107845, -0.9951669, 0.004208833), (0.13642144, -0.99050635, -0.01691656), (0.098107845, -0.9951669, 0.004208833), (0.16830267, -0.98376447, -0.06230449), (0.04470223, 0.99801207, 0.044424653), (0.04661324, 0.99723977, 0.057794683), (0.038132656, 0.99868655, 0.03421972), (0.026278412, 0.99850297, 0.047970124), (0.038132656, 0.99868655, 0.03421972), (0.04661324, 0.99723977, 0.057794683), (0.0000020935636, 1, 0.000026082764), (-0.0003703297, 0.9999998, -0.0005644972), (0.000029539435, 1, 0.000034923945), (-0.0050071343, -0.0059503866, -0.9999698), (0.0038082479, -0.020149635, -0.9997898), (0.014953262, 0.023317024, -0.9996163), (0.3530556, 0.93250936, -0.0760125), (0.75991124, 0.64869076, -0.04165625), (0.15812124, 0.9869128, -0.03163621), (0.033124484, -0.98732775, 0.15519899), (0.05440443, -0.78600836, -0.6158174), (0.055273693, -0.99671876, 0.059131477), (0.10430864, 0.9945255, -0.0062220464), (0.7251827, 0.68845385, 0.011894491), (0.71553975, 0.6981695, -0.0237112), (0.99994963, -0.008851055, 0.0047196327), (0.79784465, -0.60119605, 0.044801455), (0.99754757, 0.03605161, 0.059992973), (0.9723816, -0.0987421, 0.2114808), (0.99754757, 0.03605161, 0.059992973), (0.79784465, -0.60119605, 0.044801455), (-0.10047592, -0.9947201, -0.020891484), (-0.10845115, -0.99410164, -0.0005259502), (-0.018780814, -0.9997138, -0.014818786), (-0.009238028, -0.99940103, -0.033350337), (-0.011064589, -0.99938804, -0.033181902), (-0.003199588, -0.99942374, -0.033792585), (-0.0051788073, -0.99953645, -0.030002654), (-0.003199588, -0.99942374, -0.033792585), (-0.011064589, -0.99938804, -0.033181902), (0.10645076, 0.9942586, 0.010864566), (0.09486391, 0.99494934, 0.032812726), (0.067477964, 0.9976717, 0.009898005), (-0.05764274, 0.9823373, 0.17801885), (-0.06521453, 0.94280064, 0.3269159), (-0.11027145, 0.954506, 0.27705324), (-0.086902104, 0.9516854, 0.29452136), (-0.11027145, 0.954506, 0.27705324), (-0.06521453, 0.94280064, 0.3269159), (0.0007202715, 0.9999501, -0.009963535), (0.014129023, 0.9789435, -0.20364147), (-0.0009288091, 0.99980575, -0.019686943), (0.0160947, 0.9770223, -0.21252845), (-0.0009288091, 0.99980575, -0.019686943), (0.014129023, 0.9789435, -0.20364147), (-0.07637685, 0.9849937, -0.15477094), (-0.05084543, 0.9948948, -0.0871733), (-0.04048221, 0.9958187, -0.08189112), (0.0073466813, -0.041580394, -0.9991082), (0.00092817744, 0.004815552, -0.999988), (0.0041393857, 0.027829235, -0.9996041), (-0.096940264, 0.5736122, -0.8133705), (0.0041393857, 0.027829235, -0.9996041), (-0.07658108, 0.6535294, -0.753017), (-0.079124145, -0.99659044, -0.02338517), (-0.10875687, -0.9936574, -0.028582487), (-0.08261521, -0.9955692, -0.044907015), (-0.08887676, -0.9939322, -0.064805485), (-0.08261521, -0.9955692, -0.044907015), (-0.10875687, -0.9936574, -0.028582487), (-0.055972163, 0.9973032, 0.047469523), (-0.086725235, 0.99591964, 0.024957253), (-0.09494402, 0.99360234, 0.061156794), (-0.12133881, 0.98729104, 0.102631465), (-0.09494402, 0.99360234, 0.061156794), (-0.086725235, 0.99591964, 0.024957253), (-0.01778165, -0.9850756, 0.17120121), (0.020417836, -0.9792306, 0.2017192), (-0.036392972, -0.97514385, 0.21856351), (-0.029466102, -0.9827047, 0.18281996), (-0.036392972, -0.97514385, 0.21856351), (0.020417836, -0.9792306, 0.2017192), (0.009946781, 0.013997309, -0.99985254), (0.017508658, 0.5139561, -0.85763776), (0.08754331, 0.58820814, -0.8039573), (0.09580628, 0.9383111, -0.332255), (0.08754331, 0.58820814, -0.8039573), (0.017508658, 0.5139561, -0.85763776), (-0.022955624, -0.9936895, 0.10979176), (-0.0032889224, -0.97762287, 0.21034002), (-0.038258065, -0.97290766, 0.22800654), (-0.033770222, -0.968574, 0.2464227), (-0.038258065, -0.97290766, 0.22800654), (-0.0032889224, -0.97762287, 0.21034002), (0.020593079, 0.9996479, -0.016733393), (-0.086725235, 0.99591964, 0.024957253), (-0.008640858, 0.9998919, 0.01190037), (-0.055972163, 0.9973032, 0.047469523), (-0.008640858, 0.9998919, 0.01190037), (-0.086725235, 0.99591964, 0.024957253), (-0.050811958, -0.99845606, -0.022444487), (-0.046009365, -0.9985434, -0.028180711), (-0.03951233, -0.99889404, -0.025482297), (0.037786447, -0.7759009, -0.6297222), (-0.02676333, -0.8796086, -0.4749448), (0.04703291, -0.983416, 0.17515957), (-0.005623134, -0.96604484, 0.25831312), (0.04703291, -0.983416, 0.17515957), (-0.02676333, -0.8796086, -0.4749448), (0.23901233, -0.96416545, 0.115143865), (0.22460061, -0.96973664, 0.09573682), (0.23429951, -0.96653277, 0.104490146), (0.24732682, -0.96104515, 0.1233761), (0.23429951, -0.96653277, 0.104490146), (0.22460061, -0.96973664, 0.09573682), (-0.12390017, 0.9876059, 0.09635063), (-0.09494402, 0.99360234, 0.061156794), (-0.12133881, 0.98729104, 0.102631465), (-0.027991433, -0.9994753, 0.016297154), (-0.028612414, -0.99953777, 0.010279243), (-0.0069008176, -0.9997102, 0.023061933), (-0.06917784, -0.99663484, -0.043969534), (-0.049147107, -0.9973818, -0.05304873), (-0.055552468, -0.9978734, -0.03409374), (-0.08003639, 0.99643415, 0.026705964), (-0.03847641, 0.9992143, 0.009506769), (-0.06648699, 0.99778646, -0.0012640262), (-0.034264416, 0.9990387, -0.027343325), (-0.06648699, 0.99778646, -0.0012640262), (-0.03847641, 0.9992143, 0.009506769), (-0.18642561, 0.9795192, -0.07607584), (-0.21866746, 0.9701675, -0.10468829), (-0.24746999, 0.9612204, -0.12171286), (-0.2471532, 0.9597472, -0.13341904), (-0.24746999, 0.9612204, -0.12171286), (-0.21866746, 0.9701675, -0.10468829), (-0.04044298, -0.998762, -0.028962929), (-0.03951233, -0.99889404, -0.025482297), (-0.046009365, -0.9985434, -0.028180711)] (
            interpolation = "faceVarying"
        )
        uniform token orientation = "leftHanded"
        point3f[] points = [(-3.0087564, -0.36334392, -2.5636563), (-3.0085886, -0.26991335, -1.7643179), (-3.0098822, -0.20096642, -2.5909948), (-3.0126045, -0.2431063, -2.3935711), (-3.0104415, -0.34895238, -2.2067275), (-3.008652, -0.25902694, -1.9825554), (-3.0085335, -0.24900539, -1.5560665), (-3.0052261, -0.020426283, -2.2695093), (-3.003638, -0.037360735, -2.0539455), (-3.0076766, -0.039776504, -2.7313259), (-3.009692, -0.18359342, -2.1757026), (-3.0043154, -0.042557023, -1.8435585), (-2.8777957, -0.004604121, -1.7449716), (-2.863663, -0.5201801, -2.6225371), (-3.0056672, -0.465407, -2.0335577), (-2.9997306, -0.4945531, -1.8458048), (-2.989649, -0.32884318, -2.9860635), (-2.986208, -0.47274253, -2.97843), (-2.9807198, -0.49421653, -2.835764), (-2.9960284, -0.5064577, -2.6425765), (-2.9877331, -0.15452725, -2.895425), (-2.9448173, -0.116950445, -3.0055397), (-2.7544038, -0.16012408, -3.011134), (-2.955105, -0.007952236, -2.943265), (-3.0051708, -0.028912373, -2.495216), (-2.8778355, -0.0094808275, -2.5983307), (-2.892986, 0.0116897505, -2.3818316), (-2.7955222, -0.51929355, -2.4477246), (-2.8372843, -0.5117063, -2.2984514), (-2.9983864, -0.48984626, -2.1716301), (-2.888095, -0.5187807, -1.9594983), (-2.8092487, -0.49253514, -2.9991968), (-2.823143, -0.0030616089, -2.9927833), (-2.8443158, 0.005971538, -2.1701229), (-2.6829717, -0.5129652, -2.9400449), (-2.7276862, -0.5194757, -2.7944386), (-2.8446398, -0.5247155, -1.7253569), (-2.7201917, -0.5419216, -1.8779354), (-2.8702319, -0.31911746, -3.0058913), (-2.61204, -0.4730906, -3.0074298), (-2.686709, -0.3359107, -3.0126343), (-2.8300366, 0.0004386045, -1.5687625), (-2.6245937, -0.0262665, -1.5759165), (-2.641055, -0.5253912, -2.3371263), (-2.7352943, -0.5257187, -2.112936), (-2.648392, -0.5526501, -1.6415054), (-2.5815506, -0.016678615, -1.925004), (-2.5263216, -0.5256844, -2.6975129), (-2.671705, -0.52435714, -2.568952), (-2.5539951, -0.5449608, -2.1730464), (-2.4807541, -0.35579628, -3.012259), (-2.5591886, -0.18607137, -3.007129), (-2.4049768, -0.06638686, -1.5695693), (-2.4921763, -0.039514773, -1.7483526), (-2.47291, -0.5258727, -2.4949594), (-2.4198005, -0.5504974, -2.2861116), (-2.3667676, -0.569327, -2.099673), (-2.5547032, -0.5557135, -1.99145), (-2.382386, -0.58802193, -1.8973848), (-2.4383042, -0.60193217, -1.6831472), (-2.5498643, -0.56850994, -1.8172587), (-2.5319047, -0.002661965, -2.287191), (-2.4547086, -0.01496067, -2.104031), (-2.2785008, -0.072261095, -1.7593254), (-2.3955567, -0.4981216, -2.9936523), (-2.3865952, -0.5170711, -2.8145676), (-2.5569582, -0.5134152, -2.870027), (-2.3494859, -0.20225012, -3.0093365), (-2.2047708, -0.037614573, -3.0086834), (-2.184047, -0.017030973, -2.4014657), (-2.342681, -0.013916261, -2.2582653), (-2.3750055, -0.04406582, -1.9205514), (-2.30135, -0.6394893, -1.531754), (-2.2088337, -0.51537275, -2.850593), (-2.3042166, -0.5261052, -2.6477175), (-2.2650213, -0.55050564, -2.4184084), (-2.1880713, -0.28518996, -3.0090234), (-2.4256043, -0.013931155, -3.0027943), (-2.3312693, 0.0070176395, -2.5971358), (-2.1146638, -0.005987143, -2.5767603), (-2.2878983, -0.0415657, -2.0860703), (-2.131124, -0.6655198, -1.5732106), (-2.1194165, -0.5329757, -2.6944826), (-2.207688, -0.57864696, -2.2112803), (-1.9773506, -0.61899734, -2.1240845), (-2.3164227, -0.37383893, -3.0113444), (-2.1969094, -0.50092965, -2.9994328), (-2.0336251, -0.50645876, -2.9954805), (-2.0621684, -0.0018751714, -2.7163374), (-2.1465123, -0.059975687, -2.165393), (-2.1798692, -0.07305058, -1.9531128), (-2.1886206, -0.60799325, -2.000552), (-2.2041736, -0.6372176, -1.7558553), (-2.1131172, -0.5460808, -2.528641), (-1.8979985, -0.47667512, -2.9935281), (-2.036242, -0.3870871, -3.0053048), (-2.0224614, -0.20317456, -3.0084777), (-2.070405, -0.111963995, -1.8060616), (-2.0099006, -0.008472082, -2.999023), (-1.9358549, -0.01660148, -2.644336), (-1.981754, -0.07406413, -2.2677505), (-1.9847294, -0.10801471, -2.020318), (-1.9953053, -0.646178, -1.8932772), (-1.7655185, -0.6338957, -2.131703), (-1.99833, -0.6661443, -1.6954228), (-1.9946089, -0.5321606, -2.8004704), (-1.938366, -0.56778574, -2.469763), (-2.0545285, -0.5767616, -2.3467834), (-1.9014115, -0.12562841, -1.8323897), (-1.8189714, -0.12060301, -1.9885416), (-1.9716905, -0.13423808, -1.6451925), (-1.9382131, 0.0026458253, -2.8229816), (-1.9678648, -0.04335116, -2.4568982), (-1.8028557, -0.079927534, -2.3721807), (-1.850311, -0.51097125, -2.8893726), (-1.9562933, -0.54418576, -2.625233), (-1.7844739, -0.56614083, -2.538377), (-1.8667384, -0.34493554, -3.0119243), (-1.8382796, -0.17814195, -3.0037384), (-1.6773676, -0.33715656, -3.0037162), (-1.7856458, -0.13975757, -1.6818638), (-1.8272554, -0.60494214, -2.3174813), (-1.8016708, -0.644997, -1.9646448), (-1.794777, -0.5388913, -2.7211564), (-1.8123658, -0.10903, -2.166186), (-1.7221226, -0.13206321, -1.8682275), (-1.5930896, -0.14188983, -1.7628099), (-1.7915543, -0.0022157715, -2.9876504), (-1.6219097, -0.0065586865, -2.982036), (-1.7508997, -0.020172559, -2.7851145), (-1.7827208, -0.049376518, -2.5620613), (-1.6091037, -0.11062141, -2.2947128), (-1.6214514, -0.6243727, -2.232257), (-1.8167104, -0.65918094, -1.769901), (-1.6074927, -0.59276265, -2.437413), (-1.4879695, -0.33519524, -2.9985535), (-1.6435035, -0.17271855, -2.9964092), (-1.6647546, -0.13047898, -2.0617204), (-1.5880121, -0.023746276, -2.8465154), (-1.5910008, -0.050308198, -2.665702), (-1.6546315, -0.076937854, -2.4809685), (-1.4947394, -0.08165897, -2.4796436), (-3.0027854, -0.5306623, -0.37115487), (-2.9975998, -0.54026127, -0.19755276), (-2.9967504, -0.49740097, -1.6183524), (-3.01072, -0.39340347, -1.4299486), (-3.006681, -0.3655809, -0.9790166), (-2.9898467, -0.5202386, -0.8241453), (-3.007151, -0.2207456, -1.3718253), (-3.0066228, -0.3439947, -1.1922286), (-3.0059836, -0.38277823, -0.65848005), (-3.0107203, -0.37260875, -0.46305546), (-3.009855, -0.38016713, -0.23560706), (-3.0071566, -0.251921, -0.8011884), (-3.0110261, -0.19432923, -0.3699128), (-3.0077863, -0.04945243, -1.6583586), (-3.0034654, -0.053950097, -1.2751412), (-3.0052419, -0.17095846, -1.1797211), (-3.006863, -0.20508976, -1.0050545), (-3.0023139, -0.03105762, -0.69915766), (-3.0136566, -0.20979849, -0.57969457), (-3.009248, -0.18165441, -0.1783762), (-2.995685, -0.025860708, -1.0839713), (-2.993349, -0.022450518, -0.47244853), (-2.9961352, -0.5066615, -1.4680289), (-2.9912755, -0.508098, -1.326599), (-2.840129, -0.5433564, -0.98673123), (-3.0002937, -0.4988374, -1.0972376), (-2.991966, -0.54148686, -0.57337934), (-3.001972, -0.042896077, -1.4722003), (-2.9126651, -0.023184529, -1.386579), (-2.84502, -0.023457736, -0.614192), (-2.9957578, -0.02194946, -0.24989341), (-2.7469075, -0.02782724, -0.17972766), (-2.8926733, -0.016311258, -0.14878005), (-2.743013, -0.025294453, -1.3929436), (-2.8596818, -0.028329872, -1.2153871), (-2.9985733, -0.03607694, -0.89737123), (-2.752625, -0.023138735, -0.4211334), (-2.8784323, -0.018154863, -0.3039349), (-2.8276832, -0.528124, -1.474532), (-2.8582625, -0.5298767, -1.2618301), (-2.6374714, -0.60214037, -0.69422275), (-2.8111813, -0.57570916, -0.65598774), (-2.8341382, -0.58119017, -0.4550075), (-2.8350677, -0.5684164, -0.26487803), (-2.8294532, -0.55734354, -0.05303642), (-2.7926686, -0.029420786, -1.0103538), (-2.814647, -0.027998138, -0.7888022), (-2.6720185, -0.03493939, -0.6499835), (-2.5897996, -0.04547888, -0.05202313), (-2.6609726, -0.55991983, -1.4649416), (-2.7955494, -0.5396735, -1.1323259), (-2.6416752, -0.58098245, -1.0418104), (-2.6591504, -0.5973857, -0.329852), (-2.6647377, -0.584923, -0.13859378), (-2.6233482, -0.050915964, -1.038591), (-2.605924, -0.054429736, -0.8659066), (-2.5128565, -0.062326193, -0.68537563), (-2.4048889, -0.08082851, -0.16502851), (-2.5696146, -0.05702713, -0.2796026), (-2.6795733, -0.55832934, -1.2954018), (-2.5087662, -0.6264321, -0.86911774), (-2.7440686, -0.5766755, -0.8403178), (-2.645355, -0.60638094, -0.51565635), (-2.5167215, -0.5968774, -1.4520627), (-2.536583, -0.056042287, -1.3985718), (-2.383055, -0.07891874, -1.3827012), (-2.526854, -0.60156804, -1.2380389), (-2.4367344, -0.63403535, -1.1070855), (-2.4498196, -0.6389526, -0.61109495), (-2.494006, -0.6354875, -0.39091963), (-2.490402, -0.62821865, -0.18712065), (-2.5100312, -0.6088538, 0.01340574), (-2.3982882, -0.0828687, -1.2152048), (-2.3246918, -0.09073783, -1.0278678), (-2.4899607, -0.07148456, -1.0320334), (-2.378711, -0.08493315, -0.8330834), (-2.3679152, -0.08958577, -0.59633), (-2.3737903, -0.09713477, -0.37689203), (-2.5384424, -0.06232537, -0.49983963), (-2.33373, -0.66701776, -0.98611444), (-2.3261383, -0.66849774, -0.24923696), (-2.367225, -0.62453204, 0.18081978), (-2.3344185, -0.65010554, -0.04332418), (-2.1767273, -0.10528793, -1.6202765), (-2.2468548, -0.097154066, -1.474524), (-2.1846316, -0.10263392, -0.9256418), (-2.2651374, -0.087677896, -0.056046933), (-2.3560312, -0.6450669, -1.3173367), (-2.161414, -0.695192, -0.9532758), (-2.10627, -0.6923777, -0.746943), (-2.3256307, -0.6650825, -0.43357742), (-2.1928291, -0.107860886, -1.1230378), (-2.0161347, -0.10857094, -0.8250827), (-2.2211564, -0.1028121, -0.2575695), (-1.9916419, -0.6918188, -1.4747802), (-2.304914, -0.6708926, -0.79339486), (-2.2276316, -0.6782099, -0.58338195), (-2.143564, -0.6731437, -0.12202365), (-2.2236228, -0.10623993, -1.3201519), (-2.0668285, -0.12723373, -1.2459474), (-2.0162551, -0.10145302, -0.3112058), (-2.1615684, -0.6823352, -1.3986177), (-2.1407442, -0.6863367, -0.3606578), (-2.0580583, -0.1295523, -1.4450618), (-1.9885947, -0.12707838, -1.0637046), (-2.201783, -0.09466784, -0.71565926), (-2.027471, -0.10098818, -0.6465954), (-1.9396015, -0.10064055, -0.504214), (-2.2076058, -0.68811554, -1.162993), (-1.9929767, -0.70295364, -0.88018465), (-1.8987726, -0.70578986, -0.7114605), (-2.0201747, -0.6934434, -0.54847026), (-1.9422064, -0.6969813, -0.3706676), (-1.9722898, -0.68590474, -0.20249659), (-1.8042822, -0.14246865, -1.0927907), (-1.795838, -0.10592713, -0.35792318), (-1.8479159, -0.10482028, -0.7060804), (-1.9971062, -0.70339704, -1.2746027), (-1.9927167, -0.704094, -1.0582271), (-1.8300794, -0.7022451, -1.358767), (-1.8150692, -0.6826109, -0.12225476), (-1.8331082, -0.14785019, -1.512176), (-1.8574368, -0.14605904, -1.2809373), (-1.6559544, -0.15756053, -1.1862009), (-1.8760226, -0.10452869, -0.17130673), (-1.8199521, -0.71163356, -1.1499215), (-1.8035247, -0.7092091, -0.90808624), (-1.7864966, -0.70347136, -0.5016749), (-1.8256415, -0.68388355, -1.571284), (-1.7964771, -0.69431025, -0.2799214), (-1.6553545, -0.6893641, -0.16873573), (-1.6394625, -0.15247154, -1.5816404), (-1.6522582, -0.14557067, -0.9925593), (-1.6902024, -0.1282309, -0.83679783), (-1.831685, -0.12346985, -0.92937225), (-1.6473804, -0.1227656, -0.6776072), (-1.766069, -0.110470675, -0.5417504), (-1.5406481, -0.11420818, -0.051746294), (-1.6674905, -0.6996248, -1.452186), (-1.670272, -0.7115736, -1.2485882), (-1.6838859, -0.7035422, -0.7057958), (-1.6607021, -0.16017489, -1.3877013), (-1.5913714, -0.11427839, -0.45165598), (-1.6598172, -0.107939675, -0.22130907), (-1.6256063, -0.6553822, -1.8478651), (-1.6547613, -0.67877555, -1.6524465), (-1.6583985, -0.5215811, -2.8438807), (-1.735351, -0.4770605, -3.0017161), (-1.5223888, -0.13577765, -1.9411191), (-1.441782, -0.13796741, -1.6674303), (-1.4417256, -0.6478515, -2.128208), (-1.6161771, -0.64558715, -2.0324214), (-1.5813835, -0.5562136, -2.654988), (-1.4481446, -0.5286435, -2.8367727), (-1.4058268, -0.5922854, -2.5174453), (-1.5489818, -0.4957714, -2.9866436), (-1.4731888, -0.16835776, -3.0005963), (-1.3826374, -0.104262605, -2.3287911), (-1.2793247, -0.13048905, -1.9660672), (-1.4121965, -0.13363664, -1.8259913), (-1.4649379, -0.014911542, -2.9922895), (-1.3824173, -0.046529472, -2.643403), (-1.4376059, -0.62457263, -2.3239663), (-1.4440618, -0.66196465, -1.9226484), (-1.2484262, -0.6803553, -1.838954), (-1.452566, -0.67562723, -1.737112), (-1.3491051, -0.5567256, -2.6933174), (-1.3100736, -0.32008183, -3.0076215), (-1.443812, -0.1275985, -2.1341884), (-1.2675028, -0.13135298, -1.7693609), (-1.2845429, -0.037736837, -3.0003588), (-1.4299074, -0.014007408, -2.832234), (-1.2509084, -0.019314619, -2.8032916), (-1.3340436, -0.07721623, -2.4850285), (-1.2628481, -0.6535233, -2.1846206), (-1.3017741, -0.6640035, -2.0228662), (-1.2440448, -0.5308708, -2.8542829), (-1.2119579, -0.59637946, -2.566947), (-1.364394, -0.49089897, -2.9966445), (-1.2984716, -0.1547862, -3.0128512), (-1.1676174, -0.09186246, -2.377084), (-1.2793956, -0.13621294, -1.5770957), (-1.1388223, -0.12910888, -1.6705422), (-1.0938052, -0.12991631, -3.0109308), (-1.1269042, -0.020796973, -2.9808462), (-1.2058634, -0.05282036, -2.5989654), (-1.0539247, -0.6303669, -2.4418726), (-1.12956, -0.6694511, -2.0233738), (-1.2895322, -0.69359887, -1.6415536), (-1.0300096, -0.5388792, -2.8623517), (-1.1533483, -0.28278285, -3.0103393), (-1.2315999, -0.11345943, -2.1721382), (-1.0261776, -0.110600196, -2.1838138), (-1.1059364, -0.12236316, -2.0344262), (-1.0371802, -0.024764547, -2.7579172), (-1.0491776, -0.062940694, -2.5402596), (-1.0584561, -0.6004715, -2.6020148), (-1.2413313, -0.6289664, -2.3878896), (-1.0597422, -0.65516657, -2.2247772), (-0.9277007, -0.6752614, -2.0115714), (-1.1443565, -0.5615867, -2.7262986), (-0.94653344, -0.586769, -2.7047498), (-1.1361877, -0.48533335, -3.0081947), (-0.9556812, -0.03025407, -2.9936614), (-1.0662274, -0.13060674, -1.8420169), (-0.99669695, -0.1335844, -1.6739119), (-0.88073045, -0.6453605, -2.3373222), (-1.0167892, -0.6844836, -1.8560047), (-1.1168103, -0.69190824, -1.7098912), (-0.97297937, -0.31598234, -3.0106168), (-0.8194511, -0.12731248, -1.7901399), (-0.82402354, -0.03108971, -2.7976184), (-0.94008887, -0.08645976, -2.369849), (-0.8965312, -0.62076867, -2.5294356), (-0.91739357, -0.6900298, -1.655355), (-0.89532477, -0.5157765, -2.9975357), (-0.8619452, -0.17024985, -3.0083256), (-0.80657303, -0.10344081, -2.1752121), (-0.9168875, -0.120213166, -1.9874643), (-0.75220364, -0.029014774, -2.9961824), (-0.86509717, -0.05162455, -2.578627), (-0.7253472, -0.08974156, -2.4019823), (-0.7432459, -0.610424, -2.6446846), (-0.7221212, -0.66241664, -2.222194), (-0.6749972, -0.543588, -2.9842188), (-0.76889783, -0.112572454, -1.9783157), (-0.554059, -0.031912435, -2.994558), (-0.6593536, -0.038556974, -2.8427691), (-0.51907456, -0.660655, -2.2682965), (-0.8595573, -0.6647554, -2.1611717), (-0.7027038, -0.6725177, -2.014346), (-0.796084, -0.68174684, -1.8341172), (-0.80963135, -0.5729525, -2.8354204), (-0.7596739, -0.357375, -3.006769), (-0.584977, -0.41709614, -3.0086226), (-0.6180365, -0.21621147, -3.0112326), (-0.65577376, -0.09899493, -2.0782313), (-0.61257017, -0.10450132, -1.9095738), (-0.7303737, -0.12219944, -1.6168846), (-0.48830423, -0.048886206, -2.8112936), (-0.56593645, -0.59367424, -2.7910686), (-0.5409707, -0.62479234, -2.5944736), (-0.4765736, -0.67630976, -1.9623249), (-0.56979823, -0.6821752, -1.811648), (-0.47865283, -0.55522716, -2.975606), (-0.57778066, -0.1088344, -1.7005506), (-0.5096623, -0.09603495, -2.4258792), (-0.6444674, -0.059875254, -2.6376634), (-0.5910599, -0.095813915, -2.2361126), (-0.48392266, -0.09284615, -2.0722616), (-0.36958456, -0.6248569, -2.638116), (-0.683185, -0.6387742, -2.4342642), (-0.5829747, -0.6669209, -2.1150959), (-0.6833029, -0.6868758, -1.6818514), (-0.43656784, -0.16860595, -3.010133), (-0.40501997, -0.10135006, -1.667615), (-0.34873304, -0.024353912, -2.9906666), (-0.41317776, -0.07703328, -2.6151752), (-0.26027402, -0.09429283, -2.0530686), (-0.42740577, -0.64466375, -2.4507897), (-0.33447754, -0.665259, -2.2712939), (-0.40890914, -0.66908085, -2.1165726), (-0.4765154, -0.68726987, -1.6274837), (-0.22552572, -0.4166353, -3.0103836), (-0.406419, -0.3688531, -3.0142272), (-0.22948974, -0.22909756, -3.0132093), (-0.28141135, -0.04750529, -2.7996867), (-0.33588132, -0.094109766, -2.4525056), (-0.14377537, -0.67875713, -1.6049118), (-0.17899956, -0.678064, -1.7788291), (-0.37164724, -0.6823322, -1.7838615), (-0.33427438, -0.5911893, -2.8367999), (-0.29278195, -0.55353296, -3.0000172), (-0.16449463, -0.09637011, -2.395178), (-0.14678061, -0.030670512, -2.9944367), (-0.2119089, -0.082203604, -2.5925791), (-0.3528269, -0.10032738, -2.2576292), (-0.4009549, -0.095846064, -1.8640774), (-0.16131239, -0.091425754, -1.8613971), (-0.20629126, -0.65243334, -2.4698107), (-0.1438243, -0.61441517, -2.6992285), (-0.104168005, -0.6744955, -2.0627198), (-0.2559662, -0.67760843, -1.9384289), (-0.10333557, -0.5437034, -3.0019717), (-0.17640685, -0.58202064, -2.8715713), (-0.042051654, -0.20012695, -3.0086555), (-0.11470029, -0.109614946, -2.212795), (0.056774646, -0.032302514, -2.9638095), (-0.04009507, -0.10699728, -2.0280833), (-0.14211398, -0.67424923, -2.244102), (-0.2503417, -0.6727632, -2.1167374), (-0.058286633, -0.6714952, -1.8787203), (-0.07743926, -0.37805167, -3.0111349), (0.048682474, -0.1149111, -2.374637), (0.07508816, -0.109544136, -1.5952699), (0.08946806, -0.15962541, -3.0130224), (-0.076335296, -0.056629363, -2.7745929), (0.05684669, -0.109714106, -1.835923), (-1.6426913, -0.7125725, -1.0425335), (-1.6216962, -0.6998208, -0.3676981), (-1.5504614, -0.70291036, -0.54950225), (-1.4864304, -0.6968592, -1.5466303), (-1.4692616, -0.15714717, -1.4874513), (-1.4670409, -0.15563408, -1.0778838), (-1.4577758, -0.110575005, -0.26789954), (-1.4959975, -0.7101299, -1.3599585), (-1.4765003, -0.7147238, -1.1645128), (-1.5921528, -0.70461273, -0.86188793), (-1.4628876, -0.69764113, -0.25200826), (-1.2859226, -0.15307637, -1.3856416), (-1.4748626, -0.16964896, -1.2798828), (-1.2609831, -0.14715509, -0.96581006), (-1.3701535, -0.12354228, -0.46389595), (-1.3626255, -0.114640854, -0.10206048), (-1.3053505, -0.7139754, -1.289215), (-1.4493175, -0.70920694, -0.95962936), (-1.3311825, -0.70694965, -0.548926), (-1.4341323, -0.70152116, -0.73437667), (-1.4522583, -0.7056135, -0.42506883), (-1.3180006, -0.7074765, -0.36208868), (-1.4996467, -0.14346707, -0.855621), (-1.4541378, -0.1308405, -0.6415827), (-1.3276144, -0.14140478, -0.78699076), (-1.1872889, -0.1213162, -0.12067568), (-1.3055305, -0.70534164, -1.4632276), (-1.2989335, -0.69495285, -0.14002703), (-1.0883883, -0.13871065, -1.5030975), (-1.283459, -0.15687242, -1.1883186), (-1.1892427, -0.1398217, -0.8021997), (-1.1023561, -0.13529867, -0.70665896), (-1.2632864, -0.13769545, -0.645148), (-1.2886316, -0.710627, -1.088828), (-1.1521657, -0.7072266, -0.29823074), (-1.1424224, -0.6897687, 0.0009748824), (-1.1312305, -0.15037647, -1.3081901), (-1.0733323, -0.14659339, -1.1389046), (-1.1579682, -0.13348301, -0.51920116), (-1.2173727, -0.124696076, -0.30498397), (-1.1352485, -0.70879513, -0.47989115), (-1.1140256, -0.6957227, -1.5482761), (-1.1550435, -0.7015335, -1.3913702), (-1.1140039, -0.6919989, -0.9935104), (-1.2532454, -0.6939979, -0.87431735), (-1.1987264, -0.70648915, -0.66018164), (-1.0354939, -0.14213365, -0.9324759), (-0.9366946, -0.13572297, -0.7938167), (-0.99433935, -0.13517922, -0.41559663), (-1.111092, -0.12417128, 0.015865255), (-1.0028147, -0.7015306, -0.13996947), (-1.1070495, -0.70274264, -0.1925896), (-0.95434535, -0.6959268, -1.4296194), (-1.0942868, -0.70400685, -1.2226465), (-1.0493317, -0.69437146, -0.8005808), (-0.9636789, -0.6942327, 0.050259124), (-0.8642552, -0.13713332, -1.1244245), (-0.8214074, -0.1375274, -0.9288089), (-0.95272636, -0.13639785, -0.61544293), (-0.84086704, -0.13220376, -0.32844555), (-1.0018541, -0.12731181, -0.18401723), (-0.8348596, -0.6988577, -0.7758884), (-0.98421085, -0.70872205, -0.59545434), (-0.8270793, -0.70429265, -0.14271376), (-0.9630143, -0.6913989, -1.0844004), (-0.92440605, -0.1365283, -1.3453392), (-0.88311124, -0.13173501, -1.5566932), (-0.69899154, -0.11910816, -1.2669516), (-0.66323215, -0.123392574, -1.0855774), (-0.7801597, -0.12907186, -0.16561903), (-0.75139886, -0.7076287, -0.53454584), (-0.9305496, -0.7072481, -0.34616235), (-0.7970741, -0.69191897, -1.5243987), (-0.7557742, -0.6950688, -1.3683456), (-0.8837151, -0.6965707, -1.2296472), (-0.7885338, -0.69039047, -1.0375417), (-0.9558513, -0.6915006, -0.94215393), (-0.7190597, -0.117611006, -1.4614323), (-0.78641623, -0.13950182, -0.742245), (-0.62605923, -0.13000523, -0.87683105), (-0.7808224, -0.14125803, -0.52748054), (-0.7042289, -0.71080434, -0.29985836), (-0.602387, -0.69098824, -1.5002923), (-0.7051943, -0.69253844, -1.2160175), (-0.6377369, -0.6897112, -0.91022336), (-0.6032856, -0.1107436, -1.5412283), (-0.4937968, -0.11001569, -1.1915712), (-0.58216214, -0.13519807, -0.5080387), (-0.67006016, -0.12945998, -0.3477795), (-0.57917553, -0.1334285, -0.16880524), (-0.57443917, -0.7063213, -0.42727205), (-0.57224697, -0.68912417, -1.1180149), (-0.65476483, -0.69647026, -0.7191355), (-0.6122557, -0.70082575, -0.084663), (-0.4558862, -0.1036127, -1.5167472), (-0.54984564, -0.109326296, -1.3742692), (-0.61106014, -0.13490163, -0.6853337), (-0.5613276, -0.69123095, -1.3067187), (-0.42471662, -0.6871314, -0.98287284), (-0.4785855, -0.689545, -0.7817956), (-0.39557493, -0.68962353, -0.4586348), (-0.46265277, -0.7026413, -0.25485942), (-0.28240046, -0.10465927, -1.1276115), (-0.27243873, -0.106991164, -0.91673577), (-0.43919477, -0.121449195, -0.7940964), (-0.4604577, -0.13093325, -0.38785753), (-0.39703313, -0.68800235, -1.4175893), (-0.23145112, -0.6840816, -1.0205688), (-0.5426092, -0.69706476, -0.5948608), (-0.4163779, -0.69358355, -0.07153805), (-0.30288976, -0.098982014, -1.4979521), (-0.3651503, -0.10085903, -1.3427243), (-0.46318126, -0.11469192, -0.99843776), (-0.25886908, -0.11042903, -0.71265477), (-0.2741582, -0.12747419, -0.31991816), (-0.39987776, -0.13456337, -0.1886737), (-0.25675347, -0.13354965, -0.07996382), (-0.24421124, -0.09637325, -1.6888409), (-0.31545848, -0.6839098, -1.595447), (-0.1984525, -0.68130624, -1.4640068), (-0.3809115, -0.6877065, -1.1920587), (-0.20469578, -0.68210876, -1.2912346), (-0.3262181, -0.68403983, -0.6602689), (-0.19826372, -0.67448974, -0.5366931), (-0.24840243, -0.67478555, -0.34134576), (-0.26320672, -0.681034, -0.14380457), (-0.18403836, -0.102300726, -1.3291287), (-0.11291392, -0.11048864, -1.0244658), (-0.4257303, -0.12441258, -0.60897607), (-0.2592437, -0.12037926, -0.5124211), (-0.08941621, -0.12188609, -0.2509722), (-0.017018665, -0.67523843, -1.0378975), (-0.27807134, -0.6867017, -0.8519679), (-0.08221222, -0.09745436, -1.7007887), (-0.09061148, -0.10904719, -1.2028168), (-0.12670837, -0.11957993, -0.42481363), (-0.11539111, -0.09930791, -1.514199), (-0.030740056, -0.6748895, -1.5401468), (-0.17784517, -0.68080896, -1.1431276), (-0.11181123, -0.6812017, -0.71627647), (-0.08290504, -0.65880877, -0.2454394), (0.029014107, -0.11026558, -1.3748882), (-0.09915009, -0.11026757, -0.8111698), (-0.062125593, -0.11155735, -0.5995686), (-0.050981626, -0.12803207, -0.08159456), (-3.0091424, -0.32823375, -0.017828666), (-3.0111394, -0.35805246, 0.8716983), (-3.003167, -0.4923696, 1.3548123), (-3.0082357, -0.3299406, 1.4243667), (-3.0113935, -0.3388134, 0.377341), (-3.0101635, -0.3130271, 0.5434082), (-3.010335, -0.28661764, 0.7005252), (-3.0086255, -0.39835426, 1.0338625), (-3.0086575, -0.16474299, 0.027463596), (-3.0115936, -0.27292415, 0.19871865), (-3.0076983, -0.35639668, 1.2249062), (-3.008939, -0.18987261, 1.2894267), (-3.0086884, -0.17826249, 1.4825674), (-3.013929, -0.16210468, 0.3883768), (-3.0078833, -0.17009263, 0.8409644), (-3.0120769, -0.2218024, 1.0576154), (-3.0039458, -0.046895817, 1.396754), (-2.9841769, -0.032802626, 0.4074114), (-3.0063217, -0.078132294, 0.60708916), (-2.990139, -0.023058316, 0.8034178), (-2.9954534, -0.030499015, 0.98668516), (-3.002201, -0.5248853, -0.030112576), (-3.010489, -0.47570404, 0.13555229), (-3.0055587, -0.52456164, 0.48490897), (-2.8365705, -0.5457601, 0.79049045), (-3.0025759, -0.5032191, 0.692143), (-2.999813, -0.5327505, 0.9251913), (-2.9971406, -0.49895528, 1.1686287), (-2.8932836, -0.5181256, 1.3944988), (-2.9994466, -0.496746, 1.5690511), (-2.9964478, -0.032909177, -0.055555444), (-2.797099, -0.022969829, 0.29399192), (-2.9954317, -0.031983823, 0.18420225), (-2.9059753, -0.024294272, 0.66930616), (-2.9934516, -0.022347353, 1.1954625), (-2.8606145, -0.01642341, 1.3175058), (-2.9101462, -0.5428289, 0.13696285), (-2.8480716, -0.5510627, 0.34436786), (-3.004885, -0.4570277, 0.30349356), (-2.8389018, -0.5482047, 1.02604), (-2.8120022, -0.5236111, 1.5845743), (-2.8312883, -0.0362837, 1.1084656), (-2.7434487, -0.57028055, 0.16493407), (-2.8158333, -0.56279886, 0.5507774), (-2.794661, -0.5314472, 1.244721), (-2.7108712, -0.5372401, 1.4313368), (-2.797476, -0.02464878, 0.03668996), (-2.6995955, -0.0389002, 0.69532293), (-2.81142, -0.038846433, 0.8770513), (-2.5657377, -0.04963641, 0.5562085), (-2.6879182, -0.03987504, 1.2309151), (-2.7175794, -0.019803926, 1.3984619), (-2.7146385, -0.5729399, 0.34368697), (-2.6389763, -0.57421327, 0.6765374), (-2.6110222, -0.043511514, 0.16785346), (-2.7966695, -0.02438062, 0.51561284), (-2.4866498, -0.068459734, 0.726695), (-2.6131065, -0.060449664, 0.84454477), (-2.62275, -0.027716069, 1.5529392), (-2.665187, -0.5814554, 0.028342124), (-2.579284, -0.59432715, 0.23266193), (-2.6022098, -0.58655375, 0.46966377), (-2.6764972, -0.56388336, 0.8934072), (-2.5320368, -0.5783108, 0.9820326), (-2.6661122, -0.55647224, 1.1035517), (-2.6116986, -0.044571985, 0.3739045), (-2.6234186, -0.069702126, 1.0259204), (-2.5271306, -0.07016446, 1.3556964), (-2.400164, -0.6116165, 0.4036415), (-2.3681324, -0.59416443, 0.9732683), (-2.460727, -0.57338375, 1.1756352), (-2.6305115, -0.550692, 1.2767175), (-2.457655, -0.56733984, 1.6059369), (-2.4286692, -0.062379852, 0.03677141), (-2.4225235, -0.06448394, 0.22824186), (-2.4040859, -0.06988777, 0.4140178), (-2.4445941, -0.08407666, 0.9070157), (-2.433345, -0.08997578, 1.0547574), (-2.5292876, -0.07935252, 1.1727157), (-2.3424613, -0.09073457, 1.3911871), (-2.4371269, -0.6025631, 0.6119088), (-2.4972498, -0.591029, 0.79372555), (-2.497893, -0.5647477, 1.4176897), (-2.2662933, -0.10926435, 0.99590236), (-2.2906404, -0.07589225, 0.10807313), (-2.2125256, -0.079630576, 0.2710708), (-2.3435068, -0.07806145, 0.59169835), (-2.3440838, -0.09937742, 1.2025477), (-2.1885037, -0.10097644, 1.3263224), (-2.2486846, -0.61971873, 0.54914176), (-2.2948062, -0.60897076, 0.7577906), (-2.3462281, -0.5845095, 1.3142146), (-2.2525008, -0.09530509, 0.7829956), (-2.079602, -0.10700236, -0.11820471), (-2.1150575, -0.089976236, 0.58405554), (-2.2139103, -0.63023496, 0.34306747), (-2.1660047, -0.60672045, 0.9337604), (-2.1037204, -0.60993016, 1.4582167), (-2.0414915, -0.10055323, 0.7515922), (-2.1032724, -0.11103354, 1.1291624), (-2.0628626, -0.09824595, 1.4573749), (-2.1312234, -0.095801674, 0.063882515), (-2.0874317, -0.08981038, 0.40230736), (-2.228798, -0.08091216, 0.44881222), (-2.0277162, -0.10457057, 1.2917855), (-2.2340415, -0.08464683, 1.5159342), (-2.1527789, -0.64767396, 0.11037063), (-2.0426943, -0.6345891, 0.48225498), (-2.1041033, -0.61795485, 0.7170151), (-2.232583, -0.59775794, 1.1551559), (-2.196891, -0.6007226, 1.3587514), (-2.0473871, -0.6157466, 1.2986395), (-2.0847244, -0.10800546, 0.9220808), (-1.9346529, -0.10650886, 1.0095752), (-1.9023179, -0.10463909, 1.167562), (-1.8610096, -0.10896792, 1.3691308), (-1.9385043, -0.10948433, 0.03121226), (-1.941149, -0.10191381, 0.44966528), (-1.9838508, -0.65436965, 0.16625029), (-1.9180257, -0.6296141, 0.68512285), (-2.034277, -0.61382514, 1.0939419), (-1.7908019, -0.10832059, 0.5089728), (-1.8699012, -0.10334648, 0.83231664), (-1.9085178, -0.1015963, 0.6385294), (-1.9473969, -0.66895765, -0.0003252998), (-2.0679147, -0.64344126, 0.2768319), (-1.9047519, -0.65094715, 0.31315926), (-1.9971224, -0.6176195, 0.8907389), (-1.8461828, -0.6298713, 1.0397776), (-1.8792456, -0.6294724, 1.2363456), (-1.9858241, -0.10101987, 0.23489399), (-1.6919539, -0.11150676, 0.6562398), (-1.9187931, -0.10505541, 1.5820802), (-1.676345, -0.12475802, 1.5128042), (-1.8103939, -0.66174185, 0.14451472), (-1.695017, -0.65512407, 0.31350613), (-1.8274467, -0.64504445, 0.5017439), (-1.7043386, -0.6423638, 1.1538543), (-1.7279296, -0.6485937, 1.3340966), (-1.8802234, -0.63402534, 1.4792053), (-1.82187, -0.109954685, 0.1425983), (-1.791741, -0.11025994, 0.33174005), (-1.6365694, -0.11475553, 0.43763587), (-1.6813287, -0.11464945, 0.8421091), (-1.7508554, -0.11131336, 1.0199522), (-1.7452532, -0.11548951, 1.2034445), (-1.6469493, -0.66958976, 0.11071431), (-1.7456944, -0.6413455, 0.7099398), (-1.8310689, -0.63057476, 0.8518126), (-1.5415065, -0.65114033, 1.1024437), (-1.7454594, -0.10784556, -0.01244548), (-1.6332126, -0.11627302, 0.19035628), (-1.668478, -0.12594996, 1.3216941), (-2.9923818, -0.51212543, 2.6205165), (-3.009077, -0.29373562, 2.8172941), (-2.9950898, -0.49393916, 2.8197954), (-2.9977994, -0.4415067, 2.984976), (-3.0112982, -0.26731533, 1.6410084), (-3.0111856, -0.2914986, 1.844243), (-3.004683, -0.4466192, 2.0184262), (-3.0121615, -0.24112831, 2.1680892), (-3.010884, -0.27835315, 2.3237677), (-3.006964, -0.4342274, 2.441716), (-3.0111952, -0.17813437, 1.983049), (-3.014697, -0.15862823, 2.6618297), (-3.0047953, -0.34680462, 2.6341915), (-3.0104704, -0.065204695, 1.7881534), (-3.005729, -0.047687247, 2.3247566), (-3.009364, -0.21487555, 2.4750435), (-2.9985435, -0.22493893, 2.9927855), (-3.0113714, -0.12930211, 2.8344848), (-2.9985514, -0.027857259, 2.5235648), (-3.004554, -0.48862848, 1.7964739), (-3.0064018, -0.4637271, 2.2475007), (-2.9560654, -0.50918776, 2.437033), (-3.0028496, -0.043119885, 1.5934114), (-2.8520694, -0.01061914, 1.5352507), (-3.0014439, -0.017569039, 1.935471), (-2.9993134, -0.0228903, 2.12493), (-2.8393257, 0.0040063327, 2.0570812), (-2.983677, -0.029339775, 2.9873729), (-2.8848932, -0.5158258, 1.7365837), (-2.8831382, -0.5205865, 1.9313848), (-2.825333, -0.5186589, 2.133336), (-2.8733847, -0.47841817, 2.9995918), (-2.8035107, -0.51892406, 2.8071985), (-2.7802904, -0.16064015, 3.0123136), (-2.7348666, -0.0015429184, 1.7222127), (-2.9476523, -0.008193786, 1.7458199), (-2.6252148, -0.5459781, 1.5970631), (-2.8082242, -0.50834274, 2.346506), (-2.8216174, -0.33724365, 3.0081685), (-2.7107484, -0.5305428, 1.800227), (-2.8077419, -0.5232817, 2.5637386), (-2.6403012, -0.5236476, 2.4617136), (-2.632069, -0.5284633, 2.6807156), (-2.691058, -0.45807707, 3.0049262), (-2.5101247, -0.03840757, 1.7472588), (-2.5910108, 0.008167817, 2.8528829), (-2.7429097, -0.054313846, 3.003143), (-2.6460152, -0.5255006, 2.252457), (-2.4919815, -0.53151697, 2.1569586), (-2.6807728, -0.5313037, 2.0413914), (-2.610063, -0.5196823, 2.863687), (-2.5154674, -0.55100316, 1.7652555), (-2.4597642, -0.5232352, 2.5637183), (-2.445592, -0.5263412, 2.7960174), (-2.6079762, -0.29685435, 3.0157218), (-2.3360913, -0.07053136, 2.9986176), (-2.3609438, -0.042738948, 1.8628027), (-2.368204, -0.5731887, 1.707605), (-2.3474026, -0.56732255, 1.8718712), (-2.519677, -0.5359281, 1.9591049), (-2.3357763, -0.5478657, 2.0458865), (-2.4665277, -0.52761745, 2.356749), (-2.291035, -0.52567667, 2.6594644), (-2.4159768, -0.0692156, 1.5401151), (-2.3041008, -0.06393324, 1.6950587), (-2.3047047, -0.5342692, 2.2157974), (-2.2638125, -0.51864004, 2.8440425), (-2.4958684, -0.50049007, 2.9933822), (-2.3773534, -0.27952695, 3.0127716), (-2.315955, -0.50709707, 2.9965215), (-2.118569, -0.08017258, 1.6493924), (-2.190244, -0.06237149, 1.8387171), (-2.2911115, -0.03038082, 2.0216904), (-2.2694104, -0.59312415, 1.5283235), (-2.1013153, -0.55595344, 2.237693), (-2.265466, -0.52931553, 2.4231212), (-2.1750464, -0.36927998, 3.0074077), (-2.2148612, -0.19251609, 3.008953), (-2.0734847, -0.060863603, 1.9884197), (-2.157859, -0.018366402, 2.2207222), (-2.1038916, -0.0044266637, 2.4464753), (-1.9583098, -0.035158493, 2.3104553), (-2.1906927, 0.010077283, 2.8098445), (-2.0000274, -0.007079174, 2.8718996), (-2.153402, -0.019753112, 2.9985979), (-2.0498986, -0.6171663, 1.6272902), (-2.2030008, -0.60152483, 1.7512017), (-2.16087, -0.59435993, 1.9377121), (-2.0652678, -0.5441897, 2.3955376), (-2.0959022, -0.5344507, 2.5680313), (-2.1298954, -0.50794864, 2.9925365), (-2.059979, -0.23634052, 3.0076196), (-1.991544, -0.08520696, 1.7802352), (-1.864581, -0.09114151, 1.9183167), (-1.9321887, -0.06574582, 2.115199), (-1.9322474, -0.021059116, 2.487878), (-1.9339602, -0.052248348, 3.0072012), (-1.9825975, -0.6252447, 1.8241993), (-2.1090717, -0.5247671, 2.7688038), (-2.0174675, 0.002405915, 2.6576397), (-1.8421617, 0.0037204074, 2.9123678), (-1.9736292, -0.61066574, 2.0375254), (-1.8828571, -0.5886994, 2.2860005), (-1.7485589, -0.58282965, 2.4704876), (-1.9362656, -0.556897, 2.4819849), (-1.9294969, -0.50870645, 2.8815756), (-1.8803962, -0.5405437, 2.662639), (-1.9810596, -0.47769946, 3.0064092), (-1.8672284, -0.29746902, 3.0092196), (-1.7802241, -0.111476205, 1.7195761), (-1.7687696, -0.07770606, 2.2228658), (-1.7935723, -0.02547634, 2.5889106), (-1.8743103, -0.6364199, 1.6827793), (-1.6579915, -0.34012985, 3.0091336), (-1.7281224, -0.15891726, 3.0091949), (-1.7599574, -0.09715807, 2.0459588), (-1.5983773, -0.119148016, 2.1157315), (-1.5959139, -0.050624706, 2.5137587), (-1.7581452, -0.6467305, 1.8702207), (-1.7201025, -0.64510584, 2.1167483), (-1.6415668, -0.63267106, 2.301097), (-1.7928303, -0.4796603, 3.0036275), (-1.5867171, -0.49581784, 2.992788), (-1.5894665, -0.1250114, 1.6779928), (-1.6303729, -0.119395144, 1.880358), (-1.7730912, -0.0527553, 2.411508), (-1.7190324, -0.6762478, -0.0060156565), (-1.4976383, -0.6685657, 0.18169953), (-1.6409892, -0.64192116, 0.53467363), (-1.5488423, -0.6456295, 0.75156766), (-1.6661859, -0.64226806, 0.93135273), (-1.5340072, -0.66140825, 1.2915611), (-1.6413574, -0.66065955, 1.4697161), (-1.5327164, -0.66334385, 1.6031168), (-1.4718053, -0.12165302, 0.55692047), (-1.5256275, -0.12686089, 0.7806449), (-1.577668, -0.12621471, 0.94986165), (-1.3956126, -0.1408257, 0.96620315), (-1.5672046, -0.13106489, 1.1450472), (-1.5094073, -0.13368542, 1.3505594), (-1.4946997, -0.6841238, -0.030480456), (-1.3385129, -0.6635057, 0.3011615), (-1.5135667, -0.6506071, 0.38427824), (-1.4515601, -0.63883364, 0.58513), (-1.3608698, -0.124588706, 0.2522029), (-1.4374102, -0.12116787, 0.11189753), (-1.5118537, -0.11993134, 0.33482754), (-1.3093896, -0.1341189, 0.7395284), (-1.368407, -0.14023419, 1.1815662), (-1.2651895, -0.6474587, 0.5960686), (-1.4584845, -0.65230393, 0.9448981), (-1.3762554, -0.6603834, 1.1219629), (-1.3124496, -0.6649832, 1.3183241), (-1.4286517, -0.66557556, 1.468175), (-1.2430346, -0.12452257, 0.14563902), (-1.3609517, -0.12611233, 0.42387158), (-1.2180924, -0.12843765, 0.52474767), (-1.2495226, -0.14450005, 1.0680443), (-1.314464, -0.13774078, 1.3747774), (-1.3181403, -0.67915463, 0.08971369), (-1.3585144, -0.64741737, 0.454095), (-1.3533887, -0.6481361, 0.7764129), (-1.259852, -0.65629846, 0.9563343), (-1.2705213, -0.12192895, 0.0124120135), (-1.2236326, -0.12613088, 0.32680985), (-1.0643939, -0.12802638, 0.37727752), (-1.1760029, -0.14042665, 0.8986708), (-1.2609235, -0.13995264, 1.5628514), (-1.1193805, -0.14381775, 1.4029322), (-1.1901953, -0.6644026, 0.42487392), (-1.1489027, -0.6536996, 0.77199143), (-1.2191128, -0.6699712, 1.5008433), (-1.0333549, -0.67484874, 0.40095899), (-1.1293995, -0.6808154, 0.20130217), (-1.1936322, -0.66383564, 1.1402072), (-0.9785046, -0.13411374, 0.53444576), (-1.0749991, -0.13421685, 0.70915604), (-0.96280044, -0.14467417, 0.88321877), (-1.0562222, -0.14722759, 1.067359), (-1.1841494, -0.14266364, 1.229675), (-0.96366525, -0.15167229, 1.2554176), (-1.072142, -0.6659335, 0.56861424), (-1.0731031, -0.65938914, 0.96043354), (-0.9931207, -0.668711, 1.1553844), (-1.1134688, -0.669532, 1.3316411), (-1.0112236, -0.6753776, 1.5130122), (-0.8568674, -0.6860871, 1.7041715), (-0.90011936, -0.12999809, 0.020174546), (-0.94093627, -0.13008393, 0.21886359), (-0.8843645, -0.13312714, 0.36155114), (-0.7755856, -0.13965675, 0.48416153), (-0.86199796, -0.15389937, 1.0713598), (-0.9136893, -0.6876997, 0.24694586), (-0.92985713, -0.66512764, 0.7670775), (-0.85887104, -0.6729527, 0.49893817), (-0.8839838, -0.6660651, 1.0004251), (-0.9109641, -0.67756957, 1.342993), (-0.7745077, -0.13570519, 0.17147286), (-0.8466048, -0.14365745, 0.6876801), (-0.74655414, -0.16010135, 1.2725501), (-0.7046878, -0.16843142, 1.4759657), (-0.7809416, -0.69661117, 0.075747326), (-0.7303243, -0.681505, 0.30416083), (-0.79571605, -0.68158084, 1.1831706), (-0.81767863, -0.68446964, 1.5067952), (-0.7225791, -0.13813333, 0.29884285), (-0.6275585, -0.14949284, 0.58921957), (-0.65276253, -0.15337719, 0.7488775), (-0.6588024, -0.1598371, 1.0592928), (-0.76761335, -0.15204671, 0.89833564), (-0.65189046, -0.70903915, 1.5972652), (-0.6405147, -0.6706988, 0.51579005), (-0.7160404, -0.6716387, 0.6984686), (-0.761867, -0.6683478, 0.8710768), (-0.687584, -0.6775838, 1.0290966), (-0.664624, -0.13618056, 0.0006877817), (-0.58056575, -0.14065956, 0.1772572), (-0.5744591, -0.14393152, 0.37768847), (-0.5872552, -0.17382376, 1.3807437), (-0.66710556, -0.69855064, 1.376862), (-0.6158848, -0.69000965, 0.13348779), (-0.61341375, -0.69328606, 1.1887338), (-0.44998717, -0.14075893, 0.012738911), (-0.38678455, -0.14687909, 0.2707881), (-0.43916455, -0.15459462, 0.48852453), (-0.46755958, -0.16194952, 0.72294605), (-0.5689505, -0.16187125, 0.9138129), (-0.5032068, -0.16801693, 1.0532311), (-0.38067454, -0.17230831, 0.9318233), (-0.54524547, -0.17121585, 1.2308861), (-0.4682101, -0.71265143, 1.488419), (-0.5108893, -0.6756866, 0.32049328), (-0.4745072, -0.6687533, 0.70556337), (-0.5825903, -0.67306525, 0.8809077), (-0.48992312, -0.69333285, 1.068743), (-0.42302734, -0.18455467, 1.3712687), (-0.47061503, -0.70973575, 1.2831851), (-0.4552321, -0.6867556, 0.101089895), (-0.28169128, -0.6813882, 0.04432694), (-0.46665764, -0.6702209, 0.5210973), (-0.34194747, -0.69098, 0.9429325), (-0.25997835, -0.14470927, 0.10891946), (-0.30098167, -0.1654962, 0.60583586), (-0.20697604, -0.16078341, 0.43406683), (-0.2489925, -0.17993324, 0.7843739), (-0.31057763, -0.1996344, 1.5221988), (-0.18134624, -0.7108404, 1.0834473), (-0.31218094, -0.71066916, 1.1739101), (-0.28737974, -0.71228933, 1.4000192), (-0.31680357, -0.6786391, 0.2278266), (-0.325283, -0.67019945, 0.41403624), (-0.2979033, -0.67048603, 0.5902782), (-0.13061325, -0.17577101, 0.63861096), (-0.19292003, -0.18831861, 0.9834582), (-0.34087846, -0.1806933, 1.1560345), (-0.22155675, -0.19170558, 1.3332716), (-0.12384693, -0.71248764, 1.5063586), (-0.19298255, -0.67443603, 0.326008), (-0.22579573, -0.6793312, 0.7531728), (-0.10180926, -0.7022246, 0.9244571), (-0.0894466, -0.14001155, 0.088428415), (0.034975737, -0.1842324, 0.6744111), (-0.06683691, -0.19470668, 0.8158695), (0.027201904, -0.20017606, 1.0052375), (-0.029481357, -0.19859098, 1.3150259), (-0.10592907, -0.71266127, 1.2936572), (-0.097808115, -0.66170526, -0.03850942), (0.016485792, -0.69478065, 0.744278), (-0.123579174, -0.68069434, 0.6199335), (-0.1022841, -0.20872921, 1.4834815), (-0.11820541, -0.15241335, 0.2611174), (-0.11219047, -0.19188844, 1.1648941), (-1.706329, -0.65429455, 1.658065), (-1.5415225, -0.665895, 1.7731756), (-1.5421453, -0.6775497, 2.1791637), (-1.6281382, -0.56118053, 2.6342518), (-1.7151301, -0.52024156, 2.828734), (-1.4626373, -0.13531533, 1.5320048), (-1.435492, -0.13562219, 1.9824136), (-1.5834764, -0.09004021, 2.3249543), (-1.415733, -0.046857074, 2.6140141), (-1.6248486, -0.011356661, 2.6849053), (-1.6673107, 0.0042159827, 2.847517), (-1.7281324, -0.00075337756, 2.9990785), (-1.5351872, -0.046438582, 3.0022278), (-1.4327196, -0.66370595, 2.3095703), (-1.5041368, -0.5369082, 2.809658), (-1.4492131, -0.36633343, 3.0116138), (-1.3861643, -0.12807046, 2.2123303), (-1.4621929, -0.004058308, 2.7956166), (-1.3150525, -0.0017033201, 2.913964), (-1.530111, -0.6830891, 1.9940467), (-1.2997924, -0.6860854, 2.0132694), (-1.521852, -0.61792487, 2.4657114), (-1.3972709, -0.5902597, 2.6296253), (-1.5087681, -0.19854918, 3.0083814), (-1.3034002, -0.21647333, 3.010677), (-1.4021946, -0.13552502, 1.7522061), (-1.2916857, -0.1421719, 1.8872639), (-1.2772703, -0.14646728, 2.0520763), (-1.3683193, -0.044214327, 3.0085866), (-1.3543774, -0.669748, 1.647503), (-1.3328977, -0.6774748, 1.8442255), (-1.2550973, -0.6777754, 2.2868164), (-1.2834784, -0.5561218, 2.8085198), (-1.3717886, -0.5079708, 2.9994972), (-1.1479897, -0.1488697, 1.9638287), (-1.148693, -0.15233424, 2.1619947), (-1.2322004, -0.12178404, 2.336901), (-1.4004574, -0.092427924, 2.4307637), (-1.2559317, -0.033191126, 2.7260687), (-1.0770761, -0.06319695, 2.6520114), (-1.0722313, -0.039188344, 2.8310125), (-1.126185, -0.67864263, 1.7062342), (-1.363594, -0.68787587, 2.1536582), (-1.1391209, -0.6895753, 2.1422353), (-1.0757083, -0.6806095, 2.3728487), (-1.3025022, -0.64737487, 2.4510117), (-1.1009953, -0.5658376, 2.794583), (-1.1598569, -0.5137806, 2.978939), (-1.2259904, -0.39831504, 3.0102098), (-1.1644393, -0.14564449, 1.7439706), (-1.001544, -0.15755537, 2.0213482), (-1.0502211, -0.1402601, 2.330767), (-1.1761079, -0.023537468, 2.9973073), (-1.20181, -0.08354653, 2.514822), (-0.9679022, -0.034158405, 2.993163), (-1.1312933, -0.6835891, 1.9298954), (-0.94158566, -0.6901204, 2.0375762), (-1.021228, -0.49147332, 3.0034704), (-1.0686569, -0.23978594, 3.0070348), (-0.94488853, -0.1567275, 1.6946295), (-1.0731872, -0.14796229, 1.5754373), (-1.0217558, -0.15414004, 1.8645818), (-0.9745635, -0.11256372, 2.4974613), (-0.9650254, -0.6855274, 1.8653783), (-0.7458566, -0.7082118, 2.119083), (-0.9084991, -0.69770384, 2.2319016), (-0.9543887, -0.65065426, 2.5319183), (-1.1544639, -0.61582756, 2.6084146), (-0.8853773, -0.16928977, 3.0028749), (-0.90094846, -0.07455191, 2.6621716), (-0.9360954, -0.61398417, 2.6983416), (-0.9638458, -0.54841363, 2.8833961), (-0.8967915, -0.15667774, 1.4708092), (-0.84318095, -0.16611037, 1.8906231), (-0.89339143, -0.16578755, 2.1297672), (-0.8172904, -0.052128643, 2.8421943), (-0.80746704, -0.047181778, 2.9964511), (-0.79085284, -0.7013069, 1.917325), (-0.8335965, -0.68977606, 2.4096482), (-0.7366621, -0.6590686, 2.591732), (-0.7597566, -0.599391, 2.8198187), (-0.7014927, -0.5478101, 2.9997616), (-0.8430531, -0.36132428, 3.0047367), (-0.7596999, -0.16945957, 1.6590275), (-0.70762426, -0.17922927, 2.002777), (-0.84170276, -0.1544167, 2.318075), (-0.6679087, -0.16181035, 2.3252277), (-0.7749055, -0.1367954, 2.4811206), (-0.688916, -0.09792546, 2.63988), (-0.58446157, -0.60383064, 2.8834953), (-0.6159357, -0.06905094, 2.786534), (-0.63437515, -0.052955717, 2.9908957), (-0.6326099, -0.7121821, 1.8024542), (-0.69241846, -0.71058977, 2.2969635), (-0.64242476, -0.70209706, 2.452226), (-0.40389502, -0.20496094, 1.686232), (-0.5874285, -0.19013399, 1.8113304), (-0.52637863, -0.20161101, 2.017625), (-0.6824543, -0.17223033, 2.1676073), (-0.47538075, -0.18393536, 2.2268686), (-0.35456774, -0.16674799, 2.4291651), (-0.5680087, -0.15410675, 2.4449053), (-0.7203147, -0.19764872, 3.0073907), (-0.4566607, -0.06802841, 2.856863), (-0.46291292, -0.71363777, 1.7003496), (-0.44708747, -0.71251994, 1.8822393), (-0.5446951, -0.71235406, 2.1838062), (-0.5394401, -0.6322041, 2.7321634), (-0.33221018, -0.2137104, 2.0374331), (-0.27752298, -0.056371838, 2.9928253), (-0.59405357, -0.7132752, 1.9972146), (-0.41514465, -0.7124541, 2.062473), (-0.45535654, -0.7143493, 2.37644), (-0.48647326, -0.68107885, 2.5656707), (-0.3904672, -0.599969, 2.8596916), (-0.49344504, -0.5629204, 3.0021691), (-0.61340284, -0.37040636, 3.013041), (-0.18357603, -0.21922216, 1.6791711), (-0.36769527, -0.2192265, 1.8460238), (-0.51943344, -0.20700291, 3.0122373), (-0.2238233, -0.19940643, 2.2368388), (-0.45462033, -0.064542875, 2.9867961), (-0.26532635, -0.7124802, 1.7963704), (-0.27992272, -0.71249896, 1.9693455), (-0.23284656, -0.712488, 2.130625), (-0.371462, -0.7125901, 2.236472), (-0.26110688, -0.55010945, 3.0014513), (-0.32377538, -0.1750895, 3.007195), (-0.35781026, -0.36776304, 3.0125725), (-0.17004187, -0.22435111, 1.8864329), (-0.16144432, -0.22140308, 2.0542758), (-0.13953304, -0.16862255, 2.44185), (-0.24397723, -0.13259289, 2.5839174), (-0.23807919, -0.082663186, 2.766737), (-0.2849342, -0.7124853, 1.5947567), (-0.27026573, -0.70261526, 2.5372734), (-0.32387805, -0.6448722, 2.7008286), (0.013230184, -0.21789189, 1.9709593), (-0.021350058, -0.21296914, 2.1545832), (-0.042882875, -0.18966031, 2.3096404), (-0.04397829, -0.037948944, 2.9655004), (-0.101271495, -0.7125005, 1.7153928), (-0.08354711, -0.7125014, 1.9523447), (-0.10051769, -0.7123657, 2.1766012), (-0.14385068, -0.5949396, 2.8316476), (-0.03706352, -0.55852246, 2.998348), (-0.14920829, -0.4240037, 3.0147083), (-0.14469036, -0.26539865, 3.0169141), (0.0765475, -0.16847216, 2.45026), (-0.062039014, -0.13146973, 2.6146026), (-0.026832422, -0.08153747, 2.7886076), (-0.15353146, -0.1132711, 3.002844), (-2.717881, 0.00938974, -2.311963), (-2.817395, 0.0062236874, -2.820522), (-2.7284346, 0.013591729, -2.6780336), (-2.5530057, 0.014347043, -2.629017), (-2.7453234, 0.010066679, -2.5126853), (-2.6011395, 0.009936238, -2.4571896), (-2.8116524, 0.0039390395, -1.9287678), (-2.6580393, 0.0007251005, -2.113886), (-2.7035773, -0.0068029948, -1.7417356), (-2.599427, 0.0066914, -2.828347), (-2.6599085, -0.01589997, -2.997823), (-2.3959208, 0.010616777, -2.7923913), (-2.22822, 0.0052976697, -2.8957477), (-2.4281855, 0.0014930523, -2.4483016), (-2.1011608, 0.0033784052, -2.8329213), (-2.2095132, 0.005550033, -2.7297792), (-2.8570268, 0.013778216, 2.5720549), (-2.9895103, -0.0022189524, 2.7357764), (-2.8089871, 0.006946535, 2.8733563), (-2.818752, 0.0043526976, 1.8909932), (-2.6528845, -0.008591259, 1.8659042), (-2.7464666, 0.012903855, 2.7005606), (-2.6978445, 0.0069674677, 1.987544), (-2.8332083, 0.008634701, 2.2352388), (-2.6590924, 0.010507598, 2.1366758), (-2.8312674, 0.0068503483, 2.4148638), (-2.651947, 0.011080859, 2.3240376), (-2.5110028, -0.011469722, 1.9777412), (-2.6846678, 0.01356967, 2.518593), (-2.4976022, 0.011004139, 2.4415174), (-2.302281, 0.0023053542, 2.416599), (-2.549185, 0.014803522, 2.639652), (-2.3722632, 0.011215206, 2.7454202), (-2.5432396, -0.06797363, 3.008551), (-2.368012, 0.010137286, 2.9442005), (-2.4348323, 0.005214011, 2.2247298), (-2.3924258, 0.0116273835, 2.568368), (-2.21484, 0.007508325, 2.6156113), (-1.8255541, 0.0032807784, 2.761238), (0.07172698, -0.6108183, -2.674627), (-0.03632123, -0.64481854, -2.5453637), (0.00049811974, -0.66725737, -2.387685), (0.032602686, -0.6737711, -2.187801), (-0.008553958, -0.57565886, -2.8385947), (0.1966114, -0.5734982, -2.8075993), (0.10211787, -0.12978427, -2.1947694), (-0.015794693, -0.089817174, -2.5672643), (0.1371279, -0.6540943, -2.5097497), (0.21215037, -0.66942346, -2.313749), (0.049550876, -0.67121327, -2.0150244), (0.15455557, -0.66462314, -1.879073), (0.09140894, -0.33535773, -3.0123453), (0.24608652, -0.42137858, -3.0064468), (0.21996982, -0.2285518, -3.011512), (0.15547015, -0.12760328, -2.0283446), (0.21083504, -0.1282519, -1.8880168), (0.22007516, -0.04902348, -2.9992852), (0.22743183, -0.03710503, -2.8668232), (0.12344596, -0.054786175, -2.7355337), (0.38018313, -0.6654114, -1.7971425), (0.02623807, -0.6708316, -1.6894809), (0.212836, -0.6635796, -1.7103478), (0.35980576, -0.66118646, -1.6249433), (0.10036938, -0.53261954, -2.9993024), (0.38420868, -0.06813696, -2.9979498), (0.3087144, -0.136154, -2.1651995), (0.32004827, -0.057844855, -2.714456), (0.20230688, -0.09396948, -2.5442696), (0.27618515, -0.6262802, -2.6227388), (0.18869397, -0.66977626, -2.0969503), (0.3515873, -0.6648038, -2.168654), (0.36210266, -0.6644817, -1.9925665), (0.3120633, -0.5379518, -2.976721), (0.42548004, -0.5060873, -3.0086787), (0.26601696, -0.12698731, -2.359704), (0.4784882, -0.13330139, -2.31574), (0.51061547, -0.14035864, -2.1206086), (0.3582192, -0.13825427, -1.9544467), (0.26395905, -0.13122416, -1.7415243), (0.40876684, -0.14057788, -1.6046926), (0.37328196, -0.051342428, -2.8688385), (0.308163, -0.660568, -2.467438), (0.4323329, -0.66274893, -2.320028), (0.5423129, -0.66995955, -1.8870015), (0.5170828, -0.2107562, -3.0046165), (0.5479406, -0.14359252, -1.9710696), (0.5028163, -0.08247785, -2.7632973), (0.4044124, -0.60136, -2.751019), (0.64212567, -0.65902644, -2.3445964), (0.55065703, -0.6662934, -2.114905), (0.513846, -0.5701815, -2.8762417), (0.390202, -0.31431776, -3.009606), (0.5800809, -0.383145, -3.0105925), (0.56058437, -0.061203737, -2.992345), (0.44569045, -0.11444705, -2.5421627), (0.5112535, -0.14895095, -1.7852643), (0.7310726, -0.14270824, -1.7274944), (0.7929359, -0.043215405, -2.9958596), (0.48021087, -0.6504958, -2.5258622), (0.6945738, -0.6711596, -1.7925004), (0.55745685, -0.66385967, -1.6597117), (0.6137035, -0.5265782, -2.9943552), (0.6793808, -0.14040057, -2.2599401), (0.70325303, -0.13861753, -2.0741315), (0.70556647, -0.13956453, -1.9039035), (0.6599722, -0.115500785, -2.6515343), (0.8561103, -0.6136061, -2.7204897), (0.8001387, -0.6461635, -2.5156074), (0.8804932, -0.6660779, -2.306018), (0.72174686, -0.6674036, -1.9627751), (0.8061529, -0.49477887, -3.0052779), (0.73142314, -0.5660291, -2.8585048), (0.95151067, -0.32977164, -3.005444), (0.66683733, -0.12932014, -2.452347), (0.8628409, -0.13995749, -2.3853137), (0.9037719, -0.13672855, -2.0022585), (0.780682, -0.14229253, -1.529684), (0.6613086, -0.07857064, -2.8327334), (0.62784445, -0.61981624, -2.6853142), (0.77893186, -0.6666896, -2.1373363), (0.8821185, -0.6597574, -1.9990113), (0.73368376, -0.24595974, -3.0079646), (0.9688039, -0.061028935, -3.0025494), (1.0041003, -0.10055005, -2.713245), (0.84878194, -0.121024586, -2.5708606), (0.8683219, -0.14003049, -2.1956909), (0.86807996, -0.13530613, -1.8352754), (0.81697357, -0.094432086, -2.7678282), (0.97850907, -0.6519983, -2.4504554), (1.0154198, -0.6580086, -2.1197329), (0.87819993, -0.65997857, -1.8073798), (1.0300667, -0.48432222, -3.0021904), (0.9118793, -0.17577265, -3.0054746), (1.0332402, -0.14969175, -2.321839), (1.03008, -0.14080767, -2.1491334), (1.0828191, -0.13316755, -1.8155199), (0.9278881, -0.13699602, -1.6611695), (1.0941507, -0.05043221, -2.999888), (0.96411246, -0.064749904, -2.8841264), (0.97695494, -0.6374433, -2.6045268), (1.0927467, -0.6647039, -2.3228033), (1.1825532, -0.65935355, -2.0044508), (1.0449542, -0.65160793, -1.9227686), (0.9097353, -0.55250925, -2.8771183), (1.0335288, -0.1409517, -2.5164392), (1.141461, -0.13733527, -2.0368598), (1.0920303, -0.58112895, -2.7919033), (1.1928793, -0.49896047, -2.987327), (1.1678977, -0.37497965, -3.0057545), (1.2094228, -0.15291362, -2.460481), (1.3522255, -0.13831623, -2.1097603), (1.2758156, -0.031472474, -3.0014133), (1.1374664, -0.050049335, -2.8735905), (1.1762999, -0.07913312, -2.673652), (1.1534967, -0.6405059, -2.5475523), (1.2962008, -0.6547672, -2.3616369), (1.0858022, -0.6620274, -1.7342781), (1.2998807, -0.5409399, -2.8302133), (1.1196104, -0.18655252, -3.0066876), (1.1906615, -0.15003704, -2.2342405), (1.320311, -0.129616, -1.8990016), (1.2543113, -0.12779136, -1.7178968), (1.3406373, -0.122498095, -1.6024543), (1.3251954, -0.019247344, -2.8392057), (1.3796958, -0.07682184, -2.6023276), (1.2498517, -0.66824573, -2.1641471), (1.3652867, -0.67380494, -1.9833926), (1.233554, -0.66433233, -1.8539618), (1.2594924, -0.67044663, -1.6895742), (1.3689091, -0.67203414, -1.5636328), (1.3344047, -0.26085743, -3.0067046), (1.4453181, -0.11974012, -1.7136962), (1.4385073, -0.6763701, -2.1255386), (1.5075605, -0.52871615, -2.83421), (1.4329628, -0.5731815, -2.677985), (1.5716406, -0.59113336, -2.5369003), (1.555648, -0.3253324, -3.011115), (1.6444044, -0.0795926, -2.3583107), (1.406502, -0.13020253, -2.3457384), (1.4872973, -0.12556425, -2.001424), (1.5001147, -0.15386689, -3.0137906), (1.4923917, -0.010828242, -2.9973204), (1.5134789, -0.014465842, -2.7788358), (1.4843588, -0.63716793, -2.3860261), (1.3518901, -0.6268819, -2.5241358), (1.4045193, -0.6644654, -2.257564), (1.3819224, -0.48701504, -2.9980283), (1.7291504, -0.52637655, -2.8212428), (1.5588548, -0.10607691, -2.174284), (1.5538856, -0.11735147, -1.8489523), (1.6424145, -0.0705061, -3.009282), (1.5395801, -0.08022775, -2.4861352), (-0.010594697, -0.6739812, -1.1708738), (0.10438939, -0.67073303, -0.76058614), (-0.07667096, -0.6621437, -0.41008738), (0.06380296, -0.11432043, -1.1498832), (0.0021294858, -0.11245478, -0.93819773), (0.077644035, -0.11296728, -0.7467975), (0.04234321, -0.11460529, -0.38539186), (0.11057385, -0.11872603, -0.17871428), (0.10404362, -0.670099, -1.4101042), (-0.043528482, -0.6762778, -1.3509911), (0.10827019, -0.66938084, -1.2967681), (0.16804019, -0.6661019, -1.0409322), (0.2856539, -0.6586575, -0.8704498), (-0.059253566, -0.67908394, -0.8912026), (0.121295795, -0.66902655, -0.90961605), (0.005039705, -0.66748965, -0.5866734), (0.092933044, -0.64999586, -0.39189798), (0.16710342, -0.6563083, -0.5747719), (0.07766445, -0.64929676, -0.16519475), (0.0776647, -0.6635159, 0.065899685), (0.24175435, -0.12120913, -1.5049847), (0.2115324, -0.11962761, -1.1325163), (0.28322417, -0.11943051, -0.9852656), (0.15771455, -0.112222895, -0.5693731), (0.19329998, -0.6660482, -1.5503895), (0.24495506, -0.6645171, -1.1805292), (0.22783798, -0.6490351, -0.27451882), (0.41233176, -0.64957404, -0.23458281), (0.22909416, -0.6543043, -0.090220116), (0.32103896, -0.1133598, -0.5409945), (0.4956109, -0.111764245, -0.5086636), (0.24130978, -0.113507144, -0.36105242), (0.2444258, -0.12583996, 0.006293225), (0.34245452, -0.11300918, -0.17925887), (0.44583786, -0.6601344, -1.4492522), (0.27580675, -0.66374254, -1.3565483), (0.31901208, -0.6439171, -0.45913705), (0.39653647, -0.6611553, -0.041912764), (0.2485123, -0.12373513, -1.2913703), (0.26854026, -0.11778034, -0.77733254), (0.4372295, -0.12314312, -0.9243921), (0.41317907, -0.11066477, -0.35545415), (0.41407296, -0.66062313, -1.245507), (0.3757388, -0.65920764, -1.0418355), (0.31656295, -0.65347636, -0.68934387), (0.4969218, -0.64669466, -0.6080456), (0.5697509, -0.6658712, -0.078435525), (0.44316846, -0.13457727, -1.4013606), (0.40506065, -0.12897775, -1.1594073), (0.45230407, -0.11675794, -0.7071205), (0.63189125, -0.1402634, -1.4189392), (0.5987814, -0.1350933, -1.240422), (0.5913906, -0.12833914, -1.037944), (0.624372, -0.11338846, -0.83595365), (0.56390154, -0.109325185, -0.18533233), (0.6283403, -0.6583512, -1.2912756), (0.6312253, -0.6554378, -1.1338422), (0.5299866, -0.65567267, -1.0366157), (0.49121678, -0.65149045, -0.844788), (0.5978451, -0.655118, -0.22671895), (0.5328272, -0.6416496, -0.39882055), (0.5078929, -0.6826844, 0.097676665), (0.58349943, -0.14712411, -1.5778662), (0.7686509, -0.13233732, -1.1521169), (0.6588557, -0.11167438, -0.60985583), (0.61343956, -0.1102869, -0.41468355), (0.6171142, -0.12503754, 0.027837817), (0.753394, -0.114141464, -0.13004346), (0.66314524, -0.661876, -1.4628614), (0.6740959, -0.6499688, -0.7341656), (0.68166566, -0.64759105, -0.5239411), (0.73612696, -0.65663254, -0.32727027), (0.7843291, -0.13654894, -1.3300443), (0.823329, -0.107921064, -0.7829931), (0.85821193, -0.11180802, -0.60875803), (0.7302406, -0.10760109, -0.29098156), (0.7748153, -0.6673753, -1.6221049), (0.89513296, -0.6625581, -1.4362899), (0.7012837, -0.6524219, -0.94667804), (0.83570164, -0.65644336, -0.43699834), (0.77568495, -0.6709433, -0.1250274), (0.9366709, -0.1323239, -1.2564591), (0.9231409, -0.12542613, -1.0867761), (0.79239947, -0.118008986, -0.97924185), (1.0194601, -0.1132452, -0.69816023), (0.78816766, -0.109325245, -0.45231637), (0.89290255, -0.107822955, -0.2872393), (0.9667803, -0.66612184, -1.5887346), (0.8409744, -0.6558516, -1.2827189), (0.77267826, -0.6524039, -1.1328661), (0.892492, -0.6486598, -0.98867756), (0.8525224, -0.6508879, -0.6147728), (1.0235418, -0.6638076, -0.4704039), (1.0153601, -0.12088482, -0.91422886), (1.0187836, -0.109056205, -0.4743149), (1.05357, -0.6538713, -1.2730294), (0.89127624, -0.64925367, -0.82631385), (1.0785542, -0.65351886, -0.8019479), (0.9902246, -0.65501267, -0.6700078), (0.92279595, -0.66859704, -0.2684304), (1.006479, -0.6796627, -0.09200096), (1.1402744, -0.1309999, -1.5720115), (0.95128936, -0.13715495, -1.455192), (1.1333252, -0.12696677, -1.355368), (1.1156456, -0.12491171, -1.1138582), (1.2221131, -0.12580976, -0.9442792), (1.0768073, -0.11087635, -0.24631383), (0.9848918, -0.6469278, -1.1252847), (1.1528927, -0.6605695, -0.65208936), (1.117499, -0.6748451, -0.2863345), (1.3359337, -0.1220515, -1.4300617), (1.253208, -0.12572834, -1.0710568), (1.2119857, -0.11930324, -0.7622099), (1.1799066, -0.11105356, -0.595066), (1.1763643, -0.6708184, -1.54545), (1.066145, -0.66303474, -1.4218029), (1.2286025, -0.65305454, -1.0869658), (1.0615463, -0.64894605, -0.9550905), (1.318271, -0.68369365, -0.2624848), (1.1992499, -0.6873061, -0.07224789), (1.3178877, -0.12438795, -1.2111839), (1.2610873, -0.10726318, -0.415889), (1.226915, -0.6724575, -0.45251575), (1.3477381, -0.67016536, -0.63517517), (1.3729292, -0.12680548, -0.9894953), (1.3795245, -0.11648587, -0.6390945), (1.5282615, -0.12474401, -0.85028434), (1.440608, -0.11001339, -0.2880553), (1.2601864, -0.11314923, -0.19066328), (1.3031777, -0.66817635, -1.3274004), (1.4175736, -0.66272926, -1.115537), (1.3890666, -0.6617019, -0.9640645), (1.2597938, -0.65632427, -0.8430575), (1.5178349, -0.118711956, -1.3271279), (1.5226858, -0.121874094, -1.0912311), (1.3502877, -0.12454352, -0.8236764), (1.6176748, -0.12064841, -0.6319772), (1.4657662, -0.11472983, -0.4727814), (1.5832095, -0.112518065, -0.16803303), (1.5389972, -0.6735684, -1.4314837), (1.5528761, -0.67493546, -1.6299795), (1.5502677, -0.66860765, -1.2306627), (1.4806652, -0.6700003, -0.79907584), (1.4652572, -0.6862161, -0.42450106), (1.5018878, -0.69285667, -0.21334846), (1.5439539, -0.11506922, -1.5261692), (1.6921393, -0.12250086, -0.82343394), (1.5727092, -0.6502617, -2.22928), (1.5850407, -0.6650305, -2.0041707), (1.7140793, -0.6732845, -1.573289), (1.6467963, -0.49744284, -3.0003965), (1.6754655, -0.19999982, -3.0116026), (1.66246, -0.11108151, -1.6911603), (1.680491, -0.012591547, -2.9427543), (1.7031397, -0.0068531726, -2.724296), (1.5622048, -0.03878575, -2.6169634), (1.7585315, -0.6339039, -2.1626236), (1.6121581, -0.55160475, -2.6875262), (1.7354231, -0.6031606, -2.3855293), (1.7026953, -0.04360357, -2.5337868), (1.6847835, -0.09654869, -2.0077748), (1.9267089, -0.5971907, -2.2788439), (1.6692494, -0.66008127, -1.7777883), (1.8022075, -0.5573221, -2.6142285), (1.8771687, -0.48619878, -2.9972706), (1.8953092, -0.52146214, -2.7915215), (1.9310616, -0.08389498, -2.0255845), (2.0022721, -0.10195625, -1.8096967), (1.7801603, -0.10030547, -1.831564), (1.8031173, -0.06681809, -3.0036452), (1.8398596, 0.0026958846, -2.8664134), (1.9003159, -0.0013625934, -2.6388752), (1.7833066, -0.069344394, -2.2067122), (1.8764478, -0.6526994, -1.7246703), (2.1104696, -0.5612344, -2.3544533), (1.796438, -0.31613412, -3.0111425), (1.9897616, -0.0020500533, -2.9967082), (1.8638033, -0.11034813, -1.6867787), (1.8567789, -0.03975397, -2.4148302), (2.0586529, -0.010056098, -2.4659407), (2.1178436, -0.05291498, -2.1294174), (1.9699173, -0.6155035, -2.0830047), (2.0725348, -0.63615173, -1.6529826), (2.022241, -0.6281794, -1.8759508), (1.9601188, -0.561656, -2.4770718), (2.0107353, -0.51590765, -2.8715005), (1.9915212, -0.3812051, -3.012971), (2.1818616, -0.31538042, -3.0050688), (2.041221, -0.11172778, -1.5994372), (1.9840577, -0.040300153, -2.2593613), (2.1552343, -0.07479005, -1.9450436), (2.0480983, -0.5262105, -2.6789677), (2.136952, -0.5785375, -2.2067115), (2.1632178, -0.59446156, -2.007111), (2.085973, -0.49133432, -2.9934456), (1.9925007, -0.1953434, -3.00764), (2.1803615, -0.05635406, -3.00864), (2.3428757, -0.027575072, -2.9942005), (2.1973042, 0.004712533, -2.847979), (2.1299548, 0.0041913516, -2.6513672), (2.2066255, -0.014222478, -2.297204), (2.3236296, -0.030432077, -2.1015725), (2.2112873, -0.083319224, -1.7503229), (2.2781918, -0.5236955, -2.667607), (2.187917, -0.53462744, -2.503044), (2.322313, -0.53959006, -2.3186622), (2.3356204, -0.55625314, -2.133045), (2.236689, -0.0878325, -1.5893334), (2.2168393, -0.5150622, -2.8596964), (2.367172, -0.3685635, -3.0078788), (2.394883, -0.18226677, -3.0160587), (2.381031, 0.0021706745, -2.4301429), (2.3819852, -0.0057662, -2.271581), (2.3970459, -0.059570458, -1.6918585), (2.2518115, -0.49741355, -2.9902234), (2.4466605, -0.5032797, -2.987712), (2.4152732, -0.529721, -2.493682), (2.3484142, -0.5712216, -1.968401), (2.5613194, -0.33485064, -3.009448), (2.5447102, 0.0062039876, -2.3593893), (2.4947822, -0.0056134737, -2.2037406), (2.3796194, -0.045093514, -1.8999176), (2.5387886, -0.006528778, -2.0597913), (2.597668, -0.016138444, -1.8410391), (2.5097218, -0.5217947, -2.6707678), (2.4913063, -0.55922407, -1.8717594), (2.4522374, -0.5795, -1.681401), (2.6010556, -0.5612592, -1.5990996), (2.5297866, -0.019593444, -3.0048475), (2.6461973, 0.001690946, -2.8648965), (2.777047, 0.0038986052, -1.7120817), (2.5516956, -0.51939577, -2.835663), (2.4002159, -0.51488715, -2.8133042), (2.5005515, -0.54343593, -2.1934564), (2.567383, -0.5306774, -2.348655), (2.5187118, -0.5479097, -2.0427313), (2.7720625, -0.2983968, -3.009066), (2.6321163, -0.15785839, -3.0136628), (2.7080414, -0.058268428, -3.0068893), (2.731535, 0.009466328, -2.0656862), (2.6915243, -0.50876886, -2.984337), (2.6945767, -0.5204344, -2.7452297), (2.631573, -0.5248155, -2.5347588), (2.6601017, -0.53346694, -1.9495409), (2.7268708, -0.5242624, -2.1510584), (2.7879124, -0.53601444, -1.6049938), (2.8222733, -0.07209733, -3.0067265), (2.8617318, -0.5101717, -2.8582284), (2.8906991, -0.47988948, -3.0087278), (2.855521, -0.518946, -2.6212206), (2.7765613, -0.5212693, -2.3882136), (2.8914206, -0.5084621, -2.2853389), (2.6844747, -0.54035836, -1.7627456), (2.818763, 0.00538757, -1.9183354), (2.9502716, -0.5084915, -2.445493), (2.840905, -0.51804686, -1.9345423), (3.0015094, -0.49218214, -1.8531599), (2.8968318, -0.5273415, -1.7621981), (2.9987879, -0.26422906, -2.992657), (2.988362, -0.02893358, -2.98398), (3.0039275, -0.03732498, -2.1719484), (3.010318, -0.069019265, -2.3911996), (3.0008433, -0.49563593, -2.747454), (2.99317, -0.48488396, -2.9748454), (3.0039935, -0.48064148, -2.3372633), (2.9970872, -0.49293998, -2.103634), (3.0070405, -0.34628993, -2.009592), (3.0144622, -0.3289802, -2.7930706), (3.0068316, -0.47725248, -2.5468655), (3.0098767, -0.28818047, -2.414594), (3.0074656, -0.32396924, -2.1968462), (3.0066051, -0.16706547, -2.043259), (3.0078795, -0.3375526, -1.6647846), (3.0103953, -0.16542193, -2.8194993), (3.0081606, -0.18662554, -2.5986857), (3.0102162, -0.17361382, -2.2503505), (2.997256, -0.011989932, -1.997245), (3.008005, -0.2597549, -1.8477012), (3.0091584, -0.16892757, -1.6901829), (3.0029566, -0.02087643, -1.8242351), (1.677668, -0.6931853, -0.18310708), (1.6149321, -0.700517, -0.0064380486), (1.7486337, -0.67306656, -1.1401186), (1.5886714, -0.67329264, -0.98208755), (1.5581954, -0.6824844, -0.6173702), (1.733256, -0.11481446, -1.3868915), (1.6986469, -0.11649336, -1.1932267), (1.685206, -0.12016766, -1.0043683), (1.6428173, -0.110663824, -0.37911215), (1.6740295, -0.6835157, -0.7682168), (1.6729496, -0.68257487, -0.46537587), (1.6241508, -0.68752277, -0.3218153), (1.8119256, -0.6932852, -0.09152286), (1.8150222, -0.11430425, -1.5423956), (1.8780423, -0.114802994, -1.2509084), (1.8866346, -0.116689734, -1.0930505), (1.8513656, -0.12032183, -0.9050542), (1.8048064, -0.1170944, -0.7203294), (1.8163651, -0.105471745, -0.53322643), (1.9097245, -0.65657794, -1.4993783), (1.7262896, -0.6709037, -1.3625412), (1.9290115, -0.6586301, -1.2855686), (1.7270569, -0.68263006, -0.61494464), (1.8595502, -0.6809111, -0.50302994), (1.8037219, -0.6826994, -0.30224755), (1.9843836, -0.10881643, -0.6432644), (2.0471342, -0.10380683, -0.26365837), (1.7524363, -0.10918439, -0.21823725), (1.9202859, -0.6698909, -1.1026101), (2.031885, -0.6710298, -1.0052516), (1.8429502, -0.6784625, -0.93258417), (1.8934791, -0.6835613, -0.7052579), (2.0404334, -0.6824646, -0.55230254), (1.9566959, -0.116859354, -1.4023823), (1.9742831, -0.1168281, -0.80587393), (2.0125175, -0.10249811, -0.4610305), (1.8529366, -0.1032812, -0.33785152), (2.0513344, -0.67941755, -0.8557321), (2.0161123, -0.67137635, -0.3718374), (2.1615765, -0.10287565, -1.4302306), (2.0681856, -0.11564619, -0.9830048), (2.1836438, -0.10765244, -0.5785209), (1.9101577, -0.11006152, -0.13758056), (2.1108077, -0.114142366, -0.057060607), (2.2033694, -0.6645432, -0.9917561), (2.0934243, -0.68336225, -0.70183337), (2.2238135, -0.6820623, -0.61690986), (2.1996214, -0.665806, -0.42850554), (1.9916912, -0.6799793, -0.18173702), (2.0681686, -0.11308007, -1.2209721), (2.1391168, -0.113172814, -0.7703754), (2.287429, -0.10899896, -0.91575223), (2.2255602, -0.10570487, -0.21035878), (2.1003451, -0.6408728, -1.4270341), (2.2674649, -0.61043656, -1.5719684), (2.478881, -0.60515004, -1.3053833), (2.114461, -0.65415287, -1.1875687), (2.2409158, -0.6861904, -0.8160227), (2.3846643, -0.6740794, -0.48784155), (2.1776474, -0.66473514, -0.23921435), (2.1577497, -0.6770891, -0.046684273), (2.2509723, -0.107947394, -1.1159958), (2.201462, -0.100846894, -0.38464087), (2.3795528, -0.073325664, -1.4568706), (2.3918111, -0.09350235, -0.5130413), (2.4494362, -0.59510165, -1.4879481), (2.2537563, -0.59985447, -1.8038919), (2.282446, -0.6252094, -1.3561094), (2.3661168, -0.6512858, -0.29446673), (2.3351443, -0.6617762, -0.10019564), (2.4222195, -0.07779563, -1.254271), (2.4000309, -0.10183598, -0.29865077), (2.2542474, -0.09581012, -1.296473), (2.4838011, -0.0821189, -0.87917036), (2.3461003, -0.09770147, -0.72202384), (2.5458896, -0.6053447, -1.1192794), (2.3373194, -0.6386618, -1.1559248), (2.4255228, -0.6549336, -0.9393201), (2.4031296, -0.6790189, -0.7015755), (2.583363, -0.026536433, -1.6025571), (2.6049542, -0.046535768, -1.2011579), (2.4394324, -0.08534897, -1.0656168), (2.5931606, -0.0658806, -0.4334417), (2.651462, -0.6106302, -0.9375251), (2.5871782, -0.07282224, -0.6800559), (2.5619426, -0.6409858, -0.77964133), (2.5777736, -0.638205, -0.33538714), (2.691977, -0.61317694, -0.43379343), (2.521313, -0.6486863, -0.12259769), (2.4643881, -0.6675634, 0.05920478), (2.663418, -0.561943, -1.4245472), (2.7845943, -0.002243876, -1.4997436), (2.8027642, -0.017189331, -1.3006291), (2.596324, -0.0349401, -1.3945686), (2.5936852, -0.057043232, -1.029759), (2.6764004, -0.05658084, -0.8923998), (2.7821581, -0.051804863, -0.7504689), (2.7880104, -0.04093549, -0.56565), (2.6063495, -0.079989806, -0.19026437), (2.7398946, -0.60066533, -0.73682666), (2.5863037, -0.634526, -0.56948775), (2.8068666, -0.59561026, -0.3027458), (2.8220935, -0.588817, -0.5264927), (2.7186005, -0.62049365, -0.13332056), (2.6514459, -0.57226646, -1.2513555), (2.8215904, -0.030598316, -0.18859133), (2.8538167, -0.5240401, -1.4624374), (2.8504539, -0.5318545, -1.2793747), (3.0006065, -0.011549458, -1.6071445), (2.9972112, -0.030860702, -1.2089713), (2.7841065, -0.033222325, -1.0879482), (2.9940958, -0.05315643, -0.864177), (2.8696384, -0.046361938, -0.8991526), (2.7532678, -0.0575962, -0.03793646), (2.7637248, -0.5592089, -1.0983292), (2.9949348, -0.53917867, -0.88369644), (2.8567595, -0.572707, -0.90688044), (2.969406, -0.56379837, -0.724843), (2.9988332, -0.55528766, -0.37707022), (2.8785973, -0.5880943, -0.13458088), (2.9985425, -0.5516599, -0.06469613), (2.9960358, -0.015505672, -1.4044167), (2.9994743, -0.046774924, -1.0227816), (2.9970899, -0.054184597, -0.69640625), (2.9926474, -0.03926476, -0.47262996), (2.9899755, -0.031341884, -0.25870702), (3.0017004, -0.15147941, -0.07940048), (2.978341, -0.013365071, -0.083218746), (2.9940732, -0.55719286, -0.21774098), (2.9896133, -0.5078123, -1.5974331), (2.9947429, -0.49295136, -1.4099791), (3.000266, -0.49687013, -1.0679758), (2.9964755, -0.55174935, -0.5637962), (3.0114527, -0.36015394, -0.6021082), (3.0074692, -0.44341373, -0.22260872), (3.0050573, -0.3779313, -1.4575738), (3.0043466, -0.47883686, -1.2672538), (3.00954, -0.27434632, -1.1059839), (3.0099244, -0.39629093, -0.948959), (3.0085201, -0.42241868, -0.76592547), (3.0093412, -0.36842683, -0.41341865), (3.0066085, -0.19401814, -1.5142497), (3.0083208, -0.20770153, -0.5509348), (3.0107543, -0.36180255, -0.021748278), (3.0065987, -0.2377621, -0.9155824), (3.010614, -0.22572184, -0.73754805), (3.0074594, -0.18063238, -0.38517854), (3.0101676, -0.25812408, -0.23227406), (3.0072846, -0.23117374, -1.306111), (0.007917236, -0.7128724, 1.1071022), (0.09817304, -0.71247953, 1.2814124), (-0.1390494, -0.6698103, 0.164411), (0.025233371, -0.68637156, 0.532315), (-0.15797406, -0.6785485, 0.46364158), (0.12637341, -0.21050349, 1.4112566), (0.22402373, -0.21859506, 1.6052122), (0.068564415, -0.13373594, 0.007725682), (0.010353813, -0.16025661, 0.35349774), (0.18083489, -0.18095408, 0.607441), (0.1198356, -0.71053725, 0.9366425), (0.28186744, -0.7124967, 1.2987462), (0.045774493, -0.7124935, 1.4332805), (0.09130683, -0.71249884, 1.607095), (0.18808901, -0.67934054, 0.23736656), (0.0041026715, -0.6785228, 0.3145234), (0.089062795, -0.19833668, 1.1961827), (0.10672295, -0.14819913, 0.19321744), (0.20983079, -0.16334492, 0.38584095), (0.15750504, -0.19112833, 0.81942993), (0.24290712, -0.7125012, 1.1160938), (0.19604741, -0.68626857, 0.40369067), (0.29672673, -0.20591393, 1.2760572), (0.01614894, -0.17233235, 0.5099196), (0.3742356, -0.17167537, 0.51885796), (0.2596617, -0.19653165, 1.0454923), (0.22780453, -0.707698, 0.8100671), (0.34549192, -0.7130718, 0.94279623), (0.25290233, -0.7125016, 1.4814265), (0.29046, -0.66999304, 0.09483422), (0.38001987, -0.69024944, 0.277988), (0.23161937, -0.69793034, 0.6228702), (0.5210715, -0.21200195, 1.3925864), (0.32647923, -0.21219188, 1.4470009), (0.4393719, -0.121813126, 0.0042254813), (0.32359427, -0.14280826, 0.18374911), (0.53822064, -0.15957053, 0.401575), (0.36228487, -0.18524069, 0.7067881), (0.5476655, -0.19256951, 0.8268868), (0.4436374, -0.19771229, 0.98682445), (0.35398912, -0.69642216, 0.47211352), (0.46549308, -0.71253026, 1.0974303), (0.39085504, -0.71249723, 1.2261748), (0.44528395, -0.7125003, 1.4236053), (0.44890925, -0.20389946, 1.1693588), (0.5389534, -0.17695586, 0.6115341), (0.35295224, -0.19380723, 0.886028), (0.45094204, -0.70699626, 0.59466434), (0.41685653, -0.712179, 0.7675815), (0.57190907, -0.7125008, 1.2676659), (0.6366782, -0.71250004, 1.4162036), (0.4477144, -0.71250004, 1.606362), (0.61119777, -0.20135066, 1.0475746), (0.5122203, -0.14160924, 0.2046729), (0.39943123, -0.1574089, 0.34916583), (0.6438444, -0.70699435, 0.5024576), (0.5955121, -0.7125218, 0.9238178), (0.76425505, -0.7124753, 1.0183638), (0.61932796, -0.71250015, 1.5776592), (0.63210726, -0.70239383, 0.27867597), (0.6258541, -0.20756587, 1.2281138), (0.7013664, -0.22060761, 1.5500001), (0.67146194, -0.14202885, 0.23542829), (0.7305328, -0.1833521, 0.6855442), (0.7714931, -0.71072704, 0.6137657), (0.6145046, -0.7119296, 0.7099932), (0.8206364, -0.7127145, 0.8290963), (0.6824067, -0.7124968, 1.1520612), (0.76926714, -0.7124997, 1.3041527), (0.7994419, -0.20633154, 1.1459337), (0.7371966, -0.16187821, 0.45287135), (0.954233, -0.15797557, 0.43896756), (0.87951446, -0.17416534, 0.5980945), (0.8105643, -0.7067776, 0.44007117), (0.81959486, -0.71250004, 1.5082556), (0.77733797, -0.7125001, 1.6559563), (0.70587176, -0.6887839, 0.07545154), (1.0067757, -0.19884336, 1.1444156), (0.9638369, -0.21766609, 1.5378981), (0.7967031, -0.12803814, 0.07093696), (0.9656224, -0.12928993, 0.10506111), (0.8467572, -0.1442182, 0.279219), (0.7563482, -0.1963383, 0.89812773), (0.9178709, -0.19275667, 0.98055065), (0.8855444, -0.70068645, 0.22865361), (1.0371654, -0.712079, 0.8683568), (0.93444, -0.71249264, 0.98965293), (0.8955745, -0.71248233, 1.1899409), (0.95957476, -0.7124993, 1.3868), (0.8967077, -0.68738407, 0.04318152), (1.0596945, -0.69436854, 0.09145868), (1.1085658, -0.117063075, -0.038483452), (0.9334581, -0.117475614, -0.090075955), (0.94950366, -0.17920488, 0.7768528), (1.0997684, -0.17755105, 0.954629), (1.0030887, -0.7079512, 0.4279226), (0.9828006, -0.71084404, 0.63478947), (1.0728832, -0.7124885, 1.2634523), (0.91680664, -0.2121176, 1.3089612), (1.2238895, -0.20843786, 1.4672121), (1.1391984, -0.1297909, 0.13360848), (1.051401, -0.14342166, 0.29278117), (1.0855775, -0.16331944, 0.60008776), (1.1114157, -0.20753938, 1.3157), (1.0879484, -0.7128246, 1.0881215), (1.2442857, -0.71267754, 0.9977024), (1.2590555, -0.1382885, 0.25082797), (1.1763734, -0.15357514, 0.43462643), (1.2117722, -0.19159089, 1.1234055), (1.1295016, -0.7032521, 0.29411837), (1.1625036, -0.7124995, 1.4336953), (1.308622, -0.20340097, 1.2882446), (1.3091893, -0.16410026, 0.58355147), (1.4158502, -0.17145579, 0.7470595), (1.2012815, -0.16542532, 0.775458), (1.3272516, -0.70079243, 0.32667258), (1.1954464, -0.71255356, 0.52008486), (1.2372762, -0.7124924, 1.2167022), (1.3081068, -0.71250194, 1.5310678), (1.388457, -0.69297105, -0.0506524), (1.2630941, -0.6931845, 0.12470564), (1.3142319, -0.122027926, 0.045962926), (1.4291761, -0.116908796, -0.108763896), (1.4046398, -0.15174328, 0.38775736), (1.4255761, -0.18903607, 1.094769), (1.4253093, -0.709373, 0.5220083), (1.3430798, -0.7091274, 0.69459283), (1.4031049, -0.71248496, 1.1381599), (1.3743327, -0.71249497, 1.3480866), (1.539732, -0.7125079, 1.2937206), (1.5277504, -0.699858, 0.335402), (1.4137605, -0.212294, 1.4433557), (1.4551058, -0.13230687, 0.19520658), (1.545585, -0.16841802, 0.55094194), (1.5343578, -0.17702185, 0.90748817), (1.3136185, -0.17318667, 0.9389947), (1.4092067, -0.71214664, 0.8976962), (1.5840731, -0.7124709, 1.0716851), (1.5095389, -0.71250534, 1.5153704), (1.4551314, -0.6962162, 0.14456642), (1.532199, -0.20689903, 1.2557846), (1.6152205, -0.21802296, 1.44247), (1.5347128, -0.12083698, 0.012179956), (0.06631641, -0.71253633, 2.1259248), (-0.14593938, -0.6498703, 2.665424), (-0.002159304, -0.6341291, 2.7201273), (0.021950629, -0.22229023, 1.5873159), (0.056911632, -0.22076036, 1.7713077), (0.14990044, -0.19814357, 2.2680836), (0.024267633, -0.16894564, 3.0009563), (0.13731499, -0.06599082, 2.8431015), (0.18574795, -0.050116442, 2.9775426), (0.09169026, -0.71250015, 1.7870772), (0.12913099, -0.71250355, 1.9763318), (0.17892072, -0.71244025, 2.290272), (0.1655266, -0.71260315, 2.464072), (-0.04004464, -0.7063663, 2.5351841), (0.16919541, -0.5510995, 3.0049276), (0.19352038, -0.20598118, 2.084842), (0.39268646, -0.20738067, 2.2260523), (0.18038242, -0.120082386, 2.6511812), (0.0075333454, -0.71268624, 2.3311923), (0.18507305, -0.66377866, 2.684265), (0.08555761, -0.6062747, 2.863398), (0.057733975, -0.36801982, 3.014302), (0.46803567, -0.21756141, 1.6093761), (0.31457123, -0.21258965, 1.7821236), (0.20173822, -0.20660098, 1.9218695), (0.22804785, -0.21273693, 3.0066442), (0.28745514, -0.17065021, 2.4261713), (0.25795075, -0.71250004, 1.6809629), (0.2629744, -0.7125003, 1.8832608), (0.4156512, -0.7125001, 1.7922922), (0.28309426, -0.7125203, 2.1203547), (0.26804894, -0.6065909, 2.867628), (0.31189427, -0.3960955, 3.008616), (0.35827193, -0.06969859, 2.9860568), (0.5220537, -0.7126554, 2.5071025), (0.36302564, -0.6929001, 2.5780926), (0.43099102, -0.60066146, 2.8933208), (0.3311986, -0.5587158, 3.0039458), (0.5044751, -0.21877228, 1.8082936), (0.41281626, -0.21352305, 1.9942505), (0.6671384, -0.22010835, 1.9181767), (0.40576735, -0.21702309, 3.0030463), (0.5349055, -0.3093921, 3.0032027), (0.47795364, -0.1905447, 2.4124372), (0.5983698, -0.11428935, 2.7478979), (0.35782927, -0.089263, 2.8285117), (0.59053093, -0.7125024, 1.7800325), (0.46227917, -0.7124788, 1.9696332), (0.499939, -0.7122014, 2.1810467), (0.3687256, -0.71475506, 2.3633244), (0.4071336, -0.647885, 2.7503912), (0.5716547, -0.21498771, 2.116776), (0.61290133, -0.20436272, 2.292243), (0.5663896, -0.07683608, 2.986845), (0.6339629, -0.71246964, 2.0101929), (0.5664164, -0.71483135, 2.35435), (0.5734762, -0.6764108, 2.6491308), (0.6129049, -0.6162056, 2.8433025), (0.8363322, -0.5952072, 2.8853116), (0.5199095, -0.52998984, 3.0071504), (0.68985003, -0.39766824, 3.0111659), (0.6319308, -0.22329862, 1.7238529), (0.75119627, -0.21509033, 2.1291122), (0.65959233, -0.16431966, 2.5125914), (0.7037318, -0.7126864, 2.2288306), (0.9120826, -0.6542243, 2.6060903), (0.7739804, -0.6428848, 2.7049308), (0.75027645, -0.5343569, 3.001318), (0.768291, -0.1009544, 2.869134), (0.7479662, -0.092223205, 2.9971976), (0.7804537, -0.7124923, 1.8689417), (0.74223644, -0.70891184, 2.4879603), (0.8223992, -0.22418317, 1.7323319), (0.88158166, -0.2202921, 1.9398313), (1.1020101, -0.21648812, 1.9643528), (0.72167313, -0.22827594, 3.005836), (0.89742035, -0.16234864, 2.4946737), (0.8130841, -0.11945824, 2.6815884), (0.89894253, -0.09697427, 2.9994638), (0.9566368, -0.06415093, 2.8234055), (0.9531367, -0.71250385, 1.9040663), (0.937407, -0.7124988, 1.7653168), (0.8239192, -0.71246934, 2.0718284), (0.8964045, -0.7165584, 2.2759302), (0.94647884, -0.5522478, 2.9990463), (1.0272794, -0.2190831, 1.7689068), (0.9552365, -0.21312684, 2.144887), (1.014687, -0.09154912, 2.634352), (1.1048813, -0.14218414, 2.473887), (0.98639625, -0.71250015, 1.5819929), (1.0152034, -0.7126518, 2.123291), (1.1101481, -0.7151414, 2.301717), (0.9777507, -0.60964364, 2.7423344), (1.0616132, -0.55942035, 2.8767567), (0.8829338, -0.34026828, 3.0098717), (1.2309284, -0.21417476, 1.8049417), (1.1696796, -0.20706479, 2.1483932), (1.0279785, -0.19746836, 2.326283), (1.0825311, -0.07730007, 2.9977326), (1.0613284, -0.712497, 1.7783147), (1.2544352, -0.71248, 1.8146783), (1.118508, -0.71246094, 1.9603046), (0.9951214, -0.6867787, 2.469223), (1.228683, -0.33294785, 3.0096588), (1.3869998, -0.18945019, 2.1431768), (1.240307, -0.03473622, 2.9981408), (1.2059236, -0.7124998, 1.6322491), (1.2944409, -0.712557, 1.9805914), (1.1097293, -0.6249106, 2.6210294), (1.172267, -0.5748379, 2.7566466), (1.1535666, -0.49675784, 3.0053763), (1.157557, -0.21341537, 1.6381513), (1.3024205, -0.21501417, 1.9785277), (1.10287, -0.20311747, 3.0098016), (1.2445711, -0.18000598, 2.31848), (1.1841757, -0.08463348, 2.6018841), (1.3139275, -0.11992179, 2.489071), (1.3128973, -0.17248991, 3.0079675), (1.1681119, -0.033750795, 2.7812374), (1.2140411, -0.71388924, 2.1130424), (1.3303379, -0.69849354, 2.2850559), (1.4554533, -0.6364399, 2.4450197), (1.2219929, -0.66105133, 2.4700713), (1.3459542, -0.58940095, 2.650763), (1.3336804, -0.21582513, 1.6359862), (1.4828323, -0.15256451, 2.3316548), (1.342561, -0.04827282, 2.6692295), (1.3513988, -0.022503715, 2.8466148), (1.3723277, -0.7125094, 1.695656), (1.4431003, -0.71249056, 1.8782454), (1.3103577, -0.52294797, 2.8580966), (1.523393, -0.50653636, 2.9482603), (1.5163895, -0.21934767, 1.6281712), (1.4211106, -0.21620677, 1.8038836), (1.4462714, -0.017587133, 2.999068), (1.5421699, -0.016000468, 2.7694602), (1.5684931, -0.71252054, 1.7363493), (1.4508125, -0.7133249, 2.0806015), (1.6982822, -0.60733753, 2.369062), (1.3557353, -0.47265995, 3.007153), (1.4313525, -0.30742148, 3.0082507), (1.719506, -0.21106456, 1.6204556), (1.508501, -0.2058964, 1.9739927), (1.5027645, -0.08497205, 2.548327), (1.6740462, -0.11243845, 2.4341872), (1.6661834, -0.056477148, 2.6019008), (1.6545691, -0.70372725, 0.21015733), (1.517478, -0.7108057, 0.73402154), (1.732648, -0.71247196, 1.2172785), (1.6780335, -0.71254086, 1.6008375), (1.6447482, -0.19244187, 1.0810635), (1.7338127, -0.21152376, 1.254408), (1.7015197, -0.1309531, 0.14204207), (1.7329702, -0.15769362, 0.44302797), (1.6054614, -0.17542599, 0.74215496), (1.7587607, -0.18231723, 0.865911), (1.7429516, -0.7109892, 0.41819823), (1.82612, -0.71108145, 0.27284884), (1.5991832, -0.70564646, 0.4806448), (1.5995754, -0.70877045, 0.6185665), (1.733312, -0.71153545, 0.5935607), (1.6821007, -0.7100474, 0.73926866), (1.828751, -0.71096176, 0.8177246), (1.7800112, -0.7119122, 1.038685), (1.6915442, -0.7123774, 1.4304909), (1.829087, -0.2112543, 1.4384091), (1.7472667, -0.11675937, -0.045939066), (1.6119812, -0.1474189, 0.32512158), (1.7452226, -0.17327906, 0.633565), (1.8502973, -0.19944425, 1.0717777), (1.9489251, -0.7126405, 0.41255057), (1.6299354, -0.71190876, 0.89279205), (1.8851542, -0.71309316, 1.3676503), (1.8403354, -0.7154273, 1.5550658), (1.805733, -0.7037167, 0.10025547), (1.9241581, -0.20606229, 1.2673942), (1.9358081, -0.19477698, 1.617089), (1.8992282, -0.1663883, 0.48699284), (1.9805502, -0.18917984, 0.89746016), (1.8203202, -0.14639485, 0.29784817), (1.9464573, -0.123876624, 0.087236516), (2.0933232, -0.17054576, 0.5282264), (1.9431105, -0.1754748, 0.6936726), (2.0917797, -0.1904216, 1.2401923), (2.0613332, -0.1906723, 1.42238), (1.9861183, -0.70497197, 0.23553458), (1.8997968, -0.71300954, 0.60309875), (2.046064, -0.7069185, 0.78275037), (1.9351568, -0.7112784, 1.1918103), (1.9775119, -0.690053, 0.028046042), (2.159033, -0.6915772, 0.15577292), (1.9846803, -0.70642316, 0.9897181), (2.23405, -0.15244932, 0.35414073), (2.051403, -0.14747733, 0.3037831), (2.1303654, -0.17166324, 0.73183966), (2.0382144, -0.19951572, 1.0825175), (2.111154, -0.1540185, 1.5984633), (2.1734202, -0.7046061, 0.36760154), (2.1049209, -0.7094572, 0.5699624), (2.2060866, -0.6859468, 0.9575858), (2.280605, -0.16475238, 0.55929977), (2.172507, -0.18251675, 0.9170169), (2.2588024, -0.13968907, 1.4817996), (2.2881587, -0.6923936, 0.7486881), (2.15001, -0.6961923, 1.1462528), (2.1164463, -0.70549124, 1.3548307), (2.1867723, -0.65925086, 1.577338), (2.3473155, -0.114719585, -0.051130965), (2.184294, -0.12508287, 0.13632412), (2.4165256, -0.1491858, 0.38787246), (2.2161062, -0.17911421, 1.0984286), (2.239897, -0.16897416, 1.2946042), (2.4207587, -0.12677109, 1.3255353), (2.3699398, -0.68497694, 0.24501695), (2.2943354, -0.6757742, 0.06494753), (2.371163, -0.6905844, 0.4300186), (2.284171, -0.6992552, 0.54248977), (2.3084064, -0.64883, 1.4404719), (2.3729477, -0.13058259, 0.1859741), (2.533112, -0.11297676, 0.041882843), (2.324244, -0.15742877, 0.74725884), (2.369387, -0.16634905, 0.93666404), (2.3965147, -0.1594508, 1.136834), (2.4747386, -0.6628332, 0.60940766), (2.4361846, -0.6638746, 0.9448624), (2.3149285, -0.66812897, 1.2904766), (2.4374337, -0.5912465, 1.6059359), (2.5103824, -0.12468293, 0.23002876), (2.6251442, -0.08918802, 0.37161323), (2.4729958, -0.12785348, 0.5733443), (2.4963288, -0.6518371, 0.8000901), (2.3660858, -0.66753983, 1.1257639), (2.5560663, -0.1137963, 0.7588085), (2.6790075, -0.08009147, 0.5597801), (2.5651104, -0.10906156, 1.1631565), (2.6027858, -0.07418208, 1.3317893), (2.6887841, -0.035021998, 1.4729909), (2.6599796, -0.64023507, 0.06041762), (2.6927075, -0.6254224, 0.3954283), (2.5411894, -0.66981137, 0.41833827), (2.6257668, -0.6176018, 0.9133113), (2.6208403, -0.62533677, 0.7445997), (2.588428, -0.60861933, 1.1128958), (2.532073, -0.6074362, 1.2831535), (2.5576768, -0.12714078, 0.97124827), (2.8231492, -0.05259782, 0.4089965), (2.7208033, -0.0715964, 0.85309136), (2.6983812, -0.06534942, 1.1719484), (2.7900515, -0.044234708, 1.2839223), (2.5877745, -0.65808576, 0.241967), (2.6919663, -0.61334866, 0.59554166), (2.812223, -0.5649241, 1.0420458), (2.6426876, -0.55881697, 1.5008513), (2.6882625, -0.06647612, 0.15465067), (2.8418105, -0.04408455, 0.21307899), (2.7832527, -0.07306638, 0.7098424), (2.7128725, -0.069006234, 1.0147535), (2.850114, -0.048217595, 1.0874863), (2.8682036, -0.022260142, 1.4151021), (2.8016849, -0.0031023417, 1.61759), (2.8521092, -0.592839, 0.029681668), (2.8444302, -0.5742696, 0.4626501), (2.998508, -0.53651106, 0.8721035), (2.7807252, -0.58328074, 0.812475), (2.8529754, -0.058889706, 0.5712568), (2.9836996, -0.064384654, 0.7370907), (2.8677132, -0.0584387, 0.8908397), (2.8040888, -0.59376127, 0.23829582), (3.0078824, -0.5139778, 0.6738713), (2.7565997, -0.5530815, 1.2914761), (2.9975643, -0.52646637, 1.1196834), (2.988225, -0.51090944, 1.3318232), (2.991666, -0.5318378, 0.3205267), (3.0008469, -0.48984677, 1.5559757), (2.9933803, -0.039778154, 0.07667829), (2.867529, -0.029170126, 0.069691986), (2.993445, -0.054876503, 0.26645458), (3.0010297, -0.08489375, 0.9816474), (2.9978411, -0.041312166, 1.2296658), (3.0041444, -0.03437081, 1.4759909), (2.8868768, -0.5582073, 0.6596447), (2.9966867, -0.531173, 0.12670927), (3.0024254, -0.37717777, 0.20308003), (3.0027988, -0.52251065, 0.50645965), (3.0090578, -0.31836835, 0.5424077), (3.0084364, -0.37643066, 0.9998802), (3.010714, -0.37302545, 1.2302282), (3.0088491, -0.35503724, 1.4542749), (3.0028193, -0.3970746, 0.37679562), (3.0071287, -0.35157466, 0.7728145), (3.0082614, -0.20302935, 0.11348063), (3.0042963, -0.2352554, 0.3204583), (3.0069067, -0.18016866, 0.68959916), (3.008778, -0.21116357, 0.8790059), (3.0056946, -0.21936743, 1.1072294), (3.0092762, -0.20528877, 1.3422663), (3.0080585, -0.20112763, 1.5919678), (3.0007236, -0.063710324, 0.49588233), (1.6000069, -0.56477016, 2.5904052), (1.5349292, -0.53109866, 2.782029), (1.5697579, -0.46169388, 3.0104468), (1.7377689, -0.34407994, 3.0098886), (1.5996656, -0.18849039, 2.1328871), (1.6826454, -0.15346101, 2.2697816), (1.5112443, -0.14692332, 3.0105894), (1.7734704, -0.025678825, 2.761165), (1.912253, -0.66753036, 1.9229294), (1.6620598, -0.71124595, 1.9287632), (1.6767414, -0.6825748, 2.1402867), (1.5255944, -0.67380697, 2.269609), (1.8226817, -0.5201359, 2.9810953), (1.702672, -0.45868576, 3.0017912), (1.8333771, -0.1930909, 1.7890297), (1.6415259, -0.2402572, 3.0054088), (1.6141994, -0.21118064, 1.8026357), (1.7166044, -0.19422795, 1.9635565), (1.8068465, -0.1620035, 2.1350594), (1.676619, -0.0035328316, 2.9683008), (1.804998, -0.7098041, 1.7522017), (1.8273677, -0.665415, 2.048152), (1.820131, -0.55174994, 2.583439), (1.9193791, -0.52139217, 2.787816), (1.6651621, -0.52487326, 2.9304583), (1.9078925, -0.3689891, 3.015533), (1.8523151, -0.17027709, 3.0081804), (1.9279003, -0.15978958, 1.9717335), (1.9451512, -0.029940125, 2.6711657), (1.8777841, -0.6219445, 2.2120643), (1.7241111, -0.5300403, 2.7633278), (2.0330536, -0.531643, 2.6083374), (2.0138204, -0.49767482, 2.99746), (2.065124, -0.15252149, 1.7852587), (2.1066217, -0.12072157, 1.9695956), (1.8510813, -0.11471676, 2.3173556), (1.8522096, -0.06925399, 2.52915), (1.8433565, -0.0002632623, 2.9766362), (2.0017407, -0.7089889, 1.5048102), (2.1237342, -0.6486141, 1.7536458), (1.9904445, -0.66541004, 1.815614), (2.0122566, -0.6258541, 2.073428), (1.9321058, -0.5667654, 2.411129), (2.0476663, -0.10780595, 2.1683307), (2.0024812, -0.07043284, 2.3793197), (2.0629852, -0.03382033, 2.529017), (1.9929373, -0.68642515, 1.6675808), (2.1539717, -0.61796004, 1.9259082), (2.0735698, -0.5843405, 2.2468839), (2.2319512, -0.5531548, 2.2710044), (2.2667785, -0.10922739, 1.6722964), (2.1211367, -0.0036406508, 2.6886485), (2.024878, -0.010641179, 2.986144), (2.1442072, -0.5388182, 2.4389977), (2.351465, -0.5323217, 2.396743), (2.1249273, -0.5193427, 2.8167295), (2.2227898, -0.48749682, 2.99843), (2.3521943, -0.34988105, 3.005799), (2.1364896, -0.35382587, 3.0116024), (2.2998815, -0.18854754, 3.0080585), (2.220392, -0.075744264, 2.0562932), (2.251528, -0.04729175, 2.1995254), (2.1776567, -0.041897032, 2.3587704), (2.4089773, -0.01117335, 2.3305783), (2.2665327, -0.010272154, 2.5302413), (2.2387273, -0.012381263, 3.0057955), (2.3002248, -0.606917, 1.7690328), (2.3556738, -0.57033247, 1.9634595), (2.2112098, -0.57933134, 2.104065), (2.2803378, -0.5270229, 2.6315038), (2.0783613, -0.19209683, 3.0141199), (2.4635785, -0.077820644, 1.5329409), (2.4461365, -0.05748446, 1.7559152), (2.4054792, -0.035165288, 2.0931582), (2.5779538, 0.0029884917, 2.1968756), (2.5289946, -0.5375214, 2.0068119), (2.4217994, -0.54822165, 2.1727314), (2.5250034, -0.51905125, 2.8759408), (2.3404903, -0.50758064, 2.8425944), (2.5289526, -0.18066649, 3.0048442), (2.6053326, -0.036541313, 1.6403153), (2.4820325, -0.03595319, 1.9189143), (2.7078755, -0.023007264, 3.0001292), (2.491202, -0.5605339, 1.8267272), (2.5052786, -0.52396166, 2.5515664), (2.5399325, -0.36280861, 3.0053005), (2.6301599, -0.015661176, 1.8063412), (2.6452966, 0.0009699734, 2.0069363), (2.5720763, -0.5238696, 2.3530233), (2.5006874, -0.5222624, 2.7256465), (2.4356244, -0.4944628, 2.997629), (2.8154626, 0.0026250407, 1.83716), (2.4681838, -0.021171963, 3.0002072), (2.653613, -0.5433656, 1.7216079), (2.6634412, -0.5236647, 1.9337308), (2.8254406, -0.5073483, 1.8388638), (2.8371384, -0.5139516, 2.0380235), (2.8610332, -0.5140675, 2.2227652), (2.7782257, -0.52458185, 2.3588555), (2.684114, -0.5234114, 2.4914918), (2.6832566, -0.52365196, 2.6434577), (2.6855006, -0.52192914, 2.826634), (2.6708755, -0.50402474, 3.003227), (2.7029016, -0.2635525, 3.0109968), (2.7399387, 0.0023632385, 2.7881722), (2.867682, 0.0032329056, 2.8652918), (2.8294616, -0.52434516, 1.6430768), (2.8538442, -0.5136047, 2.7421577), (2.8499234, -0.52662194, 1.4725311), (3.0000226, -0.47564515, 1.7417852), (2.993768, -0.49890903, 2.1522408), (3.0043688, -0.47078162, 2.6339571), (2.8549666, -0.52039135, 2.5505626), (2.9924457, -0.4840823, 2.8197732), (2.8575842, -0.5072655, 2.962374), (2.9709902, -0.47975376, 2.9771082), (2.9915605, -0.3412623, 2.977898), (2.874272, -0.36588162, 3.0038478), (2.843563, 0.0013598455, 2.0063794), (2.9967635, -0.0164703, 1.8966131), (2.9755719, -0.2151239, 2.9961772), (2.9610252, -0.025365204, 2.9974554), (3.00931, -0.35468677, 2.7766612), (3.0010133, -0.47974035, 1.93441), (3.0084672, -0.35432032, 2.322643), (2.987446, -0.50925374, 2.39756), (3.0092616, -0.360839, 1.6331178), (3.0084853, -0.3091799, 1.8093873), (3.0076253, -0.3409578, 2.0097482), (3.0064743, -0.26119137, 2.1622815), (3.0090165, -0.1688788, 2.3495903), (3.007493, -0.14202541, 1.7834194), (3.011827, -0.10860933, 2.5071425), (3.0113814, -0.30349684, 2.5233793), (3.0121691, -0.16615672, 2.6764646), (2.99395, -0.0238564, 1.6914802), (3.0106184, -0.17770626, 1.968735), (3.0040305, -0.19241154, 2.8532412), (3.0093884, -0.023487892, 2.8026314), (2.0072925, 0.011966651, -2.8020408), (2.434777, 0.0065872204, -2.8466096), (2.356644, 0.012882621, -2.6456175), (2.232423, -0.0019364632, -2.4968479), (2.554059, 0.012566763, -2.5581346), (2.5517607, 0.011088043, -2.7239013), (2.6854682, 0.0081549715, -2.2634797), (2.754017, 0.012399346, -2.6972272), (2.8843715, -0.0024164347, -2.2612715), (2.885272, 0.0038238056, -2.078513), (2.8365815, 0.006381599, -2.9352722), (2.7226057, 0.010605014, -2.4813647), (2.8460093, 0.013992982, -2.4147968), (2.9834998, 0.001127705, -2.733011), (2.8948956, 0.011812902, -2.5568173), (2.9816587, -0.0042930134, -2.4850478), (1.9727558, 0.006733292, 2.8245518), (2.17289, 0.007329752, 2.8465757), (2.328218, 0.008649766, 2.7136922), (2.3609676, 0.007859373, 2.880071), (2.4839907, 0.010967281, 2.5565639), (2.6972222, 0.010500869, 2.611353), (2.7638593, 0.0117160585, 2.17467), (2.841255, 0.010574527, 2.4955473), (2.657663, 0.008412506, 2.3812706), (2.5439582, 0.002694385, 2.7878075), (3.0008192, -0.016228538, 2.1508102), (2.8519838, 0.0146466615, 2.3136778), (2.98019, 0.0048912214, 2.4039044), (2.9958067, -0.0107212765, 2.5993576), (2.8625295, 0.004020361, 2.6978772), (-1.0700299, -0.12667498, 0.18696421), (-2.636138, -0.047142297, -1.1886241), (0.14820963, -0.115309894, -0.9455321), (1.2030069, -0.70778817, 0.7685903), (2.890228, -0.53794223, 1.2052621), (0.6326808, -0.6459812, -2.5123627), (0.8141609, -0.18950695, 2.3225694), (-2.1717875, -0.5672344, 2.0941563), (3.0078719, -0.36295223, -2.6335068), (2.854058, -0.17384166, 3.0034711), (2.7880154, -0.03519431, -0.35216707), (0.5043243, -0.6999264, 0.41010565), (-2.9920888, -0.4953854, -2.4214835), (-3.0090275, -0.30772614, -2.7572782), (-2.163604, -0.09576624, -0.48245776), (0.76732546, -0.21361381, 1.3717322), (1.2522224, -0.5962136, -2.6762042), (-0.21319157, -0.7142483, 2.3391068), (1.0546594, -0.38592285, 3.0088718), (-0.5396655, -0.18445247, 1.5589633), (1.8144127, -0.6410659, -1.9416004), (0.4285979, -0.1399074, 2.5948315), (-0.85651976, -0.5227814, 2.9998906), (-0.4576035, -0.11028252, 2.637111), (1.4413774, -0.6688911, -1.7825005), (-0.15449527, -0.058220074, 2.8759356), (2.286289, -0.079779856, 1.8832842), (2.6709023, -0.52399045, 2.154548), (2.4536066, -0.61006105, 1.4236882)] (
            interpolation = "vertex"
        )
        uniform token subdivisionScheme = "none"
    }
}

